
OS:Version,
  {8e06a0ff-8446-476f-8b92-7e6b72f51612}, !- Handle
  3.9.0;                                  !- Version Identifier

OS:SimulationControl,
  {bccab2a9-52be-484f-894e-a0044491105b}, !- Handle
  ,                                       !- Do Zone Sizing Calculation
  ,                                       !- Do System Sizing Calculation
  ,                                       !- Do Plant Sizing Calculation
  No;                                     !- Run Simulation for Sizing Periods

OS:Timestep,
  {d89b4422-16ef-4c76-b27b-5dbdd595fe2f}, !- Handle
  4;                                      !- Number of Timesteps per Hour

OS:ShadowCalculation,
  {4861a209-96fc-4fc7-96f7-b319133a1721}, !- Handle
  PolygonClipping,                        !- Shading Calculation Method
  ,                                       !- Shading Calculation Update Frequency Method
  20,                                     !- Shading Calculation Update Frequency
  200,                                    !- Maximum Figures in Shadow Overlap Calculations
  ,                                       !- Polygon Clipping Algorithm
  512,                                    !- Pixel Counting Resolution
  ,                                       !- Sky Diffuse Modeling Algorithm
  No,                                     !- Output External Shading Calculation Results
  No,                                     !- Disable Self-Shading Within Shading Zone Groups
  No;                                     !- Disable Self-Shading From Shading Zone Groups to Other Zones

OS:SurfaceConvectionAlgorithm:Outside,
  {b261a1cf-de30-4c75-8a5b-10f69bcb6245}, !- Handle
  DOE-2;                                  !- Algorithm

OS:SurfaceConvectionAlgorithm:Inside,
  {9c0d0611-657f-41e2-a784-d06b3bc08e85}, !- Handle
  TARP;                                   !- Algorithm

OS:ZoneCapacitanceMultiplier:ResearchSpecial,
  {ecfbab1a-c905-4773-bf79-0646152e6e3a}, !- Handle
  7,                                      !- Temperature Capacity Multiplier
  15,                                     !- Humidity Capacity Multiplier
  ;                                       !- Carbon Dioxide Capacity Multiplier

OS:ConvergenceLimits,
  {24dc7cb0-cb07-4caa-b379-4eef7417128d}, !- Handle
  0;                                      !- Minimum System Timestep {minutes}

OS:RunPeriod,
  {8d0f66e7-2c93-4164-aa52-ac3821826c9c}, !- Handle
  Run Period 1,                           !- Name
  1,                                      !- Begin Month
  1,                                      !- Begin Day of Month
  12,                                     !- End Month
  31,                                     !- End Day of Month
  ,                                       !- Use Weather File Holidays and Special Days
  ,                                       !- Use Weather File Daylight Saving Period
  ,                                       !- Apply Weekend Holiday Rule
  ,                                       !- Use Weather File Rain Indicators
  ,                                       !- Use Weather File Snow Indicators
  ;                                       !- Number of Times Runperiod to be Repeated

OS:PerformancePrecisionTradeoffs,
  {65549424-b466-4129-8bdf-b0a502ee733c}, !- Handle
  ,                                       !- Use Coil Direct Solutions
  CarrollMRT;                             !- Zone Radiant Exchange Algorithm

OS:WeatherFile,
  {2549e1b3-79d1-4c1d-8500-e64a878245ac}, !- Handle
  Portland Intl Arpt,                     !- City
  OR,                                     !- State Province Region
  USA,                                    !- Country
  customized weather file,                !- Data Source
  726980,                                 !- WMO Number
  45.59,                                  !- Latitude {deg}
  -122.6,                                 !- Longitude {deg}
  -8,                                     !- Time Zone {hr}
  33,                                     !- Elevation {m}
  /weather/G4100510.epw,                  !- Url
  23418E60,                               !- Checksum
  2018,                                   !- Start Date Actual Year
  Monday;                                 !- Start Day of Week

OS:YearDescription,
  {cf46250c-471e-4c73-9d15-228ef407017a}, !- Handle
  2018,                                   !- Calendar Year
  ,                                       !- Day of Week for Start Day
  ;                                       !- Is Leap Year

OS:Site,
  {5974bed8-0f76-4758-82e2-ab2761ec329c}, !- Handle
  Portland Intl Arpt_OR,                  !- Name
  45.59,                                  !- Latitude {deg}
  -122.6,                                 !- Longitude {deg}
  -8,                                     !- Time Zone {hr}
  33,                                     !- Elevation {m}
  Suburbs,                                !- Terrain
  Yes;                                    !- Keep Site Location Information

OS:RunPeriodControl:DaylightSavingTime,
  {45246c01-c695-4316-889e-9a4208f7e037}, !- Handle
  Mar 11,                                 !- Start Date
  Nov 4;                                  !- End Date

OS:Site:GroundTemperature:Shallow,
  {ffad515e-1288-4b62-8893-8dd38c41470e}, !- Handle
  10.2558044641633,                       !- January Surface Ground Temperature {C}
  8.96328398056839,                       !- February Surface Ground Temperature {C}
  8.85977430498792,                       !- March Surface Ground Temperature {C}
  9.47314131759795,                       !- April Surface Ground Temperature {C}
  11.9354680782591,                       !- May Surface Ground Temperature {C}
  14.3863242762951,                       !- June Surface Ground Temperature {C}
  16.5110856158237,                       !- July Surface Ground Temperature {C}
  17.857069666975,                        !- August Surface Ground Temperature {C}
  17.9714184050852,                       !- September Surface Ground Temperature {C}
  16.8766866085166,                       !- October Surface Ground Temperature {C}
  14.8061079306247,                       !- November Surface Ground Temperature {C}
  12.4304340182317;                       !- December Surface Ground Temperature {C}

OS:ThermalZone,
  {da0badc6-3769-43ac-812f-4582a4988883}, !- Handle
  conditioned space,                      !- Name
  1,                                      !- Multiplier
  ,                                       !- Ceiling Height {m}
  278.184700919808,                       !- Volume {m3}
  ,                                       !- Floor Area {m2}
  ,                                       !- Zone Inside Convection Algorithm
  ,                                       !- Zone Outside Convection Algorithm
  ,                                       !- Zone Conditioning Equipment List Name
  {29605ec8-e0cb-4bd3-af61-eaff72aa6605}, !- Zone Air Inlet Port List
  {8ac28571-a3d2-4d91-8860-6aa793ca5ac7}, !- Zone Air Exhaust Port List
  {3dbdce3e-d74a-46d0-9ad3-d421eca0966a}, !- Zone Air Node Name
  {1b12b389-d1d3-4346-93fd-9ea42bb3931d}, !- Zone Return Air Port List
  ,                                       !- Primary Daylighting Control Name
  ,                                       !- Fraction of Zone Controlled by Primary Daylighting Control
  ,                                       !- Secondary Daylighting Control Name
  ,                                       !- Fraction of Zone Controlled by Secondary Daylighting Control
  ,                                       !- Illuminance Map Name
  ,                                       !- Group Rendering Name
  {a1aef0ba-db37-48d6-95d2-ca88a79c55fd}, !- Thermostat Name
  No;                                     !- Use Ideal Air Loads

OS:Node,
  {8e0ca7bf-5688-4a39-9b9c-bfaca11505ec}, !- Handle
  Node 1,                                 !- Name
  {3dbdce3e-d74a-46d0-9ad3-d421eca0966a}, !- Inlet Port
  ;                                       !- Outlet Port

OS:Connection,
  {3dbdce3e-d74a-46d0-9ad3-d421eca0966a}, !- Handle
  {da0badc6-3769-43ac-812f-4582a4988883}, !- Source Object
  11,                                     !- Outlet Port
  {8e0ca7bf-5688-4a39-9b9c-bfaca11505ec}, !- Target Object
  2;                                      !- Inlet Port

OS:PortList,
  {29605ec8-e0cb-4bd3-af61-eaff72aa6605}, !- Handle
  {da0badc6-3769-43ac-812f-4582a4988883}, !- HVAC Component
  {1d1dadca-f985-401b-8637-7330245c1f10}; !- Port 1

OS:PortList,
  {8ac28571-a3d2-4d91-8860-6aa793ca5ac7}, !- Handle
  {da0badc6-3769-43ac-812f-4582a4988883}; !- HVAC Component

OS:PortList,
  {1b12b389-d1d3-4346-93fd-9ea42bb3931d}, !- Handle
  {da0badc6-3769-43ac-812f-4582a4988883}, !- HVAC Component
  {33a184bb-56af-4e94-82b6-6bfc46067f25}; !- Port 1

OS:Sizing:Zone,
  {7bf95b14-0eed-49c0-bac9-ee69539d6fb6}, !- Handle
  {da0badc6-3769-43ac-812f-4582a4988883}, !- Zone or ZoneList Name
  SupplyAirTemperature,                   !- Zone Cooling Design Supply Air Temperature Input Method
  14,                                     !- Zone Cooling Design Supply Air Temperature {C}
  11.11,                                  !- Zone Cooling Design Supply Air Temperature Difference {deltaC}
  SupplyAirTemperature,                   !- Zone Heating Design Supply Air Temperature Input Method
  40,                                     !- Zone Heating Design Supply Air Temperature {C}
  11.11,                                  !- Zone Heating Design Supply Air Temperature Difference {deltaC}
  0.0085,                                 !- Zone Cooling Design Supply Air Humidity Ratio {kg-H2O/kg-air}
  0.008,                                  !- Zone Heating Design Supply Air Humidity Ratio {kg-H2O/kg-air}
  ,                                       !- Zone Heating Sizing Factor
  ,                                       !- Zone Cooling Sizing Factor
  DesignDay,                              !- Cooling Design Air Flow Method
  ,                                       !- Cooling Design Air Flow Rate {m3/s}
  ,                                       !- Cooling Minimum Air Flow per Zone Floor Area {m3/s-m2}
  ,                                       !- Cooling Minimum Air Flow {m3/s}
  ,                                       !- Cooling Minimum Air Flow Fraction
  DesignDay,                              !- Heating Design Air Flow Method
  ,                                       !- Heating Design Air Flow Rate {m3/s}
  ,                                       !- Heating Maximum Air Flow per Zone Floor Area {m3/s-m2}
  ,                                       !- Heating Maximum Air Flow {m3/s}
  ,                                       !- Heating Maximum Air Flow Fraction
  No,                                     !- Account for Dedicated Outdoor Air System
  NeutralSupplyAir,                       !- Dedicated Outdoor Air System Control Strategy
  autosize,                               !- Dedicated Outdoor Air Low Setpoint Temperature for Design {C}
  autosize,                               !- Dedicated Outdoor Air High Setpoint Temperature for Design {C}
  Sensible Load Only No Latent Load,      !- Zone Load Sizing Method
  HumidityRatioDifference,                !- Zone Latent Cooling Design Supply Air Humidity Ratio Input Method
  ,                                       !- Zone Dehumidification Design Supply Air Humidity Ratio {kgWater/kgDryAir}
  0.005,                                  !- Zone Cooling Design Supply Air Humidity Ratio Difference {kgWater/kgDryAir}
  HumidityRatioDifference,                !- Zone Latent Heating Design Supply Air Humidity Ratio Input Method
  ,                                       !- Zone Humidification Design Supply Air Humidity Ratio {kgWater/kgDryAir}
  0.005,                                  !- Zone Humidification Design Supply Air Humidity Ratio Difference {kgWater/kgDryAir}
  ,                                       !- Zone Humidistat Dehumidification Set Point Schedule Name
  ,                                       !- Zone Humidistat Humidification Set Point Schedule Name
  ,                                       !- Design Zone Air Distribution Effectiveness in Cooling Mode
  ,                                       !- Design Zone Air Distribution Effectiveness in Heating Mode
  ,                                       !- Design Zone Secondary Recirculation Fraction {dimensionless}
  ,                                       !- Design Minimum Zone Ventilation Efficiency {dimensionless}
  Coincident;                             !- Sizing Option

OS:ZoneHVAC:EquipmentList,
  {b1b6ff44-8285-4729-9bbd-761f0db1757e}, !- Handle
  Zone HVAC Equipment List 1,             !- Name
  {da0badc6-3769-43ac-812f-4582a4988883}, !- Thermal Zone
  ,                                       !- Load Distribution Scheme
  {42a246ff-ce38-4048-b20a-4e5ef2b351c3}, !- Zone Equipment 1
  1,                                      !- Zone Equipment Cooling Sequence 1
  1,                                      !- Zone Equipment Heating or No-Load Sequence 1
  {36f546b4-06aa-47b3-b610-b3e4aa0054cf}, !- Zone Equipment Sequential Cooling Fraction Schedule Name 1
  {f1e8ab74-6326-45bc-ac0c-edca59a9125d}; !- Zone Equipment Sequential Heating Fraction Schedule Name 1

OS:AdditionalProperties,
  {217627d6-a6dd-4b80-bd57-46d3844293bf}, !- Handle
  {da0badc6-3769-43ac-812f-4582a4988883}, !- Object Name
  ObjectType,                             !- Feature Name 1
  String,                                 !- Feature Data Type 1
  conditioned space;                      !- Feature Value 1

OS:Space,
  {d5015664-5053-4d4c-bbda-18682420aec3}, !- Handle
  conditioned space 1,                    !- Name
  ,                                       !- Space Type Name
  ,                                       !- Default Construction Set Name
  ,                                       !- Default Schedule Set Name
  ,                                       !- Direction of Relative North {deg}
  ,                                       !- X Origin {m}
  ,                                       !- Y Origin {m}
  ,                                       !- Z Origin {m}
  ,                                       !- Building Story Name
  {da0badc6-3769-43ac-812f-4582a4988883}, !- Thermal Zone Name
  ,                                       !- Part of Total Floor Area
  ,                                       !- Design Specification Outdoor Air Object Name
  ,                                       !- Building Unit Name
  278.184700919808;                       !- Volume {m3}

OS:Schedule:Ruleset,
  {bd4ae7d9-452e-4fa3-b2d6-7c5f35951735}, !- Handle
  heating setpoint,                       !- Name
  {d81afbc2-ccd0-4db8-8eb6-ee7af424c25b}, !- Schedule Type Limits Name
  {bd39c93e-7aed-4883-a31d-6c485a86f7eb}; !- Default Day Schedule Name

OS:Schedule:Day,
  {bd39c93e-7aed-4883-a31d-6c485a86f7eb}, !- Handle
  heating setpoint default day,           !- Name
  {d81afbc2-ccd0-4db8-8eb6-ee7af424c25b}, !- Schedule Type Limits Name
  ,                                       !- Interpolate to Timestep
  24,                                     !- Hour 1
  0,                                      !- Minute 1
  0;                                      !- Value Until Time 1

OS:Schedule:Rule,
  {c157f6ed-2af6-4fc4-928d-23d81d0fc7e1}, !- Handle
  heating setpoint allday rule,           !- Name
  {bd4ae7d9-452e-4fa3-b2d6-7c5f35951735}, !- Schedule Ruleset Name
  0,                                      !- Rule Order
  {17eb4a9b-94bc-4cc9-94d1-454875cedee0}, !- Day Schedule Name
  Yes,                                    !- Apply Sunday
  Yes,                                    !- Apply Monday
  Yes,                                    !- Apply Tuesday
  Yes,                                    !- Apply Wednesday
  Yes,                                    !- Apply Thursday
  Yes,                                    !- Apply Friday
  Yes,                                    !- Apply Saturday
  DateRange,                              !- Date Specification Type
  1,                                      !- Start Month
  1,                                      !- Start Day
  12,                                     !- End Month
  31;                                     !- End Day

OS:Schedule:Day,
  {17eb4a9b-94bc-4cc9-94d1-454875cedee0}, !- Handle
  heating setpoint day,                   !- Name
  {d81afbc2-ccd0-4db8-8eb6-ee7af424c25b}, !- Schedule Type Limits Name
  ,                                       !- Interpolate to Timestep
  6,                                      !- Hour 1
  0,                                      !- Minute 1
  20.5555555555556,                       !- Value Until Time 1
  21,                                     !- Hour 2
  0,                                      !- Minute 2
  22.2222222222222,                       !- Value Until Time 2
  24,                                     !- Hour 3
  0,                                      !- Minute 3
  20.5555555555556;                       !- Value Until Time 3

OS:Schedule:Ruleset,
  {85c37bcf-4050-4a90-a244-7dd23249633f}, !- Handle
  cooling setpoint,                       !- Name
  {d81afbc2-ccd0-4db8-8eb6-ee7af424c25b}, !- Schedule Type Limits Name
  {7fae5928-1ec5-4f97-9168-3f50f88026dc}; !- Default Day Schedule Name

OS:Schedule:Day,
  {7fae5928-1ec5-4f97-9168-3f50f88026dc}, !- Handle
  cooling setpoint default day,           !- Name
  {d81afbc2-ccd0-4db8-8eb6-ee7af424c25b}, !- Schedule Type Limits Name
  ,                                       !- Interpolate to Timestep
  24,                                     !- Hour 1
  0,                                      !- Minute 1
  0;                                      !- Value Until Time 1

OS:Schedule:Rule,
  {f3b82188-63a9-45af-b171-72933f6b67dd}, !- Handle
  cooling setpoint allday rule,           !- Name
  {85c37bcf-4050-4a90-a244-7dd23249633f}, !- Schedule Ruleset Name
  0,                                      !- Rule Order
  {4f56aaef-0055-4f75-9145-0d639b600e5c}, !- Day Schedule Name
  Yes,                                    !- Apply Sunday
  Yes,                                    !- Apply Monday
  Yes,                                    !- Apply Tuesday
  Yes,                                    !- Apply Wednesday
  Yes,                                    !- Apply Thursday
  Yes,                                    !- Apply Friday
  Yes,                                    !- Apply Saturday
  DateRange,                              !- Date Specification Type
  1,                                      !- Start Month
  1,                                      !- Start Day
  12,                                     !- End Month
  31;                                     !- End Day

OS:Schedule:Day,
  {4f56aaef-0055-4f75-9145-0d639b600e5c}, !- Handle
  cooling setpoint day,                   !- Name
  {d81afbc2-ccd0-4db8-8eb6-ee7af424c25b}, !- Schedule Type Limits Name
  ,                                       !- Interpolate to Timestep
  24,                                     !- Hour 1
  0,                                      !- Minute 1
  22.2222222222222;                       !- Value Until Time 1

OS:ThermostatSetpoint:DualSetpoint,
  {a1aef0ba-db37-48d6-95d2-ca88a79c55fd}, !- Handle
  conditioned space temperature setpoint, !- Name
  {bd4ae7d9-452e-4fa3-b2d6-7c5f35951735}, !- Heating Setpoint Temperature Schedule Name
  {85c37bcf-4050-4a90-a244-7dd23249633f}, !- Cooling Setpoint Temperature Schedule Name
  0;                                      !- Temperature Difference Between Cutout And Setpoint {deltaC}

OS:ScheduleTypeLimits,
  {d81afbc2-ccd0-4db8-8eb6-ee7af424c25b}, !- Handle
  Temperature,                            !- Name
  ,                                       !- Lower Limit Value
  ,                                       !- Upper Limit Value
  Continuous,                             !- Numeric Type
  Temperature;                            !- Unit Type

OS:Surface,
  {e04aa103-53ff-4e01-971d-6f90c72c62dd}, !- Handle
  Roof1,                                  !- Name
  RoofCeiling,                            !- Surface Type
  {00a7f9f3-f8b7-4e1d-bd33-4a9e264dc133}, !- Construction Name
  {ac5c000a-2d0a-4cda-85f9-cb5310c0a54e}, !- Space Name
  Outdoors,                               !- Outside Boundary Condition
  ,                                       !- Outside Boundary Condition Object
  SunExposed,                             !- Sun Exposure
  WindExposed,                            !- Wind Exposure
  ,                                       !- View Factor to Ground
  ,                                       !- Number of Vertices
  -16.4627119026396, -33.1094840047943, 5.1816, !- X,Y,Z Vertex 1 {m}
  -12.8914755157282, -29.5382476178829, 7.7068454664052, !- X,Y,Z Vertex 2 {m}
  -16.8842391781555, -25.5454839554556, 7.7068454664052, !- X,Y,Z Vertex 3 {m}
  -20.4554755650669, -29.116720342367, 5.1816; !- X,Y,Z Vertex 4 {m}

OS:AdditionalProperties,
  {7bbf0892-951f-464d-9c16-4424941db891}, !- Handle
  {e04aa103-53ff-4e01-971d-6f90c72c62dd}, !- Object Name
  Length,                                 !- Feature Name 1
  Double,                                 !- Feature Data Type 1
  18.525657883055057,                     !- Feature Value 1
  Width,                                  !- Feature Name 2
  Double,                                 !- Feature Data Type 2
  18.525657883055057,                     !- Feature Value 2
  Azimuth,                                !- Feature Name 3
  Integer,                                !- Feature Data Type 3
  225,                                    !- Feature Value 3
  Tilt,                                   !- Feature Name 4
  Double,                                 !- Feature Data Type 4
  0.5,                                    !- Feature Value 4
  SurfaceType,                            !- Feature Name 5
  String,                                 !- Feature Data Type 5
  Roof;                                   !- Feature Value 5

OS:ThermalZone,
  {b14e2fd3-eacf-48b6-bb71-13a2f5cee2e7}, !- Handle
  attic - vented,                         !- Name
  1,                                      !- Multiplier
  ,                                       !- Ceiling Height {m}
  32.1115443086712,                       !- Volume {m3}
  ,                                       !- Floor Area {m2}
  ,                                       !- Zone Inside Convection Algorithm
  ,                                       !- Zone Outside Convection Algorithm
  ,                                       !- Zone Conditioning Equipment List Name
  {0e2f1ddf-7092-4ca8-a103-a58021cad4b2}, !- Zone Air Inlet Port List
  {00691576-5b3f-4ced-9d1b-90f816621f8a}, !- Zone Air Exhaust Port List
  {a82d174f-04c8-4652-9b7b-062fb87921ba}, !- Zone Air Node Name
  {1765c4a4-3677-4f1b-a4bd-14c0907bbd25}, !- Zone Return Air Port List
  ,                                       !- Primary Daylighting Control Name
  ,                                       !- Fraction of Zone Controlled by Primary Daylighting Control
  ,                                       !- Secondary Daylighting Control Name
  ,                                       !- Fraction of Zone Controlled by Secondary Daylighting Control
  ,                                       !- Illuminance Map Name
  ,                                       !- Group Rendering Name
  ,                                       !- Thermostat Name
  No;                                     !- Use Ideal Air Loads

OS:Node,
  {f2a1f413-743f-41ae-8441-4865ae43ed06}, !- Handle
  Node 2,                                 !- Name
  {a82d174f-04c8-4652-9b7b-062fb87921ba}, !- Inlet Port
  ;                                       !- Outlet Port

OS:Connection,
  {a82d174f-04c8-4652-9b7b-062fb87921ba}, !- Handle
  {b14e2fd3-eacf-48b6-bb71-13a2f5cee2e7}, !- Source Object
  11,                                     !- Outlet Port
  {f2a1f413-743f-41ae-8441-4865ae43ed06}, !- Target Object
  2;                                      !- Inlet Port

OS:PortList,
  {0e2f1ddf-7092-4ca8-a103-a58021cad4b2}, !- Handle
  {b14e2fd3-eacf-48b6-bb71-13a2f5cee2e7}; !- HVAC Component

OS:PortList,
  {00691576-5b3f-4ced-9d1b-90f816621f8a}, !- Handle
  {b14e2fd3-eacf-48b6-bb71-13a2f5cee2e7}; !- HVAC Component

OS:PortList,
  {1765c4a4-3677-4f1b-a4bd-14c0907bbd25}, !- Handle
  {b14e2fd3-eacf-48b6-bb71-13a2f5cee2e7}; !- HVAC Component

OS:Sizing:Zone,
  {a038960d-f600-4af4-8397-9a2969020f22}, !- Handle
  {b14e2fd3-eacf-48b6-bb71-13a2f5cee2e7}, !- Zone or ZoneList Name
  SupplyAirTemperature,                   !- Zone Cooling Design Supply Air Temperature Input Method
  14,                                     !- Zone Cooling Design Supply Air Temperature {C}
  11.11,                                  !- Zone Cooling Design Supply Air Temperature Difference {deltaC}
  SupplyAirTemperature,                   !- Zone Heating Design Supply Air Temperature Input Method
  40,                                     !- Zone Heating Design Supply Air Temperature {C}
  11.11,                                  !- Zone Heating Design Supply Air Temperature Difference {deltaC}
  0.0085,                                 !- Zone Cooling Design Supply Air Humidity Ratio {kg-H2O/kg-air}
  0.008,                                  !- Zone Heating Design Supply Air Humidity Ratio {kg-H2O/kg-air}
  ,                                       !- Zone Heating Sizing Factor
  ,                                       !- Zone Cooling Sizing Factor
  DesignDay,                              !- Cooling Design Air Flow Method
  ,                                       !- Cooling Design Air Flow Rate {m3/s}
  ,                                       !- Cooling Minimum Air Flow per Zone Floor Area {m3/s-m2}
  ,                                       !- Cooling Minimum Air Flow {m3/s}
  ,                                       !- Cooling Minimum Air Flow Fraction
  DesignDay,                              !- Heating Design Air Flow Method
  ,                                       !- Heating Design Air Flow Rate {m3/s}
  ,                                       !- Heating Maximum Air Flow per Zone Floor Area {m3/s-m2}
  ,                                       !- Heating Maximum Air Flow {m3/s}
  ,                                       !- Heating Maximum Air Flow Fraction
  No,                                     !- Account for Dedicated Outdoor Air System
  NeutralSupplyAir,                       !- Dedicated Outdoor Air System Control Strategy
  autosize,                               !- Dedicated Outdoor Air Low Setpoint Temperature for Design {C}
  autosize,                               !- Dedicated Outdoor Air High Setpoint Temperature for Design {C}
  Sensible Load Only No Latent Load,      !- Zone Load Sizing Method
  HumidityRatioDifference,                !- Zone Latent Cooling Design Supply Air Humidity Ratio Input Method
  ,                                       !- Zone Dehumidification Design Supply Air Humidity Ratio {kgWater/kgDryAir}
  0.005,                                  !- Zone Cooling Design Supply Air Humidity Ratio Difference {kgWater/kgDryAir}
  HumidityRatioDifference,                !- Zone Latent Heating Design Supply Air Humidity Ratio Input Method
  ,                                       !- Zone Humidification Design Supply Air Humidity Ratio {kgWater/kgDryAir}
  0.005,                                  !- Zone Humidification Design Supply Air Humidity Ratio Difference {kgWater/kgDryAir}
  ,                                       !- Zone Humidistat Dehumidification Set Point Schedule Name
  ,                                       !- Zone Humidistat Humidification Set Point Schedule Name
  ,                                       !- Design Zone Air Distribution Effectiveness in Cooling Mode
  ,                                       !- Design Zone Air Distribution Effectiveness in Heating Mode
  ,                                       !- Design Zone Secondary Recirculation Fraction {dimensionless}
  ,                                       !- Design Minimum Zone Ventilation Efficiency {dimensionless}
  Coincident;                             !- Sizing Option

OS:ZoneHVAC:EquipmentList,
  {7d8ce6ba-f82f-44c0-b000-55c53d3c9012}, !- Handle
  Zone HVAC Equipment List 2,             !- Name
  {b14e2fd3-eacf-48b6-bb71-13a2f5cee2e7}; !- Thermal Zone

OS:AdditionalProperties,
  {9f8104cf-bf49-4247-82d3-3d6c19708306}, !- Handle
  {b14e2fd3-eacf-48b6-bb71-13a2f5cee2e7}, !- Object Name
  ObjectType,                             !- Feature Name 1
  String,                                 !- Feature Data Type 1
  attic - vented;                         !- Feature Value 1

OS:Space,
  {ac5c000a-2d0a-4cda-85f9-cb5310c0a54e}, !- Handle
  attic - vented 1,                       !- Name
  ,                                       !- Space Type Name
  ,                                       !- Default Construction Set Name
  ,                                       !- Default Schedule Set Name
  ,                                       !- Direction of Relative North {deg}
  ,                                       !- X Origin {m}
  ,                                       !- Y Origin {m}
  ,                                       !- Z Origin {m}
  ,                                       !- Building Story Name
  {b14e2fd3-eacf-48b6-bb71-13a2f5cee2e7}, !- Thermal Zone Name
  ,                                       !- Part of Total Floor Area
  ,                                       !- Design Specification Outdoor Air Object Name
  ,                                       !- Building Unit Name
  32.1115443086712;                       !- Volume {m3}

OS:Material,
  {57ff0154-5c84-4cbe-a010-79e3bf7ce0c6}, !- Handle
  asphalt or fiberglass shingles,         !- Name
  Rough,                                  !- Roughness
  0.00635,                                !- Thickness {m}
  0.162714,                               !- Conductivity {W/m-K}
  1121.4,                                 !- Density {kg/m3}
  1465.45,                                !- Specific Heat {J/kg-K}
  0.9,                                    !- Thermal Absorptance
  0.85,                                   !- Solar Absorptance
  0.85;                                   !- Visible Absorptance

OS:Material,
  {7494ed44-b360-4ffc-8feb-46eedfed16be}, !- Handle
  roof rigid ins,                         !- Name
  Rough,                                  !- Roughness
  0.00281631941299512,                    !- Thickness {m}
  0.029427,                               !- Conductivity {W/m-K}
  32.04,                                  !- Density {kg/m3}
  1214.23,                                !- Specific Heat {J/kg-K}
  0.9,                                    !- Thermal Absorptance
  0.7,                                    !- Solar Absorptance
  0.7;                                    !- Visible Absorptance

OS:Material,
  {4b71da57-5a99-4ba6-a8b1-1aff56f85c57}, !- Handle
  osb sheathing 0.5 in.,                  !- Name
  Rough,                                  !- Roughness
  0.0127,                                 !- Thickness {m}
  0.1154577,                              !- Conductivity {W/m-K}
  512.64,                                 !- Density {kg/m3}
  1214.23,                                !- Specific Heat {J/kg-K}
  0.9,                                    !- Thermal Absorptance
  0.6,                                    !- Solar Absorptance
  0.6;                                    !- Visible Absorptance

OS:Construction,
  {00a7f9f3-f8b7-4e1d-bd33-4a9e264dc133}, !- Handle
  Roof1 construction,                     !- Name
  ,                                       !- Surface Rendering Name
  {57ff0154-5c84-4cbe-a010-79e3bf7ce0c6}, !- Layer 1
  {7494ed44-b360-4ffc-8feb-46eedfed16be}, !- Layer 2
  {4b71da57-5a99-4ba6-a8b1-1aff56f85c57}; !- Layer 3

OS:Surface,
  {dfea52c8-319f-4577-b709-a3506edb9c0b}, !- Handle
  Roof2,                                  !- Name
  RoofCeiling,                            !- Surface Type
  {5093f50d-6c0e-4cba-9da1-b73acb4444c8}, !- Construction Name
  {ac5c000a-2d0a-4cda-85f9-cb5310c0a54e}, !- Space Name
  Outdoors,                               !- Outside Boundary Condition
  ,                                       !- Outside Boundary Condition Object
  SunExposed,                             !- Sun Exposure
  WindExposed,                            !- Wind Exposure
  ,                                       !- View Factor to Ground
  ,                                       !- Number of Vertices
  39.4050391884532, 10.1671567189807, 5.1816, !- X,Y,Z Vertex 1 {m}
  35.8338028015418, 6.59592033206926, 7.7068454664052, !- X,Y,Z Vertex 2 {m}
  39.8265664639691, 2.60315666964196, 7.7068454664052, !- X,Y,Z Vertex 3 {m}
  43.3978028508805, 6.17439305655336, 5.1816; !- X,Y,Z Vertex 4 {m}

OS:AdditionalProperties,
  {50892e96-198c-4d0a-99ef-0b40c8da95f0}, !- Handle
  {dfea52c8-319f-4577-b709-a3506edb9c0b}, !- Object Name
  Length,                                 !- Feature Name 1
  Double,                                 !- Feature Data Type 1
  18.525657883055057,                     !- Feature Value 1
  Width,                                  !- Feature Name 2
  Double,                                 !- Feature Data Type 2
  18.525657883055057,                     !- Feature Value 2
  Azimuth,                                !- Feature Name 3
  Integer,                                !- Feature Data Type 3
  45,                                     !- Feature Value 3
  Tilt,                                   !- Feature Name 4
  Double,                                 !- Feature Data Type 4
  0.5,                                    !- Feature Value 4
  SurfaceType,                            !- Feature Name 5
  String,                                 !- Feature Data Type 5
  Roof;                                   !- Feature Value 5

OS:Construction,
  {5093f50d-6c0e-4cba-9da1-b73acb4444c8}, !- Handle
  Roof2 construction,                     !- Name
  ,                                       !- Surface Rendering Name
  {57ff0154-5c84-4cbe-a010-79e3bf7ce0c6}, !- Layer 1
  {7494ed44-b360-4ffc-8feb-46eedfed16be}, !- Layer 2
  {4b71da57-5a99-4ba6-a8b1-1aff56f85c57}; !- Layer 3

OS:Surface,
  {6b186386-449d-4222-b8b9-213c7243a329}, !- Handle
  Wall1,                                  !- Name
  Wall,                                   !- Surface Type
  {cbfa5528-6c64-4426-869b-96973e5da887}, !- Construction Name
  {d5015664-5053-4d4c-bbda-18682420aec3}, !- Space Name
  Outdoors,                               !- Outside Boundary Condition
  ,                                       !- Outside Boundary Condition Object
  SunExposed,                             !- Sun Exposure
  WindExposed,                            !- Wind Exposure
  ,                                       !- View Factor to Ground
  ,                                       !- Number of Vertices
  -0.656923695768441, -48.9152722116655, 0.3048, !- X,Y,Z Vertex 1 {m}
  -0.656923695768441, -48.9152722116655, 5.1816, !- X,Y,Z Vertex 2 {m}
  -5.67194772657954, -43.9002481808543, 5.1816, !- X,Y,Z Vertex 3 {m}
  -5.67194772657954, -43.9002481808543, 0.3048; !- X,Y,Z Vertex 4 {m}

OS:AdditionalProperties,
  {506abebe-1f19-4b54-919c-12c78093335e}, !- Handle
  {6b186386-449d-4222-b8b9-213c7243a329}, !- Object Name
  Length,                                 !- Feature Name 1
  Double,                                 !- Feature Data Type 1
  23.268749999999997,                     !- Feature Value 1
  Azimuth,                                !- Feature Name 2
  Integer,                                !- Feature Data Type 2
  225,                                    !- Feature Value 2
  Tilt,                                   !- Feature Name 3
  Double,                                 !- Feature Data Type 3
  90,                                     !- Feature Value 3
  SurfaceType,                            !- Feature Name 4
  String,                                 !- Feature Data Type 4
  Wall;                                   !- Feature Value 4

OS:Material,
  {994f4818-844c-4871-85bc-a4968fbccb24}, !- Handle
  wood siding,                            !- Name
  Rough,                                  !- Roughness
  0.0254,                                 !- Thickness {m}
  0.1024175,                              !- Conductivity {W/m-K}
  544.68,                                 !- Density {kg/m3}
  1172.36,                                !- Specific Heat {J/kg-K}
  0.9,                                    !- Thermal Absorptance
  0.85,                                   !- Solar Absorptance
  0.85;                                   !- Visible Absorptance

OS:Material,
  {446732b2-1454-46d0-8efe-5de9d8a6f976}, !- Handle
  osb sheathing 0.5 in. 1,                !- Name
  Rough,                                  !- Roughness
  0.0127,                                 !- Thickness {m}
  0.1154577,                              !- Conductivity {W/m-K}
  512.64,                                 !- Density {kg/m3}
  1214.23,                                !- Specific Heat {J/kg-K}
  0.9,                                    !- Thermal Absorptance
  0.7,                                    !- Solar Absorptance
  0.7;                                    !- Visible Absorptance

OS:Material,
  {13f17b6e-03a9-460c-bc59-528109599104}, !- Handle
  wall stud and cavity,                   !- Name
  Rough,                                  !- Roughness
  0.1397,                                 !- Thickness {m}
  0.550994028857237,                      !- Conductivity {W/m-K}
  139.0536,                               !- Density {kg/m3}
  1170.23755760369,                       !- Specific Heat {J/kg-K}
  0.9,                                    !- Thermal Absorptance
  0.7,                                    !- Solar Absorptance
  0.7;                                    !- Visible Absorptance

OS:Material,
  {72deddfe-f4bd-4a95-b34e-faaa64fcea35}, !- Handle
  gypsum board,                           !- Name
  Rough,                                  !- Roughness
  0.0127,                                 !- Thickness {m}
  0.1602906,                              !- Conductivity {W/m-K}
  801,                                    !- Density {kg/m3}
  837.4,                                  !- Specific Heat {J/kg-K}
  0.9,                                    !- Thermal Absorptance
  0.6,                                    !- Solar Absorptance
  0.6;                                    !- Visible Absorptance

OS:Construction,
  {cbfa5528-6c64-4426-869b-96973e5da887}, !- Handle
  Wall1 construction,                     !- Name
  ,                                       !- Surface Rendering Name
  {994f4818-844c-4871-85bc-a4968fbccb24}, !- Layer 1
  {446732b2-1454-46d0-8efe-5de9d8a6f976}, !- Layer 2
  {13f17b6e-03a9-460c-bc59-528109599104}, !- Layer 3
  {72deddfe-f4bd-4a95-b34e-faaa64fcea35}; !- Layer 4

OS:Surface,
  {65e105f6-f345-463f-b16b-2e7d955f6be4}, !- Handle
  Wall2,                                  !- Name
  Wall,                                   !- Surface Type
  {795b687c-fe77-4611-b713-169bfffd4f13}, !- Construction Name
  {d5015664-5053-4d4c-bbda-18682420aec3}, !- Space Name
  Outdoors,                               !- Outside Boundary Condition
  ,                                       !- Outside Boundary Condition Object
  SunExposed,                             !- Sun Exposure
  WindExposed,                            !- Wind Exposure
  ,                                       !- View Factor to Ground
  ,                                       !- Number of Vertices
  -12.8434271278663, 36.7287687795676, 0.3048, !- X,Y,Z Vertex 1 {m}
  -12.8434271278663, 36.7287687795676, 5.1816, !- X,Y,Z Vertex 2 {m}
  -10.0564046406924, 39.5157912667414, 5.1816, !- X,Y,Z Vertex 3 {m}
  -10.0564046406924, 39.5157912667414, 0.3048; !- X,Y,Z Vertex 4 {m}

OS:AdditionalProperties,
  {55518ddb-5c53-4ff6-87f5-a46b56474e2f}, !- Handle
  {65e105f6-f345-463f-b16b-2e7d955f6be4}, !- Object Name
  Length,                                 !- Feature Name 1
  Double,                                 !- Feature Data Type 1
  12.931249999999999,                     !- Feature Value 1
  Azimuth,                                !- Feature Name 2
  Integer,                                !- Feature Data Type 2
  315,                                    !- Feature Value 2
  Tilt,                                   !- Feature Name 3
  Double,                                 !- Feature Data Type 3
  90,                                     !- Feature Value 3
  SurfaceType,                            !- Feature Name 4
  String,                                 !- Feature Data Type 4
  Wall;                                   !- Feature Value 4

OS:Construction,
  {795b687c-fe77-4611-b713-169bfffd4f13}, !- Handle
  Wall2 construction,                     !- Name
  ,                                       !- Surface Rendering Name
  {994f4818-844c-4871-85bc-a4968fbccb24}, !- Layer 1
  {446732b2-1454-46d0-8efe-5de9d8a6f976}, !- Layer 2
  {13f17b6e-03a9-460c-bc59-528109599104}, !- Layer 3
  {72deddfe-f4bd-4a95-b34e-faaa64fcea35}; !- Layer 4

OS:Surface,
  {6589712d-4b1f-4d6b-91f4-9d1573e452d5}, !- Handle
  Wall3,                                  !- Name
  Wall,                                   !- Surface Type
  {82427135-150f-4bcb-a973-149268d79d5b}, !- Construction Name
  {d5015664-5053-4d4c-bbda-18682420aec3}, !- Space Name
  Outdoors,                               !- Outside Boundary Condition
  ,                                       !- Outside Boundary Condition Object
  SunExposed,                             !- Sun Exposure
  WindExposed,                            !- Wind Exposure
  ,                                       !- View Factor to Ground
  ,                                       !- Number of Vertices
  22.2087821440013, 27.3634137634326, 0.3048, !- X,Y,Z Vertex 1 {m}
  22.2087821440013, 27.3634137634326, 5.1816, !- X,Y,Z Vertex 2 {m}
  26.9557455295984, 22.6164503778355, 5.1816, !- X,Y,Z Vertex 3 {m}
  26.9557455295984, 22.6164503778355, 0.3048; !- X,Y,Z Vertex 4 {m}

OS:AdditionalProperties,
  {eee4c70c-7a51-478b-90ff-4e0256bd65e1}, !- Handle
  {6589712d-4b1f-4d6b-91f4-9d1573e452d5}, !- Object Name
  Length,                                 !- Feature Name 1
  Double,                                 !- Feature Data Type 1
  22.024999999999999,                     !- Feature Value 1
  Azimuth,                                !- Feature Name 2
  Integer,                                !- Feature Data Type 2
  45,                                     !- Feature Value 2
  Tilt,                                   !- Feature Name 3
  Double,                                 !- Feature Data Type 3
  90,                                     !- Feature Value 3
  SurfaceType,                            !- Feature Name 4
  String,                                 !- Feature Data Type 4
  Wall;                                   !- Feature Value 4

OS:Construction,
  {82427135-150f-4bcb-a973-149268d79d5b}, !- Handle
  Wall3 construction,                     !- Name
  ,                                       !- Surface Rendering Name
  {994f4818-844c-4871-85bc-a4968fbccb24}, !- Layer 1
  {446732b2-1454-46d0-8efe-5de9d8a6f976}, !- Layer 2
  {13f17b6e-03a9-460c-bc59-528109599104}, !- Layer 3
  {72deddfe-f4bd-4a95-b34e-faaa64fcea35}; !- Layer 4

OS:Surface,
  {5d98c942-080a-46c4-bc43-446fed81856d}, !- Handle
  Wall4,                                  !- Name
  Wall,                                   !- Surface Type
  {3e0239c2-dc16-422d-b78f-b34deaa342c3}, !- Construction Name
  {d5015664-5053-4d4c-bbda-18682420aec3}, !- Space Name
  Outdoors,                               !- Outside Boundary Condition
  ,                                       !- Outside Boundary Condition Object
  SunExposed,                             !- Sun Exposure
  WindExposed,                            !- Wind Exposure
  ,                                       !- View Factor to Ground
  ,                                       !- Number of Vertices
  12.8434271278663, -36.7287687795676, 0.3048, !- X,Y,Z Vertex 1 {m}
  12.8434271278663, -36.7287687795676, 5.1816, !- X,Y,Z Vertex 2 {m}
  10.0564046406924, -39.5157912667415, 5.1816, !- X,Y,Z Vertex 3 {m}
  10.0564046406924, -39.5157912667415, 0.3048; !- X,Y,Z Vertex 4 {m}

OS:AdditionalProperties,
  {af4da930-406a-4b4b-b305-46e096c7b69c}, !- Handle
  {5d98c942-080a-46c4-bc43-446fed81856d}, !- Object Name
  Length,                                 !- Feature Name 1
  Double,                                 !- Feature Data Type 1
  12.931249999999999,                     !- Feature Value 1
  Azimuth,                                !- Feature Name 2
  Integer,                                !- Feature Data Type 2
  135,                                    !- Feature Value 2
  Tilt,                                   !- Feature Name 3
  Double,                                 !- Feature Data Type 3
  90,                                     !- Feature Value 3
  SurfaceType,                            !- Feature Name 4
  String,                                 !- Feature Data Type 4
  Wall;                                   !- Feature Value 4

OS:Construction,
  {3e0239c2-dc16-422d-b78f-b34deaa342c3}, !- Handle
  Wall4 construction,                     !- Name
  ,                                       !- Surface Rendering Name
  {994f4818-844c-4871-85bc-a4968fbccb24}, !- Layer 1
  {446732b2-1454-46d0-8efe-5de9d8a6f976}, !- Layer 2
  {13f17b6e-03a9-460c-bc59-528109599104}, !- Layer 3
  {72deddfe-f4bd-4a95-b34e-faaa64fcea35}; !- Layer 4

OS:Surface,
  {81220987-ce52-4cee-936a-bab890daecba}, !- Handle
  Wall5,                                  !- Name
  Wall,                                   !- Surface Type
  {c0e008d1-7189-4e0b-bead-4a061cf032ca}, !- Construction Name
  {ac5c000a-2d0a-4cda-85f9-cb5310c0a54e}, !- Space Name
  Outdoors,                               !- Outside Boundary Condition
  ,                                       !- Outside Boundary Condition Object
  SunExposed,                             !- Sun Exposure
  WindExposed,                            !- Wind Exposure
  ,                                       !- View Factor to Ground
  ,                                       !- Number of Vertices
  -14.074189189771, 35.4980067176629, 0.3048, !- X,Y,Z Vertex 1 {m}
  -14.074189189771, 35.4980067176629, 5.1816, !- X,Y,Z Vertex 2 {m}
  -13.5003508236347, 36.0718450837992, 5.1816, !- X,Y,Z Vertex 3 {m}
  -13.5003508236347, 36.0718450837992, 0.3048; !- X,Y,Z Vertex 4 {m}

OS:AdditionalProperties,
  {509f9d58-7343-4569-a54a-ab7ee189f3da}, !- Handle
  {81220987-ce52-4cee-936a-bab890daecba}, !- Object Name
  Length,                                 !- Feature Name 1
  Double,                                 !- Feature Data Type 1
  2.6625000000000001,                     !- Feature Value 1
  Azimuth,                                !- Feature Name 2
  Integer,                                !- Feature Data Type 2
  315,                                    !- Feature Value 2
  Tilt,                                   !- Feature Name 3
  Double,                                 !- Feature Data Type 3
  90,                                     !- Feature Value 3
  SurfaceType,                            !- Feature Name 4
  String,                                 !- Feature Data Type 4
  Wall;                                   !- Feature Value 4

OS:Material,
  {21368957-8807-4be7-aa0e-e82c531f7cc3}, !- Handle
  wall stud and cavity 1,                 !- Name
  Rough,                                  !- Roughness
  0.1397,                                 !- Thickness {m}
  0.727959376833552,                      !- Conductivity {W/m-K}
  139.0536,                               !- Density {kg/m3}
  1170.23755760369,                       !- Specific Heat {J/kg-K}
  0.9,                                    !- Thermal Absorptance
  0.6,                                    !- Solar Absorptance
  0.6;                                    !- Visible Absorptance

OS:Construction,
  {c0e008d1-7189-4e0b-bead-4a061cf032ca}, !- Handle
  Wall5 construction,                     !- Name
  ,                                       !- Surface Rendering Name
  {994f4818-844c-4871-85bc-a4968fbccb24}, !- Layer 1
  {446732b2-1454-46d0-8efe-5de9d8a6f976}, !- Layer 2
  {21368957-8807-4be7-aa0e-e82c531f7cc3}; !- Layer 3

OS:Surface,
  {c9997be3-9093-4af3-8689-6b771dcdf7fe}, !- Handle
  Wall6,                                  !- Name
  Wall,                                   !- Surface Type
  {13b2b5f4-f3e9-4e68-8007-07c002870a67}, !- Construction Name
  {ac5c000a-2d0a-4cda-85f9-cb5310c0a54e}, !- Space Name
  Outdoors,                               !- Outside Boundary Condition
  ,                                       !- Outside Boundary Condition Object
  SunExposed,                             !- Sun Exposure
  WindExposed,                            !- Wind Exposure
  ,                                       !- View Factor to Ground
  ,                                       !- Number of Vertices
  14.074189189771, -35.4980067176629, 0.3048, !- X,Y,Z Vertex 1 {m}
  14.074189189771, -35.4980067176629, 5.1816, !- X,Y,Z Vertex 2 {m}
  13.5003508236347, -36.0718450837992, 5.1816, !- X,Y,Z Vertex 3 {m}
  13.5003508236347, -36.0718450837992, 0.3048; !- X,Y,Z Vertex 4 {m}

OS:AdditionalProperties,
  {42c65d56-ad57-4e7e-aaca-68ffbf3dcdef}, !- Handle
  {c9997be3-9093-4af3-8689-6b771dcdf7fe}, !- Object Name
  Length,                                 !- Feature Name 1
  Double,                                 !- Feature Data Type 1
  2.6625000000000001,                     !- Feature Value 1
  Azimuth,                                !- Feature Name 2
  Integer,                                !- Feature Data Type 2
  135,                                    !- Feature Value 2
  Tilt,                                   !- Feature Name 3
  Double,                                 !- Feature Data Type 3
  90,                                     !- Feature Value 3
  SurfaceType,                            !- Feature Name 4
  String,                                 !- Feature Data Type 4
  Wall;                                   !- Feature Value 4

OS:Construction,
  {13b2b5f4-f3e9-4e68-8007-07c002870a67}, !- Handle
  Wall6 construction,                     !- Name
  ,                                       !- Surface Rendering Name
  {994f4818-844c-4871-85bc-a4968fbccb24}, !- Layer 1
  {446732b2-1454-46d0-8efe-5de9d8a6f976}, !- Layer 2
  {21368957-8807-4be7-aa0e-e82c531f7cc3}; !- Layer 3

OS:Surface,
  {e5a123e0-3dd5-4578-9843-b4705b8ba72b}, !- Handle
  RimJoist1,                              !- Name
  Wall,                                   !- Surface Type
  {ef7b2fcb-b50a-421c-9e22-50fc672a2e92}, !- Construction Name
  {803da27a-aa12-46c6-bbfb-372aa2a43f28}, !- Space Name
  Outdoors,                               !- Outside Boundary Condition
  ,                                       !- Outside Boundary Condition Object
  SunExposed,                             !- Sun Exposure
  WindExposed,                            !- Wind Exposure
  ,                                       !- View Factor to Ground
  ,                                       !- Number of Vertices
  -21.1123992608353, -28.4597966465986, 0.3048, !- X,Y,Z Vertex 1 {m}
  -21.1123992608353, -28.4597966465986, 0.6096, !- X,Y,Z Vertex 2 {m}
  -26.6298686216202, -22.9423272858137, 0.6096, !- X,Y,Z Vertex 3 {m}
  -26.6298686216202, -22.9423272858137, 0.3048; !- X,Y,Z Vertex 4 {m}

OS:AdditionalProperties,
  {1dae432b-84f8-4051-a74a-f384c356be96}, !- Handle
  {e5a123e0-3dd5-4578-9843-b4705b8ba72b}, !- Object Name
  Length,                                 !- Feature Name 1
  Double,                                 !- Feature Data Type 1
  25.600000000000001,                     !- Feature Value 1
  Azimuth,                                !- Feature Name 2
  Integer,                                !- Feature Data Type 2
  225,                                    !- Feature Value 2
  Tilt,                                   !- Feature Name 3
  Double,                                 !- Feature Data Type 3
  90,                                     !- Feature Value 3
  SurfaceType,                            !- Feature Name 4
  String,                                 !- Feature Data Type 4
  RimJoist;                               !- Feature Value 4

OS:ThermalZone,
  {09922970-1ace-47de-ac80-dddbf1088b0b}, !- Handle
  crawlspace - vented,                    !- Name
  1,                                      !- Multiplier
  ,                                       !- Ceiling Height {m}
  69.546175229952,                        !- Volume {m3}
  ,                                       !- Floor Area {m2}
  ,                                       !- Zone Inside Convection Algorithm
  ,                                       !- Zone Outside Convection Algorithm
  ,                                       !- Zone Conditioning Equipment List Name
  {c309ebd4-204b-499c-8768-784775c6ce62}, !- Zone Air Inlet Port List
  {936c5250-3dd1-4343-bcdc-3163d588591f}, !- Zone Air Exhaust Port List
  {031bb2fd-4716-4d14-b7ba-3c587042da1a}, !- Zone Air Node Name
  {94ed1c45-b41d-409c-ad3d-3534dbae2264}, !- Zone Return Air Port List
  ,                                       !- Primary Daylighting Control Name
  ,                                       !- Fraction of Zone Controlled by Primary Daylighting Control
  ,                                       !- Secondary Daylighting Control Name
  ,                                       !- Fraction of Zone Controlled by Secondary Daylighting Control
  ,                                       !- Illuminance Map Name
  ,                                       !- Group Rendering Name
  ,                                       !- Thermostat Name
  No;                                     !- Use Ideal Air Loads

OS:Node,
  {74611286-566f-4cf9-ae06-9715c9d1dc11}, !- Handle
  Node 3,                                 !- Name
  {031bb2fd-4716-4d14-b7ba-3c587042da1a}, !- Inlet Port
  ;                                       !- Outlet Port

OS:Connection,
  {031bb2fd-4716-4d14-b7ba-3c587042da1a}, !- Handle
  {09922970-1ace-47de-ac80-dddbf1088b0b}, !- Source Object
  11,                                     !- Outlet Port
  {74611286-566f-4cf9-ae06-9715c9d1dc11}, !- Target Object
  2;                                      !- Inlet Port

OS:PortList,
  {c309ebd4-204b-499c-8768-784775c6ce62}, !- Handle
  {09922970-1ace-47de-ac80-dddbf1088b0b}; !- HVAC Component

OS:PortList,
  {936c5250-3dd1-4343-bcdc-3163d588591f}, !- Handle
  {09922970-1ace-47de-ac80-dddbf1088b0b}; !- HVAC Component

OS:PortList,
  {94ed1c45-b41d-409c-ad3d-3534dbae2264}, !- Handle
  {09922970-1ace-47de-ac80-dddbf1088b0b}; !- HVAC Component

OS:Sizing:Zone,
  {75b8d6e3-6b7f-4a88-956e-90522f5c0c3a}, !- Handle
  {09922970-1ace-47de-ac80-dddbf1088b0b}, !- Zone or ZoneList Name
  SupplyAirTemperature,                   !- Zone Cooling Design Supply Air Temperature Input Method
  14,                                     !- Zone Cooling Design Supply Air Temperature {C}
  11.11,                                  !- Zone Cooling Design Supply Air Temperature Difference {deltaC}
  SupplyAirTemperature,                   !- Zone Heating Design Supply Air Temperature Input Method
  40,                                     !- Zone Heating Design Supply Air Temperature {C}
  11.11,                                  !- Zone Heating Design Supply Air Temperature Difference {deltaC}
  0.0085,                                 !- Zone Cooling Design Supply Air Humidity Ratio {kg-H2O/kg-air}
  0.008,                                  !- Zone Heating Design Supply Air Humidity Ratio {kg-H2O/kg-air}
  ,                                       !- Zone Heating Sizing Factor
  ,                                       !- Zone Cooling Sizing Factor
  DesignDay,                              !- Cooling Design Air Flow Method
  ,                                       !- Cooling Design Air Flow Rate {m3/s}
  ,                                       !- Cooling Minimum Air Flow per Zone Floor Area {m3/s-m2}
  ,                                       !- Cooling Minimum Air Flow {m3/s}
  ,                                       !- Cooling Minimum Air Flow Fraction
  DesignDay,                              !- Heating Design Air Flow Method
  ,                                       !- Heating Design Air Flow Rate {m3/s}
  ,                                       !- Heating Maximum Air Flow per Zone Floor Area {m3/s-m2}
  ,                                       !- Heating Maximum Air Flow {m3/s}
  ,                                       !- Heating Maximum Air Flow Fraction
  No,                                     !- Account for Dedicated Outdoor Air System
  NeutralSupplyAir,                       !- Dedicated Outdoor Air System Control Strategy
  autosize,                               !- Dedicated Outdoor Air Low Setpoint Temperature for Design {C}
  autosize,                               !- Dedicated Outdoor Air High Setpoint Temperature for Design {C}
  Sensible Load Only No Latent Load,      !- Zone Load Sizing Method
  HumidityRatioDifference,                !- Zone Latent Cooling Design Supply Air Humidity Ratio Input Method
  ,                                       !- Zone Dehumidification Design Supply Air Humidity Ratio {kgWater/kgDryAir}
  0.005,                                  !- Zone Cooling Design Supply Air Humidity Ratio Difference {kgWater/kgDryAir}
  HumidityRatioDifference,                !- Zone Latent Heating Design Supply Air Humidity Ratio Input Method
  ,                                       !- Zone Humidification Design Supply Air Humidity Ratio {kgWater/kgDryAir}
  0.005,                                  !- Zone Humidification Design Supply Air Humidity Ratio Difference {kgWater/kgDryAir}
  ,                                       !- Zone Humidistat Dehumidification Set Point Schedule Name
  ,                                       !- Zone Humidistat Humidification Set Point Schedule Name
  ,                                       !- Design Zone Air Distribution Effectiveness in Cooling Mode
  ,                                       !- Design Zone Air Distribution Effectiveness in Heating Mode
  ,                                       !- Design Zone Secondary Recirculation Fraction {dimensionless}
  ,                                       !- Design Minimum Zone Ventilation Efficiency {dimensionless}
  Coincident;                             !- Sizing Option

OS:ZoneHVAC:EquipmentList,
  {116ef17d-7d50-493f-a09c-fc7a497acd10}, !- Handle
  Zone HVAC Equipment List 3,             !- Name
  {09922970-1ace-47de-ac80-dddbf1088b0b}; !- Thermal Zone

OS:AdditionalProperties,
  {203766aa-416f-4af8-82b4-71e885caf964}, !- Handle
  {09922970-1ace-47de-ac80-dddbf1088b0b}, !- Object Name
  ObjectType,                             !- Feature Name 1
  String,                                 !- Feature Data Type 1
  crawlspace - vented;                    !- Feature Value 1

OS:Space,
  {803da27a-aa12-46c6-bbfb-372aa2a43f28}, !- Handle
  crawlspace - vented 1,                  !- Name
  ,                                       !- Space Type Name
  ,                                       !- Default Construction Set Name
  ,                                       !- Default Schedule Set Name
  ,                                       !- Direction of Relative North {deg}
  ,                                       !- X Origin {m}
  ,                                       !- Y Origin {m}
  ,                                       !- Z Origin {m}
  ,                                       !- Building Story Name
  {09922970-1ace-47de-ac80-dddbf1088b0b}, !- Thermal Zone Name
  ,                                       !- Part of Total Floor Area
  ,                                       !- Design Specification Outdoor Air Object Name
  ,                                       !- Building Unit Name
  69.546175229952;                        !- Volume {m3}

OS:Material,
  {0922f81a-8f2a-4d07-b80c-40c00619ea33}, !- Handle
  rim joist stud and cavity,              !- Name
  Rough,                                  !- Roughness
  0.0508,                                 !- Thickness {m}
  0.178687637940209,                      !- Conductivity {W/m-K}
  50.32683,                               !- Density {kg/m3}
  1063.80987585548,                       !- Specific Heat {J/kg-K}
  0.9,                                    !- Thermal Absorptance
  0.6,                                    !- Solar Absorptance
  0.6;                                    !- Visible Absorptance

OS:Construction,
  {ef7b2fcb-b50a-421c-9e22-50fc672a2e92}, !- Handle
  RimJoist1 construction,                 !- Name
  ,                                       !- Surface Rendering Name
  {994f4818-844c-4871-85bc-a4968fbccb24}, !- Layer 1
  {0922f81a-8f2a-4d07-b80c-40c00619ea33}; !- Layer 2

OS:Surface,
  {469a5086-a376-40be-b0e7-97ec1ecc0bc3}, !- Handle
  RimJoist2,                              !- Name
  Wall,                                   !- Surface Type
  {2a603e62-4e5b-43f0-b963-51c27120f5fe}, !- Construction Name
  {803da27a-aa12-46c6-bbfb-372aa2a43f28}, !- Space Name
  Outdoors,                               !- Outside Boundary Condition
  ,                                       !- Outside Boundary Condition Object
  SunExposed,                             !- Sun Exposure
  WindExposed,                            !- Wind Exposure
  ,                                       !- View Factor to Ground
  ,                                       !- Number of Vertices
  -3.06047128606035, 46.5117246213736, 0.3048, !- X,Y,Z Vertex 1 {m}
  -3.06047128606035, 46.5117246213736, 0.6096, !- X,Y,Z Vertex 2 {m}
  -5.32907051820075e-14, 49.5721959074339, 0.6096, !- X,Y,Z Vertex 3 {m}
  -5.32907051820075e-14, 49.5721959074339, 0.3048; !- X,Y,Z Vertex 4 {m}

OS:AdditionalProperties,
  {a21bb25e-6b20-4247-af2b-88329d0478f1}, !- Handle
  {469a5086-a376-40be-b0e7-97ec1ecc0bc3}, !- Object Name
  Length,                                 !- Feature Name 1
  Double,                                 !- Feature Data Type 1
  14.199999999999999,                     !- Feature Value 1
  Azimuth,                                !- Feature Name 2
  Integer,                                !- Feature Data Type 2
  315,                                    !- Feature Value 2
  Tilt,                                   !- Feature Name 3
  Double,                                 !- Feature Data Type 3
  90,                                     !- Feature Value 3
  SurfaceType,                            !- Feature Name 4
  String,                                 !- Feature Data Type 4
  RimJoist;                               !- Feature Value 4

OS:Construction,
  {2a603e62-4e5b-43f0-b963-51c27120f5fe}, !- Handle
  RimJoist2 construction,                 !- Name
  ,                                       !- Surface Rendering Name
  {994f4818-844c-4871-85bc-a4968fbccb24}, !- Layer 1
  {0922f81a-8f2a-4d07-b80c-40c00619ea33}; !- Layer 2

OS:Surface,
  {63805cfc-a4c8-4fde-a1d9-4be87c399dfb}, !- Handle
  RimJoist3,                              !- Name
  Wall,                                   !- Surface Type
  {0d6bb2bd-8642-45de-b9e5-61e696173f1b}, !- Construction Name
  {803da27a-aa12-46c6-bbfb-372aa2a43f28}, !- Space Name
  Outdoors,                               !- Outside Boundary Condition
  ,                                       !- Outside Boundary Condition Object
  SunExposed,                             !- Sun Exposure
  WindExposed,                            !- Wind Exposure
  ,                                       !- View Factor to Ground
  ,                                       !- Number of Vertices
  44.054726546649, 5.51746936078491, 0.3048, !- X,Y,Z Vertex 1 {m}
  44.054726546649, 5.51746936078491, 0.6096, !- X,Y,Z Vertex 2 {m}
  49.5721959074339, 7.105427357601e-15, 0.6096, !- X,Y,Z Vertex 3 {m}
  49.5721959074339, 7.105427357601e-15, 0.3048; !- X,Y,Z Vertex 4 {m}

OS:AdditionalProperties,
  {f2f391de-b39f-4cb5-a5e4-f43afa7c4565}, !- Handle
  {63805cfc-a4c8-4fde-a1d9-4be87c399dfb}, !- Object Name
  Length,                                 !- Feature Name 1
  Double,                                 !- Feature Data Type 1
  25.600000000000001,                     !- Feature Value 1
  Azimuth,                                !- Feature Name 2
  Integer,                                !- Feature Data Type 2
  45,                                     !- Feature Value 2
  Tilt,                                   !- Feature Name 3
  Double,                                 !- Feature Data Type 3
  90,                                     !- Feature Value 3
  SurfaceType,                            !- Feature Name 4
  String,                                 !- Feature Data Type 4
  RimJoist;                               !- Feature Value 4

OS:Construction,
  {0d6bb2bd-8642-45de-b9e5-61e696173f1b}, !- Handle
  RimJoist3 construction,                 !- Name
  ,                                       !- Surface Rendering Name
  {994f4818-844c-4871-85bc-a4968fbccb24}, !- Layer 1
  {0922f81a-8f2a-4d07-b80c-40c00619ea33}; !- Layer 2

OS:Surface,
  {27c52641-b31c-4bb3-bf61-5da4735f452d}, !- Handle
  RimJoist4,                              !- Name
  Wall,                                   !- Surface Type
  {3bb714c9-8ca0-4077-96a4-d0888089f8da}, !- Construction Name
  {803da27a-aa12-46c6-bbfb-372aa2a43f28}, !- Space Name
  Outdoors,                               !- Outside Boundary Condition
  ,                                       !- Outside Boundary Condition Object
  SunExposed,                             !- Sun Exposure
  WindExposed,                            !- Wind Exposure
  ,                                       !- View Factor to Ground
  ,                                       !- Number of Vertices
  3.06047128606034, -46.5117246213736, 0.3048, !- X,Y,Z Vertex 1 {m}
  3.06047128606034, -46.5117246213736, 0.6096, !- X,Y,Z Vertex 2 {m}
  4.61852778244065e-14, -49.5721959074339, 0.6096, !- X,Y,Z Vertex 3 {m}
  4.61852778244065e-14, -49.5721959074339, 0.3048; !- X,Y,Z Vertex 4 {m}

OS:AdditionalProperties,
  {c92b289c-713f-4b9b-a199-3f8dbe9e0e1a}, !- Handle
  {27c52641-b31c-4bb3-bf61-5da4735f452d}, !- Object Name
  Length,                                 !- Feature Name 1
  Double,                                 !- Feature Data Type 1
  14.199999999999999,                     !- Feature Value 1
  Azimuth,                                !- Feature Name 2
  Integer,                                !- Feature Data Type 2
  135,                                    !- Feature Value 2
  Tilt,                                   !- Feature Name 3
  Double,                                 !- Feature Data Type 3
  90,                                     !- Feature Value 3
  SurfaceType,                            !- Feature Name 4
  String,                                 !- Feature Data Type 4
  RimJoist;                               !- Feature Value 4

OS:Construction,
  {3bb714c9-8ca0-4077-96a4-d0888089f8da}, !- Handle
  RimJoist4 construction,                 !- Name
  ,                                       !- Surface Rendering Name
  {994f4818-844c-4871-85bc-a4968fbccb24}, !- Layer 1
  {0922f81a-8f2a-4d07-b80c-40c00619ea33}; !- Layer 2

OS:Surface,
  {d799f5b0-c8df-47d6-bea8-52278b293d79}, !- Handle
  Floor1,                                 !- Name
  Floor,                                  !- Surface Type
  {a04ed4f9-7217-4174-a18b-49e5c0a08023}, !- Construction Name
  {d5015664-5053-4d4c-bbda-18682420aec3}, !- Space Name
  Surface,                                !- Outside Boundary Condition
  {70ccd876-e9b0-4c6b-ac81-577364c168b1}, !- Outside Boundary Condition Object
  NoSun,                                  !- Sun Exposure
  NoWind,                                 !- Wind Exposure
  ,                                       !- View Factor to Ground
  ,                                       !- Number of Vertices
  -5.34052743462666, 0, 0.3048,           !- X,Y,Z Vertex 1 {m}
  -8.88178419700125e-16, 5.34052743462666, 0.3048, !- X,Y,Z Vertex 2 {m}
  5.34052743462666, 0, 0.3048,            !- X,Y,Z Vertex 3 {m}
  8.88178419700125e-16, -5.34052743462666, 0.3048; !- X,Y,Z Vertex 4 {m}

OS:AdditionalProperties,
  {920f571d-a989-413d-b78c-e38b3985270d}, !- Handle
  {d799f5b0-c8df-47d6-bea8-52278b293d79}, !- Object Name
  SurfaceType,                            !- Feature Name 1
  String,                                 !- Feature Data Type 1
  Floor,                                  !- Feature Value 1
  Tilt,                                   !- Feature Name 2
  Double,                                 !- Feature Data Type 2
  0;                                      !- Feature Value 2

OS:Surface,
  {70ccd876-e9b0-4c6b-ac81-577364c168b1}, !- Handle
  Surface 1 Reversed,                     !- Name
  RoofCeiling,                            !- Surface Type
  {7aeb4673-64a7-49a4-b4b2-0236fe01bc2f}, !- Construction Name
  {803da27a-aa12-46c6-bbfb-372aa2a43f28}, !- Space Name
  Surface,                                !- Outside Boundary Condition
  {d799f5b0-c8df-47d6-bea8-52278b293d79}, !- Outside Boundary Condition Object
  NoSun,                                  !- Sun Exposure
  NoWind,                                 !- Wind Exposure
  ,                                       !- View Factor to Ground
  ,                                       !- Number of Vertices
  8.88178419700125e-16, -5.34052743462666, 0.3048, !- X,Y,Z Vertex 1 {m}
  5.34052743462666, 0, 0.3048,            !- X,Y,Z Vertex 2 {m}
  -8.88178419700125e-16, 5.34052743462666, 0.3048, !- X,Y,Z Vertex 3 {m}
  -5.34052743462666, 0, 0.3048;           !- X,Y,Z Vertex 4 {m}

OS:AdditionalProperties,
  {6082990c-733c-4bf9-9e89-235208570b0b}, !- Handle
  {70ccd876-e9b0-4c6b-ac81-577364c168b1}, !- Object Name
  SurfaceType,                            !- Feature Name 1
  String,                                 !- Feature Data Type 1
  Floor;                                  !- Feature Value 1

OS:Material,
  {fa97a500-cb99-4eac-90db-9f45e3caa87e}, !- Handle
  floor stud and cavity,                  !- Name
  Rough,                                  !- Roughness
  0.1397,                                 !- Thickness {m}
  0.92363688011841,                       !- Conductivity {W/m-K}
  92.3553,                                !- Density {kg/m3}
  1139.71374674761,                       !- Specific Heat {J/kg-K}
  0.9,                                    !- Thermal Absorptance
  0.7,                                    !- Solar Absorptance
  0.7;                                    !- Visible Absorptance

OS:Material,
  {67086eb9-2736-418e-bb93-b67757d6fcb2}, !- Handle
  osb sheathing 0.75 in.,                 !- Name
  Rough,                                  !- Roughness
  0.01905,                                !- Thickness {m}
  0.1154577,                              !- Conductivity {W/m-K}
  512.64,                                 !- Density {kg/m3}
  1214.23,                                !- Specific Heat {J/kg-K}
  0.9,                                    !- Thermal Absorptance
  0.7,                                    !- Solar Absorptance
  0.7;                                    !- Visible Absorptance

OS:Material,
  {4b95a08d-cf73-4263-9aef-9f9921acefce}, !- Handle
  floor covering,                         !- Name
  Rough,                                  !- Roughness
  0.0127,                                 !- Thickness {m}
  0.0433443509615385,                     !- Conductivity {W/m-K}
  54.468,                                 !- Density {kg/m3}
  1339.84,                                !- Specific Heat {J/kg-K}
  0.9,                                    !- Thermal Absorptance
  0.6,                                    !- Solar Absorptance
  0.6;                                    !- Visible Absorptance

OS:Construction,
  {a04ed4f9-7217-4174-a18b-49e5c0a08023}, !- Handle
  Floor1 construction,                    !- Name
  ,                                       !- Surface Rendering Name
  {fa97a500-cb99-4eac-90db-9f45e3caa87e}, !- Layer 1
  {67086eb9-2736-418e-bb93-b67757d6fcb2}, !- Layer 2
  {4b95a08d-cf73-4263-9aef-9f9921acefce}; !- Layer 3

OS:Construction,
  {7aeb4673-64a7-49a4-b4b2-0236fe01bc2f}, !- Handle
  Floor1 construction Reversed,           !- Name
  ,                                       !- Surface Rendering Name
  {4b95a08d-cf73-4263-9aef-9f9921acefce}, !- Layer 1
  {67086eb9-2736-418e-bb93-b67757d6fcb2}, !- Layer 2
  {fa97a500-cb99-4eac-90db-9f45e3caa87e}; !- Layer 3

OS:Surface,
  {9192d9f5-ed99-4aa7-b586-ef9d35fdc8e4}, !- Handle
  Floor2,                                 !- Name
  RoofCeiling,                            !- Surface Type
  {47e85953-4e68-4526-8027-c5e1098754f6}, !- Construction Name
  {d5015664-5053-4d4c-bbda-18682420aec3}, !- Space Name
  Surface,                                !- Outside Boundary Condition
  {dabf685f-1ada-4758-9050-7e9f91b0c5a4}, !- Outside Boundary Condition Object
  NoSun,                                  !- Sun Exposure
  NoWind,                                 !- Wind Exposure
  ,                                       !- View Factor to Ground
  ,                                       !- Number of Vertices
  8.88178419700125e-16, -5.34052743462666, 5.1816, !- X,Y,Z Vertex 1 {m}
  5.34052743462666, 0, 5.1816,            !- X,Y,Z Vertex 2 {m}
  -8.88178419700125e-16, 5.34052743462666, 5.1816, !- X,Y,Z Vertex 3 {m}
  -5.34052743462666, 0, 5.1816;           !- X,Y,Z Vertex 4 {m}

OS:AdditionalProperties,
  {c174b566-b804-420a-b015-fb43617caf06}, !- Handle
  {9192d9f5-ed99-4aa7-b586-ef9d35fdc8e4}, !- Object Name
  SurfaceType,                            !- Feature Name 1
  String,                                 !- Feature Data Type 1
  Ceiling,                                !- Feature Value 1
  Tilt,                                   !- Feature Name 2
  Double,                                 !- Feature Data Type 2
  0;                                      !- Feature Value 2

OS:Surface,
  {dabf685f-1ada-4758-9050-7e9f91b0c5a4}, !- Handle
  Surface 1 Reversed 1,                   !- Name
  Floor,                                  !- Surface Type
  {68c37c95-001d-400b-8a4d-f51abb41b5b6}, !- Construction Name
  {ac5c000a-2d0a-4cda-85f9-cb5310c0a54e}, !- Space Name
  Surface,                                !- Outside Boundary Condition
  {9192d9f5-ed99-4aa7-b586-ef9d35fdc8e4}, !- Outside Boundary Condition Object
  NoSun,                                  !- Sun Exposure
  NoWind,                                 !- Wind Exposure
  ,                                       !- View Factor to Ground
  ,                                       !- Number of Vertices
  -5.34052743462666, 0, 5.1816,           !- X,Y,Z Vertex 1 {m}
  -8.88178419700125e-16, 5.34052743462666, 5.1816, !- X,Y,Z Vertex 2 {m}
  5.34052743462666, 0, 5.1816,            !- X,Y,Z Vertex 3 {m}
  8.88178419700125e-16, -5.34052743462666, 5.1816; !- X,Y,Z Vertex 4 {m}

OS:AdditionalProperties,
  {3c7a2692-2c3f-4079-a9e6-615222cf42e9}, !- Handle
  {dabf685f-1ada-4758-9050-7e9f91b0c5a4}, !- Object Name
  SurfaceType,                            !- Feature Name 1
  String,                                 !- Feature Data Type 1
  Ceiling;                                !- Feature Value 1

OS:Material,
  {9d0d0409-532f-4f23-a120-d0fddf0a9d23}, !- Handle
  ceiling loosefill ins,                  !- Name
  Rough,                                  !- Roughness
  0.0846666666666667,                     !- Thickness {m}
  0.0480833333333333,                     !- Conductivity {W/m-K}
  16.02,                                  !- Density {kg/m3}
  1046.75,                                !- Specific Heat {J/kg-K}
  0.9,                                    !- Thermal Absorptance
  0.7,                                    !- Solar Absorptance
  0.7;                                    !- Visible Absorptance

OS:Material,
  {64315f90-0c5b-4d58-bea2-5916ad15c44e}, !- Handle
  ceiling stud and cavity,                !- Name
  Rough,                                  !- Roughness
  0.1397,                                 !- Thickness {m}
  0.0920384787563589,                     !- Conductivity {W/m-K}
  65.682,                                 !- Density {kg/m3}
  1177.46609756098,                       !- Specific Heat {J/kg-K}
  0.9,                                    !- Thermal Absorptance
  0.7,                                    !- Solar Absorptance
  0.7;                                    !- Visible Absorptance

OS:Construction,
  {47e85953-4e68-4526-8027-c5e1098754f6}, !- Handle
  Floor2 construction,                    !- Name
  ,                                       !- Surface Rendering Name
  {9d0d0409-532f-4f23-a120-d0fddf0a9d23}, !- Layer 1
  {64315f90-0c5b-4d58-bea2-5916ad15c44e}, !- Layer 2
  {72deddfe-f4bd-4a95-b34e-faaa64fcea35}; !- Layer 3

OS:Construction,
  {68c37c95-001d-400b-8a4d-f51abb41b5b6}, !- Handle
  Floor2 construction Reversed,           !- Name
  ,                                       !- Surface Rendering Name
  {72deddfe-f4bd-4a95-b34e-faaa64fcea35}, !- Layer 1
  {64315f90-0c5b-4d58-bea2-5916ad15c44e}, !- Layer 2
  {9d0d0409-532f-4f23-a120-d0fddf0a9d23}; !- Layer 3

OS:Surface,
  {3e4d00f9-e13e-4490-b6ad-a28a2b5f8333}, !- Handle
  FoundationWall1,                        !- Name
  Wall,                                   !- Surface Type
  {ec16f77d-f836-47bd-bd4e-f6a159bccbd0}, !- Construction Name
  {803da27a-aa12-46c6-bbfb-372aa2a43f28}, !- Space Name
  Foundation,                             !- Outside Boundary Condition
  {c7f533bd-2772-4820-a79a-299b01f8277e}, !- Outside Boundary Condition Object
  NoSun,                                  !- Sun Exposure
  NoWind,                                 !- Wind Exposure
  ,                                       !- View Factor to Ground
  ,                                       !- Number of Vertices
  -27.2867923173886, -22.2854035900453, -0.9144, !- X,Y,Z Vertex 1 {m}
  -27.2867923173886, -22.2854035900453, 0.3048, !- X,Y,Z Vertex 2 {m}
  -49.5721959074338, 2.8421709430404e-14, 0.3048, !- X,Y,Z Vertex 3 {m}
  -49.5721959074338, 2.8421709430404e-14, -0.9144; !- X,Y,Z Vertex 4 {m}

OS:AdditionalProperties,
  {6896b2e3-7a8d-43f4-aa20-7f958cfb265d}, !- Handle
  {3e4d00f9-e13e-4490-b6ad-a28a2b5f8333}, !- Object Name
  Length,                                 !- Feature Name 1
  Double,                                 !- Feature Data Type 1
  103.40000000000001,                     !- Feature Value 1
  Azimuth,                                !- Feature Name 2
  Integer,                                !- Feature Data Type 2
  225,                                    !- Feature Value 2
  Tilt,                                   !- Feature Name 3
  Double,                                 !- Feature Data Type 3
  90,                                     !- Feature Value 3
  SurfaceType,                            !- Feature Name 4
  String,                                 !- Feature Data Type 4
  FoundationWall;                         !- Feature Value 4

OS:Foundation:Kiva,
  {c7f533bd-2772-4820-a79a-299b01f8277e}, !- Handle
  Foundation Kiva 1,                      !- Name
  8.63880324557776,                       !- Initial Indoor Air Temperature {C}
  ,                                       !- Interior Horizontal Insulation Material Name
  ,                                       !- Interior Horizontal Insulation Depth {m}
  ,                                       !- Interior Horizontal Insulation Width {m}
  ,                                       !- Interior Vertical Insulation Material Name
  ,                                       !- Interior Vertical Insulation Depth {m}
  ,                                       !- Exterior Horizontal Insulation Material Name
  ,                                       !- Exterior Horizontal Insulation Depth {m}
  ,                                       !- Exterior Horizontal Insulation Width {m}
  ,                                       !- Exterior Vertical Insulation Material Name
  ,                                       !- Exterior Vertical Insulation Depth {m}
  0.3048,                                 !- Wall Height Above Grade {m}
  0.2032,                                 !- Wall Depth Below Slab {m}
  ,                                       !- Footing Wall Construction Name
  ,                                       !- Footing Material Name
  ;                                       !- Footing Depth {m}

OS:Foundation:Kiva:Settings,
  {8b2275a4-6503-4289-bd89-f36ff1c91eed}, !- Handle
  1.3848,                                 !- Soil Conductivity {W/m-K}
  1842.3,                                 !- Soil Density {kg/m3}
  418.7,                                  !- Soil Specific Heat {J/kg-K}
  0.9,                                    !- Ground Solar Absorptivity {dimensionless}
  0.9,                                    !- Ground Thermal Absorptivity {dimensionless}
  0.03,                                   !- Ground Surface Roughness {m}
  40,                                     !- Far-Field Width {m}
  ZeroFlux,                               !- Deep-Ground Boundary Condition
  40,                                     !- Deep-Ground Depth {m}
  0.2,                                    !- Minimum Cell Dimension {m}
  3,                                      !- Maximum Cell Growth Coefficient {dimensionless}
  Timestep;                               !- Simulation Timestep

OS:Material,
  {46ba2875-dd1d-498e-964f-98c1c7193915}, !- Handle
  concrete 8.0 in.,                       !- Name
  Rough,                                  !- Roughness
  0.2032,                                 !- Thickness {m}
  1.803125,                               !- Conductivity {W/m-K}
  2242.8,                                 !- Density {kg/m3}
  837.4,                                  !- Specific Heat {J/kg-K}
  0.9,                                    !- Thermal Absorptance
  0.7,                                    !- Solar Absorptance
  0.7;                                    !- Visible Absorptance

OS:Construction,
  {ec16f77d-f836-47bd-bd4e-f6a159bccbd0}, !- Handle
  FoundationWall1 construction,           !- Name
  ,                                       !- Surface Rendering Name
  {46ba2875-dd1d-498e-964f-98c1c7193915}; !- Layer 1

OS:Surface,
  {912e19d0-0e41-4a79-829e-ba5f19275aa9}, !- Handle
  Slab1,                                  !- Name
  Floor,                                  !- Surface Type
  {0e609d71-6504-4e15-95e7-82ceb4ff2365}, !- Construction Name
  {803da27a-aa12-46c6-bbfb-372aa2a43f28}, !- Space Name
  Foundation,                             !- Outside Boundary Condition
  {c7f533bd-2772-4820-a79a-299b01f8277e}, !- Outside Boundary Condition Object
  NoSun,                                  !- Sun Exposure
  NoWind,                                 !- Wind Exposure
  ,                                       !- View Factor to Ground
  ,                                       !- Number of Vertices
  -5.5713508975113, 1.58704679930996, -0.9144, !- X,Y,Z Vertex 1 {m}
  -1.58704679930997, 5.5713508975113, -0.9144, !- X,Y,Z Vertex 2 {m}
  5.5713508975113, -1.58704679930996, -0.9144, !- X,Y,Z Vertex 3 {m}
  1.58704679930997, -5.5713508975113, -0.9144; !- X,Y,Z Vertex 4 {m}

OS:AdditionalProperties,
  {32b6769f-9d4f-4bc4-9a77-f5abbd601965}, !- Handle
  {912e19d0-0e41-4a79-829e-ba5f19275aa9}, !- Object Name
  SurfaceType,                            !- Feature Name 1
  String,                                 !- Feature Data Type 1
  Slab;                                   !- Feature Value 1

OS:Material,
  {5836265c-fe47-4b97-ae14-4e7b662021a1}, !- Handle
  soil 0.5 in.,                           !- Name
  Rough,                                  !- Roughness
  0.0127,                                 !- Thickness {m}
  1.3848,                                 !- Conductivity {W/m-K}
  1842.3,                                 !- Density {kg/m3}
  418.7,                                  !- Specific Heat {J/kg-K}
  0.9,                                    !- Thermal Absorptance
  0.7,                                    !- Solar Absorptance
  0.7;                                    !- Visible Absorptance

OS:Construction,
  {0e609d71-6504-4e15-95e7-82ceb4ff2365}, !- Handle
  Slab1 construction,                     !- Name
  ,                                       !- Surface Rendering Name
  {5836265c-fe47-4b97-ae14-4e7b662021a1}; !- Layer 1

OS:SurfaceProperty:ExposedFoundationPerimeter,
  {6d371d7b-6736-41aa-a5c6-0224af86deab}, !- Handle
  {912e19d0-0e41-4a79-829e-ba5f19275aa9}, !- Surface Name
  TotalExposedPerimeter,                  !- Exposed Perimeter Calculation Method
  31.51632;                               !- Total Exposed Perimeter {m}

OS:Surface,
  {85fcea83-c2b2-42b0-baae-31ab3bf69508}, !- Handle
  surface Window1,                        !- Name
  Wall,                                   !- Surface Type
  {59ff180e-411b-4526-9a4b-06b78abce363}, !- Construction Name
  {d5015664-5053-4d4c-bbda-18682420aec3}, !- Space Name
  Outdoors,                               !- Outside Boundary Condition
  ,                                       !- Outside Boundary Condition Object
  SunExposed,                             !- Sun Exposure
  WindExposed,                            !- Wind Exposure
  ,                                       !- View Factor to Ground
  ,                                       !- Number of Vertices
  -11.3955536137144, -38.1766422937195, 0.304463348187712, !- X,Y,Z Vertex 1 {m}
  -11.3955536137144, -38.1766422937195, 1.49385665181229, !- X,Y,Z Vertex 2 {m}
  -15.8060262556505, -33.7661696517834, 1.49385665181229, !- X,Y,Z Vertex 3 {m}
  -15.8060262556505, -33.7661696517834, 0.304463348187712; !- X,Y,Z Vertex 4 {m}

OS:AdditionalProperties,
  {f05cee83-0255-48dd-8d4d-e126e78bb343}, !- Handle
  {85fcea83-c2b2-42b0-baae-31ab3bf69508}, !- Object Name
  Length,                                 !- Feature Name 1
  Double,                                 !- Feature Data Type 1
  20.46153846153846,                      !- Feature Value 1
  Azimuth,                                !- Feature Name 2
  Integer,                                !- Feature Data Type 2
  225,                                    !- Feature Value 2
  Tilt,                                   !- Feature Name 3
  Double,                                 !- Feature Data Type 3
  90,                                     !- Feature Value 3
  SurfaceType,                            !- Feature Name 4
  String,                                 !- Feature Data Type 4
  Window;                                 !- Feature Value 4

OS:SubSurface,
  {6fcdcaf2-ada9-4fd3-9038-3bf9c089eea1}, !- Handle
  Window1,                                !- Name
  FixedWindow,                            !- Sub Surface Type
  {454308a5-c1df-4018-ade3-fc5006e773cb}, !- Construction Name
  {85fcea83-c2b2-42b0-baae-31ab3bf69508}, !- Surface Name
  ,                                       !- Outside Boundary Condition Object
  ,                                       !- View Factor to Ground
  ,                                       !- Frame and Divider Name
  ,                                       !- Multiplier
  ,                                       !- Number of Vertices
  -11.3957916624938, -38.1764042449401, 0.3048, !- X,Y,Z Vertex 1 {m}
  -11.3957916624938, -38.1764042449401, 1.49352, !- X,Y,Z Vertex 2 {m}
  -15.8057882068711, -33.7664077005628, 1.49352, !- X,Y,Z Vertex 3 {m}
  -15.8057882068711, -33.7664077005628, 0.3048; !- X,Y,Z Vertex 4 {m}

OS:ShadingSurfaceGroup,
  {c93e95f1-f2e6-48f3-b5ec-775aaad7fc59}, !- Handle
  Window1 Shading Surfaces,               !- Name
  Space,                                  !- Shading Surface Type
  {d5015664-5053-4d4c-bbda-18682420aec3}, !- Space Name
  ,                                       !- Direction of Relative North {deg}
  ,                                       !- X Origin {m}
  ,                                       !- Y Origin {m}
  ,                                       !- Z Origin {m}
  {6fcdcaf2-ada9-4fd3-9038-3bf9c089eea1}; !- Shaded Object Name

OS:ShadingSurface,
  {965710fb-4f94-4477-943c-7b1167895fb7}, !- Handle
  Window1 overhangs,                      !- Name
  ,                                       !- Construction Name
  {c93e95f1-f2e6-48f3-b5ec-775aaad7fc59}, !- Shading Surface Group Name
  ,                                       !- Transmittance Schedule Name
  ,                                       !- Number of Vertices
  -9.45605634034279, -40.1161395670911, 4.23672, !- X,Y,Z Vertex 1 {m}
  -17.745523529022, -31.8266723784118, 4.23672, !- X,Y,Z Vertex 2 {m}
  -18.1765758228334, -32.2577246722232, 4.23672, !- X,Y,Z Vertex 3 {m}
  -9.88710863415419, -40.5471918609024, 4.23672; !- X,Y,Z Vertex 4 {m}

OS:WindowMaterial:SimpleGlazingSystem,
  {bc7f8173-0dbc-4707-b38d-98472e3fe56a}, !- Handle
  WindowMaterial,                         !- Name
  2.15764,                                !- U-Factor {W/m2-K}
  0.44;                                   !- Solar Heat Gain Coefficient

OS:Construction,
  {454308a5-c1df-4018-ade3-fc5006e773cb}, !- Handle
  WindowConstruction,                     !- Name
  ,                                       !- Surface Rendering Name
  {bc7f8173-0dbc-4707-b38d-98472e3fe56a}; !- Layer 1

OS:Schedule:Ruleset,
  {d9f13b1b-bd3b-4257-bf32-cfcfb434e70a}, !- Handle
  trans schedule winter=0.85 summer=0.7,  !- Name
  {8ae902a4-676e-40b0-a575-57e866ba82a1}, !- Schedule Type Limits Name
  {8d26dbef-5f58-4f93-965b-d0600a1251e3}; !- Default Day Schedule Name

OS:Schedule:Day,
  {8d26dbef-5f58-4f93-965b-d0600a1251e3}, !- Handle
  trans schedule winter=0.85 summer=0.7 default day, !- Name
  {8ae902a4-676e-40b0-a575-57e866ba82a1}, !- Schedule Type Limits Name
  ,                                       !- Interpolate to Timestep
  24,                                     !- Hour 1
  0,                                      !- Minute 1
  0;                                      !- Value Until Time 1

OS:ScheduleTypeLimits,
  {8ae902a4-676e-40b0-a575-57e866ba82a1}, !- Handle
  Fractional,                             !- Name
  0,                                      !- Lower Limit Value
  1,                                      !- Upper Limit Value
  Continuous;                             !- Numeric Type

OS:Schedule:Rule,
  {d5c23ca1-e967-4cde-b023-440f9c29ea56}, !- Handle
  trans schedule winter=0.85 summer=0.7 allday rule, !- Name
  {d9f13b1b-bd3b-4257-bf32-cfcfb434e70a}, !- Schedule Ruleset Name
  2,                                      !- Rule Order
  {33814500-1dae-4c29-a8da-b02b6ff1f75f}, !- Day Schedule Name
  Yes,                                    !- Apply Sunday
  Yes,                                    !- Apply Monday
  Yes,                                    !- Apply Tuesday
  Yes,                                    !- Apply Wednesday
  Yes,                                    !- Apply Thursday
  Yes,                                    !- Apply Friday
  Yes,                                    !- Apply Saturday
  DateRange,                              !- Date Specification Type
  1,                                      !- Start Month
  1,                                      !- Start Day
  5,                                      !- End Month
  31;                                     !- End Day

OS:Schedule:Day,
  {33814500-1dae-4c29-a8da-b02b6ff1f75f}, !- Handle
  trans schedule winter=0.85 summer=0.7 day, !- Name
  {8ae902a4-676e-40b0-a575-57e866ba82a1}, !- Schedule Type Limits Name
  ,                                       !- Interpolate to Timestep
  24,                                     !- Hour 1
  0,                                      !- Minute 1
  0.85;                                   !- Value Until Time 1

OS:Schedule:Rule,
  {b47f02a1-c65a-4860-b699-e3f0b8816a91}, !- Handle
  trans schedule winter=0.85 summer=0.7 allday rule 1, !- Name
  {d9f13b1b-bd3b-4257-bf32-cfcfb434e70a}, !- Schedule Ruleset Name
  1,                                      !- Rule Order
  {fd9c6483-487f-43e5-bdc1-58bffeb69617}, !- Day Schedule Name
  Yes,                                    !- Apply Sunday
  Yes,                                    !- Apply Monday
  Yes,                                    !- Apply Tuesday
  Yes,                                    !- Apply Wednesday
  Yes,                                    !- Apply Thursday
  Yes,                                    !- Apply Friday
  Yes,                                    !- Apply Saturday
  DateRange,                              !- Date Specification Type
  6,                                      !- Start Month
  1,                                      !- Start Day
  9,                                      !- End Month
  30;                                     !- End Day

OS:Schedule:Day,
  {fd9c6483-487f-43e5-bdc1-58bffeb69617}, !- Handle
  trans schedule winter=0.85 summer=0.7 day 1, !- Name
  {8ae902a4-676e-40b0-a575-57e866ba82a1}, !- Schedule Type Limits Name
  ,                                       !- Interpolate to Timestep
  24,                                     !- Hour 1
  0,                                      !- Minute 1
  0.7;                                    !- Value Until Time 1

OS:Schedule:Rule,
  {5bef2bbe-cff0-4f00-ad4e-cd54f769354f}, !- Handle
  trans schedule winter=0.85 summer=0.7 allday rule 2, !- Name
  {d9f13b1b-bd3b-4257-bf32-cfcfb434e70a}, !- Schedule Ruleset Name
  0,                                      !- Rule Order
  {f2202a79-06fb-4a8f-a89e-f87ad3c659a6}, !- Day Schedule Name
  Yes,                                    !- Apply Sunday
  Yes,                                    !- Apply Monday
  Yes,                                    !- Apply Tuesday
  Yes,                                    !- Apply Wednesday
  Yes,                                    !- Apply Thursday
  Yes,                                    !- Apply Friday
  Yes,                                    !- Apply Saturday
  DateRange,                              !- Date Specification Type
  10,                                     !- Start Month
  1,                                      !- Start Day
  12,                                     !- End Month
  31;                                     !- End Day

OS:Schedule:Day,
  {f2202a79-06fb-4a8f-a89e-f87ad3c659a6}, !- Handle
  trans schedule winter=0.85 summer=0.7 day 2, !- Name
  {8ae902a4-676e-40b0-a575-57e866ba82a1}, !- Schedule Type Limits Name
  ,                                       !- Interpolate to Timestep
  24,                                     !- Hour 1
  0,                                      !- Minute 1
  0.85;                                   !- Value Until Time 1

OS:SurfaceProperty:IncidentSolarMultiplier,
  {cc97c096-ef80-42c3-90fa-cba4d3431825}, !- Handle
  {6fcdcaf2-ada9-4fd3-9038-3bf9c089eea1}, !- Surface Name
  1,                                      !- Incident Solar Multiplier {dimensionless}
  {d9f13b1b-bd3b-4257-bf32-cfcfb434e70a}; !- Incident Solar Multiplier Schedule Name

OS:Surface,
  {68570744-2bc6-47b0-8ed8-c3bb9c349064}, !- Handle
  surface Window2,                        !- Name
  Wall,                                   !- Surface Type
  {59ff180e-411b-4526-9a4b-06b78abce363}, !- Construction Name
  {d5015664-5053-4d4c-bbda-18682420aec3}, !- Space Name
  Outdoors,                               !- Outside Boundary Condition
  ,                                       !- Outside Boundary Condition Object
  SunExposed,                             !- Sun Exposure
  WindExposed,                            !- Wind Exposure
  ,                                       !- View Factor to Ground
  ,                                       !- Number of Vertices
  -6.3286333735686, -43.2435625338653, 0.304463348187711, !- X,Y,Z Vertex 1 {m}
  -6.3286333735686, -43.2435625338653, 1.49385665181229, !- X,Y,Z Vertex 2 {m}
  -10.7391060155047, -38.8330898919292, 1.49385665181229, !- X,Y,Z Vertex 3 {m}
  -10.7391060155047, -38.8330898919292, 0.304463348187711; !- X,Y,Z Vertex 4 {m}

OS:AdditionalProperties,
  {9a721c6f-d9ad-4d47-b448-9f585438aae6}, !- Handle
  {68570744-2bc6-47b0-8ed8-c3bb9c349064}, !- Object Name
  Length,                                 !- Feature Name 1
  Double,                                 !- Feature Data Type 1
  20.461538461538449,                     !- Feature Value 1
  Azimuth,                                !- Feature Name 2
  Integer,                                !- Feature Data Type 2
  225,                                    !- Feature Value 2
  Tilt,                                   !- Feature Name 3
  Double,                                 !- Feature Data Type 3
  90,                                     !- Feature Value 3
  SurfaceType,                            !- Feature Name 4
  String,                                 !- Feature Data Type 4
  Window;                                 !- Feature Value 4

OS:SubSurface,
  {dc55e8a1-60bc-4514-8b74-ca084ee80965}, !- Handle
  Window2,                                !- Name
  FixedWindow,                            !- Sub Surface Type
  {663db950-c6d0-4ac8-8806-2aff433a04e8}, !- Construction Name
  {68570744-2bc6-47b0-8ed8-c3bb9c349064}, !- Surface Name
  ,                                       !- Outside Boundary Condition Object
  ,                                       !- View Factor to Ground
  ,                                       !- Frame and Divider Name
  ,                                       !- Multiplier
  ,                                       !- Number of Vertices
  -6.328871422348, -43.2433244850859, 0.3048, !- X,Y,Z Vertex 1 {m}
  -6.328871422348, -43.2433244850859, 1.49352, !- X,Y,Z Vertex 2 {m}
  -10.7388679667253, -38.8333279407086, 1.49352, !- X,Y,Z Vertex 3 {m}
  -10.7388679667253, -38.8333279407086, 0.3048; !- X,Y,Z Vertex 4 {m}

OS:ShadingSurfaceGroup,
  {2b284d61-1be8-4ffc-82b4-5da8ec3dee7a}, !- Handle
  Window2 Shading Surfaces,               !- Name
  Space,                                  !- Shading Surface Type
  {d5015664-5053-4d4c-bbda-18682420aec3}, !- Space Name
  ,                                       !- Direction of Relative North {deg}
  ,                                       !- X Origin {m}
  ,                                       !- Y Origin {m}
  ,                                       !- Z Origin {m}
  {dc55e8a1-60bc-4514-8b74-ca084ee80965}; !- Shaded Object Name

OS:ShadingSurface,
  {286eca5b-4353-4390-981e-8ea843b6913c}, !- Handle
  Window2 overhangs,                      !- Name
  ,                                       !- Construction Name
  {2b284d61-1be8-4ffc-82b4-5da8ec3dee7a}, !- Shading Surface Group Name
  ,                                       !- Transmittance Schedule Name
  ,                                       !- Number of Vertices
  -6.1133452754423, -43.4588506319916, 1.79832, !- X,Y,Z Vertex 1 {m}
  -10.954394113631, -38.6178017938029, 1.79832, !- X,Y,Z Vertex 2 {m}
  -11.3854464074423, -39.0488540876142, 1.79832, !- X,Y,Z Vertex 3 {m}
  -6.5443975692536, -43.8899029258029, 1.79832; !- X,Y,Z Vertex 4 {m}

OS:Construction,
  {663db950-c6d0-4ac8-8806-2aff433a04e8}, !- Handle
  WindowConstruction 1,                   !- Name
  ,                                       !- Surface Rendering Name
  {bc7f8173-0dbc-4707-b38d-98472e3fe56a}; !- Layer 1

OS:SurfaceProperty:IncidentSolarMultiplier,
  {fddc43ad-2726-42af-92ad-a39fd96119d7}, !- Handle
  {dc55e8a1-60bc-4514-8b74-ca084ee80965}, !- Surface Name
  1,                                      !- Incident Solar Multiplier {dimensionless}
  {d9f13b1b-bd3b-4257-bf32-cfcfb434e70a}; !- Incident Solar Multiplier Schedule Name

OS:Surface,
  {d7cb4f17-8ad4-419a-9b9d-4b707335f071}, !- Handle
  surface Window3,                        !- Name
  Wall,                                   !- Surface Type
  {59ff180e-411b-4526-9a4b-06b78abce363}, !- Construction Name
  {d5015664-5053-4d4c-bbda-18682420aec3}, !- Space Name
  Outdoors,                               !- Outside Boundary Condition
  ,                                       !- Outside Boundary Condition Object
  SunExposed,                             !- Sun Exposure
  WindExposed,                            !- Wind Exposure
  ,                                       !- View Factor to Ground
  ,                                       !- Number of Vertices
  -6.23035122832036, 43.3418446791134, 0.304269510350924, !- X,Y,Z Vertex 1 {m}
  -6.23035122832036, 43.3418446791134, 1.46357048964908, !- X,Y,Z Vertex 2 {m}
  -3.71701986900066, 45.8551760384333, 1.46357048964908, !- X,Y,Z Vertex 3 {m}
  -3.71701986900066, 45.8551760384333, 0.304269510350924; !- X,Y,Z Vertex 4 {m}

OS:AdditionalProperties,
  {f58921dd-df8c-49b0-b448-43be282d4d1b}, !- Handle
  {d7cb4f17-8ad4-419a-9b9d-4b707335f071}, !- Object Name
  Length,                                 !- Feature Name 1
  Double,                                 !- Feature Data Type 1
  11.657894736842103,                     !- Feature Value 1
  Azimuth,                                !- Feature Name 2
  Integer,                                !- Feature Data Type 2
  315,                                    !- Feature Value 2
  Tilt,                                   !- Feature Name 3
  Double,                                 !- Feature Data Type 3
  90,                                     !- Feature Value 3
  SurfaceType,                            !- Feature Name 4
  String,                                 !- Feature Data Type 4
  Window;                                 !- Feature Value 4

OS:SubSurface,
  {ffabb9ef-9423-4efa-8cb7-353fea0a2b58}, !- Handle
  Window3,                                !- Name
  FixedWindow,                            !- Sub Surface Type
  {30939c84-d81f-4aa4-8a13-e740992aefad}, !- Construction Name
  {d7cb4f17-8ad4-419a-9b9d-4b707335f071}, !- Surface Name
  ,                                       !- Outside Boundary Condition Object
  ,                                       !- View Factor to Ground
  ,                                       !- Frame and Divider Name
  ,                                       !- Multiplier
  ,                                       !- Number of Vertices
  -6.22997611549216, 43.3422197919418, 0.3048, !- X,Y,Z Vertex 1 {m}
  -6.22997611549216, 43.3422197919418, 1.46304, !- X,Y,Z Vertex 2 {m}
  -3.71739498182886, 45.854800925605, 1.46304, !- X,Y,Z Vertex 3 {m}
  -3.71739498182886, 45.854800925605, 0.3048; !- X,Y,Z Vertex 4 {m}

OS:ShadingSurfaceGroup,
  {acdd89c0-91cd-4d65-b8cf-e073c9dae144}, !- Handle
  Window3 Shading Surfaces,               !- Name
  Space,                                  !- Shading Surface Type
  {d5015664-5053-4d4c-bbda-18682420aec3}, !- Space Name
  ,                                       !- Direction of Relative North {deg}
  ,                                       !- X Origin {m}
  ,                                       !- Y Origin {m}
  ,                                       !- Z Origin {m}
  {ffabb9ef-9423-4efa-8cb7-353fea0a2b58}; !- Shaded Object Name

OS:ShadingSurface,
  {7b5ab9bb-401f-4de7-8c0a-245cf617fd07}, !- Handle
  Window3 overhangs,                      !- Name
  ,                                       !- Construction Name
  {acdd89c0-91cd-4d65-b8cf-e073c9dae144}, !- Shading Surface Group Name
  ,                                       !- Transmittance Schedule Name
  ,                                       !- Number of Vertices
  -8.16971143764316, 41.4024844697907, 4.20624, !- X,Y,Z Vertex 1 {m}
  -1.77765965967786, 47.794536247756, 4.20624, !- X,Y,Z Vertex 2 {m}
  -2.20871195348926, 48.2255885415673, 4.20624, !- X,Y,Z Vertex 3 {m}
  -8.60076373145446, 41.8335367636021, 4.20624; !- X,Y,Z Vertex 4 {m}

OS:Construction,
  {30939c84-d81f-4aa4-8a13-e740992aefad}, !- Handle
  WindowConstruction 2,                   !- Name
  ,                                       !- Surface Rendering Name
  {bc7f8173-0dbc-4707-b38d-98472e3fe56a}; !- Layer 1

OS:SurfaceProperty:IncidentSolarMultiplier,
  {f86cb500-e771-4e68-b432-e9788c0af2f0}, !- Handle
  {ffabb9ef-9423-4efa-8cb7-353fea0a2b58}, !- Surface Name
  1,                                      !- Incident Solar Multiplier {dimensionless}
  {d9f13b1b-bd3b-4257-bf32-cfcfb434e70a}; !- Incident Solar Multiplier Schedule Name

OS:Surface,
  {2b2769ff-47e4-40a9-bb53-a022d59b7551}, !- Handle
  surface Window4,                        !- Name
  Wall,                                   !- Surface Type
  {59ff180e-411b-4526-9a4b-06b78abce363}, !- Construction Name
  {d5015664-5053-4d4c-bbda-18682420aec3}, !- Space Name
  Outdoors,                               !- Outside Boundary Condition
  ,                                       !- Outside Boundary Condition Object
  SunExposed,                             !- Sun Exposure
  WindExposed,                            !- Wind Exposure
  ,                                       !- View Factor to Ground
  ,                                       !- Number of Vertices
  -9.39985605775216, 40.1723398496816, 0.304269510350924, !- X,Y,Z Vertex 1 {m}
  -9.39985605775216, 40.1723398496816, 1.46357048964908, !- X,Y,Z Vertex 2 {m}
  -6.88652469843246, 42.6856712090015, 1.46357048964908, !- X,Y,Z Vertex 3 {m}
  -6.88652469843246, 42.6856712090015, 0.304269510350924; !- X,Y,Z Vertex 4 {m}

OS:AdditionalProperties,
  {6e77ec68-5d21-4038-94ee-db977127ce24}, !- Handle
  {2b2769ff-47e4-40a9-bb53-a022d59b7551}, !- Object Name
  Length,                                 !- Feature Name 1
  Double,                                 !- Feature Data Type 1
  11.657894736842099,                     !- Feature Value 1
  Azimuth,                                !- Feature Name 2
  Integer,                                !- Feature Data Type 2
  315,                                    !- Feature Value 2
  Tilt,                                   !- Feature Name 3
  Double,                                 !- Feature Data Type 3
  90,                                     !- Feature Value 3
  SurfaceType,                            !- Feature Name 4
  String,                                 !- Feature Data Type 4
  Window;                                 !- Feature Value 4

OS:SubSurface,
  {38a1bc66-560e-449f-862f-9a0915744526}, !- Handle
  Window4,                                !- Name
  FixedWindow,                            !- Sub Surface Type
  {11a9fb06-d766-44e3-a3dd-f8e5f27ac558}, !- Construction Name
  {2b2769ff-47e4-40a9-bb53-a022d59b7551}, !- Surface Name
  ,                                       !- Outside Boundary Condition Object
  ,                                       !- View Factor to Ground
  ,                                       !- Frame and Divider Name
  ,                                       !- Multiplier
  ,                                       !- Number of Vertices
  -9.39948094492396, 40.1727149625099, 0.3048, !- X,Y,Z Vertex 1 {m}
  -9.39948094492396, 40.1727149625099, 1.46304, !- X,Y,Z Vertex 2 {m}
  -6.88689981126066, 42.6852960961732, 1.46304, !- X,Y,Z Vertex 3 {m}
  -6.88689981126066, 42.6852960961732, 0.3048; !- X,Y,Z Vertex 4 {m}

OS:ShadingSurfaceGroup,
  {de154897-b43e-4ad3-9013-e56a419008e2}, !- Handle
  Window4 Shading Surfaces,               !- Name
  Space,                                  !- Shading Surface Type
  {d5015664-5053-4d4c-bbda-18682420aec3}, !- Space Name
  ,                                       !- Direction of Relative North {deg}
  ,                                       !- X Origin {m}
  ,                                       !- Y Origin {m}
  ,                                       !- Z Origin {m}
  {38a1bc66-560e-449f-862f-9a0915744526}; !- Shaded Object Name

OS:ShadingSurface,
  {5ca1a782-3972-4329-9cec-8b69cb7a5d7c}, !- Handle
  Window4 overhangs,                      !- Name
  ,                                       !- Construction Name
  {de154897-b43e-4ad3-9013-e56a419008e2}, !- Shading Surface Group Name
  ,                                       !- Transmittance Schedule Name
  ,                                       !- Number of Vertices
  -9.61500709182966, 39.9571888156043, 1.76784, !- X,Y,Z Vertex 1 {m}
  -6.67137366435496, 42.9008222430789, 1.76784, !- X,Y,Z Vertex 2 {m}
  -7.10242595816626, 43.3318745368903, 1.76784, !- X,Y,Z Vertex 3 {m}
  -10.046059385641, 40.3882411094156, 1.76784; !- X,Y,Z Vertex 4 {m}

OS:Construction,
  {11a9fb06-d766-44e3-a3dd-f8e5f27ac558}, !- Handle
  WindowConstruction 3,                   !- Name
  ,                                       !- Surface Rendering Name
  {bc7f8173-0dbc-4707-b38d-98472e3fe56a}; !- Layer 1

OS:SurfaceProperty:IncidentSolarMultiplier,
  {381e8912-020c-426c-bbdf-fda870a4aaea}, !- Handle
  {38a1bc66-560e-449f-862f-9a0915744526}, !- Surface Name
  1,                                      !- Incident Solar Multiplier {dimensionless}
  {d9f13b1b-bd3b-4257-bf32-cfcfb434e70a}; !- Incident Solar Multiplier Schedule Name

OS:Surface,
  {f178e19f-7d28-4b1f-b3f1-abac47f9bf14}, !- Handle
  surface Window5,                        !- Name
  Wall,                                   !- Surface Type
  {59ff180e-411b-4526-9a4b-06b78abce363}, !- Construction Name
  {d5015664-5053-4d4c-bbda-18682420aec3}, !- Space Name
  Outdoors,                               !- Outside Boundary Condition
  ,                                       !- Outside Boundary Condition Object
  SunExposed,                             !- Sun Exposure
  WindExposed,                            !- Wind Exposure
  ,                                       !- View Factor to Ground
  ,                                       !- Number of Vertices
  33.1681986987216, 16.4039972087123, 0.304453105760148, !- X,Y,Z Vertex 1 {m}
  33.1681986987216, 16.4039972087123, 1.46338689423985, !- X,Y,Z Vertex 2 {m}
  37.4451817751253, 12.1270141323086, 1.46338689423985, !- X,Y,Z Vertex 3 {m}
  37.4451817751253, 12.1270141323086, 0.304453105760148; !- X,Y,Z Vertex 4 {m}

OS:AdditionalProperties,
  {26802a75-49a6-4172-9ea2-1d63b542a4cb}, !- Handle
  {f178e19f-7d28-4b1f-b3f1-abac47f9bf14}, !- Object Name
  Length,                                 !- Feature Name 1
  Double,                                 !- Feature Data Type 1
  19.842105263157894,                     !- Feature Value 1
  Azimuth,                                !- Feature Name 2
  Integer,                                !- Feature Data Type 2
  45,                                     !- Feature Value 2
  Tilt,                                   !- Feature Name 3
  Double,                                 !- Feature Data Type 3
  90,                                     !- Feature Value 3
  SurfaceType,                            !- Feature Name 4
  String,                                 !- Feature Data Type 4
  Window;                                 !- Feature Value 4

OS:SubSurface,
  {0a40f586-1489-4db7-90bd-c16501053069}, !- Handle
  Window5,                                !- Name
  FixedWindow,                            !- Sub Surface Type
  {295d536d-74d1-431b-951c-42f043e6c10b}, !- Construction Name
  {f178e19f-7d28-4b1f-b3f1-abac47f9bf14}, !- Surface Name
  ,                                       !- Outside Boundary Condition Object
  ,                                       !- View Factor to Ground
  ,                                       !- Frame and Divider Name
  ,                                       !- Multiplier
  ,                                       !- Number of Vertices
  33.168443989991, 16.4037519174429, 0.3048, !- X,Y,Z Vertex 1 {m}
  33.168443989991, 16.4037519174429, 1.46304, !- X,Y,Z Vertex 2 {m}
  37.4449364838559, 12.127259423578, 1.46304, !- X,Y,Z Vertex 3 {m}
  37.4449364838559, 12.127259423578, 0.3048; !- X,Y,Z Vertex 4 {m}

OS:ShadingSurfaceGroup,
  {f6e71250-3f08-429d-a599-b2f6c76d657e}, !- Handle
  Window5 Shading Surfaces,               !- Name
  Space,                                  !- Shading Surface Type
  {d5015664-5053-4d4c-bbda-18682420aec3}, !- Space Name
  ,                                       !- Direction of Relative North {deg}
  ,                                       !- X Origin {m}
  ,                                       !- Y Origin {m}
  ,                                       !- Z Origin {m}
  {0a40f586-1489-4db7-90bd-c16501053069}; !- Shaded Object Name

OS:ShadingSurface,
  {d797f822-3a6b-47f6-ae45-a558f1b57b69}, !- Handle
  Window5 overhangs,                      !- Name
  ,                                       !- Construction Name
  {f6e71250-3f08-429d-a599-b2f6c76d657e}, !- Shading Surface Group Name
  ,                                       !- Transmittance Schedule Name
  ,                                       !- Number of Vertices
  31.22870866784, 18.3434872395939, 4.20624, !- X,Y,Z Vertex 1 {m}
  39.3846718060068, 10.187524101427, 4.20624, !- X,Y,Z Vertex 2 {m}
  39.8157240998182, 10.6185763952384, 4.20624, !- X,Y,Z Vertex 3 {m}
  31.6597609616514, 18.7745395334052, 4.20624; !- X,Y,Z Vertex 4 {m}

OS:Construction,
  {295d536d-74d1-431b-951c-42f043e6c10b}, !- Handle
  WindowConstruction 4,                   !- Name
  ,                                       !- Surface Rendering Name
  {bc7f8173-0dbc-4707-b38d-98472e3fe56a}; !- Layer 1

OS:SurfaceProperty:IncidentSolarMultiplier,
  {d3b07f91-64c9-4065-bedf-27ff4b03b414}, !- Handle
  {0a40f586-1489-4db7-90bd-c16501053069}, !- Surface Name
  1,                                      !- Incident Solar Multiplier {dimensionless}
  {d9f13b1b-bd3b-4257-bf32-cfcfb434e70a}; !- Incident Solar Multiplier Schedule Name

OS:Surface,
  {78b46055-2852-4b05-be1e-b419100bc8ae}, !- Handle
  surface Window6,                        !- Name
  Wall,                                   !- Surface Type
  {59ff180e-411b-4526-9a4b-06b78abce363}, !- Construction Name
  {d5015664-5053-4d4c-bbda-18682420aec3}, !- Space Name
  Outdoors,                               !- Outside Boundary Condition
  ,                                       !- Outside Boundary Condition Object
  SunExposed,                             !- Sun Exposure
  WindExposed,                            !- Wind Exposure
  ,                                       !- View Factor to Ground
  ,                                       !- Number of Vertices
  27.6124498014976, 21.9597461059363, 0.304489687788215, !- X,Y,Z Vertex 1 {m}
  27.6124498014976, 21.9597461059363, 1.43287031221179, !- X,Y,Z Vertex 2 {m}
  32.5117397180917, 17.0604561893422, 1.43287031221179, !- X,Y,Z Vertex 3 {m}
  32.5117397180917, 17.0604561893422, 0.304489687788215; !- X,Y,Z Vertex 4 {m}

OS:AdditionalProperties,
  {09989496-f462-49ba-bd6a-2034ae8f492c}, !- Handle
  {78b46055-2852-4b05-be1e-b419100bc8ae}, !- Object Name
  Length,                                 !- Feature Name 1
  Double,                                 !- Feature Data Type 1
  22.729729729729716,                     !- Feature Value 1
  Azimuth,                                !- Feature Name 2
  Integer,                                !- Feature Data Type 2
  45,                                     !- Feature Value 2
  Tilt,                                   !- Feature Name 3
  Double,                                 !- Feature Data Type 3
  90,                                     !- Feature Value 3
  SurfaceType,                            !- Feature Name 4
  String,                                 !- Feature Data Type 4
  Window;                                 !- Feature Value 4

OS:SubSurface,
  {c9cdbd06-0bc9-47ea-b34e-be2ca3e5b020}, !- Handle
  Window6,                                !- Name
  FixedWindow,                            !- Sub Surface Type
  {4c4d3900-ac2b-4b54-9531-4baaf6c0d886}, !- Construction Name
  {78b46055-2852-4b05-be1e-b419100bc8ae}, !- Surface Name
  ,                                       !- Outside Boundary Condition Object
  ,                                       !- View Factor to Ground
  ,                                       !- Frame and Divider Name
  ,                                       !- Multiplier
  ,                                       !- Number of Vertices
  27.6126692253668, 21.9595266820671, 0.3048, !- X,Y,Z Vertex 1 {m}
  27.6126692253668, 21.9595266820671, 1.43256, !- X,Y,Z Vertex 2 {m}
  32.5115202942225, 17.0606756132114, 1.43256, !- X,Y,Z Vertex 3 {m}
  32.5115202942225, 17.0606756132114, 0.3048; !- X,Y,Z Vertex 4 {m}

OS:ShadingSurfaceGroup,
  {5338d5f1-dd5e-4c37-9b0c-924395ad60e0}, !- Handle
  Window6 Shading Surfaces,               !- Name
  Space,                                  !- Shading Surface Type
  {d5015664-5053-4d4c-bbda-18682420aec3}, !- Space Name
  ,                                       !- Direction of Relative North {deg}
  ,                                       !- X Origin {m}
  ,                                       !- Y Origin {m}
  ,                                       !- Z Origin {m}
  {c9cdbd06-0bc9-47ea-b34e-be2ca3e5b020}; !- Shaded Object Name

OS:ShadingSurface,
  {681f95e9-f128-4df6-9fd0-66d846b1d128}, !- Handle
  Window6 overhangs,                      !- Name
  ,                                       !- Construction Name
  {5338d5f1-dd5e-4c37-9b0c-924395ad60e0}, !- Shading Surface Group Name
  ,                                       !- Transmittance Schedule Name
  ,                                       !- Number of Vertices
  27.3971430784611, 22.1750528289727, 1.73736, !- X,Y,Z Vertex 1 {m}
  32.7270464411281, 16.8451494663058, 1.73736, !- X,Y,Z Vertex 2 {m}
  33.1580987349395, 17.2762017601171, 1.73736, !- X,Y,Z Vertex 3 {m}
  27.8281953722725, 22.6061051227841, 1.73736; !- X,Y,Z Vertex 4 {m}

OS:Construction,
  {4c4d3900-ac2b-4b54-9531-4baaf6c0d886}, !- Handle
  WindowConstruction 5,                   !- Name
  ,                                       !- Surface Rendering Name
  {bc7f8173-0dbc-4707-b38d-98472e3fe56a}; !- Layer 1

OS:SurfaceProperty:IncidentSolarMultiplier,
  {651da8ec-44c4-4025-921f-b176dfe9453c}, !- Handle
  {c9cdbd06-0bc9-47ea-b34e-be2ca3e5b020}, !- Surface Name
  1,                                      !- Incident Solar Multiplier {dimensionless}
  {d9f13b1b-bd3b-4257-bf32-cfcfb434e70a}; !- Incident Solar Multiplier Schedule Name

OS:Surface,
  {84daf95e-14d4-45a0-a714-4c8c9ec3bdc9}, !- Handle
  surface Window7,                        !- Name
  Wall,                                   !- Surface Type
  {59ff180e-411b-4526-9a4b-06b78abce363}, !- Construction Name
  {d5015664-5053-4d4c-bbda-18682420aec3}, !- Space Name
  Outdoors,                               !- Outside Boundary Condition
  ,                                       !- Outside Boundary Condition Object
  SunExposed,                             !- Sun Exposure
  WindExposed,                            !- Wind Exposure
  ,                                       !- View Factor to Ground
  ,                                       !- Number of Vertices
  6.23035122832036, -43.3418446791135, 0.304269510350924, !- X,Y,Z Vertex 1 {m}
  6.23035122832036, -43.3418446791135, 1.46357048964908, !- X,Y,Z Vertex 2 {m}
  3.71701986900066, -45.8551760384333, 1.46357048964908, !- X,Y,Z Vertex 3 {m}
  3.71701986900066, -45.8551760384333, 0.304269510350924; !- X,Y,Z Vertex 4 {m}

OS:AdditionalProperties,
  {d7a9c151-12ea-4203-8c35-dd0bb5733b46}, !- Handle
  {84daf95e-14d4-45a0-a714-4c8c9ec3bdc9}, !- Object Name
  Length,                                 !- Feature Name 1
  Double,                                 !- Feature Data Type 1
  11.657894736842103,                     !- Feature Value 1
  Azimuth,                                !- Feature Name 2
  Integer,                                !- Feature Data Type 2
  135,                                    !- Feature Value 2
  Tilt,                                   !- Feature Name 3
  Double,                                 !- Feature Data Type 3
  90,                                     !- Feature Value 3
  SurfaceType,                            !- Feature Name 4
  String,                                 !- Feature Data Type 4
  Window;                                 !- Feature Value 4

OS:SubSurface,
  {103d171f-445c-489e-81da-25bd71aca03c}, !- Handle
  Window7,                                !- Name
  FixedWindow,                            !- Sub Surface Type
  {8b31b717-df17-4e5f-b4b1-ad5322fafa70}, !- Construction Name
  {84daf95e-14d4-45a0-a714-4c8c9ec3bdc9}, !- Surface Name
  ,                                       !- Outside Boundary Condition Object
  ,                                       !- View Factor to Ground
  ,                                       !- Frame and Divider Name
  ,                                       !- Multiplier
  ,                                       !- Number of Vertices
  6.22997611549215, -43.3422197919418, 0.3048, !- X,Y,Z Vertex 1 {m}
  6.22997611549215, -43.3422197919418, 1.46304, !- X,Y,Z Vertex 2 {m}
  3.71739498182885, -45.854800925605, 1.46304, !- X,Y,Z Vertex 3 {m}
  3.71739498182885, -45.854800925605, 0.3048; !- X,Y,Z Vertex 4 {m}

OS:ShadingSurfaceGroup,
  {eb48875c-a007-43c6-a0e2-1d99bdc7937d}, !- Handle
  Window7 Shading Surfaces,               !- Name
  Space,                                  !- Shading Surface Type
  {d5015664-5053-4d4c-bbda-18682420aec3}, !- Space Name
  ,                                       !- Direction of Relative North {deg}
  ,                                       !- X Origin {m}
  ,                                       !- Y Origin {m}
  ,                                       !- Z Origin {m}
  {103d171f-445c-489e-81da-25bd71aca03c}; !- Shaded Object Name

OS:ShadingSurface,
  {10fb4f7c-5697-4f0d-9d5f-b324db55e7e4}, !- Handle
  Window7 overhangs,                      !- Name
  ,                                       !- Construction Name
  {eb48875c-a007-43c6-a0e2-1d99bdc7937d}, !- Shading Surface Group Name
  ,                                       !- Transmittance Schedule Name
  ,                                       !- Number of Vertices
  8.16971143764315, -41.4024844697907, 4.20624, !- X,Y,Z Vertex 1 {m}
  1.77765965967786, -47.7945362477561, 4.20624, !- X,Y,Z Vertex 2 {m}
  2.20871195348925, -48.2255885415673, 4.20624, !- X,Y,Z Vertex 3 {m}
  8.60076373145445, -41.8335367636021, 4.20624; !- X,Y,Z Vertex 4 {m}

OS:Construction,
  {8b31b717-df17-4e5f-b4b1-ad5322fafa70}, !- Handle
  WindowConstruction 6,                   !- Name
  ,                                       !- Surface Rendering Name
  {bc7f8173-0dbc-4707-b38d-98472e3fe56a}; !- Layer 1

OS:SurfaceProperty:IncidentSolarMultiplier,
  {627389f4-b55a-4840-9aa4-adad8b468514}, !- Handle
  {103d171f-445c-489e-81da-25bd71aca03c}, !- Surface Name
  1,                                      !- Incident Solar Multiplier {dimensionless}
  {d9f13b1b-bd3b-4257-bf32-cfcfb434e70a}; !- Incident Solar Multiplier Schedule Name

OS:Surface,
  {f15e0883-d53d-4add-a86e-fdc03076ef6e}, !- Handle
  surface Window8,                        !- Name
  Wall,                                   !- Surface Type
  {59ff180e-411b-4526-9a4b-06b78abce363}, !- Construction Name
  {d5015664-5053-4d4c-bbda-18682420aec3}, !- Space Name
  Outdoors,                               !- Outside Boundary Condition
  ,                                       !- Outside Boundary Condition Object
  SunExposed,                             !- Sun Exposure
  WindExposed,                            !- Wind Exposure
  ,                                       !- View Factor to Ground
  ,                                       !- Number of Vertices
  9.39985605775216, -40.1723398496817, 0.304269510350924, !- X,Y,Z Vertex 1 {m}
  9.39985605775216, -40.1723398496817, 1.46357048964908, !- X,Y,Z Vertex 2 {m}
  6.88652469843246, -42.6856712090015, 1.46357048964908, !- X,Y,Z Vertex 3 {m}
  6.88652469843246, -42.6856712090015, 0.304269510350924; !- X,Y,Z Vertex 4 {m}

OS:AdditionalProperties,
  {5c3865aa-11af-4b8b-9fb9-836b3c41dd26}, !- Handle
  {f15e0883-d53d-4add-a86e-fdc03076ef6e}, !- Object Name
  Length,                                 !- Feature Name 1
  Double,                                 !- Feature Data Type 1
  11.657894736842099,                     !- Feature Value 1
  Azimuth,                                !- Feature Name 2
  Integer,                                !- Feature Data Type 2
  135,                                    !- Feature Value 2
  Tilt,                                   !- Feature Name 3
  Double,                                 !- Feature Data Type 3
  90,                                     !- Feature Value 3
  SurfaceType,                            !- Feature Name 4
  String,                                 !- Feature Data Type 4
  Window;                                 !- Feature Value 4

OS:SubSurface,
  {775d6584-6101-4912-82e4-8877a95850af}, !- Handle
  Window8,                                !- Name
  FixedWindow,                            !- Sub Surface Type
  {968d288a-4058-4a21-84af-69f1293fe1c5}, !- Construction Name
  {f15e0883-d53d-4add-a86e-fdc03076ef6e}, !- Surface Name
  ,                                       !- Outside Boundary Condition Object
  ,                                       !- View Factor to Ground
  ,                                       !- Frame and Divider Name
  ,                                       !- Multiplier
  ,                                       !- Number of Vertices
  9.39948094492395, -40.1727149625099, 0.3048, !- X,Y,Z Vertex 1 {m}
  9.39948094492395, -40.1727149625099, 1.46304, !- X,Y,Z Vertex 2 {m}
  6.88689981126065, -42.6852960961732, 1.46304, !- X,Y,Z Vertex 3 {m}
  6.88689981126065, -42.6852960961732, 0.3048; !- X,Y,Z Vertex 4 {m}

OS:ShadingSurfaceGroup,
  {77fd0e76-f5ab-4d92-9089-9fa96f130dc1}, !- Handle
  Window8 Shading Surfaces,               !- Name
  Space,                                  !- Shading Surface Type
  {d5015664-5053-4d4c-bbda-18682420aec3}, !- Space Name
  ,                                       !- Direction of Relative North {deg}
  ,                                       !- X Origin {m}
  ,                                       !- Y Origin {m}
  ,                                       !- Z Origin {m}
  {775d6584-6101-4912-82e4-8877a95850af}; !- Shaded Object Name

OS:ShadingSurface,
  {3b008129-a2d1-42e4-bf8a-81ee5970372f}, !- Handle
  Window8 overhangs,                      !- Name
  ,                                       !- Construction Name
  {77fd0e76-f5ab-4d92-9089-9fa96f130dc1}, !- Shading Surface Group Name
  ,                                       !- Transmittance Schedule Name
  ,                                       !- Number of Vertices
  9.61500709182966, -39.9571888156043, 1.76784, !- X,Y,Z Vertex 1 {m}
  6.67137366435496, -42.9008222430789, 1.76784, !- X,Y,Z Vertex 2 {m}
  7.10242595816626, -43.3318745368903, 1.76784, !- X,Y,Z Vertex 3 {m}
  10.046059385641, -40.3882411094156, 1.76784; !- X,Y,Z Vertex 4 {m}

OS:Construction,
  {968d288a-4058-4a21-84af-69f1293fe1c5}, !- Handle
  WindowConstruction 7,                   !- Name
  ,                                       !- Surface Rendering Name
  {bc7f8173-0dbc-4707-b38d-98472e3fe56a}; !- Layer 1

OS:SurfaceProperty:IncidentSolarMultiplier,
  {bf0ca646-8f18-4b7b-bc12-a5034faf6d31}, !- Handle
  {775d6584-6101-4912-82e4-8877a95850af}, !- Surface Name
  1,                                      !- Incident Solar Multiplier {dimensionless}
  {d9f13b1b-bd3b-4257-bf32-cfcfb434e70a}; !- Incident Solar Multiplier Schedule Name

OS:Material,
  {f481f5bb-0837-47f1-84dc-d47cf7d2d8b5}, !- Handle
  wood siding 1,                          !- Name
  Rough,                                  !- Roughness
  0.0254,                                 !- Thickness {m}
  0.1024175,                              !- Conductivity {W/m-K}
  544.68,                                 !- Density {kg/m3}
  1172.36;                                !- Specific Heat {J/kg-K}

OS:Material,
  {86e6052e-3dbb-4bba-894d-70e8f168c114}, !- Handle
  wall rigid ins,                         !- Name
  Rough,                                  !- Roughness
  0.5129784,                              !- Thickness {m}
  0.029427,                               !- Conductivity {W/m-K}
  32.04,                                  !- Density {kg/m3}
  1214.23,                                !- Specific Heat {J/kg-K}
  0.9,                                    !- Thermal Absorptance
  0.7,                                    !- Solar Absorptance
  0.7;                                    !- Visible Absorptance

OS:Material,
  {98ad7443-5644-4cc3-9839-82c6656647bb}, !- Handle
  wall stud and cavity 2,                 !- Name
  Rough,                                  !- Roughness
  0.0889,                                 !- Thickness {m}
  0.380278417457636,                      !- Conductivity {W/m-K}
  52.34794524,                            !- Density {kg/m3}
  1209.88641434781,                       !- Specific Heat {J/kg-K}
  0.9,                                    !- Thermal Absorptance
  0.7,                                    !- Solar Absorptance
  0.7;                                    !- Visible Absorptance

OS:Construction,
  {59ff180e-411b-4526-9a4b-06b78abce363}, !- Handle
  AdiabaticWallConstruction,              !- Name
  ,                                       !- Surface Rendering Name
  {f481f5bb-0837-47f1-84dc-d47cf7d2d8b5}, !- Layer 1
  {86e6052e-3dbb-4bba-894d-70e8f168c114}, !- Layer 2
  {98ad7443-5644-4cc3-9839-82c6656647bb}, !- Layer 3
  {72deddfe-f4bd-4a95-b34e-faaa64fcea35}; !- Layer 4

OS:Surface,
  {aa113fab-40b5-4a6b-9ead-2ad8b984e3af}, !- Handle
  surface Door1,                          !- Name
  Wall,                                   !- Surface Type
  {ab2ac275-4721-4086-8195-e78cb6e98281}, !- Construction Name
  {d5015664-5053-4d4c-bbda-18682420aec3}, !- Space Name
  Outdoors,                               !- Outside Boundary Condition
  ,                                       !- Outside Boundary Condition Object
  SunExposed,                             !- Sun Exposure
  WindExposed,                            !- Wind Exposure
  ,                                       !- View Factor to Ground
  ,                                       !- Number of Vertices
  38.1012606631931, 11.4709352442408, 0.303952155732047, !- X,Y,Z Vertex 1 {m}
  38.1012606631931, 11.4709352442408, 2.33866384426795, !- X,Y,Z Vertex 2 {m}
  38.748715009116, 10.8234808983179, 2.33866384426795, !- X,Y,Z Vertex 3 {m}
  38.748715009116, 10.8234808983179, 0.303952155732047; !- X,Y,Z Vertex 4 {m}

OS:AdditionalProperties,
  {fb44cd22-9b24-4e9c-8d74-f8831f260cbe}, !- Handle
  {aa113fab-40b5-4a6b-9ead-2ad8b984e3af}, !- Object Name
  Length,                                 !- Feature Name 1
  Double,                                 !- Feature Data Type 1
  2.9985007496251876,                     !- Feature Value 1
  Azimuth,                                !- Feature Name 2
  Integer,                                !- Feature Data Type 2
  45,                                     !- Feature Value 2
  Tilt,                                   !- Feature Name 3
  Double,                                 !- Feature Data Type 3
  90,                                     !- Feature Value 3
  SurfaceType,                            !- Feature Name 4
  String,                                 !- Feature Data Type 4
  Door;                                   !- Feature Value 4

OS:SubSurface,
  {ce967a39-1e73-4fd1-8285-0a46582b80ad}, !- Handle
  Door1,                                  !- Name
  Door,                                   !- Sub Surface Type
  {cb2d8e6b-e7a2-47f0-a362-0fb92ed95663}, !- Construction Name
  {aa113fab-40b5-4a6b-9ead-2ad8b984e3af}, !- Surface Name
  ,                                       !- Outside Boundary Condition Object
  ,                                       !- View Factor to Ground
  ,                                       !- Frame and Divider Name
  ,                                       !- Multiplier
  ,                                       !- Number of Vertices
  38.1018601796243, 11.4703357278096, 0.3048, !- X,Y,Z Vertex 1 {m}
  38.1018601796243, 11.4703357278096, 2.337816, !- X,Y,Z Vertex 2 {m}
  38.7481154926848, 10.8240804147491, 2.337816, !- X,Y,Z Vertex 3 {m}
  38.7481154926848, 10.8240804147491, 0.3048; !- X,Y,Z Vertex 4 {m}

OS:Material,
  {a4c60081-0727-407f-b8f8-3d3ca5173745}, !- Handle
  door material,                          !- Name
  Rough,                                  !- Roughness
  0.04445,                                !- Thickness {m}
  0.0612266553480475,                     !- Conductivity {W/m-K}
  512.64,                                 !- Density {kg/m3}
  1214.23,                                !- Specific Heat {J/kg-K}
  0.9,                                    !- Thermal Absorptance
  0.7,                                    !- Solar Absorptance
  0.7;                                    !- Visible Absorptance

OS:Construction,
  {cb2d8e6b-e7a2-47f0-a362-0fb92ed95663}, !- Handle
  Door,                                   !- Name
  ,                                       !- Surface Rendering Name
  {a4c60081-0727-407f-b8f8-3d3ca5173745}; !- Layer 1

OS:Material,
  {3df59d14-12bb-4602-b05d-bdb30def0ef5}, !- Handle
  wood siding 2,                          !- Name
  Rough,                                  !- Roughness
  0.0254,                                 !- Thickness {m}
  0.1024175,                              !- Conductivity {W/m-K}
  544.68,                                 !- Density {kg/m3}
  1172.36;                                !- Specific Heat {J/kg-K}

OS:Construction,
  {ab2ac275-4721-4086-8195-e78cb6e98281}, !- Handle
  AdiabaticWallConstruction 1,            !- Name
  ,                                       !- Surface Rendering Name
  {3df59d14-12bb-4602-b05d-bdb30def0ef5}, !- Layer 1
  {86e6052e-3dbb-4bba-894d-70e8f168c114}, !- Layer 2
  {98ad7443-5644-4cc3-9839-82c6656647bb}, !- Layer 3
  {72deddfe-f4bd-4a95-b34e-faaa64fcea35}; !- Layer 4

OS:Surface,
  {5befc814-e149-4dfc-82c9-e58afd1db2bb}, !- Handle
  inferred conditioned floor,             !- Name
  Floor,                                  !- Surface Type
  {c7982d3f-22d9-4d83-a741-c80671668f0a}, !- Construction Name
  {d5015664-5053-4d4c-bbda-18682420aec3}, !- Space Name
  Adiabatic,                              !- Outside Boundary Condition
  ,                                       !- Outside Boundary Condition Object
  NoSun,                                  !- Sun Exposure
  NoWind,                                 !- Wind Exposure
  ,                                       !- View Factor to Ground
  ,                                       !- Number of Vertices
  -5.34052743462666, 0, 2.7432,           !- X,Y,Z Vertex 1 {m}
  -8.88178419700125e-16, 5.34052743462666, 2.7432, !- X,Y,Z Vertex 2 {m}
  5.34052743462666, 0, 2.7432,            !- X,Y,Z Vertex 3 {m}
  8.88178419700125e-16, -5.34052743462666, 2.7432; !- X,Y,Z Vertex 4 {m}

OS:AdditionalProperties,
  {a375b6d1-5390-426f-b452-6f830f3c9fb7}, !- Handle
  {5befc814-e149-4dfc-82c9-e58afd1db2bb}, !- Object Name
  SurfaceType,                            !- Feature Name 1
  String,                                 !- Feature Data Type 1
  InferredFloor,                          !- Feature Value 1
  Tilt,                                   !- Feature Name 2
  Double,                                 !- Feature Data Type 2
  0;                                      !- Feature Value 2

OS:Surface,
  {45aea44e-6bb5-4322-8956-eb57310e00a9}, !- Handle
  inferred conditioned ceiling,           !- Name
  RoofCeiling,                            !- Surface Type
  {c7982d3f-22d9-4d83-a741-c80671668f0a}, !- Construction Name
  {d5015664-5053-4d4c-bbda-18682420aec3}, !- Space Name
  Adiabatic,                              !- Outside Boundary Condition
  ,                                       !- Outside Boundary Condition Object
  NoSun,                                  !- Sun Exposure
  NoWind,                                 !- Wind Exposure
  ,                                       !- View Factor to Ground
  ,                                       !- Number of Vertices
  8.88178419700125e-16, -5.34052743462666, 2.7432, !- X,Y,Z Vertex 1 {m}
  5.34052743462666, 0, 2.7432,            !- X,Y,Z Vertex 2 {m}
  -8.88178419700125e-16, 5.34052743462666, 2.7432, !- X,Y,Z Vertex 3 {m}
  -5.34052743462666, 0, 2.7432;           !- X,Y,Z Vertex 4 {m}

OS:AdditionalProperties,
  {84fae0c6-7342-4bc9-8c6d-692a43a00a90}, !- Handle
  {45aea44e-6bb5-4322-8956-eb57310e00a9}, !- Object Name
  SurfaceType,                            !- Feature Name 1
  String,                                 !- Feature Data Type 1
  InferredCeiling,                        !- Feature Value 1
  Tilt,                                   !- Feature Name 2
  Double,                                 !- Feature Data Type 2
  0;                                      !- Feature Value 2

OS:Material,
  {9d1156ca-6836-41fa-ae46-d8e84249870b}, !- Handle
  floor stud and cavity 1,                !- Name
  Rough,                                  !- Roughness
  0.1397,                                 !- Thickness {m}
  1.75129287332205,                       !- Conductivity {W/m-K}
  37.004876748,                           !- Density {kg/m3}
  1207.88064650997,                       !- Specific Heat {J/kg-K}
  0.9,                                    !- Thermal Absorptance
  0.7,                                    !- Solar Absorptance
  0.7;                                    !- Visible Absorptance

OS:Material,
  {cbea843e-7e5c-42a0-93c0-e5ce84e25b19}, !- Handle
  floor rigid ins,                        !- Name
  Rough,                                  !- Roughness
  0.5129784,                              !- Thickness {m}
  0.029427,                               !- Conductivity {W/m-K}
  32.04,                                  !- Density {kg/m3}
  1214.23,                                !- Specific Heat {J/kg-K}
  0.9,                                    !- Thermal Absorptance
  0.7,                                    !- Solar Absorptance
  0.7;                                    !- Visible Absorptance

OS:Construction,
  {c7982d3f-22d9-4d83-a741-c80671668f0a}, !- Handle
  AdiabaticFloorConstruction,             !- Name
  ,                                       !- Surface Rendering Name
  {9d1156ca-6836-41fa-ae46-d8e84249870b}, !- Layer 1
  {cbea843e-7e5c-42a0-93c0-e5ce84e25b19}, !- Layer 2
  {67086eb9-2736-418e-bb93-b67757d6fcb2}, !- Layer 3
  {4b95a08d-cf73-4263-9aef-9f9921acefce}; !- Layer 4

OS:InternalMass:Definition,
  {1bb1fa5e-99d8-4e6f-be9c-a828b7af757b}, !- Handle
  partition wall mass,                    !- Name
  {ee4139ca-7bd6-4ff1-a9fc-ecd758c2c762}, !- Construction Name
  SurfaceArea,                            !- Design Level Calculation Method
  114.08493,                              !- Surface Area {m2}
  ,                                       !- Surface Area per Space Floor Area {dimensionless}
  ;                                       !- Surface Area per Person {m2/person}

OS:InternalMass,
  {144c71ad-4434-4d20-91a2-895fa5bc174d}, !- Handle
  partition wall mass,                    !- Name
  {1bb1fa5e-99d8-4e6f-be9c-a828b7af757b}, !- Internal Mass Definition Name
  {d5015664-5053-4d4c-bbda-18682420aec3}, !- Space or SpaceType Name
  1;                                      !- Multiplier

OS:Material,
  {2a4d10dd-f21a-4125-a42a-d6cf5f011e80}, !- Handle
  wall stud and cavity 3,                 !- Name
  Rough,                                  !- Roughness
  0.0889,                                 !- Thickness {m}
  0.391763531157105,                      !- Conductivity {W/m-K}
  83.034082224,                           !- Density {kg/m3}
  1211.67419087611,                       !- Specific Heat {J/kg-K}
  0.9,                                    !- Thermal Absorptance
  0.7,                                    !- Solar Absorptance
  0.7;                                    !- Visible Absorptance

OS:Construction,
  {ee4139ca-7bd6-4ff1-a9fc-ecd758c2c762}, !- Handle
  PartitionWallConstruction,              !- Name
  ,                                       !- Surface Rendering Name
  {72deddfe-f4bd-4a95-b34e-faaa64fcea35}, !- Layer 1
  {2a4d10dd-f21a-4125-a42a-d6cf5f011e80}, !- Layer 2
  {72deddfe-f4bd-4a95-b34e-faaa64fcea35}; !- Layer 3

OS:InternalMass:Definition,
  {c85a3bdf-4dad-400a-ba22-df53a81e217b}, !- Handle
  furniture mass conditioned space 1,     !- Name
  {60f80f68-4faa-453f-990b-e1c56854a20c}, !- Construction Name
  SurfaceArea,                            !- Design Level Calculation Method
  45.63397,                               !- Surface Area {m2}
  ,                                       !- Surface Area per Space Floor Area {dimensionless}
  ;                                       !- Surface Area per Person {m2/person}

OS:InternalMass,
  {7e7ff40b-2ce1-4034-80aa-40cebbd21d6b}, !- Handle
  furniture mass conditioned space 1,     !- Name
  {c85a3bdf-4dad-400a-ba22-df53a81e217b}, !- Internal Mass Definition Name
  {d5015664-5053-4d4c-bbda-18682420aec3}, !- Space or SpaceType Name
  1;                                      !- Multiplier

OS:Material,
  {e3645ccc-1e0f-4077-8ccc-f20544307a56}, !- Handle
  furniture material conditioned space 1, !- Name
  Rough,                                  !- Roughness
  0.1524,                                 !- Thickness {m}
  0.1154577,                              !- Conductivity {W/m-K}
  640.8,                                  !- Density {kg/m3}
  1214.23,                                !- Specific Heat {J/kg-K}
  0.9,                                    !- Thermal Absorptance
  0.6,                                    !- Solar Absorptance
  0.6;                                    !- Visible Absorptance

OS:Construction,
  {60f80f68-4faa-453f-990b-e1c56854a20c}, !- Handle
  furniture construction conditioned space 1, !- Name
  ,                                       !- Surface Rendering Name
  {e3645ccc-1e0f-4077-8ccc-f20544307a56}; !- Layer 1

OS:ShadingSurface,
  {b112caa5-1051-4208-b290-49e7998d72d6}, !- Handle
  Neighbor azimuth 135 distance 15.0,     !- Name
  ,                                       !- Construction Name
  {46cfb924-2423-481c-af72-279cf6440bda}, !- Shading Surface Group Name
  ,                                       !- Transmittance Schedule Name
  ,                                       !- Number of Vertices
  52.8050881110187, -3.23289220358494, 0, !- X,Y,Z Vertex 1 {m}
  52.8050881110187, -3.23289220358494, 5.1816, !- X,Y,Z Vertex 2 {m}
  3.23289220358494, -52.8050881110187, 5.1816, !- X,Y,Z Vertex 3 {m}
  3.23289220358494, -52.8050881110187, 0; !- X,Y,Z Vertex 4 {m}

OS:AdditionalProperties,
  {3602d153-fff0-4b3f-9c8a-0ca74c0f13f8}, !- Handle
  {b112caa5-1051-4208-b290-49e7998d72d6}, !- Object Name
  Azimuth,                                !- Feature Name 1
  Integer,                                !- Feature Data Type 1
  135,                                    !- Feature Value 1
  Distance,                               !- Feature Name 2
  Double,                                 !- Feature Data Type 2
  15;                                     !- Feature Value 2

OS:ShadingSurface,
  {75608af3-9b8e-4985-8795-031ceec77831}, !- Handle
  Neighbor azimuth 315 distance 15.0,     !- Name
  ,                                       !- Construction Name
  {46cfb924-2423-481c-af72-279cf6440bda}, !- Shading Surface Group Name
  ,                                       !- Transmittance Schedule Name
  ,                                       !- Number of Vertices
  -52.8050881110187, 3.23289220358493, 0, !- X,Y,Z Vertex 1 {m}
  -52.8050881110187, 3.23289220358493, 5.1816, !- X,Y,Z Vertex 2 {m}
  -3.23289220358495, 52.8050881110187, 5.1816, !- X,Y,Z Vertex 3 {m}
  -3.23289220358495, 52.8050881110187, 0; !- X,Y,Z Vertex 4 {m}

OS:AdditionalProperties,
  {5535a9a1-18c8-4826-8e0a-a1224320d5f2}, !- Handle
  {75608af3-9b8e-4985-8795-031ceec77831}, !- Object Name
  Azimuth,                                !- Feature Name 1
  Integer,                                !- Feature Data Type 1
  315,                                    !- Feature Value 1
  Distance,                               !- Feature Name 2
  Double,                                 !- Feature Data Type 2
  15;                                     !- Feature Value 2

OS:ShadingSurfaceGroup,
  {46cfb924-2423-481c-af72-279cf6440bda}, !- Handle
  neighbors,                              !- Name
  Building;                               !- Shading Surface Type

OS:Curve:Biquadratic,
  {1d7eb093-4ad5-4dfd-9bbd-de7d7b7aaa23}, !- Handle
  Cool-CAP-fT1,                           !- Name
  1.557359706,                            !- Coefficient1 Constant
  -0.0744481692,                          !- Coefficient2 x
  0.00309859668,                          !- Coefficient3 x**2
  0.0014595786,                           !- Coefficient4 y
  -4.1148e-05,                            !- Coefficient5 y**2
  -0.00042671448,                         !- Coefficient6 x*y
  -100,                                   !- Minimum Value of x
  100,                                    !- Maximum Value of x
  -100,                                   !- Minimum Value of y
  100;                                    !- Maximum Value of y

OS:Curve:Biquadratic,
  {226de5ed-d2c4-4705-b92f-e36ca838a0e0}, !- Handle
  Cool-EIR-fT1,                           !- Name
  -0.350447695,                           !- Coefficient1 Constant
  0.116809893,                            !- Coefficient2 x
  -0.00339950844,                         !- Coefficient3 x**2
  -0.001226088,                           !- Coefficient4 y
  0.0006008094,                           !- Coefficient5 y**2
  -0.000466884,                           !- Coefficient6 x*y
  -100,                                   !- Minimum Value of x
  100,                                    !- Maximum Value of x
  -100,                                   !- Minimum Value of y
  100;                                    !- Maximum Value of y

OS:Curve:Quadratic,
  {a3b238da-88aa-4a88-918f-3b8c49449717}, !- Handle
  Cool-CAP-fFF1,                          !- Name
  0.718664047,                            !- Coefficient1 Constant
  0.41797409,                             !- Coefficient2 x
  -0.136638137,                           !- Coefficient3 x**2
  0,                                      !- Minimum Value of x
  2,                                      !- Maximum Value of x
  0,                                      !- Minimum Curve Output
  2;                                      !- Maximum Curve Output

OS:Curve:Quadratic,
  {15aa0644-8425-4e58-b7eb-c4e61d602576}, !- Handle
  Cool-EIR-fFF1,                          !- Name
  1.143487507,                            !- Coefficient1 Constant
  -0.13943972,                            !- Coefficient2 x
  -0.004047787,                           !- Coefficient3 x**2
  0,                                      !- Minimum Value of x
  2,                                      !- Maximum Value of x
  0,                                      !- Minimum Curve Output
  2;                                      !- Maximum Curve Output

OS:Curve:Quadratic,
  {e3fbdeb3-4462-4bb2-a079-9e0b61844ec1}, !- Handle
  Cool-PLF-fPLR1,                         !- Name
  0.93,                                   !- Coefficient1 Constant
  0.07,                                   !- Coefficient2 x
  0,                                      !- Coefficient3 x**2
  0,                                      !- Minimum Value of x
  1,                                      !- Maximum Value of x
  0.7,                                    !- Minimum Curve Output
  1;                                      !- Maximum Curve Output

OS:Schedule:Constant,
  {54d0e4ea-1999-4647-afaf-0ed92fd593b9}, !- Handle
  Always On Discrete,                     !- Name
  {7cd8350d-df32-4471-88e8-0cae1b949dbe}, !- Schedule Type Limits Name
  1;                                      !- Value

OS:ScheduleTypeLimits,
  {7cd8350d-df32-4471-88e8-0cae1b949dbe}, !- Handle
  OnOff,                                  !- Name
  0,                                      !- Lower Limit Value
  1,                                      !- Upper Limit Value
  Discrete,                               !- Numeric Type
  Availability;                           !- Unit Type

OS:Coil:Cooling:DX:SingleSpeed,
  {c7d27ac4-83f7-4ceb-aa50-a8e8531f7775}, !- Handle
  central ac and furnace clg coil,        !- Name
  {54d0e4ea-1999-4647-afaf-0ed92fd593b9}, !- Availability Schedule Name
  12404.1458675606,                       !- Rated Total Cooling Capacity {W}
  0.730031800184905,                      !- Rated Sensible Heat Ratio
  3.7702,                                 !- Rated COP {W/W}
  0.63829350784398,                       !- Rated Air Flow Rate {m3/s}
  773.3,                                  !- Rated Evaporator Fan Power Per Volume Flow Rate 2017 {W/(m3/s)}
  934.4,                                  !- Rated Evaporator Fan Power Per Volume Flow Rate 2023 {W/(m3/s)}
  ,                                       !- Air Inlet Node Name
  ,                                       !- Air Outlet Node Name
  {1d7eb093-4ad5-4dfd-9bbd-de7d7b7aaa23}, !- Total Cooling Capacity Function of Temperature Curve Name
  {a3b238da-88aa-4a88-918f-3b8c49449717}, !- Total Cooling Capacity Function of Flow Fraction Curve Name
  {226de5ed-d2c4-4705-b92f-e36ca838a0e0}, !- Energy Input Ratio Function of Temperature Curve Name
  {15aa0644-8425-4e58-b7eb-c4e61d602576}, !- Energy Input Ratio Function of Flow Fraction Curve Name
  {e3fbdeb3-4462-4bb2-a079-9e0b61844ec1}, !- Part Load Fraction Correlation Curve Name
  -25,                                    !- Minimum Outdoor Dry-Bulb Temperature for Compressor Operation {C}
  1000,                                   !- Nominal Time for Condensate Removal to Begin {s}
  1.5,                                    !- Ratio of Initial Moisture Evaporation Rate and Steady State Latent Capacity {dimensionless}
  3,                                      !- Maximum Cycling Rate {cycles/hr}
  45,                                     !- Latent Capacity Time Constant {s}
  ,                                       !- Condenser Air Inlet Node Name
  AirCooled,                              !- Condenser Type
  0.9,                                    !- Evaporative Condenser Effectiveness {dimensionless}
  autosize,                               !- Evaporative Condenser Air Flow Rate {m3/s}
  autosize,                               !- Evaporative Condenser Pump Rated Power Consumption {W}
  50,                                     !- Crankcase Heater Capacity {W}
  ,                                       !- Crankcase Heater Capacity Function of Temperature Curve Name
  10,                                     !- Maximum Outdoor Dry-Bulb Temperature for Crankcase Heater Operation {C}
  ,                                       !- Supply Water Storage Tank Name
  ,                                       !- Condensate Collection Water Storage Tank Name
  0,                                      !- Basin Heater Capacity {W/K}
  2;                                      !- Basin Heater Setpoint Temperature {C}

OS:AdditionalProperties,
  {43bfb9f1-a61b-4106-ba82-ddd9415269b9}, !- Handle
  {c7d27ac4-83f7-4ceb-aa50-a8e8531f7775}, !- Object Name
  HPXML_ID,                               !- Feature Name 1
  String,                                 !- Feature Data Type 1
  CoolingSystem1;                         !- Feature Value 1

OS:Coil:Heating:Electric,
  {88380ee8-0dba-4d7b-9a82-1b744a4d764e}, !- Handle
  central ac and furnace htg coil,        !- Name
  {54d0e4ea-1999-4647-afaf-0ed92fd593b9}, !- Availability Schedule Name
  1,                                      !- Efficiency
  13832.3683699885,                       !- Nominal Capacity {W}
  ,                                       !- Air Inlet Node Name
  ;                                       !- Air Outlet Node Name

OS:AdditionalProperties,
  {cc09a8e6-1580-410b-ac3d-ecea8bef6942}, !- Handle
  {88380ee8-0dba-4d7b-9a82-1b744a4d764e}, !- Object Name
  HPXML_ID,                               !- Feature Name 1
  String,                                 !- Feature Data Type 1
  HeatingSystem1,                         !- Feature Value 1
  IsHeatPumpBackup,                       !- Feature Name 2
  Boolean,                                !- Feature Data Type 2
  false;                                  !- Feature Value 2

OS:Fan:SystemModel,
  {18b5bfd0-a196-4d4a-a1e3-6969e4b9936a}, !- Handle
  central ac and furnace supply fan,      !- Name
  {54d0e4ea-1999-4647-afaf-0ed92fd593b9}, !- Availability Schedule Name
  ,                                       !- Air Inlet Node Name
  ,                                       !- Air Outlet Node Name
  0.6475118920704,                        !- Design Maximum Air Flow Rate {m3/s}
  Discrete,                               !- Speed Control Method
  0.2,                                    !- Electric Power Minimum Flow Rate Fraction
  500,                                    !- Design Pressure Rise {Pa}
  1,                                      !- Motor Efficiency
  1,                                      !- Motor In Air Stream Fraction
  autosize,                               !- Design Electric Power Consumption {W}
  PowerPerFlow,                           !- Design Power Sizing Method
  794.580001233493,                       !- Electric Power Per Unit Flow Rate {W/(m3/s)}
  1.66667,                                !- Electric Power Per Unit Flow Rate Per Unit Pressure {W-s/m3-Pa}
  0.7,                                    !- Fan Total Efficiency
  ,                                       !- Electric Power Function of Flow Fraction Curve Name
  ,                                       !- Night Ventilation Mode Pressure Rise {Pa}
  ,                                       !- Night Ventilation Mode Flow Fraction
  ,                                       !- Motor Loss Zone Name
  0,                                      !- Motor Loss Radiative Fraction
  supply fan,                             !- End-Use Subcategory
  0.62755,                                !- Speed Flow Fraction 1
  0.24714,                                !- Speed Electric Power Fraction 1
  1,                                      !- Speed Flow Fraction 2
  1;                                      !- Speed Electric Power Fraction 2

OS:EnergyManagementSystem:Sensor,
  {6b1a12b6-e629-4279-8b88-4ab7fc6ee1f1}, !- Handle
  central_ac_and_furnace_supply_fan_s,    !- Name
  central ac and furnace supply fan,      !- Output Variable or Output Meter Index Key Name
  Fan Electricity Energy;                 !- Output Variable or Output Meter Name

OS:EnergyManagementSystem:Sensor,
  {4ea4bdb4-7e34-44bf-b58e-cb3624a3d96b}, !- Handle
  central_ac_and_furnace_clg_coil_s,      !- Name
  central ac and furnace clg coil,        !- Output Variable or Output Meter Index Key Name
  Cooling Coil Total Cooling Energy;      !- Output Variable or Output Meter Name

OS:EnergyManagementSystem:Program,
  {891998ac-31a0-479c-bcad-9806396ae255}, !- Handle
  central_ac_and_furnace_supply_fan_disaggregate_program, !- Name
  Set central_ac_and_furnace_supply_fan_clg = 0, !- Program Line 1
  If central_ac_and_furnace_clg_coil_s > 0, !- Program Line 2
  Set central_ac_and_furnace_supply_fan_clg = central_ac_and_furnace_supply_fan_s, !- Program Line 3
  EndIf;                                  !- Program Line 4

OS:EnergyManagementSystem:ProgramCallingManager,
  {5a19d1b4-8730-419e-adac-a5757210fc98}, !- Handle
  central_ac_and_furnace_supply_fan_disaggregate_program_calling_manager, !- Name
  EndOfSystemTimestepBeforeHVACReporting, !- EnergyPlus Model Calling Point
  {891998ac-31a0-479c-bcad-9806396ae255}; !- Program Name 1

OS:EnergyManagementSystem:OutputVariable,
  {11e04ddf-2788-48d4-b9f3-f1a6ee079839}, !- Handle
  central ac and furnace supply fan disaggregate clg, !- Name
  central_ac_and_furnace_supply_fan_clg,  !- EMS Variable Name
  Summed,                                 !- Type of Data in Variable
  SystemTimestep,                         !- Update Frequency
  {891998ac-31a0-479c-bcad-9806396ae255}, !- EMS Program or Subroutine Name
  J;                                      !- Units

OS:AdditionalProperties,
  {5b0989f5-2f91-4c44-8bce-c5bae7d32c14}, !- Handle
  {11e04ddf-2788-48d4-b9f3-f1a6ee079839}, !- Object Name
  HPXML_ID,                               !- Feature Name 1
  String,                                 !- Feature Data Type 1
  CoolingSystem1,                         !- Feature Value 1
  ObjectType,                             !- Feature Name 2
  String,                                 !- Feature Data Type 2
  disaggregate clg;                       !- Feature Value 2

OS:EnergyManagementSystem:Sensor,
  {c5447a8b-905a-487a-b6b3-05b1cd889b0e}, !- Handle
  central_ac_and_furnace_supply_fan_s_1,  !- Name
  central ac and furnace supply fan,      !- Output Variable or Output Meter Index Key Name
  Fan Electricity Energy;                 !- Output Variable or Output Meter Name

OS:EnergyManagementSystem:Sensor,
  {9cd6c116-629e-415e-8864-073cb275e5af}, !- Handle
  central_ac_and_furnace_htg_coil_s,      !- Name
  central ac and furnace htg coil,        !- Output Variable or Output Meter Index Key Name
  Heating Coil Heating Energy;            !- Output Variable or Output Meter Name

OS:EnergyManagementSystem:Program,
  {c5dab729-5b71-4f2c-b968-3da8d311f925}, !- Handle
  central_ac_and_furnace_supply_fan_disaggregate_program_1, !- Name
  Set central_ac_and_furnace_supply_fan_primary_htg = 0, !- Program Line 1
  If central_ac_and_furnace_htg_coil_s > 0, !- Program Line 2
  Set central_ac_and_furnace_supply_fan_primary_htg = central_ac_and_furnace_supply_fan_s_1, !- Program Line 3
  EndIf;                                  !- Program Line 4

OS:EnergyManagementSystem:ProgramCallingManager,
  {b59ef477-fff2-4a54-8e6c-382258ed0880}, !- Handle
  central_ac_and_furnace_supply_fan_disaggregate_program_calling_manager 1, !- Name
  EndOfSystemTimestepBeforeHVACReporting, !- EnergyPlus Model Calling Point
  {c5dab729-5b71-4f2c-b968-3da8d311f925}; !- Program Name 1

OS:EnergyManagementSystem:OutputVariable,
  {b4139f5a-08b9-4292-974c-1dac0646c8de}, !- Handle
  central ac and furnace supply fan disaggregate htg primary, !- Name
  central_ac_and_furnace_supply_fan_primary_htg, !- EMS Variable Name
  Summed,                                 !- Type of Data in Variable
  SystemTimestep,                         !- Update Frequency
  {c5dab729-5b71-4f2c-b968-3da8d311f925}, !- EMS Program or Subroutine Name
  J;                                      !- Units

OS:AdditionalProperties,
  {d41a9f5a-0d1c-4151-91bf-875329672716}, !- Handle
  {b4139f5a-08b9-4292-974c-1dac0646c8de}, !- Object Name
  HPXML_ID,                               !- Feature Name 1
  String,                                 !- Feature Data Type 1
  HeatingSystem1,                         !- Feature Value 1
  ObjectType,                             !- Feature Name 2
  String,                                 !- Feature Data Type 2
  disaggregate htg primary;               !- Feature Value 2

OS:Schedule:Constant,
  {642c5e03-a0d0-4c51-8517-7ca0aee547d6}, !- Handle
  central ac and furnace auto fan schedule, !- Name
  {7cd8350d-df32-4471-88e8-0cae1b949dbe}, !- Schedule Type Limits Name
  0;                                      !- Value

OS:AirLoopHVAC:UnitarySystem,
  {22a78a7e-d272-4db7-9254-74a634649766}, !- Handle
  central ac and furnace unitary system,  !- Name
  Load,                                   !- Control Type
  {da0badc6-3769-43ac-812f-4582a4988883}, !- Controlling Zone or Thermostat Location
  None,                                   !- Dehumidification Control Type
  {54d0e4ea-1999-4647-afaf-0ed92fd593b9}, !- Availability Schedule Name
  {237b82a9-b1fc-45d1-9cf5-23c53af1e3a3}, !- Air Inlet Node Name
  {02508812-7f72-4c37-961e-98b06e353afe}, !- Air Outlet Node Name
  {18b5bfd0-a196-4d4a-a1e3-6969e4b9936a}, !- Supply Fan Name
  BlowThrough,                            !- Fan Placement
  {642c5e03-a0d0-4c51-8517-7ca0aee547d6}, !- Supply Air Fan Operating Mode Schedule Name
  {88380ee8-0dba-4d7b-9a82-1b744a4d764e}, !- Heating Coil Name
  1,                                      !- DX Heating Coil Sizing Ratio
  {c7d27ac4-83f7-4ceb-aa50-a8e8531f7775}, !- Cooling Coil Name
  No,                                     !- Use DOAS DX Cooling Coil
  2,                                      !- DOAS DX Cooling Coil Leaving Minimum Air Temperature {C}
  SensibleOnlyLoadControl,                !- Latent Load Control
  ,                                       !- Supplemental Heating Coil Name
  SupplyAirFlowRate,                      !- Supply Air Flow Rate Method During Cooling Operation
  0.6475118920704,                        !- Supply Air Flow Rate During Cooling Operation {m3/s}
  ,                                       !- Supply Air Flow Rate Per Floor Area During Cooling Operation {m3/s-m2}
  ,                                       !- Fraction of Autosized Design Cooling Supply Air Flow Rate
  ,                                       !- Design Supply Air Flow Rate Per Unit of Capacity During Cooling Operation {m3/s-W}
  SupplyAirFlowRate,                      !- Supply Air Flow Rate Method During Heating Operation
  0.4063467485952,                        !- Supply Air Flow Rate During Heating Operation {m3/s}
  ,                                       !- Supply Air Flow Rate Per Floor Area during Heating Operation {m3/s-m2}
  ,                                       !- Fraction of Autosized Design Heating Supply Air Flow Rate
  ,                                       !- Design Supply Air Flow Rate Per Unit of Capacity During Heating Operation {m3/s-W}
  SupplyAirFlowRate,                      !- Supply Air Flow Rate Method When No Cooling or Heating is Required
  0,                                      !- Supply Air Flow Rate When No Cooling or Heating is Required {m3/s}
  ,                                       !- Supply Air Flow Rate Per Floor Area When No Cooling or Heating is Required {m3/s-m2}
  ,                                       !- Fraction of Autosized Design Cooling Supply Air Flow Rate When No Cooling or Heating is Required
  ,                                       !- Fraction of Autosized Design Heating Supply Air Flow Rate When No Cooling or Heating is Required
  ,                                       !- Design Supply Air Flow Rate Per Unit of Capacity During Cooling Operation When No Cooling or Heating is Required {m3/s-W}
  ,                                       !- Design Supply Air Flow Rate Per Unit of Capacity During Heating Operation When No Cooling or Heating is Required {m3/s-W}
  Yes,                                    !- No Load Supply Air Flow Rate Control Set To Low Speed
  48.8888888888889,                       !- Maximum Supply Air Temperature {C}
  21,                                     !- Maximum Outdoor Dry-Bulb Temperature for Supplemental Heater Operation {C}
  ,                                       !- Outdoor Dry-Bulb Temperature Sensor Node Name
  0,                                      !- Ancilliary On-Cycle Electric Power {W}
  0;                                      !- Ancilliary Off-Cycle Electric Power {W}

OS:AirLoopHVAC,
  {45561dd1-c231-496d-935b-56b9a603ab47}, !- Handle
  central ac and furnace airloop,         !- Name
  ,                                       !- Controller List Name
  {54d0e4ea-1999-4647-afaf-0ed92fd593b9}, !- Availability Schedule
  {f644b9e0-87af-4cf6-8cef-e3e3a8b52fa0}, !- Availability Manager List Name
  0.6475118920704,                        !- Design Supply Air Flow Rate {m3/s}
  1,                                      !- Design Return Air Flow Fraction of Supply Air Flow
  ,                                       !- Branch List Name
  ,                                       !- Connector List Name
  {4b391d7d-8b5b-423d-81eb-ac3e3baeb73b}, !- Supply Side Inlet Node Name
  {8dc68c8e-2577-4648-b263-233e84b42135}, !- Demand Side Outlet Node Name
  {1a414398-1a96-45e2-aee8-1258f557058d}, !- Demand Side Inlet Node A
  {f70d2f0f-c2ea-4bc1-b790-0523ea973b47}, !- Supply Side Outlet Node A
  ,                                       !- Demand Side Inlet Node B
  ,                                       !- Supply Side Outlet Node B
  ,                                       !- Return Air Bypass Flow Temperature Setpoint Schedule Name
  {b4a81fb5-9397-4373-873e-f18d99c8c040}, !- Demand Mixer Name
  {51bfc014-050a-4076-8587-e99525455a99}, !- Demand Splitter A Name
  ,                                       !- Demand Splitter B Name
  ;                                       !- Supply Splitter Name

OS:Node,
  {dfd7a82d-1e1f-45bb-b5f1-9cc30999c659}, !- Handle
  Node 4,                                 !- Name
  {4b391d7d-8b5b-423d-81eb-ac3e3baeb73b}, !- Inlet Port
  {237b82a9-b1fc-45d1-9cf5-23c53af1e3a3}; !- Outlet Port

OS:Node,
  {468e02c4-f0bf-467c-9610-8a71c6b23b89}, !- Handle
  Node 5,                                 !- Name
  {02508812-7f72-4c37-961e-98b06e353afe}, !- Inlet Port
  {f70d2f0f-c2ea-4bc1-b790-0523ea973b47}; !- Outlet Port

OS:Connection,
  {4b391d7d-8b5b-423d-81eb-ac3e3baeb73b}, !- Handle
  {45561dd1-c231-496d-935b-56b9a603ab47}, !- Source Object
  9,                                      !- Outlet Port
  {dfd7a82d-1e1f-45bb-b5f1-9cc30999c659}, !- Target Object
  2;                                      !- Inlet Port

OS:Connection,
  {f70d2f0f-c2ea-4bc1-b790-0523ea973b47}, !- Handle
  {468e02c4-f0bf-467c-9610-8a71c6b23b89}, !- Source Object
  3,                                      !- Outlet Port
  {45561dd1-c231-496d-935b-56b9a603ab47}, !- Target Object
  12;                                     !- Inlet Port

OS:Node,
  {26a423ef-b83c-448d-9970-faee82c668e8}, !- Handle
  Node 6,                                 !- Name
  {1a414398-1a96-45e2-aee8-1258f557058d}, !- Inlet Port
  {6212c625-18bd-4659-a76c-a63b803cf687}; !- Outlet Port

OS:Node,
  {25abcfc9-fe6c-4842-ac48-ca9c6afaa789}, !- Handle
  Node 7,                                 !- Name
  {9fbeb529-fe59-44cf-b499-4db499ff38a7}, !- Inlet Port
  {8dc68c8e-2577-4648-b263-233e84b42135}; !- Outlet Port

OS:Node,
  {5f99aa43-685f-443a-af38-0d9c01312797}, !- Handle
  Node 8,                                 !- Name
  {676f3523-478d-41a7-867c-5189e23426ef}, !- Inlet Port
  {1d1dadca-f985-401b-8637-7330245c1f10}; !- Outlet Port

OS:Connection,
  {1a414398-1a96-45e2-aee8-1258f557058d}, !- Handle
  {45561dd1-c231-496d-935b-56b9a603ab47}, !- Source Object
  11,                                     !- Outlet Port
  {26a423ef-b83c-448d-9970-faee82c668e8}, !- Target Object
  2;                                      !- Inlet Port

OS:Connection,
  {8dc68c8e-2577-4648-b263-233e84b42135}, !- Handle
  {25abcfc9-fe6c-4842-ac48-ca9c6afaa789}, !- Source Object
  3,                                      !- Outlet Port
  {45561dd1-c231-496d-935b-56b9a603ab47}, !- Target Object
  10;                                     !- Inlet Port

OS:AirLoopHVAC:ZoneSplitter,
  {51bfc014-050a-4076-8587-e99525455a99}, !- Handle
  central ac and furnace zone splitter,   !- Name
  {6212c625-18bd-4659-a76c-a63b803cf687}, !- Inlet Node Name
  {ad41783d-2b5a-4cf5-a5a1-9f5ef4ddcec7}; !- Outlet Node Name 1

OS:AirLoopHVAC:ZoneMixer,
  {b4a81fb5-9397-4373-873e-f18d99c8c040}, !- Handle
  central ac and furnace zone mixer,      !- Name
  {9fbeb529-fe59-44cf-b499-4db499ff38a7}, !- Outlet Node Name
  {0196de04-826d-4a29-b90a-f76a8d908bfd}; !- Inlet Node Name 1

OS:Connection,
  {6212c625-18bd-4659-a76c-a63b803cf687}, !- Handle
  {26a423ef-b83c-448d-9970-faee82c668e8}, !- Source Object
  3,                                      !- Outlet Port
  {51bfc014-050a-4076-8587-e99525455a99}, !- Target Object
  2;                                      !- Inlet Port

OS:Connection,
  {9fbeb529-fe59-44cf-b499-4db499ff38a7}, !- Handle
  {b4a81fb5-9397-4373-873e-f18d99c8c040}, !- Source Object
  2,                                      !- Outlet Port
  {25abcfc9-fe6c-4842-ac48-ca9c6afaa789}, !- Target Object
  2;                                      !- Inlet Port

OS:Sizing:System,
  {b425bb70-1471-44f3-b78c-68d00dc7ed46}, !- Handle
  {45561dd1-c231-496d-935b-56b9a603ab47}, !- AirLoop Name
  ,                                       !- Type of Load to Size On
  ,                                       !- Design Outdoor Air Flow Rate {m3/s}
  0.3,                                    !- Central Heating Maximum System Air Flow Ratio
  7,                                      !- Preheat Design Temperature {C}
  0.008,                                  !- Preheat Design Humidity Ratio {kg-H2O/kg-Air}
  12.8,                                   !- Precool Design Temperature {C}
  0.008,                                  !- Precool Design Humidity Ratio {kg-H2O/kg-Air}
  12.8,                                   !- Central Cooling Design Supply Air Temperature {C}
  16.7,                                   !- Central Heating Design Supply Air Temperature {C}
  ,                                       !- Sizing Option
  Yes,                                    !- 100% Outdoor Air in Cooling
  Yes,                                    !- 100% Outdoor Air in Heating
  0.0085,                                 !- Central Cooling Design Supply Air Humidity Ratio {kg-H2O/kg-Air}
  ,                                       !- Central Heating Design Supply Air Humidity Ratio {kg-H2O/kg-Air}
  ,                                       !- Cooling Design Air Flow Method
  ,                                       !- Cooling Design Air Flow Rate {m3/s}
  ,                                       !- Heating Design Air Flow Method
  ,                                       !- Heating Design Air Flow Rate {m3/s}
  ,                                       !- System Outdoor Air Method
  1,                                      !- Zone Maximum Outdoor Air Fraction {dimensionless}
  0.0099676501,                           !- Cooling Supply Air Flow Rate Per Floor Area {m3/s-m2}
  1,                                      !- Cooling Fraction of Autosized Cooling Supply Air Flow Rate
  3.9475456e-05,                          !- Cooling Supply Air Flow Rate Per Unit Cooling Capacity {m3/s-W}
  0.0099676501,                           !- Heating Supply Air Flow Rate Per Floor Area {m3/s-m2}
  1,                                      !- Heating Fraction of Autosized Heating Supply Air Flow Rate
  1,                                      !- Heating Fraction of Autosized Cooling Supply Air Flow Rate
  3.1588213e-05,                          !- Heating Supply Air Flow Rate Per Unit Heating Capacity {m3/s-W}
  CoolingDesignCapacity,                  !- Cooling Design Capacity Method
  autosize,                               !- Cooling Design Capacity {W}
  234.7,                                  !- Cooling Design Capacity Per Floor Area {W/m2}
  1,                                      !- Fraction of Autosized Cooling Design Capacity
  HeatingDesignCapacity,                  !- Heating Design Capacity Method
  autosize,                               !- Heating Design Capacity {W}
  157,                                    !- Heating Design Capacity Per Floor Area {W/m2}
  1,                                      !- Fraction of Autosized Heating Design Capacity
  OnOff,                                  !- Central Cooling Capacity Control Method
  autosize;                               !- Occupant Diversity

OS:AvailabilityManagerAssignmentList,
  {f644b9e0-87af-4cf6-8cef-e3e3a8b52fa0}, !- Handle
  Air Loop HVAC 1 AvailabilityManagerAssignmentList; !- Name

OS:Connection,
  {237b82a9-b1fc-45d1-9cf5-23c53af1e3a3}, !- Handle
  {dfd7a82d-1e1f-45bb-b5f1-9cc30999c659}, !- Source Object
  3,                                      !- Outlet Port
  {22a78a7e-d272-4db7-9254-74a634649766}, !- Target Object
  6;                                      !- Inlet Port

OS:Connection,
  {02508812-7f72-4c37-961e-98b06e353afe}, !- Handle
  {22a78a7e-d272-4db7-9254-74a634649766}, !- Source Object
  7,                                      !- Outlet Port
  {468e02c4-f0bf-467c-9610-8a71c6b23b89}, !- Target Object
  2;                                      !- Inlet Port

OS:AirTerminal:SingleDuct:ConstantVolume:NoReheat,
  {42a246ff-ce38-4048-b20a-4e5ef2b351c3}, !- Handle
  central ac and furnace terminal,        !- Name
  {54d0e4ea-1999-4647-afaf-0ed92fd593b9}, !- Availability Schedule Name
  {8ebf60c9-2c9f-4bbb-8dd8-ece15ff08128}, !- Air Inlet Node Name
  {676f3523-478d-41a7-867c-5189e23426ef}, !- Air Outlet Node Name
  0.6475118920704;                        !- Maximum Air Flow Rate {m3/s}

OS:Node,
  {a75c5bed-e62f-467b-8df8-2911b5472171}, !- Handle
  Node 9,                                 !- Name
  {33a184bb-56af-4e94-82b6-6bfc46067f25}, !- Inlet Port
  {c3aca2e8-783b-4d01-b0bc-6cba3f4560d5}; !- Outlet Port

OS:Connection,
  {1d1dadca-f985-401b-8637-7330245c1f10}, !- Handle
  {5f99aa43-685f-443a-af38-0d9c01312797}, !- Source Object
  3,                                      !- Outlet Port
  {29605ec8-e0cb-4bd3-af61-eaff72aa6605}, !- Target Object
  2;                                      !- Inlet Port

OS:Connection,
  {33a184bb-56af-4e94-82b6-6bfc46067f25}, !- Handle
  {1b12b389-d1d3-4346-93fd-9ea42bb3931d}, !- Source Object
  2,                                      !- Outlet Port
  {a75c5bed-e62f-467b-8df8-2911b5472171}, !- Target Object
  2;                                      !- Inlet Port

OS:Node,
  {b94a0e7c-425b-4c11-b441-a65887cf45cc}, !- Handle
  Node 10,                                !- Name
  {ad41783d-2b5a-4cf5-a5a1-9f5ef4ddcec7}, !- Inlet Port
  {8ebf60c9-2c9f-4bbb-8dd8-ece15ff08128}; !- Outlet Port

OS:Connection,
  {ad41783d-2b5a-4cf5-a5a1-9f5ef4ddcec7}, !- Handle
  {51bfc014-050a-4076-8587-e99525455a99}, !- Source Object
  3,                                      !- Outlet Port
  {b94a0e7c-425b-4c11-b441-a65887cf45cc}, !- Target Object
  2;                                      !- Inlet Port

OS:Connection,
  {8ebf60c9-2c9f-4bbb-8dd8-ece15ff08128}, !- Handle
  {b94a0e7c-425b-4c11-b441-a65887cf45cc}, !- Source Object
  3,                                      !- Outlet Port
  {42a246ff-ce38-4048-b20a-4e5ef2b351c3}, !- Target Object
  3;                                      !- Inlet Port

OS:Connection,
  {676f3523-478d-41a7-867c-5189e23426ef}, !- Handle
  {42a246ff-ce38-4048-b20a-4e5ef2b351c3}, !- Source Object
  4,                                      !- Outlet Port
  {5f99aa43-685f-443a-af38-0d9c01312797}, !- Target Object
  2;                                      !- Inlet Port

OS:Schedule:Constant,
  {f1e8ab74-6326-45bc-ac0c-edca59a9125d}, !- Handle
  Sequential Fraction Schedule,           !- Name
  {8ae902a4-676e-40b0-a575-57e866ba82a1}, !- Schedule Type Limits Name
  1;                                      !- Value

OS:Schedule:Constant,
  {36f546b4-06aa-47b3-b610-b3e4aa0054cf}, !- Handle
  Sequential Fraction Schedule 1,         !- Name
  {8ae902a4-676e-40b0-a575-57e866ba82a1}, !- Schedule Type Limits Name
  1;                                      !- Value

OS:Schedule:File,
  {de4a7fb1-7769-4f4f-9151-6c268a3a3660}, !- Handle
  ceiling_fan,                            !- Name
  {8ae902a4-676e-40b0-a575-57e866ba82a1}, !- Schedule Type Limits Name
  {65071d6d-3b75-469a-b36d-cc88172bb03a}, !- External File Name
  4,                                      !- Column Number
  1,                                      !- Rows to Skip at Top
  8760,                                   !- Number of Hours of Data
  ,                                       !- Column Separator
  Yes,                                    !- Interpolate to Timestep
  15,                                     !- Minutes per Item
  ,                                       !- Adjust Schedule for Daylight Savings
  Yes;                                    !- Translate File With Relative Path

OS:External:File,
  {65071d6d-3b75-469a-b36d-cc88172bb03a}, !- Handle
  External File 1,                        !- Name
  in.schedules.csv;                       !- File Name

OS:ElectricEquipment:Definition,
  {2190b8fc-9ef0-4649-809c-9aa4b03d861e}, !- Handle
  ceiling fan,                            !- Name
  EquipmentLevel,                         !- Design Level Calculation Method
  18.158890626738,                        !- Design Level {W}
  ,                                       !- Watts per Space Floor Area {W/m2}
  ,                                       !- Watts per Person {W/person}
  0,                                      !- Fraction Latent
  0.558,                                  !- Fraction Radiant
  0;                                      !- Fraction Lost

OS:ElectricEquipment,
  {9b75bbf9-c75e-4fb5-aa5a-0b2f8feb4ce7}, !- Handle
  ceiling fan,                            !- Name
  {2190b8fc-9ef0-4649-809c-9aa4b03d861e}, !- Electric Equipment Definition Name
  {d5015664-5053-4d4c-bbda-18682420aec3}, !- Space or SpaceType Name
  {de4a7fb1-7769-4f4f-9151-6c268a3a3660}, !- Schedule Name
  ,                                       !- Multiplier
  ceiling fan;                            !- End-Use Subcategory

OS:PlantLoop,
  {823c26d6-b06f-4612-9855-314b6b8d85b7}, !- Handle
  dhw loop,                               !- Name
  Water,                                  !- Fluid Type
  0,                                      !- Glycol Concentration
  ,                                       !- User Defined Fluid Type
  ,                                       !- Plant Equipment Operation Heating Load
  ,                                       !- Plant Equipment Operation Cooling Load
  ,                                       !- Primary Plant Equipment Operation Scheme
  {8a91613b-0045-483d-80f8-8978ec71b49c}, !- Loop Temperature Setpoint Node Name
  ,                                       !- Maximum Loop Temperature {C}
  ,                                       !- Minimum Loop Temperature {C}
  0.01,                                   !- Maximum Loop Flow Rate {m3/s}
  ,                                       !- Minimum Loop Flow Rate {m3/s}
  0.003,                                  !- Plant Loop Volume {m3}
  {dec6a854-8dc9-4dc7-b32f-636949a8deb0}, !- Plant Side Inlet Node Name
  {6d94fd50-0342-4ece-a057-7d22d8c112c8}, !- Plant Side Outlet Node Name
  ,                                       !- Plant Side Branch List Name
  {114165c9-c959-4915-8a49-501b0c86129c}, !- Demand Side Inlet Node Name
  {63f196b4-30a4-43d8-9d12-e4b4f2ecf65d}, !- Demand Side Outlet Node Name
  ,                                       !- Demand Side Branch List Name
  ,                                       !- Demand Side Connector List Name
  Optimal,                                !- Load Distribution Scheme
  {e64dddb4-f165-4b01-9d2d-5c68e37c0ce9}, !- Availability Manager List Name
  ,                                       !- Plant Loop Demand Calculation Scheme
  ,                                       !- Common Pipe Simulation
  ,                                       !- Pressure Simulation Type
  ,                                       !- Plant Equipment Operation Heating Load Schedule
  ,                                       !- Plant Equipment Operation Cooling Load Schedule
  ,                                       !- Primary Plant Equipment Operation Scheme Schedule
  ,                                       !- Component Setpoint Operation Scheme Schedule
  {3a55af08-dd7a-494c-972f-647c9d6fcb87}, !- Demand Mixer Name
  {bc685e85-aab8-4e70-a1f2-0bef4356d621}, !- Demand Splitter Name
  {96cbd21e-a430-4904-b85b-838a808649ad}, !- Supply Mixer Name
  {c2ac9fd5-df83-4d7c-84ef-0c2fa156136f}; !- Supply Splitter Name

OS:Node,
  {d940d4f5-0bf0-4c4c-945c-d83d19b78f0d}, !- Handle
  Node 11,                                !- Name
  {dec6a854-8dc9-4dc7-b32f-636949a8deb0}, !- Inlet Port
  {9874304a-f9be-43e8-a2d9-4ba3f87ed07c}; !- Outlet Port

OS:Node,
  {8a91613b-0045-483d-80f8-8978ec71b49c}, !- Handle
  Node 12,                                !- Name
  {77345d5f-bacd-40ea-8127-4a9bfd133b11}, !- Inlet Port
  {6d94fd50-0342-4ece-a057-7d22d8c112c8}; !- Outlet Port

OS:Node,
  {54306c1d-1488-45bd-958b-50b84c1f2feb}, !- Handle
  Node 13,                                !- Name
  {b68e314f-7a64-4f1a-bb60-8491c5395584}, !- Inlet Port
  {40a13d71-2fbf-4427-a8d0-3deceece0a5b}; !- Outlet Port

OS:Connector:Mixer,
  {96cbd21e-a430-4904-b85b-838a808649ad}, !- Handle
  Connector Mixer 1,                      !- Name
  {d7e789b3-c2d0-4fdb-b8f0-865ac121574f}, !- Outlet Branch Name
  {77e2117d-fbcf-4817-80a0-36878f915dd2}, !- Inlet Branch Name 1
  {d23a98dc-f070-4289-8dea-b37c8414cf7c}; !- Inlet Branch Name 2

OS:Connector:Splitter,
  {c2ac9fd5-df83-4d7c-84ef-0c2fa156136f}, !- Handle
  Connector Splitter 1,                   !- Name
  {256e4774-27f9-48cc-8b80-184f727de7a8}, !- Inlet Branch Name
  {b68e314f-7a64-4f1a-bb60-8491c5395584}, !- Outlet Branch Name 1
  {24dd9496-e53a-45cb-8d53-3b37f7ef7934}; !- Outlet Branch Name 2

OS:Connection,
  {dec6a854-8dc9-4dc7-b32f-636949a8deb0}, !- Handle
  {823c26d6-b06f-4612-9855-314b6b8d85b7}, !- Source Object
  14,                                     !- Outlet Port
  {d940d4f5-0bf0-4c4c-945c-d83d19b78f0d}, !- Target Object
  2;                                      !- Inlet Port

OS:Connection,
  {b68e314f-7a64-4f1a-bb60-8491c5395584}, !- Handle
  {c2ac9fd5-df83-4d7c-84ef-0c2fa156136f}, !- Source Object
  3,                                      !- Outlet Port
  {54306c1d-1488-45bd-958b-50b84c1f2feb}, !- Target Object
  2;                                      !- Inlet Port

OS:Connection,
  {6d94fd50-0342-4ece-a057-7d22d8c112c8}, !- Handle
  {8a91613b-0045-483d-80f8-8978ec71b49c}, !- Source Object
  3,                                      !- Outlet Port
  {823c26d6-b06f-4612-9855-314b6b8d85b7}, !- Target Object
  15;                                     !- Inlet Port

OS:Node,
  {7eb8a720-9a36-4581-9930-c916585e7e6a}, !- Handle
  Node 14,                                !- Name
  {114165c9-c959-4915-8a49-501b0c86129c}, !- Inlet Port
  {b98f4d59-3a6f-419b-a418-be7e21f2a4e4}; !- Outlet Port

OS:Node,
  {f97bd9ce-2627-4331-8e50-84e658355654}, !- Handle
  Node 15,                                !- Name
  {7d6e3239-33e5-4a53-a255-c8187e44fc49}, !- Inlet Port
  {63f196b4-30a4-43d8-9d12-e4b4f2ecf65d}; !- Outlet Port

OS:Node,
  {a749aa36-b706-4858-b9bf-837c3fbabd87}, !- Handle
  Node 16,                                !- Name
  {501d132f-05b7-41a3-aaff-8365e6112e28}, !- Inlet Port
  {a8b0bb75-c96a-4346-84e4-16df96557e66}; !- Outlet Port

OS:Connector:Mixer,
  {3a55af08-dd7a-494c-972f-647c9d6fcb87}, !- Handle
  Connector Mixer 2,                      !- Name
  {7d6e3239-33e5-4a53-a255-c8187e44fc49}, !- Outlet Branch Name
  {ed6f1aad-52aa-4434-8132-c6c9729b9430}; !- Inlet Branch Name 1

OS:Connector:Splitter,
  {bc685e85-aab8-4e70-a1f2-0bef4356d621}, !- Handle
  Connector Splitter 2,                   !- Name
  {b98f4d59-3a6f-419b-a418-be7e21f2a4e4}, !- Inlet Branch Name
  {501d132f-05b7-41a3-aaff-8365e6112e28}; !- Outlet Branch Name 1

OS:Connection,
  {114165c9-c959-4915-8a49-501b0c86129c}, !- Handle
  {823c26d6-b06f-4612-9855-314b6b8d85b7}, !- Source Object
  17,                                     !- Outlet Port
  {7eb8a720-9a36-4581-9930-c916585e7e6a}, !- Target Object
  2;                                      !- Inlet Port

OS:Connection,
  {b98f4d59-3a6f-419b-a418-be7e21f2a4e4}, !- Handle
  {7eb8a720-9a36-4581-9930-c916585e7e6a}, !- Source Object
  3,                                      !- Outlet Port
  {bc685e85-aab8-4e70-a1f2-0bef4356d621}, !- Target Object
  2;                                      !- Inlet Port

OS:Connection,
  {501d132f-05b7-41a3-aaff-8365e6112e28}, !- Handle
  {bc685e85-aab8-4e70-a1f2-0bef4356d621}, !- Source Object
  3,                                      !- Outlet Port
  {a749aa36-b706-4858-b9bf-837c3fbabd87}, !- Target Object
  2;                                      !- Inlet Port

OS:Connection,
  {7d6e3239-33e5-4a53-a255-c8187e44fc49}, !- Handle
  {3a55af08-dd7a-494c-972f-647c9d6fcb87}, !- Source Object
  2,                                      !- Outlet Port
  {f97bd9ce-2627-4331-8e50-84e658355654}, !- Target Object
  2;                                      !- Inlet Port

OS:Connection,
  {63f196b4-30a4-43d8-9d12-e4b4f2ecf65d}, !- Handle
  {f97bd9ce-2627-4331-8e50-84e658355654}, !- Source Object
  3,                                      !- Outlet Port
  {823c26d6-b06f-4612-9855-314b6b8d85b7}, !- Target Object
  18;                                     !- Inlet Port

OS:Sizing:Plant,
  {7052d558-0403-42da-8507-b5912361f640}, !- Handle
  {823c26d6-b06f-4612-9855-314b6b8d85b7}, !- Plant or Condenser Loop Name
  Heating,                                !- Loop Type
  51.6666666666667,                       !- Design Loop Exit Temperature {C}
  5.55555555555556,                       !- Loop Design Temperature Difference {deltaC}
  NonCoincident,                          !- Sizing Option
  1,                                      !- Zone Timesteps in Averaging Window
  None;                                   !- Coincident Sizing Factor Mode

OS:AvailabilityManagerAssignmentList,
  {e64dddb4-f165-4b01-9d2d-5c68e37c0ce9}, !- Handle
  Plant Loop 1 AvailabilityManagerAssignmentList; !- Name

OS:Pipe:Adiabatic,
  {2d2462a4-23db-4d7f-8406-2023461388b8}, !- Handle
  Pipe Adiabatic 1,                       !- Name
  {40a13d71-2fbf-4427-a8d0-3deceece0a5b}, !- Inlet Node Name
  {0bfa4c95-c08e-4371-8241-f899800fb437}; !- Outlet Node Name

OS:Pipe:Adiabatic,
  {1f8b7085-410e-473d-aa1a-e79203fedc6d}, !- Handle
  Pipe Adiabatic 2,                       !- Name
  {5c57f9fa-b5ff-4c0a-b51f-b142392e50aa}, !- Inlet Node Name
  {77345d5f-bacd-40ea-8127-4a9bfd133b11}; !- Outlet Node Name

OS:Node,
  {f5dc4631-f288-49b2-ba9a-e4e198bcb96b}, !- Handle
  Node 17,                                !- Name
  {0bfa4c95-c08e-4371-8241-f899800fb437}, !- Inlet Port
  {77e2117d-fbcf-4817-80a0-36878f915dd2}; !- Outlet Port

OS:Connection,
  {40a13d71-2fbf-4427-a8d0-3deceece0a5b}, !- Handle
  {54306c1d-1488-45bd-958b-50b84c1f2feb}, !- Source Object
  3,                                      !- Outlet Port
  {2d2462a4-23db-4d7f-8406-2023461388b8}, !- Target Object
  2;                                      !- Inlet Port

OS:Connection,
  {0bfa4c95-c08e-4371-8241-f899800fb437}, !- Handle
  {2d2462a4-23db-4d7f-8406-2023461388b8}, !- Source Object
  3,                                      !- Outlet Port
  {f5dc4631-f288-49b2-ba9a-e4e198bcb96b}, !- Target Object
  2;                                      !- Inlet Port

OS:Connection,
  {77e2117d-fbcf-4817-80a0-36878f915dd2}, !- Handle
  {f5dc4631-f288-49b2-ba9a-e4e198bcb96b}, !- Source Object
  3,                                      !- Outlet Port
  {96cbd21e-a430-4904-b85b-838a808649ad}, !- Target Object
  3;                                      !- Inlet Port

OS:Node,
  {3999fd4a-e7b3-4d02-aea2-519c6400dfbd}, !- Handle
  Node 18,                                !- Name
  {d7e789b3-c2d0-4fdb-b8f0-865ac121574f}, !- Inlet Port
  {5c57f9fa-b5ff-4c0a-b51f-b142392e50aa}; !- Outlet Port

OS:Connection,
  {d7e789b3-c2d0-4fdb-b8f0-865ac121574f}, !- Handle
  {96cbd21e-a430-4904-b85b-838a808649ad}, !- Source Object
  2,                                      !- Outlet Port
  {3999fd4a-e7b3-4d02-aea2-519c6400dfbd}, !- Target Object
  2;                                      !- Inlet Port

OS:Connection,
  {5c57f9fa-b5ff-4c0a-b51f-b142392e50aa}, !- Handle
  {3999fd4a-e7b3-4d02-aea2-519c6400dfbd}, !- Source Object
  3,                                      !- Outlet Port
  {1f8b7085-410e-473d-aa1a-e79203fedc6d}, !- Target Object
  2;                                      !- Inlet Port

OS:Connection,
  {77345d5f-bacd-40ea-8127-4a9bfd133b11}, !- Handle
  {1f8b7085-410e-473d-aa1a-e79203fedc6d}, !- Source Object
  3,                                      !- Outlet Port
  {8a91613b-0045-483d-80f8-8978ec71b49c}, !- Target Object
  2;                                      !- Inlet Port

OS:Pump:VariableSpeed,
  {6018a734-7e0b-459d-ae2e-96a59fb1b94f}, !- Handle
  dhw loop pump,                          !- Name
  {9874304a-f9be-43e8-a2d9-4ba3f87ed07c}, !- Inlet Node Name
  {287e562f-ec56-4a25-a866-dc1b041bd519}, !- Outlet Node Name
  0.01,                                   !- Rated Flow Rate {m3/s}
  1,                                      !- Rated Pump Head {Pa}
  0,                                      !- Rated Power Consumption {W}
  0.85,                                   !- Motor Efficiency
  0,                                      !- Fraction of Motor Inefficiencies to Fluid Stream
  0,                                      !- Coefficient 1 of the Part Load Performance Curve
  1,                                      !- Coefficient 2 of the Part Load Performance Curve
  0,                                      !- Coefficient 3 of the Part Load Performance Curve
  0,                                      !- Coefficient 4 of the Part Load Performance Curve
  0,                                      !- Minimum Flow Rate {m3/s}
  Intermittent,                           !- Pump Control Type
  ,                                       !- Pump Flow Rate Schedule Name
  ,                                       !- Pump Curve Name
  ,                                       !- Impeller Diameter {m}
  ,                                       !- VFD Control Type
  ,                                       !- Pump RPM Schedule Name
  ,                                       !- Minimum Pressure Schedule {Pa}
  ,                                       !- Maximum Pressure Schedule {Pa}
  ,                                       !- Minimum RPM Schedule {rev/min}
  ,                                       !- Maximum RPM Schedule {rev/min}
  ,                                       !- Zone Name
  0.5,                                    !- Skin Loss Radiative Fraction
  PowerPerFlowPerPressure,                !- Design Power Sizing Method
  348701.1,                               !- Design Electric Power per Unit Flow Rate {W/(m3/s)}
  1.282051282,                            !- Design Shaft Power per Unit Flow Rate per Unit Head {W-s/m3-Pa}
  0,                                      !- Design Minimum Flow Rate Fraction
  General;                                !- End-Use Subcategory

OS:Node,
  {50f57c80-cd81-481e-83c4-17f2d42f3112}, !- Handle
  Node 19,                                !- Name
  {287e562f-ec56-4a25-a866-dc1b041bd519}, !- Inlet Port
  {256e4774-27f9-48cc-8b80-184f727de7a8}; !- Outlet Port

OS:Connection,
  {9874304a-f9be-43e8-a2d9-4ba3f87ed07c}, !- Handle
  {d940d4f5-0bf0-4c4c-945c-d83d19b78f0d}, !- Source Object
  3,                                      !- Outlet Port
  {6018a734-7e0b-459d-ae2e-96a59fb1b94f}, !- Target Object
  2;                                      !- Inlet Port

OS:Connection,
  {287e562f-ec56-4a25-a866-dc1b041bd519}, !- Handle
  {6018a734-7e0b-459d-ae2e-96a59fb1b94f}, !- Source Object
  3,                                      !- Outlet Port
  {50f57c80-cd81-481e-83c4-17f2d42f3112}, !- Target Object
  2;                                      !- Inlet Port

OS:Connection,
  {256e4774-27f9-48cc-8b80-184f727de7a8}, !- Handle
  {50f57c80-cd81-481e-83c4-17f2d42f3112}, !- Source Object
  3,                                      !- Outlet Port
  {c2ac9fd5-df83-4d7c-84ef-0c2fa156136f}, !- Target Object
  2;                                      !- Inlet Port

OS:Schedule:Constant,
  {016f9a82-6dc3-4311-9e69-303b936d4f52}, !- Handle
  dhw temp,                               !- Name
  {d81afbc2-ccd0-4db8-8eb6-ee7af424c25b}, !- Schedule Type Limits Name
  51.6666666666667;                       !- Value

OS:SetpointManager:Scheduled,
  {cc5985a1-2a1d-4e50-a93f-9181131b0193}, !- Handle
  Setpoint Manager Scheduled 1,           !- Name
  Temperature,                            !- Control Variable
  {016f9a82-6dc3-4311-9e69-303b936d4f52}, !- Schedule Name
  {8a91613b-0045-483d-80f8-8978ec71b49c}; !- Setpoint Node or NodeList Name

OS:Schedule:Constant,
  {05bc8031-2855-43ba-8702-b549dae4d5a3}, !- Handle
  water heater Tamb act,                  !- Name
  {d81afbc2-ccd0-4db8-8eb6-ee7af424c25b}, !- Schedule Type Limits Name
  23;                                     !- Value

OS:Schedule:Constant,
  {6d3d2dff-cb7f-4a44-b8f6-f5940dd4e757}, !- Handle
  water heater RHamb act,                 !- Name
  {8ae902a4-676e-40b0-a575-57e866ba82a1}, !- Schedule Type Limits Name
  0.5;                                    !- Value

OS:Schedule:Constant,
  {60291d91-21fd-4d24-aa6b-f9ec078ed572}, !- Handle
  water heater TopElementSetpoint,        !- Name
  {d81afbc2-ccd0-4db8-8eb6-ee7af424c25b}, !- Schedule Type Limits Name
  0;                                      !- Value

OS:Schedule:Constant,
  {49c8d5a1-8963-40e9-8997-ee4f477ef6b0}, !- Handle
  water heater BottomElementSetpoint,     !- Name
  {d81afbc2-ccd0-4db8-8eb6-ee7af424c25b}, !- Schedule Type Limits Name
  0;                                      !- Value

OS:Schedule:Constant,
  {30447490-babe-40f1-82f5-5ed42fe57a9a}, !- Handle
  water heater setpoint,                  !- Name
  {d81afbc2-ccd0-4db8-8eb6-ee7af424c25b}, !- Schedule Type Limits Name
  51.6666666666667;                       !- Value

OS:Curve:Biquadratic,
  {ab3eed21-814a-4d08-a028-a3d73dba2692}, !- Handle
  HPWH-Cap-fT,                            !- Name
  0.563,                                  !- Coefficient1 Constant
  0.0437,                                 !- Coefficient2 x
  3.9e-05,                                !- Coefficient3 x**2
  0.0055,                                 !- Coefficient4 y
  -0.000148,                              !- Coefficient5 y**2
  -0.000145,                              !- Coefficient6 x*y
  0,                                      !- Minimum Value of x
  100,                                    !- Maximum Value of x
  0,                                      !- Minimum Value of y
  100;                                    !- Maximum Value of y

OS:Curve:Biquadratic,
  {14d464dc-8bb4-4d59-b290-c2ecda084407}, !- Handle
  HPWH-COP-fT,                            !- Name
  1.1332,                                 !- Coefficient1 Constant
  0.063,                                  !- Coefficient2 x
  -9.79e-05,                              !- Coefficient3 x**2
  -0.00972,                               !- Coefficient4 y
  -2.14e-05,                              !- Coefficient5 y**2
  -0.000686,                              !- Coefficient6 x*y
  0,                                      !- Minimum Value of x
  100,                                    !- Maximum Value of x
  0,                                      !- Minimum Value of y
  100;                                    !- Maximum Value of y

OS:Coil:WaterHeating:AirToWaterHeatPump:Wrapped,
  {01659244-816a-467d-bd2a-4a6b7cd36197}, !- Handle
  water heater coil,                      !- Name
  2149.38322864308,                       !- Rated Heating Capacity {W}
  4.299056,                               !- Rated COP {W/W}
  0.88,                                   !- Rated Sensible Heat Ratio
  19.7222222222222,                       !- Rated Evaporator Inlet Air Dry-Bulb Temperature {C}
  13.5609953322795,                       !- Rated Evaporator Inlet Air Wet-Bulb Temperature {C}
  48.89,                                  !- Rated Condenser Water Temperature {C}
  0.0854224872192,                        !- Rated Evaporator Air Flow Rate {m3/s}
  Yes,                                    !- Evaporator Fan Power Included in Rated COP
  ,                                       !- Evaporator Air Inlet Node Name
  ,                                       !- Evaporator Air Outlet Node Name
  0,                                      !- Crankcase Heater Capacity {W}
  ,                                       !- Crankcase Heater Capacity Function of Temperature Curve Name
  0,                                      !- Maximum Ambient Temperature for Crankcase Heater Operation {C}
  WetBulbTemperature,                     !- Evaporator Air Temperature Type for Curve Objects
  {ab3eed21-814a-4d08-a028-a3d73dba2692}, !- Heating Capacity Function of Temperature Curve Name
  {d0287dc2-a1ee-44fd-b6ec-ae0821b962b4}, !- Heating Capacity Function of Air Flow Fraction Curve Name
  {14d464dc-8bb4-4d59-b290-c2ecda084407}, !- Heating COP Function of Temperature Curve Name
  {275df8ef-04bd-40a2-a984-bcd00753249e}, !- Heating COP Function of Air Flow Fraction Curve Name
  {c273da1d-b25f-4de2-b52c-6e5e94ec9c28}; !- Part Load Fraction Correlation Curve Name

OS:Curve:Biquadratic,
  {2fe04281-0e81-4ad8-adb0-3e44d246e8dd}, !- Handle
  HPWH-Htg-Cap-fT,                        !- Name
  0.563,                                  !- Coefficient1 Constant
  0.0437,                                 !- Coefficient2 x
  3.9e-05,                                !- Coefficient3 x**2
  0.0055,                                 !- Coefficient4 y
  -0.000148,                              !- Coefficient5 y**2
  -0.000145,                              !- Coefficient6 x*y
  0,                                      !- Minimum Value of x
  100,                                    !- Maximum Value of x
  0,                                      !- Minimum Value of y
  100,                                    !- Maximum Value of y
  0;                                      !- Minimum Curve Output

OS:Curve:Cubic,
  {d0287dc2-a1ee-44fd-b6ec-ae0821b962b4}, !- Handle
  HPWH-Htg-Cap-FF,                        !- Name
  1,                                      !- Coefficient1 Constant
  0,                                      !- Coefficient2 x
  0,                                      !- Coefficient3 x**2
  0,                                      !- Coefficient4 x**3
  0,                                      !- Minimum Value of x
  100;                                    !- Maximum Value of x

OS:Curve:Biquadratic,
  {6244d368-23ab-478b-bc36-251f1b0e533d}, !- Handle
  HPWH-Htg-COP-fT,                        !- Name
  1.1332,                                 !- Coefficient1 Constant
  0.063,                                  !- Coefficient2 x
  -9.79e-05,                              !- Coefficient3 x**2
  -0.00972,                               !- Coefficient4 y
  -2.14e-05,                              !- Coefficient5 y**2
  -0.000686,                              !- Coefficient6 x*y
  0,                                      !- Minimum Value of x
  100,                                    !- Maximum Value of x
  0,                                      !- Minimum Value of y
  100;                                    !- Maximum Value of y

OS:Curve:Cubic,
  {275df8ef-04bd-40a2-a984-bcd00753249e}, !- Handle
  HPWH-Htg-COP-FF,                        !- Name
  1,                                      !- Coefficient1 Constant
  0,                                      !- Coefficient2 x
  0,                                      !- Coefficient3 x**2
  0,                                      !- Coefficient4 x**3
  0,                                      !- Minimum Value of x
  100;                                    !- Maximum Value of x

OS:Curve:Cubic,
  {c273da1d-b25f-4de2-b52c-6e5e94ec9c28}, !- Handle
  HPWH-COP-fPLR,                          !- Name
  1,                                      !- Coefficient1 Constant
  0,                                      !- Coefficient2 x
  0,                                      !- Coefficient3 x**2
  0,                                      !- Coefficient4 x**3
  0,                                      !- Minimum Value of x
  1;                                      !- Maximum Value of x

OS:AdditionalProperties,
  {a7aa4550-8b98-4657-870d-6536b87d5da0}, !- Handle
  {01659244-816a-467d-bd2a-4a6b7cd36197}, !- Object Name
  HPXML_ID,                               !- Feature Name 1
  String,                                 !- Feature Data Type 1
  WaterHeatingSystem1;                    !- Feature Value 1

OS:WaterHeater:Stratified,
  {2444bb32-c70c-4757-aba4-77ef1400256e}, !- Handle
  water heater tank,                      !- Name
  Domestic Hot Water,                     !- End-Use Subcategory
  0.272549648445829,                      !- Tank Volume {m3}
  1.5975,                                 !- Tank Height {m}
  VerticalCylinder,                       !- Tank Shape
  ,                                       !- Tank Perimeter {m}
  90,                                     !- Maximum Temperature Limit {C}
  MasterSlave,                            !- Heater Priority Control
  {60291d91-21fd-4d24-aa6b-f9ec078ed572}, !- Heater 1 Setpoint Temperature Schedule Name
  18.5,                                   !- Heater 1 Deadband Temperature Difference {deltaC}
  4500.10628249447,                       !- Heater 1 Capacity {W}
  1.2646875,                              !- Heater 1 Height {m}
  {49c8d5a1-8963-40e9-8997-ee4f477ef6b0}, !- Heater 2 Setpoint Temperature Schedule Name
  3.89,                                   !- Heater 2 Deadband Temperature Difference {deltaC}
  4500.10628249447,                       !- Heater 2 Capacity {W}
  0.3328125,                              !- Heater 2 Height {m}
  Electricity,                            !- Heater Fuel Type
  1,                                      !- Heater Thermal Efficiency
  3,                                      !- Off Cycle Parasitic Fuel Consumption Rate {W}
  Electricity,                            !- Off Cycle Parasitic Fuel Type
  0,                                      !- Off Cycle Parasitic Heat Fraction to Tank
  0,                                      !- Off Cycle Parasitic Height {m}
  3,                                      !- On Cycle Parasitic Fuel Consumption Rate {W}
  Electricity,                            !- On Cycle Parasitic Fuel Type
  0,                                      !- On Cycle Parasitic Heat Fraction to Tank
  0,                                      !- On Cycle Parasitic Height {m}
  Schedule,                               !- Ambient Temperature Indicator
  {05bc8031-2855-43ba-8702-b549dae4d5a3}, !- Ambient Temperature Schedule Name
  ,                                       !- Ambient Temperature Thermal Zone Name
  ,                                       !- Ambient Temperature Outdoor Air Node Name
  0.924989966690986,                      !- Uniform Skin Loss Coefficient per Unit Area to Ambient Temperature {W/m2-K}
  1,                                      !- Skin Loss Fraction to Zone
  0,                                      !- Off Cycle Flue Loss Coefficient to Ambient Temperature {W/K}
  1,                                      !- Off Cycle Flue Loss Fraction to Zone
  ,                                       !- Peak Use Flow Rate {m3/s}
  ,                                       !- Use Flow Rate Fraction Schedule Name
  ,                                       !- Cold Water Supply Temperature Schedule Name
  {934ee328-4b15-4e94-99ae-0190cb7ea2b5}, !- Use Side Inlet Node Name
  {25a74271-5820-46a8-b165-e7e25cadfa4f}, !- Use Side Outlet Node Name
  1,                                      !- Use Side Effectiveness
  0,                                      !- Use Side Inlet Height {m}
  autocalculate,                          !- Use Side Outlet Height {m}
  ,                                       !- Source Side Inlet Node Name
  ,                                       !- Source Side Outlet Node Name
  1,                                      !- Source Side Effectiveness
  0,                                      !- Source Side Inlet Height {m}
  0,                                      !- Source Side Outlet Height {m}
  Fixed,                                  !- Inlet Mode
  0.00453493591424009,                    !- Use Side Design Flow Rate {m3/s}
  0,                                      !- Source Side Design Flow Rate {m3/s}
  1.5,                                    !- Indirect Water Heating Recovery Time {hr}
  6,                                      !- Number of Nodes
  0,                                      !- Additional Destratification Conductivity {W/m-K}
  0,                                      !- Node 1 Additional Loss Coefficient {W/m2-K}
  0,                                      !- Node 2 Additional Loss Coefficient {W/m2-K}
  0,                                      !- Node 3 Additional Loss Coefficient {W/m2-K}
  0,                                      !- Node 4 Additional Loss Coefficient {W/m2-K}
  0,                                      !- Node 5 Additional Loss Coefficient {W/m2-K}
  0,                                      !- Node 6 Additional Loss Coefficient {W/m2-K}
  0,                                      !- Node 7 Additional Loss Coefficient {W/m2-K}
  0,                                      !- Node 8 Additional Loss Coefficient {W/m2-K}
  0,                                      !- Node 9 Additional Loss Coefficient {W/m2-K}
  0,                                      !- Node 10 Additional Loss Coefficient {W/m2-K}
  0,                                      !- Node 11 Additional Loss Coefficient {W/m2-K}
  0,                                      !- Node 12 Additional Loss Coefficient {W/m2-K}
  ;                                       !- Source Side Flow Control Mode

OS:WaterHeater:Sizing,
  {47dd0982-f1f0-4809-bcf2-2c5d9b19cacf}, !- Handle
  {2444bb32-c70c-4757-aba4-77ef1400256e}, !- WaterHeater Name
  PeakDraw,                               !- Design Mode
  0.538503,                               !- Time Storage Can Meet Peak Draw {hr}
  0,                                      !- Time for Tank Recovery {hr}
  1;                                      !- Nominal Tank Volume for Autosizing Plant Connections {m3}

OS:AdditionalProperties,
  {d3db427b-d884-45f2-9176-2bf07b87afb0}, !- Handle
  {2444bb32-c70c-4757-aba4-77ef1400256e}, !- Object Name
  HPXML_ID,                               !- Feature Name 1
  String,                                 !- Feature Data Type 1
  WaterHeatingSystem1;                    !- Feature Value 1

OS:Node,
  {e82bcd73-9c28-444e-84c6-8ce833b2850d}, !- Handle
  Node 20,                                !- Name
  {24dd9496-e53a-45cb-8d53-3b37f7ef7934}, !- Inlet Port
  {934ee328-4b15-4e94-99ae-0190cb7ea2b5}; !- Outlet Port

OS:Connection,
  {24dd9496-e53a-45cb-8d53-3b37f7ef7934}, !- Handle
  {c2ac9fd5-df83-4d7c-84ef-0c2fa156136f}, !- Source Object
  4,                                      !- Outlet Port
  {e82bcd73-9c28-444e-84c6-8ce833b2850d}, !- Target Object
  2;                                      !- Inlet Port

OS:Node,
  {60db3ba9-1144-45e3-8fb4-584e8ef2f1ec}, !- Handle
  Node 21,                                !- Name
  {25a74271-5820-46a8-b165-e7e25cadfa4f}, !- Inlet Port
  {d23a98dc-f070-4289-8dea-b37c8414cf7c}; !- Outlet Port

OS:Connection,
  {934ee328-4b15-4e94-99ae-0190cb7ea2b5}, !- Handle
  {e82bcd73-9c28-444e-84c6-8ce833b2850d}, !- Source Object
  3,                                      !- Outlet Port
  {2444bb32-c70c-4757-aba4-77ef1400256e}, !- Target Object
  38;                                     !- Inlet Port

OS:Connection,
  {25a74271-5820-46a8-b165-e7e25cadfa4f}, !- Handle
  {2444bb32-c70c-4757-aba4-77ef1400256e}, !- Source Object
  39,                                     !- Outlet Port
  {60db3ba9-1144-45e3-8fb4-584e8ef2f1ec}, !- Target Object
  2;                                      !- Inlet Port

OS:Connection,
  {d23a98dc-f070-4289-8dea-b37c8414cf7c}, !- Handle
  {60db3ba9-1144-45e3-8fb4-584e8ef2f1ec}, !- Source Object
  3,                                      !- Outlet Port
  {96cbd21e-a430-4904-b85b-838a808649ad}, !- Target Object
  4;                                      !- Inlet Port

OS:Fan:SystemModel,
  {30f53199-a085-4d91-a423-7cfc208f0ae2}, !- Handle
  water heater fan,                       !- Name
  {54d0e4ea-1999-4647-afaf-0ed92fd593b9}, !- Availability Schedule Name
  ,                                       !- Air Inlet Node Name
  ,                                       !- Air Outlet Node Name
  0.0854224872192,                        !- Design Maximum Air Flow Rate {m3/s}
  Discrete,                               !- Speed Control Method
  0.2,                                    !- Electric Power Minimum Flow Rate Fraction
  500,                                    !- Design Pressure Rise {Pa}
  1,                                      !- Motor Efficiency
  1,                                      !- Motor In Air Stream Fraction
  autosize,                               !- Design Electric Power Consumption {W}
  PowerPerFlow,                           !- Design Power Sizing Method
  97.8922561519664,                       !- Electric Power Per Unit Flow Rate {W/(m3/s)}
  1.66667,                                !- Electric Power Per Unit Flow Rate Per Unit Pressure {W-s/m3-Pa}
  0.7,                                    !- Fan Total Efficiency
  ,                                       !- Electric Power Function of Flow Fraction Curve Name
  ,                                       !- Night Ventilation Mode Pressure Rise {Pa}
  ,                                       !- Night Ventilation Mode Flow Fraction
  ,                                       !- Motor Loss Zone Name
  0,                                      !- Motor Loss Radiative Fraction
  Domestic Hot Water;                     !- End-Use Subcategory

OS:AdditionalProperties,
  {25878cef-89bd-4a79-b48a-1893328ce081}, !- Handle
  {30f53199-a085-4d91-a423-7cfc208f0ae2}, !- Object Name
  HPXML_ID,                               !- Feature Name 1
  String,                                 !- Feature Data Type 1
  WaterHeatingSystem1,                    !- Feature Value 1
  ObjectType,                             !- Feature Name 2
  String,                                 !- Feature Data Type 2
  water heater;                           !- Feature Value 2

OS:WaterHeater:HeatPump:WrappedCondenser,
  {fe719546-29b7-4727-87c0-a431acfbfc7b}, !- Handle
  water heater hpwh,                      !- Name
  ,                                       !- Availability Schedule Name
  {30447490-babe-40f1-82f5-5ed42fe57a9a}, !- Compressor Setpoint Temperature Schedule Name
  3.89,                                   !- Dead Band Temperature Difference {deltaC}
  0.0665624999999999,                     !- Condenser Bottom Location {m}
  0.8653125,                              !- Condenser Top Location {m}
  0.0854224872192,                        !- Evaporator Air Flow Rate {m3/s}
  Schedule,                               !- Inlet Air Configuration
  ,                                       !- Air Inlet Node Name
  ,                                       !- Air Outlet Node Name
  ,                                       !- Outdoor Air Node Name
  {05bc8031-2855-43ba-8702-b549dae4d5a3}, !- Inlet Air Temperature Schedule Name
  {6d3d2dff-cb7f-4a44-b8f6-f5940dd4e757}, !- Inlet Air Humidity Schedule Name
  {2444bb32-c70c-4757-aba4-77ef1400256e}, !- Tank Name
  {01659244-816a-467d-bd2a-4a6b7cd36197}, !- DX Coil Name
  5.55555555555556,                       !- Minimum Inlet Air Temperature for Compressor Operation {C}
  48.8888888888889,                       !- Maximum Inlet Air Temperature for Compressor Operation {C}
  Schedule,                               !- Compressor Location
  {05bc8031-2855-43ba-8702-b549dae4d5a3}, !- Compressor Ambient Temperature Schedule Name
  {30f53199-a085-4d91-a423-7cfc208f0ae2}, !- Fan Name
  DrawThrough,                            !- Fan Placement
  0,                                      !- On Cycle Parasitic Electric Load {W}
  0,                                      !- Off Cycle Parasitic Electric Load {W}
  Outdoors,                               !- Parasitic Heat Rejection Location
  {54d0e4ea-1999-4647-afaf-0ed92fd593b9}, !- Inlet Air Mixer Schedule Name
  MutuallyExclusive,                      !- Tank Element Control Logic
  1.2646875,                              !- Control Sensor 1 Height In Stratified Tank {m}
  0.75,                                   !- Control Sensor 1 Weight {dimensionless}
  0.4659375;                              !- Control Sensor 2 Height In Stratified Tank {m}

OS:EnergyManagementSystem:Sensor,
  {ca5db429-46d4-491d-abf7-d1d981d41ae0}, !- Handle
  water_heater_amb_temp,                  !- Name
  conditioned space,                      !- Output Variable or Output Meter Index Key Name
  Zone Mean Air Temperature;              !- Output Variable or Output Meter Name

OS:EnergyManagementSystem:Sensor,
  {e951beba-90e4-43f0-baf5-d37039b4d03b}, !- Handle
  water_heater_amb_rh,                    !- Name
  conditioned space,                      !- Output Variable or Output Meter Index Key Name
  Zone Air Relative Humidity;             !- Output Variable or Output Meter Name

OS:EnergyManagementSystem:Actuator,
  {7faa324f-59a5-42d3-bb5b-a503a0b9cbbe}, !- Handle
  water_heater_Tamb_act,                  !- Name
  {05bc8031-2855-43ba-8702-b549dae4d5a3}, !- Actuated Component Name
  Schedule:Constant,                      !- Actuated Component Type
  Schedule Value,                         !- Actuated Component Control Type
  ;                                       !- Zone or Space Name

OS:EnergyManagementSystem:Actuator,
  {1299ceb2-969c-4a95-9b51-b20dc597365e}, !- Handle
  water_heater_RHamb_act,                 !- Name
  {6d3d2dff-cb7f-4a44-b8f6-f5940dd4e757}, !- Actuated Component Name
  Schedule:Constant,                      !- Actuated Component Type
  Schedule Value,                         !- Actuated Component Control Type
  ;                                       !- Zone or Space Name

OS:OtherEquipment:Definition,
  {ba57c27f-9535-4aed-87e0-10934f145a8f}, !- Handle
  water heater sens,                      !- Name
  EquipmentLevel,                         !- Design Level Calculation Method
  0,                                      !- Design Level {W}
  ,                                       !- Watts per Space Floor Area {W/m2}
  ,                                       !- Watts per Person {W/Person}
  0,                                      !- Fraction Latent
  0,                                      !- Fraction Radiant
  0;                                      !- Fraction Lost

OS:OtherEquipment,
  {2cc0dedb-7e6b-4f83-892b-ae73217c13d1}, !- Handle
  water heater sens,                      !- Name
  {ba57c27f-9535-4aed-87e0-10934f145a8f}, !- Other Equipment Definition Name
  {d5015664-5053-4d4c-bbda-18682420aec3}, !- Space or SpaceType Name
  {54d0e4ea-1999-4647-afaf-0ed92fd593b9}, !- Schedule Name
  ,                                       !- Multiplier
  ,                                       !- Fuel Type
  General;                                !- End-Use Subcategory

OS:EnergyManagementSystem:Actuator,
  {5cdb5110-59eb-4165-b4cc-d27c7f46ffe9}, !- Handle
  water_heater_sens_act,                  !- Name
  {2cc0dedb-7e6b-4f83-892b-ae73217c13d1}, !- Actuated Component Name
  OtherEquipment,                         !- Actuated Component Type
  Power Level,                            !- Actuated Component Control Type
  {d5015664-5053-4d4c-bbda-18682420aec3}; !- Zone or Space Name

OS:OtherEquipment:Definition,
  {5549c3f7-785b-4505-9d7a-45abab8a95d7}, !- Handle
  water heater lat,                       !- Name
  EquipmentLevel,                         !- Design Level Calculation Method
  0,                                      !- Design Level {W}
  ,                                       !- Watts per Space Floor Area {W/m2}
  ,                                       !- Watts per Person {W/Person}
  1,                                      !- Fraction Latent
  0,                                      !- Fraction Radiant
  0;                                      !- Fraction Lost

OS:OtherEquipment,
  {3fe4e484-5827-466f-9963-3a5fad99c82d}, !- Handle
  water heater lat,                       !- Name
  {5549c3f7-785b-4505-9d7a-45abab8a95d7}, !- Other Equipment Definition Name
  {d5015664-5053-4d4c-bbda-18682420aec3}, !- Space or SpaceType Name
  {54d0e4ea-1999-4647-afaf-0ed92fd593b9}, !- Schedule Name
  ,                                       !- Multiplier
  ,                                       !- Fuel Type
  General;                                !- End-Use Subcategory

OS:EnergyManagementSystem:Actuator,
  {776b8975-a377-46ed-89ab-41154733c753}, !- Handle
  water_heater_lat_act,                   !- Name
  {3fe4e484-5827-466f-9963-3a5fad99c82d}, !- Actuated Component Name
  OtherEquipment,                         !- Actuated Component Type
  Power Level,                            !- Actuated Component Control Type
  {d5015664-5053-4d4c-bbda-18682420aec3}; !- Zone or Space Name

OS:EnergyManagementSystem:Sensor,
  {60f3518f-5271-4337-b249-cc93f89bf3e3}, !- Handle
  water_heater_tl,                        !- Name
  water heater tank,                      !- Output Variable or Output Meter Index Key Name
  Water Heater Heat Loss Rate;            !- Output Variable or Output Meter Name

OS:EnergyManagementSystem:Sensor,
  {704d96f4-1751-42e6-bb05-6349a0deb038}, !- Handle
  water_heater_sens_cool,                 !- Name
  water heater coil,                      !- Output Variable or Output Meter Index Key Name
  Cooling Coil Sensible Cooling Rate;     !- Output Variable or Output Meter Name

OS:EnergyManagementSystem:Sensor,
  {b17c461d-2243-41c2-879e-39036b284e75}, !- Handle
  water_heater_lat_cool,                  !- Name
  water heater coil,                      !- Output Variable or Output Meter Index Key Name
  Cooling Coil Latent Cooling Rate;       !- Output Variable or Output Meter Name

OS:EnergyManagementSystem:Sensor,
  {34f7d7e2-c5b3-457e-9c04-4cab46191846}, !- Handle
  water_heater_fan_pwr,                   !- Name
  water heater fan,                       !- Output Variable or Output Meter Index Key Name
  Fan Electricity Rate;                   !- Output Variable or Output Meter Name

OS:EnergyManagementSystem:Program,
  {2818c0bf-0d65-4af4-9f34-ca211283becd}, !- Handle
  water_heater_InletAir,                  !- Name
  Set water_heater_Tamb_act = water_heater_amb_temp, !- Program Line 1
  Set water_heater_RHamb_act = 0,         !- Program Line 2
  Set water_heater_RHamb_act = water_heater_RHamb_act + (water_heater_amb_rh / 100) / 1, !- Program Line 3
  Set water_heater_sens_act = (0 - water_heater_sens_cool - (water_heater_tl + water_heater_fan_pwr)) / 1, !- Program Line 4
  Set water_heater_lat_act = (0 - water_heater_lat_cool) / 1; !- Program Line 5

OS:EnergyManagementSystem:Actuator,
  {cfba28d5-42fd-4061-95a1-340797768395}, !- Handle
  water_heater_LESchedOverride,           !- Name
  {49c8d5a1-8963-40e9-8997-ee4f477ef6b0}, !- Actuated Component Name
  Schedule:Constant,                      !- Actuated Component Type
  Schedule Value,                         !- Actuated Component Control Type
  ;                                       !- Zone or Space Name

OS:EnergyManagementSystem:Actuator,
  {b490f8a6-a815-4e14-9b6a-7d13bf4abdf6}, !- Handle
  water_heater_UESchedOverride,           !- Name
  {60291d91-21fd-4d24-aa6b-f9ec078ed572}, !- Actuated Component Name
  Schedule:Constant,                      !- Actuated Component Type
  Schedule Value,                         !- Actuated Component Control Type
  ;                                       !- Zone or Space Name

OS:EnergyManagementSystem:Actuator,
  {cbae8320-1ff9-4211-a96e-5d508db14d15}, !- Handle
  water_heater_HPWHSchedOverride,         !- Name
  {30447490-babe-40f1-82f5-5ed42fe57a9a}, !- Actuated Component Name
  Schedule:Constant,                      !- Actuated Component Type
  Schedule Value,                         !- Actuated Component Control Type
  ;                                       !- Zone or Space Name

OS:EnergyManagementSystem:Sensor,
  {2f7f0d78-7782-4c09-bc9a-b621e1ff9cea}, !- Handle
  water_heater_T_set,                     !- Name
  water heater setpoint,                  !- Output Variable or Output Meter Index Key Name
  Schedule Value;                         !- Output Variable or Output Meter Name

OS:EnergyManagementSystem:Program,
  {be551884-affc-45a1-ad5c-e252c7617f1c}, !- Handle
  water_heater_Control,                   !- Name
  Set water_heater_HPWHSchedOverride = water_heater_T_set, !- Program Line 1
  If (water_heater_amb_temp<5.56) || (water_heater_amb_temp>48.89), !- Program Line 2
  Set water_heater_UESchedOverride = water_heater_T_set, !- Program Line 3
  Set water_heater_LESchedOverride = water_heater_T_set, !- Program Line 4
  Else,                                   !- Program Line 5
  Set water_heater_UESchedOverride = water_heater_T_set - 9.0, !- Program Line 6
  Set water_heater_LESchedOverride = 0,   !- Program Line 7
  EndIf;                                  !- Program Line 8

OS:EnergyManagementSystem:ProgramCallingManager,
  {d5191c58-8053-415a-b13d-6a38d681af10}, !- Handle
  water_heater_ProgramManager,            !- Name
  InsideHVACSystemIterationLoop,          !- EnergyPlus Model Calling Point
  {be551884-affc-45a1-ad5c-e252c7617f1c}, !- Program Name 1
  {2818c0bf-0d65-4af4-9f34-ca211283becd}; !- Program Name 2

OS:OtherEquipment:Definition,
  {2c3ad3ab-f20f-4ae2-80a9-68ce862d06f6}, !- Handle
  water heater energy adjustment1,        !- Name
  EquipmentLevel,                         !- Design Level Calculation Method
  0.01,                                   !- Design Level {W}
  ,                                       !- Watts per Space Floor Area {W/m2}
  ,                                       !- Watts per Person {W/Person}
  0,                                      !- Fraction Latent
  0,                                      !- Fraction Radiant
  1;                                      !- Fraction Lost

OS:OtherEquipment,
  {18ddb6c3-71dc-4bf0-95e1-6a2bf63abf1c}, !- Handle
  water heater energy adjustment1,        !- Name
  {2c3ad3ab-f20f-4ae2-80a9-68ce862d06f6}, !- Other Equipment Definition Name
  {d5015664-5053-4d4c-bbda-18682420aec3}, !- Space or SpaceType Name
  {54d0e4ea-1999-4647-afaf-0ed92fd593b9}, !- Schedule Name
  ,                                       !- Multiplier
  Electricity,                            !- Fuel Type
  water heater energy adjustment1;        !- End-Use Subcategory

OS:AdditionalProperties,
  {6bdd8a5f-3ef5-40d3-b416-a797c249eaba}, !- Handle
  {18ddb6c3-71dc-4bf0-95e1-6a2bf63abf1c}, !- Object Name
  HPXML_ID,                               !- Feature Name 1
  String,                                 !- Feature Data Type 1
  WaterHeatingSystem1;                    !- Feature Value 1

OS:EnergyManagementSystem:Sensor,
  {c2b5fa10-857b-47b9-9aa5-8a055f02029b}, !- Handle
  water_heater_tank_energy,               !- Name
  water heater tank,                      !- Output Variable or Output Meter Index Key Name
  Water Heater Electricity Rate;          !- Output Variable or Output Meter Name

OS:EnergyManagementSystem:Sensor,
  {3bbb1122-84bf-4255-b858-5e18313cacf0}, !- Handle
  water_heater_coil_energy,               !- Name
  water heater coil,                      !- Output Variable or Output Meter Index Key Name
  Cooling Coil Water Heating Electricity Rate; !- Output Variable or Output Meter Name

OS:EnergyManagementSystem:Sensor,
  {eaee65c4-0fa6-4196-9cb3-3aba2f8bcc68}, !- Handle
  water_heater_fan_energy,                !- Name
  water heater fan,                       !- Output Variable or Output Meter Index Key Name
  Fan Electricity Rate;                   !- Output Variable or Output Meter Name

OS:EnergyManagementSystem:Sensor,
  {7df1b600-ee9b-4755-86ed-aa21f3cc8d59}, !- Handle
  water_heater_tank_on_cycle_parasitic,   !- Name
  water heater tank,                      !- Output Variable or Output Meter Index Key Name
  Water Heater On Cycle Parasitic Electricity Rate; !- Output Variable or Output Meter Name

OS:EnergyManagementSystem:Sensor,
  {1bcebf79-94f3-46a1-b69c-d89c52419921}, !- Handle
  water_heater_tank_off_cycle_parasitic,  !- Name
  water heater tank,                      !- Output Variable or Output Meter Index Key Name
  Water Heater Off Cycle Parasitic Electricity Rate; !- Output Variable or Output Meter Name

OS:EnergyManagementSystem:Actuator,
  {5604eb7e-e78d-43e6-ac16-85c9adea5c88}, !- Handle
  water_heater_hpwh_ec_adj_act,           !- Name
  {18ddb6c3-71dc-4bf0-95e1-6a2bf63abf1c}, !- Actuated Component Name
  OtherEquipment,                         !- Actuated Component Type
  Power Level,                            !- Actuated Component Control Type
  {d5015664-5053-4d4c-bbda-18682420aec3}; !- Zone or Space Name

OS:EnergyManagementSystem:Program,
  {e1c8cdea-6fef-495b-a7e5-c7b36c73dac0}, !- Handle
  water_heater_hpwh_EC_adj,               !- Name
  If WarmupFlag == 0,                     !- Program Line 1
  Set dhw_e_cons = water_heater_tank_energy + water_heater_tank_on_cycle_parasitic + water_heater_tank_off_cycle_parasitic + water_heater_coil_energy + water_heater_fan_energy, !- Program Line 2
  Set water_heater_hpwh_ec_adj_act = 0.0 * dhw_e_cons / 1, !- Program Line 3
  EndIf;                                  !- Program Line 4

OS:EnergyManagementSystem:ProgramCallingManager,
  {e946de74-3e72-4032-9800-e15e6af64aeb}, !- Handle
  water_heater_hpwh_EC_adj_ProgramManager, !- Name
  EndOfSystemTimestepBeforeHVACReporting, !- EnergyPlus Model Calling Point
  {e1c8cdea-6fef-495b-a7e5-c7b36c73dac0}; !- Program Name 1

OS:WaterUse:Connections,
  {59dea1b4-9b01-4baf-b23c-cb90d4a2cdd9}, !- Handle
  Water Use Connections 1,                !- Name
  {a8b0bb75-c96a-4346-84e4-16df96557e66}, !- Inlet Node Name
  {8fbb2133-b56d-4881-8709-a30e8075e9cf}, !- Outlet Node Name
  ,                                       !- Supply Water Storage Tank Name
  ,                                       !- Reclamation Water Storage Tank Name
  ,                                       !- Hot Water Supply Temperature Schedule Name
  ,                                       !- Cold Water Supply Temperature Schedule Name
  None,                                   !- Drain Water Heat Exchanger Type
  Plant,                                  !- Drain Water Heat Exchanger Destination
  ,                                       !- Drain Water Heat Exchanger U-Factor Times Area {W/K}
  {e3f25b8c-184e-4669-9557-563360d8b81a}, !- Water Use Equipment Name 1
  {a091e98a-759e-48fe-b481-f55cc5441622}, !- Water Use Equipment Name 2
  {13d72127-aa5f-4ac0-bf26-ec78576eca1a}; !- Water Use Equipment Name 3

OS:AdditionalProperties,
  {98ec3077-a8ab-4226-a63f-324685f91ae4}, !- Handle
  {59dea1b4-9b01-4baf-b23c-cb90d4a2cdd9}, !- Object Name
  HPXML_ID,                               !- Feature Name 1
  String,                                 !- Feature Data Type 1
  WaterHeatingSystem1;                    !- Feature Value 1

OS:Node,
  {3e936573-5b96-417a-b63c-9c7f2d14c13f}, !- Handle
  Node 22,                                !- Name
  {8fbb2133-b56d-4881-8709-a30e8075e9cf}, !- Inlet Port
  {ed6f1aad-52aa-4434-8132-c6c9729b9430}; !- Outlet Port

OS:Connection,
  {a8b0bb75-c96a-4346-84e4-16df96557e66}, !- Handle
  {a749aa36-b706-4858-b9bf-837c3fbabd87}, !- Source Object
  3,                                      !- Outlet Port
  {59dea1b4-9b01-4baf-b23c-cb90d4a2cdd9}, !- Target Object
  2;                                      !- Inlet Port

OS:Connection,
  {8fbb2133-b56d-4881-8709-a30e8075e9cf}, !- Handle
  {59dea1b4-9b01-4baf-b23c-cb90d4a2cdd9}, !- Source Object
  3,                                      !- Outlet Port
  {3e936573-5b96-417a-b63c-9c7f2d14c13f}, !- Target Object
  2;                                      !- Inlet Port

OS:Connection,
  {ed6f1aad-52aa-4434-8132-c6c9729b9430}, !- Handle
  {3e936573-5b96-417a-b63c-9c7f2d14c13f}, !- Source Object
  3,                                      !- Outlet Port
  {3a55af08-dd7a-494c-972f-647c9d6fcb87}, !- Target Object
  3;                                      !- Inlet Port

OS:Schedule:File,
  {8850efa3-fa18-49c3-8f1f-bdb13b7dbc84}, !- Handle
  clothes_washer,                         !- Name
  {8ae902a4-676e-40b0-a575-57e866ba82a1}, !- Schedule Type Limits Name
  {65071d6d-3b75-469a-b36d-cc88172bb03a}, !- External File Name
  7,                                      !- Column Number
  1,                                      !- Rows to Skip at Top
  8760,                                   !- Number of Hours of Data
  ,                                       !- Column Separator
  Yes,                                    !- Interpolate to Timestep
  15,                                     !- Minutes per Item
  ,                                       !- Adjust Schedule for Daylight Savings
  Yes;                                    !- Translate File With Relative Path

OS:ElectricEquipment:Definition,
  {ca8033e6-f93d-4f0a-b2af-5ecc58dd244d}, !- Handle
  clothes washer,                         !- Name
  EquipmentLevel,                         !- Design Level Calculation Method
  265.983068164047,                       !- Design Level {W}
  ,                                       !- Watts per Space Floor Area {W/m2}
  ,                                       !- Watts per Person {W/person}
  0.03,                                   !- Fraction Latent
  0.162,                                  !- Fraction Radiant
  0.7;                                    !- Fraction Lost

OS:ElectricEquipment,
  {0763aa5b-bbcd-4998-b5f7-34e7bbd6ce6a}, !- Handle
  clothes washer,                         !- Name
  {ca8033e6-f93d-4f0a-b2af-5ecc58dd244d}, !- Electric Equipment Definition Name
  {d5015664-5053-4d4c-bbda-18682420aec3}, !- Space or SpaceType Name
  {8850efa3-fa18-49c3-8f1f-bdb13b7dbc84}, !- Schedule Name
  ,                                       !- Multiplier
  clothes washer;                         !- End-Use Subcategory

OS:Schedule:File,
  {d89ebb40-f905-4ff3-8473-091c8e961085}, !- Handle
  clothes_dryer,                          !- Name
  {8ae902a4-676e-40b0-a575-57e866ba82a1}, !- Schedule Type Limits Name
  {65071d6d-3b75-469a-b36d-cc88172bb03a}, !- External File Name
  8,                                      !- Column Number
  1,                                      !- Rows to Skip at Top
  8760,                                   !- Number of Hours of Data
  ,                                       !- Column Separator
  Yes,                                    !- Interpolate to Timestep
  15,                                     !- Minutes per Item
  ,                                       !- Adjust Schedule for Daylight Savings
  Yes;                                    !- Translate File With Relative Path

OS:ElectricEquipment:Definition,
  {42040980-cfbe-4ad5-9779-c6e7e42db5bd}, !- Handle
  clothes dryer,                          !- Name
  EquipmentLevel,                         !- Design Level Calculation Method
  1278.90269149448,                       !- Design Level {W}
  ,                                       !- Watts per Space Floor Area {W/m2}
  ,                                       !- Watts per Person {W/person}
  0.015,                                  !- Fraction Latent
  0.081,                                  !- Fraction Radiant
  0.85;                                   !- Fraction Lost

OS:ElectricEquipment,
  {ca8eca2b-74b8-4bf7-b0ab-9968d38b7cef}, !- Handle
  clothes dryer,                          !- Name
  {42040980-cfbe-4ad5-9779-c6e7e42db5bd}, !- Electric Equipment Definition Name
  {d5015664-5053-4d4c-bbda-18682420aec3}, !- Space or SpaceType Name
  {d89ebb40-f905-4ff3-8473-091c8e961085}, !- Schedule Name
  ,                                       !- Multiplier
  clothes dryer;                          !- End-Use Subcategory

OS:OtherEquipment:Definition,
  {fe869668-6b7f-4b96-b2aa-4337858cef8f}, !- Handle
  clothes dryer 2,                        !- Name
  EquipmentLevel,                         !- Design Level Calculation Method
  0,                                      !- Design Level {W}
  ,                                       !- Watts per Space Floor Area {W/m2}
  ,                                       !- Watts per Person {W/Person}
  0.015,                                  !- Fraction Latent
  0.081,                                  !- Fraction Radiant
  0.85;                                   !- Fraction Lost

OS:OtherEquipment,
  {e615b07b-8a00-412e-aa35-e889ea32b7e1}, !- Handle
  clothes dryer 1,                        !- Name
  {fe869668-6b7f-4b96-b2aa-4337858cef8f}, !- Other Equipment Definition Name
  {d5015664-5053-4d4c-bbda-18682420aec3}, !- Space or SpaceType Name
  {d89ebb40-f905-4ff3-8473-091c8e961085}, !- Schedule Name
  ,                                       !- Multiplier
  Electricity,                            !- Fuel Type
  clothes dryer;                          !- End-Use Subcategory

OS:Schedule:Constant,
  {011ac335-d10c-4d7c-80a9-c8a9f8be05be}, !- Handle
  fridge schedule,                        !- Name
  {8ae902a4-676e-40b0-a575-57e866ba82a1}, !- Schedule Type Limits Name
  0;                                      !- Value

OS:EnergyManagementSystem:Sensor,
  {df7212cb-1923-42da-b96f-51c6146bad03}, !- Handle
  fridge_tin_s,                           !- Name
  conditioned space,                      !- Output Variable or Output Meter Index Key Name
  Zone Mean Air Temperature;              !- Output Variable or Output Meter Name

OS:EnergyManagementSystem:Actuator,
  {8b2957c6-0c41-4eff-8975-c395c5381f64}, !- Handle
  fridge_schedule_act,                    !- Name
  {011ac335-d10c-4d7c-80a9-c8a9f8be05be}, !- Actuated Component Name
  Schedule:Constant,                      !- Actuated Component Type
  Schedule Value,                         !- Actuated Component Control Type
  ;                                       !- Zone or Space Name

OS:EnergyManagementSystem:Program,
  {f5f92c40-64ad-4d44-a540-8910733c23f8}, !- Handle
  fridge_schedule_program,                !- Name
  Set Tin = fridge_tin_s*(9.0/5.0)+32.0,  !- Program Line 1
  Set fridge_schedule_act = 0,            !- Program Line 2
  If (Hour == 0),                         !- Program Line 3
  Set fridge_schedule_act = (-0.487+0.019*Tin), !- Program Line 4
  ElseIf (Hour == 1),                     !- Program Line 5
  Set fridge_schedule_act = (-0.34+0.016*Tin), !- Program Line 6
  ElseIf (Hour == 2),                     !- Program Line 7
  Set fridge_schedule_act = (-0.37+0.017*Tin), !- Program Line 8
  ElseIf (Hour == 3),                     !- Program Line 9
  Set fridge_schedule_act = (-0.361+0.016*Tin), !- Program Line 10
  ElseIf (Hour == 4),                     !- Program Line 11
  Set fridge_schedule_act = (-0.515+0.018*Tin), !- Program Line 12
  ElseIf (Hour == 5),                     !- Program Line 13
  Set fridge_schedule_act = (-0.684+0.021*Tin), !- Program Line 14
  ElseIf (Hour == 6),                     !- Program Line 15
  Set fridge_schedule_act = (-0.471+0.019*Tin), !- Program Line 16
  ElseIf (Hour == 7),                     !- Program Line 17
  Set fridge_schedule_act = (-0.159+0.015*Tin), !- Program Line 18
  ElseIf (Hour == 8),                     !- Program Line 19
  Set fridge_schedule_act = (-0.079+0.015*Tin), !- Program Line 20
  ElseIf (Hour == 9),                     !- Program Line 21
  Set fridge_schedule_act = (-0.417+0.019*Tin), !- Program Line 22
  ElseIf (Hour == 10),                    !- Program Line 23
  Set fridge_schedule_act = (-0.411+0.018*Tin), !- Program Line 24
  ElseIf (Hour == 11),                    !- Program Line 25
  Set fridge_schedule_act = (-0.386+0.018*Tin), !- Program Line 26
  ElseIf (Hour == 12),                    !- Program Line 27
  Set fridge_schedule_act = (-0.24+0.016*Tin), !- Program Line 28
  ElseIf (Hour == 13),                    !- Program Line 29
  Set fridge_schedule_act = (-0.314+0.017*Tin), !- Program Line 30
  ElseIf (Hour == 14),                    !- Program Line 31
  Set fridge_schedule_act = (-0.16+0.015*Tin), !- Program Line 32
  ElseIf (Hour == 15),                    !- Program Line 33
  Set fridge_schedule_act = (-0.121+0.015*Tin), !- Program Line 34
  ElseIf (Hour == 16),                    !- Program Line 35
  Set fridge_schedule_act = (-0.469+0.02*Tin), !- Program Line 36
  ElseIf (Hour == 17),                    !- Program Line 37
  Set fridge_schedule_act = (-0.412+0.02*Tin), !- Program Line 38
  ElseIf (Hour == 18),                    !- Program Line 39
  Set fridge_schedule_act = (-0.091+0.017*Tin), !- Program Line 40
  ElseIf (Hour == 19),                    !- Program Line 41
  Set fridge_schedule_act = (0.077+0.014*Tin), !- Program Line 42
  ElseIf (Hour == 20),                    !- Program Line 43
  Set fridge_schedule_act = (-0.118+0.016*Tin), !- Program Line 44
  ElseIf (Hour == 21),                    !- Program Line 45
  Set fridge_schedule_act = (-0.247+0.017*Tin), !- Program Line 46
  ElseIf (Hour == 22),                    !- Program Line 47
  Set fridge_schedule_act = (-0.445+0.019*Tin), !- Program Line 48
  ElseIf (Hour == 23),                    !- Program Line 49
  Set fridge_schedule_act = (-0.544+0.02*Tin), !- Program Line 50
  EndIf;                                  !- Program Line 51

OS:EnergyManagementSystem:ProgramCallingManager,
  {41589426-e7bf-48df-973a-40346fe58b45}, !- Handle
  fridge_schedule_program_calling_manager, !- Name
  BeginZoneTimestepAfterInitHeatBalance,  !- EnergyPlus Model Calling Point
  {f5f92c40-64ad-4d44-a540-8910733c23f8}; !- Program Name 1

OS:ElectricEquipment:Definition,
  {2627f043-9f5e-4e07-90e5-93745aefd049}, !- Handle
  fridge,                                 !- Name
  EquipmentLevel,                         !- Design Level Calculation Method
  52.0547945205479,                       !- Design Level {W}
  ,                                       !- Watts per Space Floor Area {W/m2}
  ,                                       !- Watts per Person {W/person}
  0,                                      !- Fraction Latent
  0.6,                                    !- Fraction Radiant
  0;                                      !- Fraction Lost

OS:ElectricEquipment,
  {8e6a7896-e312-47da-915e-7f032d69c95d}, !- Handle
  fridge,                                 !- Name
  {2627f043-9f5e-4e07-90e5-93745aefd049}, !- Electric Equipment Definition Name
  {d5015664-5053-4d4c-bbda-18682420aec3}, !- Space or SpaceType Name
  {011ac335-d10c-4d7c-80a9-c8a9f8be05be}, !- Schedule Name
  ,                                       !- Multiplier
  fridge;                                 !- End-Use Subcategory

OS:Schedule:Constant,
  {4470383c-3709-4e5e-9a66-111df691fabc}, !- Handle
  fridge schedule 1,                      !- Name
  {8ae902a4-676e-40b0-a575-57e866ba82a1}, !- Schedule Type Limits Name
  0;                                      !- Value

OS:EnergyManagementSystem:Sensor,
  {1f2f0483-9103-44d2-8d8f-2e32aed72658}, !- Handle
  fridge_tin_s_1,                         !- Name
  conditioned space,                      !- Output Variable or Output Meter Index Key Name
  Zone Mean Air Temperature;              !- Output Variable or Output Meter Name

OS:EnergyManagementSystem:Actuator,
  {6cf9885d-34de-4b57-be73-b2ebbe390461}, !- Handle
  fridge_schedule_1_act,                  !- Name
  {4470383c-3709-4e5e-9a66-111df691fabc}, !- Actuated Component Name
  Schedule:Constant,                      !- Actuated Component Type
  Schedule Value,                         !- Actuated Component Control Type
  ;                                       !- Zone or Space Name

OS:EnergyManagementSystem:Program,
  {964cbbba-db3d-48dd-b44c-455de190b1aa}, !- Handle
  fridge_schedule_1_program,              !- Name
  Set Tin = fridge_tin_s_1*(9.0/5.0)+32.0, !- Program Line 1
  Set fridge_schedule_1_act = 0,          !- Program Line 2
  If (Hour == 0),                         !- Program Line 3
  Set fridge_schedule_1_act = (-0.487+0.019*Tin), !- Program Line 4
  ElseIf (Hour == 1),                     !- Program Line 5
  Set fridge_schedule_1_act = (-0.34+0.016*Tin), !- Program Line 6
  ElseIf (Hour == 2),                     !- Program Line 7
  Set fridge_schedule_1_act = (-0.37+0.017*Tin), !- Program Line 8
  ElseIf (Hour == 3),                     !- Program Line 9
  Set fridge_schedule_1_act = (-0.361+0.016*Tin), !- Program Line 10
  ElseIf (Hour == 4),                     !- Program Line 11
  Set fridge_schedule_1_act = (-0.515+0.018*Tin), !- Program Line 12
  ElseIf (Hour == 5),                     !- Program Line 13
  Set fridge_schedule_1_act = (-0.684+0.021*Tin), !- Program Line 14
  ElseIf (Hour == 6),                     !- Program Line 15
  Set fridge_schedule_1_act = (-0.471+0.019*Tin), !- Program Line 16
  ElseIf (Hour == 7),                     !- Program Line 17
  Set fridge_schedule_1_act = (-0.159+0.015*Tin), !- Program Line 18
  ElseIf (Hour == 8),                     !- Program Line 19
  Set fridge_schedule_1_act = (-0.079+0.015*Tin), !- Program Line 20
  ElseIf (Hour == 9),                     !- Program Line 21
  Set fridge_schedule_1_act = (-0.417+0.019*Tin), !- Program Line 22
  ElseIf (Hour == 10),                    !- Program Line 23
  Set fridge_schedule_1_act = (-0.411+0.018*Tin), !- Program Line 24
  ElseIf (Hour == 11),                    !- Program Line 25
  Set fridge_schedule_1_act = (-0.386+0.018*Tin), !- Program Line 26
  ElseIf (Hour == 12),                    !- Program Line 27
  Set fridge_schedule_1_act = (-0.24+0.016*Tin), !- Program Line 28
  ElseIf (Hour == 13),                    !- Program Line 29
  Set fridge_schedule_1_act = (-0.314+0.017*Tin), !- Program Line 30
  ElseIf (Hour == 14),                    !- Program Line 31
  Set fridge_schedule_1_act = (-0.16+0.015*Tin), !- Program Line 32
  ElseIf (Hour == 15),                    !- Program Line 33
  Set fridge_schedule_1_act = (-0.121+0.015*Tin), !- Program Line 34
  ElseIf (Hour == 16),                    !- Program Line 35
  Set fridge_schedule_1_act = (-0.469+0.02*Tin), !- Program Line 36
  ElseIf (Hour == 17),                    !- Program Line 37
  Set fridge_schedule_1_act = (-0.412+0.02*Tin), !- Program Line 38
  ElseIf (Hour == 18),                    !- Program Line 39
  Set fridge_schedule_1_act = (-0.091+0.017*Tin), !- Program Line 40
  ElseIf (Hour == 19),                    !- Program Line 41
  Set fridge_schedule_1_act = (-0.077+0.014*Tin), !- Program Line 42
  ElseIf (Hour == 20),                    !- Program Line 43
  Set fridge_schedule_1_act = (-0.118+0.016*Tin), !- Program Line 44
  ElseIf (Hour == 21),                    !- Program Line 45
  Set fridge_schedule_1_act = (-0.247+0.017*Tin), !- Program Line 46
  ElseIf (Hour == 22),                    !- Program Line 47
  Set fridge_schedule_1_act = (-0.445+0.019*Tin), !- Program Line 48
  ElseIf (Hour == 23),                    !- Program Line 49
  Set fridge_schedule_1_act = (-0.544+0.02*Tin), !- Program Line 50
  EndIf;                                  !- Program Line 51

OS:EnergyManagementSystem:ProgramCallingManager,
  {36d86971-2492-4ecb-a4bf-840484aa1fc6}, !- Handle
  fridge_schedule_1_program_calling_manager, !- Name
  BeginZoneTimestepAfterInitHeatBalance,  !- EnergyPlus Model Calling Point
  {964cbbba-db3d-48dd-b44c-455de190b1aa}; !- Program Name 1

OS:ElectricEquipment:Definition,
  {401e320f-8773-441e-a950-8d9482bc2e62}, !- Handle
  fridge 2,                               !- Name
  EquipmentLevel,                         !- Design Level Calculation Method
  90.9497716894977,                       !- Design Level {W}
  ,                                       !- Watts per Space Floor Area {W/m2}
  ,                                       !- Watts per Person {W/person}
  0,                                      !- Fraction Latent
  0.6,                                    !- Fraction Radiant
  0;                                      !- Fraction Lost

OS:ElectricEquipment,
  {e644e9af-6b33-4e3e-812e-6c4dbf29f3d2}, !- Handle
  fridge 1,                               !- Name
  {401e320f-8773-441e-a950-8d9482bc2e62}, !- Electric Equipment Definition Name
  {d5015664-5053-4d4c-bbda-18682420aec3}, !- Space or SpaceType Name
  {4470383c-3709-4e5e-9a66-111df691fabc}, !- Schedule Name
  ,                                       !- Multiplier
  fridge;                                 !- End-Use Subcategory

OS:Schedule:File,
  {9bfcedb1-d0ae-4b70-b7bc-cc68efdfed59}, !- Handle
  cooking_range,                          !- Name
  {8ae902a4-676e-40b0-a575-57e866ba82a1}, !- Schedule Type Limits Name
  {65071d6d-3b75-469a-b36d-cc88172bb03a}, !- External File Name
  9,                                      !- Column Number
  1,                                      !- Rows to Skip at Top
  8760,                                   !- Number of Hours of Data
  ,                                       !- Column Separator
  Yes,                                    !- Interpolate to Timestep
  15,                                     !- Minutes per Item
  ,                                       !- Adjust Schedule for Daylight Savings
  Yes;                                    !- Translate File With Relative Path

OS:ElectricEquipment:Definition,
  {3ff65ae4-55cf-4714-a488-604550d33138}, !- Handle
  cooking range,                          !- Name
  EquipmentLevel,                         !- Design Level Calculation Method
  75.7785146339691,                       !- Design Level {W}
  ,                                       !- Watts per Space Floor Area {W/m2}
  ,                                       !- Watts per Person {W/person}
  0.16,                                   !- Fraction Latent
  0.384,                                  !- Fraction Radiant
  0.2;                                    !- Fraction Lost

OS:ElectricEquipment,
  {e9658ce2-2fe5-4459-a0e7-b8480e6380f6}, !- Handle
  cooking range,                          !- Name
  {3ff65ae4-55cf-4714-a488-604550d33138}, !- Electric Equipment Definition Name
  {d5015664-5053-4d4c-bbda-18682420aec3}, !- Space or SpaceType Name
  {9bfcedb1-d0ae-4b70-b7bc-cc68efdfed59}, !- Schedule Name
  ,                                       !- Multiplier
  cooking range;                          !- End-Use Subcategory

OS:OtherEquipment:Definition,
  {b953f319-fc21-4f35-931b-0cec136d800d}, !- Handle
  cooking range 2,                        !- Name
  EquipmentLevel,                         !- Design Level Calculation Method
  2220.84903798387,                       !- Design Level {W}
  ,                                       !- Watts per Space Floor Area {W/m2}
  ,                                       !- Watts per Person {W/Person}
  0.16,                                   !- Fraction Latent
  0.384,                                  !- Fraction Radiant
  0.2;                                    !- Fraction Lost

OS:OtherEquipment,
  {21a85c03-df8c-46be-9b32-362a8e4d840a}, !- Handle
  cooking range 1,                        !- Name
  {b953f319-fc21-4f35-931b-0cec136d800d}, !- Other Equipment Definition Name
  {d5015664-5053-4d4c-bbda-18682420aec3}, !- Space or SpaceType Name
  {9bfcedb1-d0ae-4b70-b7bc-cc68efdfed59}, !- Schedule Name
  ,                                       !- Multiplier
  NaturalGas,                             !- Fuel Type
  cooking range;                          !- End-Use Subcategory

OS:Schedule:FixedInterval,
  {0d1890bc-ee41-4436-bd45-2cb774fa5a60}, !- Handle
  mains temperature schedule,             !- Name
  {d81afbc2-ccd0-4db8-8eb6-ee7af424c25b}, !- Schedule Type Limits Name
  ,                                       !- Translate to Schedule File
  ,                                       !- Interpolate to Timestep
  1440,                                   !- Interval Length {minutes}
  ,                                       !- Out Of Range Value
  1,                                      !- Start Month
  1,                                      !- Start Day
  13.0633333333333,                       !- Value 1
  13.0188888888889,                       !- Value 2
  12.975,                                 !- Value 3
  12.9327777777778,                       !- Value 4
  12.8916666666667,                       !- Value 5
  12.8516666666667,                       !- Value 6
  12.8122222222222,                       !- Value 7
  12.7744444444444,                       !- Value 8
  12.7377777777778,                       !- Value 9
  12.7016666666667,                       !- Value 10
  12.6672222222222,                       !- Value 11
  12.6338888888889,                       !- Value 12
  12.6016666666667,                       !- Value 13
  12.5705555555556,                       !- Value 14
  12.5411111111111,                       !- Value 15
  12.5122222222222,                       !- Value 16
  12.485,                                 !- Value 17
  12.4583333333333,                       !- Value 18
  12.4333333333333,                       !- Value 19
  12.41,                                  !- Value 20
  12.3872222222222,                       !- Value 21
  12.3661111111111,                       !- Value 22
  12.3455555555556,                       !- Value 23
  12.3272222222222,                       !- Value 24
  12.3094444444444,                       !- Value 25
  12.2933333333333,                       !- Value 26
  12.2783333333333,                       !- Value 27
  12.2644444444444,                       !- Value 28
  12.2516666666667,                       !- Value 29
  12.2405555555556,                       !- Value 30
  12.2305555555556,                       !- Value 31
  12.2222222222222,                       !- Value 32
  12.215,                                 !- Value 33
  12.2088888888889,                       !- Value 34
  12.2038888888889,                       !- Value 35
  12.2005555555556,                       !- Value 36
  12.1983333333333,                       !- Value 37
  12.1977777777778,                       !- Value 38
  12.1977777777778,                       !- Value 39
  12.2,                                   !- Value 40
  12.2027777777778,                       !- Value 41
  12.2072222222222,                       !- Value 42
  12.2127777777778,                       !- Value 43
  12.2194444444444,                       !- Value 44
  12.2277777777778,                       !- Value 45
  12.2372222222222,                       !- Value 46
  12.2483333333333,                       !- Value 47
  12.26,                                  !- Value 48
  12.2733333333333,                       !- Value 49
  12.2883333333333,                       !- Value 50
  12.3038888888889,                       !- Value 51
  12.3211111111111,                       !- Value 52
  12.3394444444444,                       !- Value 53
  12.3594444444444,                       !- Value 54
  12.38,                                  !- Value 55
  12.4022222222222,                       !- Value 56
  12.4255555555556,                       !- Value 57
  12.4505555555556,                       !- Value 58
  12.4761111111111,                       !- Value 59
  12.5033333333333,                       !- Value 60
  12.5316666666667,                       !- Value 61
  12.5611111111111,                       !- Value 62
  12.5916666666667,                       !- Value 63
  12.6233333333333,                       !- Value 64
  12.6566666666667,                       !- Value 65
  12.6905555555556,                       !- Value 66
  12.7261111111111,                       !- Value 67
  12.7627777777778,                       !- Value 68
  12.8,                                   !- Value 69
  12.8388888888889,                       !- Value 70
  12.8788888888889,                       !- Value 71
  12.9194444444444,                       !- Value 72
  12.9616666666667,                       !- Value 73
  13.0044444444444,                       !- Value 74
  13.0488888888889,                       !- Value 75
  13.0938888888889,                       !- Value 76
  13.14,                                  !- Value 77
  13.1872222222222,                       !- Value 78
  13.2355555555556,                       !- Value 79
  13.285,                                 !- Value 80
  13.335,                                 !- Value 81
  13.3861111111111,                       !- Value 82
  13.4383333333333,                       !- Value 83
  13.4911111111111,                       !- Value 84
  13.545,                                 !- Value 85
  13.6,                                   !- Value 86
  13.6555555555556,                       !- Value 87
  13.7122222222222,                       !- Value 88
  13.77,                                  !- Value 89
  13.8283333333333,                       !- Value 90
  13.8872222222222,                       !- Value 91
  13.9472222222222,                       !- Value 92
  14.0077777777778,                       !- Value 93
  14.0688888888889,                       !- Value 94
  14.1311111111111,                       !- Value 95
  14.1944444444444,                       !- Value 96
  14.2577777777778,                       !- Value 97
  14.3222222222222,                       !- Value 98
  14.3872222222222,                       !- Value 99
  14.4527777777778,                       !- Value 100
  14.5188888888889,                       !- Value 101
  14.5855555555556,                       !- Value 102
  14.6533333333333,                       !- Value 103
  14.7211111111111,                       !- Value 104
  14.7894444444444,                       !- Value 105
  14.8588888888889,                       !- Value 106
  14.9283333333333,                       !- Value 107
  14.9983333333333,                       !- Value 108
  15.0688888888889,                       !- Value 109
  15.14,                                  !- Value 110
  15.2111111111111,                       !- Value 111
  15.2833333333333,                       !- Value 112
  15.3555555555556,                       !- Value 113
  15.4277777777778,                       !- Value 114
  15.5005555555556,                       !- Value 115
  15.5738888888889,                       !- Value 116
  15.6477777777778,                       !- Value 117
  15.7211111111111,                       !- Value 118
  15.7955555555556,                       !- Value 119
  15.8694444444444,                       !- Value 120
  15.9438888888889,                       !- Value 121
  16.0188888888889,                       !- Value 122
  16.0938888888889,                       !- Value 123
  16.1688888888889,                       !- Value 124
  16.2438888888889,                       !- Value 125
  16.3188888888889,                       !- Value 126
  16.3944444444444,                       !- Value 127
  16.4694444444444,                       !- Value 128
  16.545,                                 !- Value 129
  16.6205555555556,                       !- Value 130
  16.6955555555556,                       !- Value 131
  16.7711111111111,                       !- Value 132
  16.8461111111111,                       !- Value 133
  16.9216666666667,                       !- Value 134
  16.9966666666667,                       !- Value 135
  17.0716666666667,                       !- Value 136
  17.1466666666667,                       !- Value 137
  17.2211111111111,                       !- Value 138
  17.2955555555556,                       !- Value 139
  17.37,                                  !- Value 140
  17.4438888888889,                       !- Value 141
  17.5177777777778,                       !- Value 142
  17.5911111111111,                       !- Value 143
  17.6644444444444,                       !- Value 144
  17.7372222222222,                       !- Value 145
  17.8094444444444,                       !- Value 146
  17.8816666666667,                       !- Value 147
  17.9533333333333,                       !- Value 148
  18.025,                                 !- Value 149
  18.0961111111111,                       !- Value 150
  18.1661111111111,                       !- Value 151
  18.2361111111111,                       !- Value 152
  18.3061111111111,                       !- Value 153
  18.375,                                 !- Value 154
  18.4433333333333,                       !- Value 155
  18.5111111111111,                       !- Value 156
  18.5788888888889,                       !- Value 157
  18.6455555555556,                       !- Value 158
  18.7116666666667,                       !- Value 159
  18.7772222222222,                       !- Value 160
  18.8416666666667,                       !- Value 161
  18.9061111111111,                       !- Value 162
  18.9694444444444,                       !- Value 163
  19.0322222222222,                       !- Value 164
  19.0944444444444,                       !- Value 165
  19.1555555555556,                       !- Value 166
  19.2166666666667,                       !- Value 167
  19.2761111111111,                       !- Value 168
  19.335,                                 !- Value 169
  19.3933333333333,                       !- Value 170
  19.4505555555556,                       !- Value 171
  19.5072222222222,                       !- Value 172
  19.5627777777778,                       !- Value 173
  19.6172222222222,                       !- Value 174
  19.6711111111111,                       !- Value 175
  19.7244444444444,                       !- Value 176
  19.7761111111111,                       !- Value 177
  19.8272222222222,                       !- Value 178
  19.8772222222222,                       !- Value 179
  19.9266666666667,                       !- Value 180
  19.9744444444444,                       !- Value 181
  20.0216666666667,                       !- Value 182
  20.0677777777778,                       !- Value 183
  20.1127777777778,                       !- Value 184
  20.1566666666667,                       !- Value 185
  20.1994444444444,                       !- Value 186
  20.2416666666667,                       !- Value 187
  20.2822222222222,                       !- Value 188
  20.3222222222222,                       !- Value 189
  20.3605555555556,                       !- Value 190
  20.3977777777778,                       !- Value 191
  20.4344444444444,                       !- Value 192
  20.4694444444444,                       !- Value 193
  20.5033333333333,                       !- Value 194
  20.5366666666667,                       !- Value 195
  20.5683333333333,                       !- Value 196
  20.5983333333333,                       !- Value 197
  20.6277777777778,                       !- Value 198
  20.6561111111111,                       !- Value 199
  20.6827777777778,                       !- Value 200
  20.7088888888889,                       !- Value 201
  20.7333333333333,                       !- Value 202
  20.7561111111111,                       !- Value 203
  20.7783333333333,                       !- Value 204
  20.7988888888889,                       !- Value 205
  20.8188888888889,                       !- Value 206
  20.8366666666667,                       !- Value 207
  20.8538888888889,                       !- Value 208
  20.8694444444444,                       !- Value 209
  20.8838888888889,                       !- Value 210
  20.8972222222222,                       !- Value 211
  20.9094444444444,                       !- Value 212
  20.92,                                  !- Value 213
  20.9288888888889,                       !- Value 214
  20.9372222222222,                       !- Value 215
  20.9438888888889,                       !- Value 216
  20.9494444444444,                       !- Value 217
  20.9533333333333,                       !- Value 218
  20.9566666666667,                       !- Value 219
  20.9577777777778,                       !- Value 220
  20.9583333333333,                       !- Value 221
  20.9572222222222,                       !- Value 222
  20.955,                                 !- Value 223
  20.9511111111111,                       !- Value 224
  20.9466666666667,                       !- Value 225
  20.94,                                  !- Value 226
  20.9327777777778,                       !- Value 227
  20.9238888888889,                       !- Value 228
  20.9138888888889,                       !- Value 229
  20.9027777777778,                       !- Value 230
  20.89,                                  !- Value 231
  20.8761111111111,                       !- Value 232
  20.8611111111111,                       !- Value 233
  20.8444444444444,                       !- Value 234
  20.8266666666667,                       !- Value 235
  20.8077777777778,                       !- Value 236
  20.7872222222222,                       !- Value 237
  20.7661111111111,                       !- Value 238
  20.7433333333333,                       !- Value 239
  20.7194444444444,                       !- Value 240
  20.6944444444444,                       !- Value 241
  20.6677777777778,                       !- Value 242
  20.64,                                  !- Value 243
  20.6111111111111,                       !- Value 244
  20.5811111111111,                       !- Value 245
  20.55,                                  !- Value 246
  20.5177777777778,                       !- Value 247
  20.4844444444444,                       !- Value 248
  20.4494444444444,                       !- Value 249
  20.4138888888889,                       !- Value 250
  20.3766666666667,                       !- Value 251
  20.3388888888889,                       !- Value 252
  20.2994444444444,                       !- Value 253
  20.2594444444444,                       !- Value 254
  20.2177777777778,                       !- Value 255
  20.1755555555556,                       !- Value 256
  20.1316666666667,                       !- Value 257
  20.0872222222222,                       !- Value 258
  20.0416666666667,                       !- Value 259
  19.995,                                 !- Value 260
  19.9472222222222,                       !- Value 261
  19.8983333333333,                       !- Value 262
  19.8488888888889,                       !- Value 263
  19.7983333333333,                       !- Value 264
  19.7466666666667,                       !- Value 265
  19.6944444444444,                       !- Value 266
  19.6405555555556,                       !- Value 267
  19.5866666666667,                       !- Value 268
  19.5311111111111,                       !- Value 269
  19.475,                                 !- Value 270
  19.4183333333333,                       !- Value 271
  19.3605555555556,                       !- Value 272
  19.3016666666667,                       !- Value 273
  19.2422222222222,                       !- Value 274
  19.1822222222222,                       !- Value 275
  19.1211111111111,                       !- Value 276
  19.0594444444444,                       !- Value 277
  18.9966666666667,                       !- Value 278
  18.9333333333333,                       !- Value 279
  18.8694444444444,                       !- Value 280
  18.805,                                 !- Value 281
  18.74,                                  !- Value 282
  18.6738888888889,                       !- Value 283
  18.6072222222222,                       !- Value 284
  18.5405555555556,                       !- Value 285
  18.4727777777778,                       !- Value 286
  18.4044444444444,                       !- Value 287
  18.3355555555556,                       !- Value 288
  18.2661111111111,                       !- Value 289
  18.1966666666667,                       !- Value 290
  18.1261111111111,                       !- Value 291
  18.0555555555556,                       !- Value 292
  17.9844444444444,                       !- Value 293
  17.9127777777778,                       !- Value 294
  17.8405555555556,                       !- Value 295
  17.7683333333333,                       !- Value 296
  17.6955555555556,                       !- Value 297
  17.6227777777778,                       !- Value 298
  17.5494444444444,                       !- Value 299
  17.4755555555556,                       !- Value 300
  17.4016666666667,                       !- Value 301
  17.3277777777778,                       !- Value 302
  17.2533333333333,                       !- Value 303
  17.1788888888889,                       !- Value 304
  17.1038888888889,                       !- Value 305
  17.0288888888889,                       !- Value 306
  16.9538888888889,                       !- Value 307
  16.8788888888889,                       !- Value 308
  16.8033333333333,                       !- Value 309
  16.7283333333333,                       !- Value 310
  16.6527777777778,                       !- Value 311
  16.5772222222222,                       !- Value 312
  16.5022222222222,                       !- Value 313
  16.4266666666667,                       !- Value 314
  16.3516666666667,                       !- Value 315
  16.2761111111111,                       !- Value 316
  16.2011111111111,                       !- Value 317
  16.1261111111111,                       !- Value 318
  16.0511111111111,                       !- Value 319
  15.9761111111111,                       !- Value 320
  15.9016666666667,                       !- Value 321
  15.8272222222222,                       !- Value 322
  15.7533333333333,                       !- Value 323
  15.6794444444444,                       !- Value 324
  15.6055555555556,                       !- Value 325
  15.5322222222222,                       !- Value 326
  15.4594444444444,                       !- Value 327
  15.3866666666667,                       !- Value 328
  15.3144444444444,                       !- Value 329
  15.2422222222222,                       !- Value 330
  15.1705555555556,                       !- Value 331
  15.0994444444444,                       !- Value 332
  15.0288888888889,                       !- Value 333
  14.9583333333333,                       !- Value 334
  14.8888888888889,                       !- Value 335
  14.8194444444444,                       !- Value 336
  14.7505555555556,                       !- Value 337
  14.6822222222222,                       !- Value 338
  14.6144444444444,                       !- Value 339
  14.5477777777778,                       !- Value 340
  14.4811111111111,                       !- Value 341
  14.415,                                 !- Value 342
  14.35,                                  !- Value 343
  14.2855555555556,                       !- Value 344
  14.2216666666667,                       !- Value 345
  14.1583333333333,                       !- Value 346
  14.0961111111111,                       !- Value 347
  14.0338888888889,                       !- Value 348
  13.9733333333333,                       !- Value 349
  13.9127777777778,                       !- Value 350
  13.8533333333333,                       !- Value 351
  13.795,                                 !- Value 352
  13.7372222222222,                       !- Value 353
  13.68,                                  !- Value 354
  13.6238888888889,                       !- Value 355
  13.5688888888889,                       !- Value 356
  13.5144444444444,                       !- Value 357
  13.4611111111111,                       !- Value 358
  13.4083333333333,                       !- Value 359
  13.3572222222222,                       !- Value 360
  13.3061111111111,                       !- Value 361
  13.2566666666667,                       !- Value 362
  13.2077777777778,                       !- Value 363
  13.1605555555556,                       !- Value 364
  13.1138888888889;                       !- Value 365

OS:Site:WaterMainsTemperature,
  {24329361-0448-4957-83d1-a035ef582ce6}, !- Handle
  Schedule,                               !- Calculation Method
  {0d1890bc-ee41-4436-bd45-2cb774fa5a60}; !- Temperature Schedule Name

OS:Schedule:Constant,
  {5b92fbc9-bf6e-4d1c-8816-6cbdab7445a9}, !- Handle
  mixed water temperature schedule,       !- Name
  {d81afbc2-ccd0-4db8-8eb6-ee7af424c25b}, !- Schedule Type Limits Name
  40.5555555555556;                       !- Value

OS:Schedule:File,
  {7793704c-272f-41a6-a785-b5cbaeda6f55}, !- Handle
  hot_water_fixtures,                     !- Name
  {8ae902a4-676e-40b0-a575-57e866ba82a1}, !- Schedule Type Limits Name
  {65071d6d-3b75-469a-b36d-cc88172bb03a}, !- External File Name
  10,                                     !- Column Number
  1,                                      !- Rows to Skip at Top
  8760,                                   !- Number of Hours of Data
  ,                                       !- Column Separator
  Yes,                                    !- Interpolate to Timestep
  15,                                     !- Minutes per Item
  ,                                       !- Adjust Schedule for Daylight Savings
  Yes;                                    !- Translate File With Relative Path

OS:WaterUse:Equipment:Definition,
  {ba8129df-ca91-4bf0-b3c7-ad70143c07af}, !- Handle
  dhw fixtures,                           !- Name
  dhw fixtures,                           !- End-Use Subcategory
  2.93604924576068e-05,                   !- Peak Flow Rate {m3/s}
  {5b92fbc9-bf6e-4d1c-8816-6cbdab7445a9}; !- Target Temperature Schedule Name

OS:WaterUse:Equipment,
  {e3f25b8c-184e-4669-9557-563360d8b81a}, !- Handle
  dhw fixtures,                           !- Name
  {ba8129df-ca91-4bf0-b3c7-ad70143c07af}, !- Water Use Equipment Definition Name
  ,                                       !- Space Name
  {7793704c-272f-41a6-a785-b5cbaeda6f55}; !- Flow Rate Fraction Schedule Name

OS:WaterUse:Equipment:Definition,
  {6f2f294d-c2c6-487d-8197-93d162310a4c}, !- Handle
  dhw distribution waste,                 !- Name
  dhw distribution waste,                 !- End-Use Subcategory
  1.055331355719e-05,                     !- Peak Flow Rate {m3/s}
  {5b92fbc9-bf6e-4d1c-8816-6cbdab7445a9}; !- Target Temperature Schedule Name

OS:WaterUse:Equipment,
  {a091e98a-759e-48fe-b481-f55cc5441622}, !- Handle
  dhw distribution waste,                 !- Name
  {6f2f294d-c2c6-487d-8197-93d162310a4c}, !- Water Use Equipment Definition Name
  ,                                       !- Space Name
  {7793704c-272f-41a6-a785-b5cbaeda6f55}; !- Flow Rate Fraction Schedule Name

OS:Schedule:File,
  {9c0659f6-3fdf-4e90-89aa-e5b830141942}, !- Handle
  hot_water_clothes_washer,               !- Name
  {8ae902a4-676e-40b0-a575-57e866ba82a1}, !- Schedule Type Limits Name
  {65071d6d-3b75-469a-b36d-cc88172bb03a}, !- External File Name
  6,                                      !- Column Number
  1,                                      !- Rows to Skip at Top
  8760,                                   !- Number of Hours of Data
  ,                                       !- Column Separator
  Yes,                                    !- Interpolate to Timestep
  15,                                     !- Minutes per Item
  ,                                       !- Adjust Schedule for Daylight Savings
  Yes;                                    !- Translate File With Relative Path

OS:WaterUse:Equipment:Definition,
  {0a147d58-8c41-496f-9b33-d0f6bc88b8da}, !- Handle
  clothes washer,                         !- Name
  clothes washer,                         !- End-Use Subcategory
  1.75389715950827e-06;                   !- Peak Flow Rate {m3/s}

OS:WaterUse:Equipment,
  {13d72127-aa5f-4ac0-bf26-ec78576eca1a}, !- Handle
  clothes washer,                         !- Name
  {0a147d58-8c41-496f-9b33-d0f6bc88b8da}, !- Water Use Equipment Definition Name
  ,                                       !- Space Name
  {9c0659f6-3fdf-4e90-89aa-e5b830141942}; !- Flow Rate Fraction Schedule Name

OS:Schedule:File,
  {171fe38a-4923-4a29-b408-2f72ce818680}, !- Handle
  lighting_interior,                      !- Name
  {8ae902a4-676e-40b0-a575-57e866ba82a1}, !- Schedule Type Limits Name
  {65071d6d-3b75-469a-b36d-cc88172bb03a}, !- External File Name
  5,                                      !- Column Number
  1,                                      !- Rows to Skip at Top
  8760,                                   !- Number of Hours of Data
  ,                                       !- Column Separator
  Yes,                                    !- Interpolate to Timestep
  15,                                     !- Minutes per Item
  ,                                       !- Adjust Schedule for Daylight Savings
  Yes;                                    !- Translate File With Relative Path

OS:Lights:Definition,
  {a3fffe56-5fd8-4d30-b144-ed8bd89d3ed8}, !- Handle
  interior lighting,                      !- Name
  LightingLevel,                          !- Design Level Calculation Method
  237.911446716581,                       !- Lighting Level {W}
  ,                                       !- Watts per Space Floor Area {W/m2}
  ,                                       !- Watts per Person {W/person}
  0.6,                                    !- Fraction Radiant
  0.2,                                    !- Fraction Visible
  0;                                      !- Return Air Fraction

OS:Lights,
  {58028561-30c7-4012-9642-e361c0a25230}, !- Handle
  interior lighting,                      !- Name
  {a3fffe56-5fd8-4d30-b144-ed8bd89d3ed8}, !- Lights Definition Name
  {d5015664-5053-4d4c-bbda-18682420aec3}, !- Space or SpaceType Name
  {171fe38a-4923-4a29-b408-2f72ce818680}, !- Schedule Name
  1,                                      !- Fraction Replaceable
  ,                                       !- Multiplier
  interior lighting;                      !- End-Use Subcategory

OS:Schedule:Ruleset,
  {9713d9e8-e478-4c70-9767-34c7c124f447}, !- Handle
  exterior lighting schedule,             !- Name
  {8ae902a4-676e-40b0-a575-57e866ba82a1}, !- Schedule Type Limits Name
  {e7af6177-4555-4d49-b9a9-3768c1a9b12d}; !- Default Day Schedule Name

OS:Schedule:Day,
  {e7af6177-4555-4d49-b9a9-3768c1a9b12d}, !- Handle
  exterior lighting schedule default day, !- Name
  {8ae902a4-676e-40b0-a575-57e866ba82a1}, !- Schedule Type Limits Name
  ,                                       !- Interpolate to Timestep
  24,                                     !- Hour 1
  0,                                      !- Minute 1
  0;                                      !- Value Until Time 1

OS:Schedule:Rule,
  {8e7141f6-6f33-4094-b9b6-8bab2058660c}, !- Handle
  exterior lighting schedule allday rule, !- Name
  {9713d9e8-e478-4c70-9767-34c7c124f447}, !- Schedule Ruleset Name
  11,                                     !- Rule Order
  {e6c572da-2917-49e1-9c13-2624c23e7ff9}, !- Day Schedule Name
  Yes,                                    !- Apply Sunday
  Yes,                                    !- Apply Monday
  Yes,                                    !- Apply Tuesday
  Yes,                                    !- Apply Wednesday
  Yes,                                    !- Apply Thursday
  Yes,                                    !- Apply Friday
  Yes,                                    !- Apply Saturday
  DateRange,                              !- Date Specification Type
  1,                                      !- Start Month
  1,                                      !- Start Day
  1,                                      !- End Month
  31;                                     !- End Day

OS:Schedule:Day,
  {e6c572da-2917-49e1-9c13-2624c23e7ff9}, !- Handle
  exterior lighting schedule day,         !- Name
  {8ae902a4-676e-40b0-a575-57e866ba82a1}, !- Schedule Type Limits Name
  ,                                       !- Interpolate to Timestep
  1,                                      !- Hour 1
  0,                                      !- Minute 1
  0.566666666666667,                      !- Value Until Time 1
  3,                                      !- Hour 2
  0,                                      !- Minute 2
  0.524166666666667,                      !- Value Until Time 2
  5,                                      !- Hour 3
  0,                                      !- Minute 3
  0.495833333333333,                      !- Value Until Time 3
  6,                                      !- Hour 4
  0,                                      !- Minute 4
  0.5525,                                 !- Value Until Time 4
  7,                                      !- Hour 5
  0,                                      !- Minute 5
  0.623333333333333,                      !- Value Until Time 5
  8,                                      !- Hour 6
  0,                                      !- Minute 6
  0.580833333333333,                      !- Value Until Time 6
  9,                                      !- Hour 7
  0,                                      !- Minute 7
  0.439166666666667,                      !- Value Until Time 7
  10,                                     !- Hour 8
  0,                                      !- Minute 8
  0.354166666666667,                      !- Value Until Time 8
  12,                                     !- Hour 9
  0,                                      !- Minute 9
  0.34,                                   !- Value Until Time 9
  13,                                     !- Hour 10
  0,                                      !- Minute 10
  0.354166666666667,                      !- Value Until Time 10
  14,                                     !- Hour 11
  0,                                      !- Minute 11
  0.396666666666667,                      !- Value Until Time 11
  15,                                     !- Hour 12
  0,                                      !- Minute 12
  0.425,                                  !- Value Until Time 12
  16,                                     !- Hour 13
  0,                                      !- Minute 13
  0.495833333333333,                      !- Value Until Time 13
  17,                                     !- Hour 14
  0,                                      !- Minute 14
  0.623333333333333,                      !- Value Until Time 14
  18,                                     !- Hour 15
  0,                                      !- Minute 15
  0.793333333333333,                      !- Value Until Time 15
  19,                                     !- Hour 16
  0,                                      !- Minute 16
  0.906666666666667,                      !- Value Until Time 16
  20,                                     !- Hour 17
  0,                                      !- Minute 17
  0.963333333333333,                      !- Value Until Time 17
  21,                                     !- Hour 18
  0,                                      !- Minute 18
  0.991666666666667,                      !- Value Until Time 18
  22,                                     !- Hour 19
  0,                                      !- Minute 19
  0.920833333333333,                      !- Value Until Time 19
  23,                                     !- Hour 20
  0,                                      !- Minute 20
  0.793333333333333,                      !- Value Until Time 20
  24,                                     !- Hour 21
  0,                                      !- Minute 21
  0.665833333333333;                      !- Value Until Time 21

OS:Schedule:Rule,
  {e7213a73-6401-405a-9fb5-7b208f36ca76}, !- Handle
  exterior lighting schedule allday rule 1, !- Name
  {9713d9e8-e478-4c70-9767-34c7c124f447}, !- Schedule Ruleset Name
  10,                                     !- Rule Order
  {7f2fdf23-966b-4f95-af78-dc1b382b8779}, !- Day Schedule Name
  Yes,                                    !- Apply Sunday
  Yes,                                    !- Apply Monday
  Yes,                                    !- Apply Tuesday
  Yes,                                    !- Apply Wednesday
  Yes,                                    !- Apply Thursday
  Yes,                                    !- Apply Friday
  Yes,                                    !- Apply Saturday
  DateRange,                              !- Date Specification Type
  2,                                      !- Start Month
  1,                                      !- Start Day
  2,                                      !- End Month
  28;                                     !- End Day

OS:Schedule:Day,
  {7f2fdf23-966b-4f95-af78-dc1b382b8779}, !- Handle
  exterior lighting schedule day 1,       !- Name
  {8ae902a4-676e-40b0-a575-57e866ba82a1}, !- Schedule Type Limits Name
  ,                                       !- Interpolate to Timestep
  1,                                      !- Hour 1
  0,                                      !- Minute 1
  0.528571428571429,                      !- Value Until Time 1
  3,                                      !- Hour 2
  0,                                      !- Minute 2
  0.488928571428571,                      !- Value Until Time 2
  5,                                      !- Hour 3
  0,                                      !- Minute 3
  0.4625,                                 !- Value Until Time 3
  6,                                      !- Hour 4
  0,                                      !- Minute 4
  0.515357142857143,                      !- Value Until Time 4
  7,                                      !- Hour 5
  0,                                      !- Minute 5
  0.581428571428571,                      !- Value Until Time 5
  8,                                      !- Hour 6
  0,                                      !- Minute 6
  0.541785714285714,                      !- Value Until Time 6
  9,                                      !- Hour 7
  0,                                      !- Minute 7
  0.409642857142857,                      !- Value Until Time 7
  10,                                     !- Hour 8
  0,                                      !- Minute 8
  0.330357142857143,                      !- Value Until Time 8
  12,                                     !- Hour 9
  0,                                      !- Minute 9
  0.317142857142857,                      !- Value Until Time 9
  13,                                     !- Hour 10
  0,                                      !- Minute 10
  0.330357142857143,                      !- Value Until Time 10
  14,                                     !- Hour 11
  0,                                      !- Minute 11
  0.37,                                   !- Value Until Time 11
  15,                                     !- Hour 12
  0,                                      !- Minute 12
  0.396428571428571,                      !- Value Until Time 12
  16,                                     !- Hour 13
  0,                                      !- Minute 13
  0.4625,                                 !- Value Until Time 13
  17,                                     !- Hour 14
  0,                                      !- Minute 14
  0.581428571428571,                      !- Value Until Time 14
  18,                                     !- Hour 15
  0,                                      !- Minute 15
  0.74,                                   !- Value Until Time 15
  19,                                     !- Hour 16
  0,                                      !- Minute 16
  0.845714285714286,                      !- Value Until Time 16
  20,                                     !- Hour 17
  0,                                      !- Minute 17
  0.898571428571429,                      !- Value Until Time 17
  21,                                     !- Hour 18
  0,                                      !- Minute 18
  0.925,                                  !- Value Until Time 18
  22,                                     !- Hour 19
  0,                                      !- Minute 19
  0.858928571428571,                      !- Value Until Time 19
  23,                                     !- Hour 20
  0,                                      !- Minute 20
  0.74,                                   !- Value Until Time 20
  24,                                     !- Hour 21
  0,                                      !- Minute 21
  0.621071428571429;                      !- Value Until Time 21

OS:Schedule:Rule,
  {e92805c7-8e94-4d52-87d9-ade7278d06ac}, !- Handle
  exterior lighting schedule allday rule 2, !- Name
  {9713d9e8-e478-4c70-9767-34c7c124f447}, !- Schedule Ruleset Name
  9,                                      !- Rule Order
  {a6996ad6-e22f-495a-b1b9-9a6dd5916a2d}, !- Day Schedule Name
  Yes,                                    !- Apply Sunday
  Yes,                                    !- Apply Monday
  Yes,                                    !- Apply Tuesday
  Yes,                                    !- Apply Wednesday
  Yes,                                    !- Apply Thursday
  Yes,                                    !- Apply Friday
  Yes,                                    !- Apply Saturday
  DateRange,                              !- Date Specification Type
  3,                                      !- Start Month
  1,                                      !- Start Day
  3,                                      !- End Month
  31;                                     !- End Day

OS:Schedule:Day,
  {a6996ad6-e22f-495a-b1b9-9a6dd5916a2d}, !- Handle
  exterior lighting schedule day 2,       !- Name
  {8ae902a4-676e-40b0-a575-57e866ba82a1}, !- Schedule Type Limits Name
  ,                                       !- Interpolate to Timestep
  1,                                      !- Hour 1
  0,                                      !- Minute 1
  0.485714285714286,                      !- Value Until Time 1
  3,                                      !- Hour 2
  0,                                      !- Minute 2
  0.449285714285714,                      !- Value Until Time 2
  5,                                      !- Hour 3
  0,                                      !- Minute 3
  0.425,                                  !- Value Until Time 3
  6,                                      !- Hour 4
  0,                                      !- Minute 4
  0.473571428571429,                      !- Value Until Time 4
  7,                                      !- Hour 5
  0,                                      !- Minute 5
  0.534285714285714,                      !- Value Until Time 5
  8,                                      !- Hour 6
  0,                                      !- Minute 6
  0.497857142857143,                      !- Value Until Time 6
  9,                                      !- Hour 7
  0,                                      !- Minute 7
  0.376428571428571,                      !- Value Until Time 7
  10,                                     !- Hour 8
  0,                                      !- Minute 8
  0.303571428571429,                      !- Value Until Time 8
  12,                                     !- Hour 9
  0,                                      !- Minute 9
  0.291428571428571,                      !- Value Until Time 9
  13,                                     !- Hour 10
  0,                                      !- Minute 10
  0.303571428571429,                      !- Value Until Time 10
  14,                                     !- Hour 11
  0,                                      !- Minute 11
  0.34,                                   !- Value Until Time 11
  15,                                     !- Hour 12
  0,                                      !- Minute 12
  0.364285714285714,                      !- Value Until Time 12
  16,                                     !- Hour 13
  0,                                      !- Minute 13
  0.425,                                  !- Value Until Time 13
  17,                                     !- Hour 14
  0,                                      !- Minute 14
  0.534285714285714,                      !- Value Until Time 14
  18,                                     !- Hour 15
  0,                                      !- Minute 15
  0.68,                                   !- Value Until Time 15
  19,                                     !- Hour 16
  0,                                      !- Minute 16
  0.777142857142857,                      !- Value Until Time 16
  20,                                     !- Hour 17
  0,                                      !- Minute 17
  0.825714285714286,                      !- Value Until Time 17
  21,                                     !- Hour 18
  0,                                      !- Minute 18
  0.85,                                   !- Value Until Time 18
  22,                                     !- Hour 19
  0,                                      !- Minute 19
  0.789285714285714,                      !- Value Until Time 19
  23,                                     !- Hour 20
  0,                                      !- Minute 20
  0.68,                                   !- Value Until Time 20
  24,                                     !- Hour 21
  0,                                      !- Minute 21
  0.570714285714286;                      !- Value Until Time 21

OS:Schedule:Rule,
  {e27a0c55-4dff-4b0a-8e0c-2f4da230295e}, !- Handle
  exterior lighting schedule allday rule 3, !- Name
  {9713d9e8-e478-4c70-9767-34c7c124f447}, !- Schedule Ruleset Name
  8,                                      !- Rule Order
  {40bd719a-1576-47f0-ab08-f392ebb9bfa8}, !- Day Schedule Name
  Yes,                                    !- Apply Sunday
  Yes,                                    !- Apply Monday
  Yes,                                    !- Apply Tuesday
  Yes,                                    !- Apply Wednesday
  Yes,                                    !- Apply Thursday
  Yes,                                    !- Apply Friday
  Yes,                                    !- Apply Saturday
  DateRange,                              !- Date Specification Type
  4,                                      !- Start Month
  1,                                      !- Start Day
  4,                                      !- End Month
  30;                                     !- End Day

OS:Schedule:Day,
  {40bd719a-1576-47f0-ab08-f392ebb9bfa8}, !- Handle
  exterior lighting schedule day 3,       !- Name
  {8ae902a4-676e-40b0-a575-57e866ba82a1}, !- Schedule Type Limits Name
  ,                                       !- Interpolate to Timestep
  1,                                      !- Hour 1
  0,                                      !- Minute 1
  0.442857142857143,                      !- Value Until Time 1
  3,                                      !- Hour 2
  0,                                      !- Minute 2
  0.409642857142857,                      !- Value Until Time 2
  5,                                      !- Hour 3
  0,                                      !- Minute 3
  0.3875,                                 !- Value Until Time 3
  6,                                      !- Hour 4
  0,                                      !- Minute 4
  0.431785714285714,                      !- Value Until Time 4
  7,                                      !- Hour 5
  0,                                      !- Minute 5
  0.487142857142857,                      !- Value Until Time 5
  8,                                      !- Hour 6
  0,                                      !- Minute 6
  0.453928571428571,                      !- Value Until Time 6
  9,                                      !- Hour 7
  0,                                      !- Minute 7
  0.343214285714286,                      !- Value Until Time 7
  10,                                     !- Hour 8
  0,                                      !- Minute 8
  0.276785714285714,                      !- Value Until Time 8
  12,                                     !- Hour 9
  0,                                      !- Minute 9
  0.265714285714286,                      !- Value Until Time 9
  13,                                     !- Hour 10
  0,                                      !- Minute 10
  0.276785714285714,                      !- Value Until Time 10
  14,                                     !- Hour 11
  0,                                      !- Minute 11
  0.31,                                   !- Value Until Time 11
  15,                                     !- Hour 12
  0,                                      !- Minute 12
  0.332142857142857,                      !- Value Until Time 12
  16,                                     !- Hour 13
  0,                                      !- Minute 13
  0.3875,                                 !- Value Until Time 13
  17,                                     !- Hour 14
  0,                                      !- Minute 14
  0.487142857142857,                      !- Value Until Time 14
  18,                                     !- Hour 15
  0,                                      !- Minute 15
  0.62,                                   !- Value Until Time 15
  19,                                     !- Hour 16
  0,                                      !- Minute 16
  0.708571428571429,                      !- Value Until Time 16
  20,                                     !- Hour 17
  0,                                      !- Minute 17
  0.752857142857143,                      !- Value Until Time 17
  21,                                     !- Hour 18
  0,                                      !- Minute 18
  0.775,                                  !- Value Until Time 18
  22,                                     !- Hour 19
  0,                                      !- Minute 19
  0.719642857142857,                      !- Value Until Time 19
  23,                                     !- Hour 20
  0,                                      !- Minute 20
  0.62,                                   !- Value Until Time 20
  24,                                     !- Hour 21
  0,                                      !- Minute 21
  0.520357142857143;                      !- Value Until Time 21

OS:Schedule:Rule,
  {58fc7658-00ef-48f9-a480-d7321da0d475}, !- Handle
  exterior lighting schedule allday rule 4, !- Name
  {9713d9e8-e478-4c70-9767-34c7c124f447}, !- Schedule Ruleset Name
  7,                                      !- Rule Order
  {52104c59-55d0-4afc-8c1d-0cd1ad2ab5b3}, !- Day Schedule Name
  Yes,                                    !- Apply Sunday
  Yes,                                    !- Apply Monday
  Yes,                                    !- Apply Tuesday
  Yes,                                    !- Apply Wednesday
  Yes,                                    !- Apply Thursday
  Yes,                                    !- Apply Friday
  Yes,                                    !- Apply Saturday
  DateRange,                              !- Date Specification Type
  5,                                      !- Start Month
  1,                                      !- Start Day
  5,                                      !- End Month
  31;                                     !- End Day

OS:Schedule:Day,
  {52104c59-55d0-4afc-8c1d-0cd1ad2ab5b3}, !- Handle
  exterior lighting schedule day 4,       !- Name
  {8ae902a4-676e-40b0-a575-57e866ba82a1}, !- Schedule Type Limits Name
  ,                                       !- Interpolate to Timestep
  1,                                      !- Hour 1
  0,                                      !- Minute 1
  0.4,                                    !- Value Until Time 1
  3,                                      !- Hour 2
  0,                                      !- Minute 2
  0.37,                                   !- Value Until Time 2
  5,                                      !- Hour 3
  0,                                      !- Minute 3
  0.35,                                   !- Value Until Time 3
  6,                                      !- Hour 4
  0,                                      !- Minute 4
  0.39,                                   !- Value Until Time 4
  7,                                      !- Hour 5
  0,                                      !- Minute 5
  0.44,                                   !- Value Until Time 5
  8,                                      !- Hour 6
  0,                                      !- Minute 6
  0.41,                                   !- Value Until Time 6
  9,                                      !- Hour 7
  0,                                      !- Minute 7
  0.31,                                   !- Value Until Time 7
  10,                                     !- Hour 8
  0,                                      !- Minute 8
  0.25,                                   !- Value Until Time 8
  12,                                     !- Hour 9
  0,                                      !- Minute 9
  0.24,                                   !- Value Until Time 9
  13,                                     !- Hour 10
  0,                                      !- Minute 10
  0.25,                                   !- Value Until Time 10
  14,                                     !- Hour 11
  0,                                      !- Minute 11
  0.28,                                   !- Value Until Time 11
  15,                                     !- Hour 12
  0,                                      !- Minute 12
  0.3,                                    !- Value Until Time 12
  16,                                     !- Hour 13
  0,                                      !- Minute 13
  0.35,                                   !- Value Until Time 13
  17,                                     !- Hour 14
  0,                                      !- Minute 14
  0.44,                                   !- Value Until Time 14
  18,                                     !- Hour 15
  0,                                      !- Minute 15
  0.56,                                   !- Value Until Time 15
  19,                                     !- Hour 16
  0,                                      !- Minute 16
  0.64,                                   !- Value Until Time 16
  20,                                     !- Hour 17
  0,                                      !- Minute 17
  0.68,                                   !- Value Until Time 17
  21,                                     !- Hour 18
  0,                                      !- Minute 18
  0.7,                                    !- Value Until Time 18
  22,                                     !- Hour 19
  0,                                      !- Minute 19
  0.65,                                   !- Value Until Time 19
  23,                                     !- Hour 20
  0,                                      !- Minute 20
  0.56,                                   !- Value Until Time 20
  24,                                     !- Hour 21
  0,                                      !- Minute 21
  0.47;                                   !- Value Until Time 21

OS:Schedule:Rule,
  {db61a65e-16ad-491d-9789-415d8840d53e}, !- Handle
  exterior lighting schedule allday rule 5, !- Name
  {9713d9e8-e478-4c70-9767-34c7c124f447}, !- Schedule Ruleset Name
  6,                                      !- Rule Order
  {5f8c8ae7-2de0-4357-b445-9c554f66772e}, !- Day Schedule Name
  Yes,                                    !- Apply Sunday
  Yes,                                    !- Apply Monday
  Yes,                                    !- Apply Tuesday
  Yes,                                    !- Apply Wednesday
  Yes,                                    !- Apply Thursday
  Yes,                                    !- Apply Friday
  Yes,                                    !- Apply Saturday
  DateRange,                              !- Date Specification Type
  6,                                      !- Start Month
  1,                                      !- Start Day
  6,                                      !- End Month
  30;                                     !- End Day

OS:Schedule:Day,
  {5f8c8ae7-2de0-4357-b445-9c554f66772e}, !- Handle
  exterior lighting schedule day 5,       !- Name
  {8ae902a4-676e-40b0-a575-57e866ba82a1}, !- Schedule Type Limits Name
  ,                                       !- Interpolate to Timestep
  1,                                      !- Hour 1
  0,                                      !- Minute 1
  0.380952380952381,                      !- Value Until Time 1
  3,                                      !- Hour 2
  0,                                      !- Minute 2
  0.352380952380952,                      !- Value Until Time 2
  5,                                      !- Hour 3
  0,                                      !- Minute 3
  0.333333333333333,                      !- Value Until Time 3
  6,                                      !- Hour 4
  0,                                      !- Minute 4
  0.371428571428571,                      !- Value Until Time 4
  7,                                      !- Hour 5
  0,                                      !- Minute 5
  0.419047619047619,                      !- Value Until Time 5
  8,                                      !- Hour 6
  0,                                      !- Minute 6
  0.39047619047619,                       !- Value Until Time 6
  9,                                      !- Hour 7
  0,                                      !- Minute 7
  0.295238095238095,                      !- Value Until Time 7
  10,                                     !- Hour 8
  0,                                      !- Minute 8
  0.238095238095238,                      !- Value Until Time 8
  12,                                     !- Hour 9
  0,                                      !- Minute 9
  0.228571428571429,                      !- Value Until Time 9
  13,                                     !- Hour 10
  0,                                      !- Minute 10
  0.238095238095238,                      !- Value Until Time 10
  14,                                     !- Hour 11
  0,                                      !- Minute 11
  0.266666666666667,                      !- Value Until Time 11
  15,                                     !- Hour 12
  0,                                      !- Minute 12
  0.285714285714286,                      !- Value Until Time 12
  16,                                     !- Hour 13
  0,                                      !- Minute 13
  0.333333333333333,                      !- Value Until Time 13
  17,                                     !- Hour 14
  0,                                      !- Minute 14
  0.419047619047619,                      !- Value Until Time 14
  18,                                     !- Hour 15
  0,                                      !- Minute 15
  0.533333333333333,                      !- Value Until Time 15
  19,                                     !- Hour 16
  0,                                      !- Minute 16
  0.609523809523809,                      !- Value Until Time 16
  20,                                     !- Hour 17
  0,                                      !- Minute 17
  0.647619047619048,                      !- Value Until Time 17
  21,                                     !- Hour 18
  0,                                      !- Minute 18
  0.666666666666667,                      !- Value Until Time 18
  22,                                     !- Hour 19
  0,                                      !- Minute 19
  0.619047619047619,                      !- Value Until Time 19
  23,                                     !- Hour 20
  0,                                      !- Minute 20
  0.533333333333333,                      !- Value Until Time 20
  24,                                     !- Hour 21
  0,                                      !- Minute 21
  0.447619047619048;                      !- Value Until Time 21

OS:Schedule:Rule,
  {9b47a10b-e788-417d-892a-37c9e253598f}, !- Handle
  exterior lighting schedule allday rule 6, !- Name
  {9713d9e8-e478-4c70-9767-34c7c124f447}, !- Schedule Ruleset Name
  5,                                      !- Rule Order
  {c81d2145-85f5-4640-bf9b-b9aaee7ca1eb}, !- Day Schedule Name
  Yes,                                    !- Apply Sunday
  Yes,                                    !- Apply Monday
  Yes,                                    !- Apply Tuesday
  Yes,                                    !- Apply Wednesday
  Yes,                                    !- Apply Thursday
  Yes,                                    !- Apply Friday
  Yes,                                    !- Apply Saturday
  DateRange,                              !- Date Specification Type
  7,                                      !- Start Month
  1,                                      !- Start Day
  7,                                      !- End Month
  31;                                     !- End Day

OS:Schedule:Day,
  {c81d2145-85f5-4640-bf9b-b9aaee7ca1eb}, !- Handle
  exterior lighting schedule day 6,       !- Name
  {8ae902a4-676e-40b0-a575-57e866ba82a1}, !- Schedule Type Limits Name
  ,                                       !- Interpolate to Timestep
  1,                                      !- Hour 1
  0,                                      !- Minute 1
  0.39047619047619,                       !- Value Until Time 1
  3,                                      !- Hour 2
  0,                                      !- Minute 2
  0.361190476190476,                      !- Value Until Time 2
  5,                                      !- Hour 3
  0,                                      !- Minute 3
  0.341666666666667,                      !- Value Until Time 3
  6,                                      !- Hour 4
  0,                                      !- Minute 4
  0.380714285714286,                      !- Value Until Time 4
  7,                                      !- Hour 5
  0,                                      !- Minute 5
  0.429523809523809,                      !- Value Until Time 5
  8,                                      !- Hour 6
  0,                                      !- Minute 6
  0.400238095238095,                      !- Value Until Time 6
  9,                                      !- Hour 7
  0,                                      !- Minute 7
  0.302619047619048,                      !- Value Until Time 7
  10,                                     !- Hour 8
  0,                                      !- Minute 8
  0.244047619047619,                      !- Value Until Time 8
  12,                                     !- Hour 9
  0,                                      !- Minute 9
  0.234285714285714,                      !- Value Until Time 9
  13,                                     !- Hour 10
  0,                                      !- Minute 10
  0.244047619047619,                      !- Value Until Time 10
  14,                                     !- Hour 11
  0,                                      !- Minute 11
  0.273333333333333,                      !- Value Until Time 11
  15,                                     !- Hour 12
  0,                                      !- Minute 12
  0.292857142857143,                      !- Value Until Time 12
  16,                                     !- Hour 13
  0,                                      !- Minute 13
  0.341666666666667,                      !- Value Until Time 13
  17,                                     !- Hour 14
  0,                                      !- Minute 14
  0.429523809523809,                      !- Value Until Time 14
  18,                                     !- Hour 15
  0,                                      !- Minute 15
  0.546666666666667,                      !- Value Until Time 15
  19,                                     !- Hour 16
  0,                                      !- Minute 16
  0.624761904761905,                      !- Value Until Time 16
  20,                                     !- Hour 17
  0,                                      !- Minute 17
  0.663809523809524,                      !- Value Until Time 17
  21,                                     !- Hour 18
  0,                                      !- Minute 18
  0.683333333333333,                      !- Value Until Time 18
  22,                                     !- Hour 19
  0,                                      !- Minute 19
  0.634523809523809,                      !- Value Until Time 19
  23,                                     !- Hour 20
  0,                                      !- Minute 20
  0.546666666666667,                      !- Value Until Time 20
  24,                                     !- Hour 21
  0,                                      !- Minute 21
  0.458809523809524;                      !- Value Until Time 21

OS:Schedule:Rule,
  {c8d706c2-9bfb-41aa-a0d2-91ac892ad1f7}, !- Handle
  exterior lighting schedule allday rule 7, !- Name
  {9713d9e8-e478-4c70-9767-34c7c124f447}, !- Schedule Ruleset Name
  4,                                      !- Rule Order
  {26ff0f47-c3ba-4ebe-996c-4e584e077250}, !- Day Schedule Name
  Yes,                                    !- Apply Sunday
  Yes,                                    !- Apply Monday
  Yes,                                    !- Apply Tuesday
  Yes,                                    !- Apply Wednesday
  Yes,                                    !- Apply Thursday
  Yes,                                    !- Apply Friday
  Yes,                                    !- Apply Saturday
  DateRange,                              !- Date Specification Type
  8,                                      !- Start Month
  1,                                      !- Start Day
  8,                                      !- End Month
  31;                                     !- End Day

OS:Schedule:Day,
  {26ff0f47-c3ba-4ebe-996c-4e584e077250}, !- Handle
  exterior lighting schedule day 7,       !- Name
  {8ae902a4-676e-40b0-a575-57e866ba82a1}, !- Schedule Type Limits Name
  ,                                       !- Interpolate to Timestep
  1,                                      !- Hour 1
  0,                                      !- Minute 1
  0.419047619047619,                      !- Value Until Time 1
  3,                                      !- Hour 2
  0,                                      !- Minute 2
  0.387619047619048,                      !- Value Until Time 2
  5,                                      !- Hour 3
  0,                                      !- Minute 3
  0.366666666666667,                      !- Value Until Time 3
  6,                                      !- Hour 4
  0,                                      !- Minute 4
  0.408571428571429,                      !- Value Until Time 4
  7,                                      !- Hour 5
  0,                                      !- Minute 5
  0.460952380952381,                      !- Value Until Time 5
  8,                                      !- Hour 6
  0,                                      !- Minute 6
  0.42952380952381,                       !- Value Until Time 6
  9,                                      !- Hour 7
  0,                                      !- Minute 7
  0.324761904761905,                      !- Value Until Time 7
  10,                                     !- Hour 8
  0,                                      !- Minute 8
  0.261904761904762,                      !- Value Until Time 8
  12,                                     !- Hour 9
  0,                                      !- Minute 9
  0.251428571428571,                      !- Value Until Time 9
  13,                                     !- Hour 10
  0,                                      !- Minute 10
  0.261904761904762,                      !- Value Until Time 10
  14,                                     !- Hour 11
  0,                                      !- Minute 11
  0.293333333333333,                      !- Value Until Time 11
  15,                                     !- Hour 12
  0,                                      !- Minute 12
  0.314285714285714,                      !- Value Until Time 12
  16,                                     !- Hour 13
  0,                                      !- Minute 13
  0.366666666666667,                      !- Value Until Time 13
  17,                                     !- Hour 14
  0,                                      !- Minute 14
  0.460952380952381,                      !- Value Until Time 14
  18,                                     !- Hour 15
  0,                                      !- Minute 15
  0.586666666666667,                      !- Value Until Time 15
  19,                                     !- Hour 16
  0,                                      !- Minute 16
  0.67047619047619,                       !- Value Until Time 16
  20,                                     !- Hour 17
  0,                                      !- Minute 17
  0.712380952380952,                      !- Value Until Time 17
  21,                                     !- Hour 18
  0,                                      !- Minute 18
  0.733333333333333,                      !- Value Until Time 18
  22,                                     !- Hour 19
  0,                                      !- Minute 19
  0.680952380952381,                      !- Value Until Time 19
  23,                                     !- Hour 20
  0,                                      !- Minute 20
  0.586666666666667,                      !- Value Until Time 20
  24,                                     !- Hour 21
  0,                                      !- Minute 21
  0.492380952380952;                      !- Value Until Time 21

OS:Schedule:Rule,
  {604440e2-0fcd-4008-b262-d92da49de3c4}, !- Handle
  exterior lighting schedule allday rule 8, !- Name
  {9713d9e8-e478-4c70-9767-34c7c124f447}, !- Schedule Ruleset Name
  3,                                      !- Rule Order
  {c9accc7e-ad72-4547-ac15-fdcc3dca2e8c}, !- Day Schedule Name
  Yes,                                    !- Apply Sunday
  Yes,                                    !- Apply Monday
  Yes,                                    !- Apply Tuesday
  Yes,                                    !- Apply Wednesday
  Yes,                                    !- Apply Thursday
  Yes,                                    !- Apply Friday
  Yes,                                    !- Apply Saturday
  DateRange,                              !- Date Specification Type
  9,                                      !- Start Month
  1,                                      !- Start Day
  9,                                      !- End Month
  30;                                     !- End Day

OS:Schedule:Day,
  {c9accc7e-ad72-4547-ac15-fdcc3dca2e8c}, !- Handle
  exterior lighting schedule day 8,       !- Name
  {8ae902a4-676e-40b0-a575-57e866ba82a1}, !- Schedule Type Limits Name
  ,                                       !- Interpolate to Timestep
  1,                                      !- Hour 1
  0,                                      !- Minute 1
  0.466666666666667,                      !- Value Until Time 1
  3,                                      !- Hour 2
  0,                                      !- Minute 2
  0.431666666666667,                      !- Value Until Time 2
  5,                                      !- Hour 3
  0,                                      !- Minute 3
  0.408333333333333,                      !- Value Until Time 3
  6,                                      !- Hour 4
  0,                                      !- Minute 4
  0.455,                                  !- Value Until Time 4
  7,                                      !- Hour 5
  0,                                      !- Minute 5
  0.513333333333333,                      !- Value Until Time 5
  8,                                      !- Hour 6
  0,                                      !- Minute 6
  0.478333333333333,                      !- Value Until Time 6
  9,                                      !- Hour 7
  0,                                      !- Minute 7
  0.361666666666667,                      !- Value Until Time 7
  10,                                     !- Hour 8
  0,                                      !- Minute 8
  0.291666666666667,                      !- Value Until Time 8
  12,                                     !- Hour 9
  0,                                      !- Minute 9
  0.28,                                   !- Value Until Time 9
  13,                                     !- Hour 10
  0,                                      !- Minute 10
  0.291666666666667,                      !- Value Until Time 10
  14,                                     !- Hour 11
  0,                                      !- Minute 11
  0.326666666666667,                      !- Value Until Time 11
  15,                                     !- Hour 12
  0,                                      !- Minute 12
  0.35,                                   !- Value Until Time 12
  16,                                     !- Hour 13
  0,                                      !- Minute 13
  0.408333333333333,                      !- Value Until Time 13
  17,                                     !- Hour 14
  0,                                      !- Minute 14
  0.513333333333333,                      !- Value Until Time 14
  18,                                     !- Hour 15
  0,                                      !- Minute 15
  0.653333333333333,                      !- Value Until Time 15
  19,                                     !- Hour 16
  0,                                      !- Minute 16
  0.746666666666667,                      !- Value Until Time 16
  20,                                     !- Hour 17
  0,                                      !- Minute 17
  0.793333333333333,                      !- Value Until Time 17
  21,                                     !- Hour 18
  0,                                      !- Minute 18
  0.816666666666667,                      !- Value Until Time 18
  22,                                     !- Hour 19
  0,                                      !- Minute 19
  0.758333333333333,                      !- Value Until Time 19
  23,                                     !- Hour 20
  0,                                      !- Minute 20
  0.653333333333333,                      !- Value Until Time 20
  24,                                     !- Hour 21
  0,                                      !- Minute 21
  0.548333333333333;                      !- Value Until Time 21

OS:Schedule:Rule,
  {2c6e8c85-b195-42f3-8323-3562eff46b46}, !- Handle
  exterior lighting schedule allday rule 9, !- Name
  {9713d9e8-e478-4c70-9767-34c7c124f447}, !- Schedule Ruleset Name
  2,                                      !- Rule Order
  {fc27241f-9449-4e15-a2de-b8c47fae4ca6}, !- Day Schedule Name
  Yes,                                    !- Apply Sunday
  Yes,                                    !- Apply Monday
  Yes,                                    !- Apply Tuesday
  Yes,                                    !- Apply Wednesday
  Yes,                                    !- Apply Thursday
  Yes,                                    !- Apply Friday
  Yes,                                    !- Apply Saturday
  DateRange,                              !- Date Specification Type
  10,                                     !- Start Month
  1,                                      !- Start Day
  10,                                     !- End Month
  31;                                     !- End Day

OS:Schedule:Day,
  {fc27241f-9449-4e15-a2de-b8c47fae4ca6}, !- Handle
  exterior lighting schedule day 9,       !- Name
  {8ae902a4-676e-40b0-a575-57e866ba82a1}, !- Schedule Type Limits Name
  ,                                       !- Interpolate to Timestep
  1,                                      !- Hour 1
  0,                                      !- Minute 1
  0.50952380952381,                       !- Value Until Time 1
  3,                                      !- Hour 2
  0,                                      !- Minute 2
  0.471309523809524,                      !- Value Until Time 2
  5,                                      !- Hour 3
  0,                                      !- Minute 3
  0.445833333333333,                      !- Value Until Time 3
  6,                                      !- Hour 4
  0,                                      !- Minute 4
  0.496785714285714,                      !- Value Until Time 4
  7,                                      !- Hour 5
  0,                                      !- Minute 5
  0.56047619047619,                       !- Value Until Time 5
  8,                                      !- Hour 6
  0,                                      !- Minute 6
  0.522261904761905,                      !- Value Until Time 6
  9,                                      !- Hour 7
  0,                                      !- Minute 7
  0.394880952380952,                      !- Value Until Time 7
  10,                                     !- Hour 8
  0,                                      !- Minute 8
  0.318452380952381,                      !- Value Until Time 8
  12,                                     !- Hour 9
  0,                                      !- Minute 9
  0.305714285714286,                      !- Value Until Time 9
  13,                                     !- Hour 10
  0,                                      !- Minute 10
  0.318452380952381,                      !- Value Until Time 10
  14,                                     !- Hour 11
  0,                                      !- Minute 11
  0.356666666666667,                      !- Value Until Time 11
  15,                                     !- Hour 12
  0,                                      !- Minute 12
  0.382142857142857,                      !- Value Until Time 12
  16,                                     !- Hour 13
  0,                                      !- Minute 13
  0.445833333333333,                      !- Value Until Time 13
  17,                                     !- Hour 14
  0,                                      !- Minute 14
  0.56047619047619,                       !- Value Until Time 14
  18,                                     !- Hour 15
  0,                                      !- Minute 15
  0.713333333333333,                      !- Value Until Time 15
  19,                                     !- Hour 16
  0,                                      !- Minute 16
  0.815238095238095,                      !- Value Until Time 16
  20,                                     !- Hour 17
  0,                                      !- Minute 17
  0.866190476190476,                      !- Value Until Time 17
  21,                                     !- Hour 18
  0,                                      !- Minute 18
  0.891666666666667,                      !- Value Until Time 18
  22,                                     !- Hour 19
  0,                                      !- Minute 19
  0.82797619047619,                       !- Value Until Time 19
  23,                                     !- Hour 20
  0,                                      !- Minute 20
  0.713333333333333,                      !- Value Until Time 20
  24,                                     !- Hour 21
  0,                                      !- Minute 21
  0.598690476190476;                      !- Value Until Time 21

OS:Schedule:Rule,
  {43911e6b-1935-450e-8468-08732430ebfe}, !- Handle
  exterior lighting schedule allday rule 10, !- Name
  {9713d9e8-e478-4c70-9767-34c7c124f447}, !- Schedule Ruleset Name
  1,                                      !- Rule Order
  {2f5c4fbc-cc86-495e-a85a-dfec4852f356}, !- Day Schedule Name
  Yes,                                    !- Apply Sunday
  Yes,                                    !- Apply Monday
  Yes,                                    !- Apply Tuesday
  Yes,                                    !- Apply Wednesday
  Yes,                                    !- Apply Thursday
  Yes,                                    !- Apply Friday
  Yes,                                    !- Apply Saturday
  DateRange,                              !- Date Specification Type
  11,                                     !- Start Month
  1,                                      !- Start Day
  11,                                     !- End Month
  30;                                     !- End Day

OS:Schedule:Day,
  {2f5c4fbc-cc86-495e-a85a-dfec4852f356}, !- Handle
  exterior lighting schedule day 10,      !- Name
  {8ae902a4-676e-40b0-a575-57e866ba82a1}, !- Schedule Type Limits Name
  ,                                       !- Interpolate to Timestep
  1,                                      !- Hour 1
  0,                                      !- Minute 1
  0.552380952380952,                      !- Value Until Time 1
  3,                                      !- Hour 2
  0,                                      !- Minute 2
  0.510952380952381,                      !- Value Until Time 2
  5,                                      !- Hour 3
  0,                                      !- Minute 3
  0.483333333333333,                      !- Value Until Time 3
  6,                                      !- Hour 4
  0,                                      !- Minute 4
  0.538571428571428,                      !- Value Until Time 4
  7,                                      !- Hour 5
  0,                                      !- Minute 5
  0.607619047619048,                      !- Value Until Time 5
  8,                                      !- Hour 6
  0,                                      !- Minute 6
  0.566190476190476,                      !- Value Until Time 6
  9,                                      !- Hour 7
  0,                                      !- Minute 7
  0.428095238095238,                      !- Value Until Time 7
  10,                                     !- Hour 8
  0,                                      !- Minute 8
  0.345238095238095,                      !- Value Until Time 8
  12,                                     !- Hour 9
  0,                                      !- Minute 9
  0.331428571428571,                      !- Value Until Time 9
  13,                                     !- Hour 10
  0,                                      !- Minute 10
  0.345238095238095,                      !- Value Until Time 10
  14,                                     !- Hour 11
  0,                                      !- Minute 11
  0.386666666666667,                      !- Value Until Time 11
  15,                                     !- Hour 12
  0,                                      !- Minute 12
  0.414285714285714,                      !- Value Until Time 12
  16,                                     !- Hour 13
  0,                                      !- Minute 13
  0.483333333333333,                      !- Value Until Time 13
  17,                                     !- Hour 14
  0,                                      !- Minute 14
  0.607619047619048,                      !- Value Until Time 14
  18,                                     !- Hour 15
  0,                                      !- Minute 15
  0.773333333333333,                      !- Value Until Time 15
  19,                                     !- Hour 16
  0,                                      !- Minute 16
  0.883809523809524,                      !- Value Until Time 16
  20,                                     !- Hour 17
  0,                                      !- Minute 17
  0.939047619047619,                      !- Value Until Time 17
  21,                                     !- Hour 18
  0,                                      !- Minute 18
  0.966666666666667,                      !- Value Until Time 18
  22,                                     !- Hour 19
  0,                                      !- Minute 19
  0.897619047619048,                      !- Value Until Time 19
  23,                                     !- Hour 20
  0,                                      !- Minute 20
  0.773333333333333,                      !- Value Until Time 20
  24,                                     !- Hour 21
  0,                                      !- Minute 21
  0.649047619047619;                      !- Value Until Time 21

OS:Schedule:Rule,
  {50c306e5-de6a-4d11-ae7c-9008f9f897a4}, !- Handle
  exterior lighting schedule allday rule 11, !- Name
  {9713d9e8-e478-4c70-9767-34c7c124f447}, !- Schedule Ruleset Name
  0,                                      !- Rule Order
  {8c5e412d-628a-47b7-90c5-b26951a7ba6f}, !- Day Schedule Name
  Yes,                                    !- Apply Sunday
  Yes,                                    !- Apply Monday
  Yes,                                    !- Apply Tuesday
  Yes,                                    !- Apply Wednesday
  Yes,                                    !- Apply Thursday
  Yes,                                    !- Apply Friday
  Yes,                                    !- Apply Saturday
  DateRange,                              !- Date Specification Type
  12,                                     !- Start Month
  1,                                      !- Start Day
  12,                                     !- End Month
  31;                                     !- End Day

OS:Schedule:Day,
  {8c5e412d-628a-47b7-90c5-b26951a7ba6f}, !- Handle
  exterior lighting schedule day 11,      !- Name
  {8ae902a4-676e-40b0-a575-57e866ba82a1}, !- Schedule Type Limits Name
  ,                                       !- Interpolate to Timestep
  1,                                      !- Hour 1
  0,                                      !- Minute 1
  0.571428571428571,                      !- Value Until Time 1
  3,                                      !- Hour 2
  0,                                      !- Minute 2
  0.528571428571428,                      !- Value Until Time 2
  5,                                      !- Hour 3
  0,                                      !- Minute 3
  0.5,                                    !- Value Until Time 3
  6,                                      !- Hour 4
  0,                                      !- Minute 4
  0.557142857142857,                      !- Value Until Time 4
  7,                                      !- Hour 5
  0,                                      !- Minute 5
  0.628571428571428,                      !- Value Until Time 5
  8,                                      !- Hour 6
  0,                                      !- Minute 6
  0.585714285714286,                      !- Value Until Time 6
  9,                                      !- Hour 7
  0,                                      !- Minute 7
  0.442857142857143,                      !- Value Until Time 7
  10,                                     !- Hour 8
  0,                                      !- Minute 8
  0.357142857142857,                      !- Value Until Time 8
  12,                                     !- Hour 9
  0,                                      !- Minute 9
  0.342857142857143,                      !- Value Until Time 9
  13,                                     !- Hour 10
  0,                                      !- Minute 10
  0.357142857142857,                      !- Value Until Time 10
  14,                                     !- Hour 11
  0,                                      !- Minute 11
  0.4,                                    !- Value Until Time 11
  15,                                     !- Hour 12
  0,                                      !- Minute 12
  0.428571428571428,                      !- Value Until Time 12
  16,                                     !- Hour 13
  0,                                      !- Minute 13
  0.5,                                    !- Value Until Time 13
  17,                                     !- Hour 14
  0,                                      !- Minute 14
  0.628571428571428,                      !- Value Until Time 14
  18,                                     !- Hour 15
  0,                                      !- Minute 15
  0.8,                                    !- Value Until Time 15
  19,                                     !- Hour 16
  0,                                      !- Minute 16
  0.914285714285714,                      !- Value Until Time 16
  20,                                     !- Hour 17
  0,                                      !- Minute 17
  0.971428571428571,                      !- Value Until Time 17
  21,                                     !- Hour 18
  0,                                      !- Minute 18
  1,                                      !- Value Until Time 18
  22,                                     !- Hour 19
  0,                                      !- Minute 19
  0.928571428571428,                      !- Value Until Time 19
  23,                                     !- Hour 20
  0,                                      !- Minute 20
  0.8,                                    !- Value Until Time 20
  24,                                     !- Hour 21
  0,                                      !- Minute 21
  0.671428571428571;                      !- Value Until Time 21

OS:Exterior:Lights:Definition,
  {fd1f2fcc-c726-45c6-abd0-ffb797ba7251}, !- Handle
  exterior lighting,                      !- Name
  9.28602739726027;                       !- Design Level {W}

OS:Exterior:Lights,
  {59f7fd93-0d1e-48a0-b3fc-b72a6786ea2c}, !- Handle
  exterior lighting,                      !- Name
  {fd1f2fcc-c726-45c6-abd0-ffb797ba7251}, !- Exterior Lights Definition Name
  {9713d9e8-e478-4c70-9767-34c7c124f447}, !- Schedule Name
  ,                                       !- Control Option
  ,                                       !- Multiplier
  exterior lighting;                      !- End-Use Subcategory

OS:Schedule:File,
  {786f4467-aee5-4d22-8021-fbc98d58d11b}, !- Handle
  plug_loads_tv,                          !- Name
  {8ae902a4-676e-40b0-a575-57e866ba82a1}, !- Schedule Type Limits Name
  {65071d6d-3b75-469a-b36d-cc88172bb03a}, !- External File Name
  3,                                      !- Column Number
  1,                                      !- Rows to Skip at Top
  8760,                                   !- Number of Hours of Data
  ,                                       !- Column Separator
  Yes,                                    !- Interpolate to Timestep
  15,                                     !- Minutes per Item
  ,                                       !- Adjust Schedule for Daylight Savings
  Yes;                                    !- Translate File With Relative Path

OS:ElectricEquipment:Definition,
  {bc9ebf72-44ff-48f7-b94c-5e5ab74a3cb4}, !- Handle
  misc tv,                                !- Name
  EquipmentLevel,                         !- Design Level Calculation Method
  183.697450040487,                       !- Design Level {W}
  ,                                       !- Watts per Space Floor Area {W/m2}
  ,                                       !- Watts per Person {W/person}
  0,                                      !- Fraction Latent
  0.6,                                    !- Fraction Radiant
  0;                                      !- Fraction Lost

OS:ElectricEquipment,
  {6256fb86-de2f-40f3-9ecd-243b1f28dbcc}, !- Handle
  misc tv,                                !- Name
  {bc9ebf72-44ff-48f7-b94c-5e5ab74a3cb4}, !- Electric Equipment Definition Name
  {d5015664-5053-4d4c-bbda-18682420aec3}, !- Space or SpaceType Name
  {786f4467-aee5-4d22-8021-fbc98d58d11b}, !- Schedule Name
  ,                                       !- Multiplier
  misc tv;                                !- End-Use Subcategory

OS:Schedule:File,
  {afab4ac8-8834-4844-8246-f6d6cfaa00d1}, !- Handle
  plug_loads_other,                       !- Name
  {8ae902a4-676e-40b0-a575-57e866ba82a1}, !- Schedule Type Limits Name
  {65071d6d-3b75-469a-b36d-cc88172bb03a}, !- External File Name
  2,                                      !- Column Number
  1,                                      !- Rows to Skip at Top
  8760,                                   !- Number of Hours of Data
  ,                                       !- Column Separator
  Yes,                                    !- Interpolate to Timestep
  15,                                     !- Minutes per Item
  ,                                       !- Adjust Schedule for Daylight Savings
  Yes;                                    !- Translate File With Relative Path

OS:ElectricEquipment:Definition,
  {8d89a144-dbc3-418f-b827-9cf56750c1e8}, !- Handle
  misc plug loads,                        !- Name
  EquipmentLevel,                         !- Design Level Calculation Method
  145.911632993054,                       !- Design Level {W}
  ,                                       !- Watts per Space Floor Area {W/m2}
  ,                                       !- Watts per Person {W/person}
  0.021,                                  !- Fraction Latent
  0.558,                                  !- Fraction Radiant
  0.0489999999999999;                     !- Fraction Lost

OS:ElectricEquipment,
  {44ba66e9-f2d0-4fe7-b7e1-c0b8a8ea12f3}, !- Handle
  misc plug loads,                        !- Name
  {8d89a144-dbc3-418f-b827-9cf56750c1e8}, !- Electric Equipment Definition Name
  {d5015664-5053-4d4c-bbda-18682420aec3}, !- Space or SpaceType Name
  {afab4ac8-8834-4844-8246-f6d6cfaa00d1}, !- Schedule Name
  ,                                       !- Multiplier
  misc plug loads;                        !- End-Use Subcategory

OS:Schedule:File,
  {8d4ba40c-be97-4e68-b7e9-0a5f0adb7ec1}, !- Handle
  occupants,                              !- Name
  {8ae902a4-676e-40b0-a575-57e866ba82a1}, !- Schedule Type Limits Name
  {65071d6d-3b75-469a-b36d-cc88172bb03a}, !- External File Name
  1,                                      !- Column Number
  1,                                      !- Rows to Skip at Top
  8760,                                   !- Number of Hours of Data
  ,                                       !- Column Separator
  Yes,                                    !- Interpolate to Timestep
  15,                                     !- Minutes per Item
  ,                                       !- Adjust Schedule for Daylight Savings
  Yes;                                    !- Translate File With Relative Path

OS:Schedule:Constant,
  {0b308a95-f58e-41e2-8de5-f1ebfce5c558}, !- Handle
  occupants activity schedule,            !- Name
  {ad1a3f50-7c39-44a9-ad9c-ca06cabf1a24}, !- Schedule Type Limits Name
  117.228428068889;                       !- Value

OS:People:Definition,
  {d176e01d-ee60-44c2-b924-416e3ae60785}, !- Handle
  occupants,                              !- Name
  People,                                 !- Number of People Calculation Method
  2,                                      !- Number of People {people}
  ,                                       !- People per Space Floor Area {person/m2}
  ,                                       !- Space Floor Area per Person {m2/person}
  0.314170909090909,                      !- Fraction Radiant
  0.563030303030303,                      !- Sensible Heat Fraction
  0,                                      !- Carbon Dioxide Generation Rate {m3/s-W}
  No,                                     !- Enable ASHRAE 55 Comfort Warnings
  EnclosureAveraged;                      !- Mean Radiant Temperature Calculation Type

OS:People,
  {b6967a4f-505e-4706-9e00-e8c1418c7d23}, !- Handle
  occupants,                              !- Name
  {d176e01d-ee60-44c2-b924-416e3ae60785}, !- People Definition Name
  {d5015664-5053-4d4c-bbda-18682420aec3}, !- Space or SpaceType Name
  {8d4ba40c-be97-4e68-b7e9-0a5f0adb7ec1}, !- Number of People Schedule Name
  {0b308a95-f58e-41e2-8de5-f1ebfce5c558}, !- Activity Level Schedule Name
  ,                                       !- Surface Name/Angle Factor List Name
  ,                                       !- Work Efficiency Schedule Name
  ,                                       !- Clothing Insulation Schedule Name
  ,                                       !- Air Velocity Schedule Name
  1;                                      !- Multiplier

OS:ScheduleTypeLimits,
  {ad1a3f50-7c39-44a9-ad9c-ca06cabf1a24}, !- Handle
  ActivityLevel,                          !- Name
  0,                                      !- Lower Limit Value
  ,                                       !- Upper Limit Value
  Continuous,                             !- Numeric Type
  ActivityLevel;                          !- Unit Type

OS:Schedule:Ruleset,
  {ce255865-1beb-4a41-aa8d-c85fbe5d43ce}, !- Handle
  general water use schedule,             !- Name
  {8ae902a4-676e-40b0-a575-57e866ba82a1}, !- Schedule Type Limits Name
  {abb02f32-f882-441d-b80e-2aad626bc4b4}; !- Default Day Schedule Name

OS:Schedule:Day,
  {abb02f32-f882-441d-b80e-2aad626bc4b4}, !- Handle
  general water use schedule default day, !- Name
  {8ae902a4-676e-40b0-a575-57e866ba82a1}, !- Schedule Type Limits Name
  ,                                       !- Interpolate to Timestep
  24,                                     !- Hour 1
  0,                                      !- Minute 1
  0;                                      !- Value Until Time 1

OS:Schedule:Rule,
  {ef7286aa-3700-437c-a309-cdf606af08d0}, !- Handle
  general water use schedule allday rule, !- Name
  {ce255865-1beb-4a41-aa8d-c85fbe5d43ce}, !- Schedule Ruleset Name
  0,                                      !- Rule Order
  {ec742e5c-312e-4975-a288-c6498904ea78}, !- Day Schedule Name
  Yes,                                    !- Apply Sunday
  Yes,                                    !- Apply Monday
  Yes,                                    !- Apply Tuesday
  Yes,                                    !- Apply Wednesday
  Yes,                                    !- Apply Thursday
  Yes,                                    !- Apply Friday
  Yes,                                    !- Apply Saturday
  DateRange,                              !- Date Specification Type
  1,                                      !- Start Month
  1,                                      !- Start Day
  12,                                     !- End Month
  31;                                     !- End Day

OS:Schedule:Day,
  {ec742e5c-312e-4975-a288-c6498904ea78}, !- Handle
  general water use schedule day,         !- Name
  {8ae902a4-676e-40b0-a575-57e866ba82a1}, !- Schedule Type Limits Name
  ,                                       !- Interpolate to Timestep
  1,                                      !- Hour 1
  0,                                      !- Minute 1
  0.315068493150685,                      !- Value Until Time 1
  3,                                      !- Hour 2
  0,                                      !- Minute 2
  0.287671232876712,                      !- Value Until Time 2
  4,                                      !- Hour 3
  0,                                      !- Minute 3
  0.342465753424658,                      !- Value Until Time 3
  5,                                      !- Hour 4
  0,                                      !- Minute 4
  0.36986301369863,                       !- Value Until Time 4
  6,                                      !- Hour 5
  0,                                      !- Minute 5
  0.520547945205479,                      !- Value Until Time 5
  7,                                      !- Hour 6
  0,                                      !- Minute 6
  0.602739726027397,                      !- Value Until Time 6
  8,                                      !- Hour 7
  0,                                      !- Minute 7
  0.534246575342466,                      !- Value Until Time 7
  10,                                     !- Hour 8
  0,                                      !- Minute 8
  0.506849315068493,                      !- Value Until Time 8
  11,                                     !- Hour 9
  0,                                      !- Minute 9
  0.465753424657534,                      !- Value Until Time 9
  14,                                     !- Hour 10
  0,                                      !- Minute 10
  0.479452054794521,                      !- Value Until Time 10
  15,                                     !- Hour 11
  0,                                      !- Minute 11
  0.534246575342466,                      !- Value Until Time 11
  16,                                     !- Hour 12
  0,                                      !- Minute 12
  0.589041095890411,                      !- Value Until Time 12
  17,                                     !- Hour 13
  0,                                      !- Minute 13
  0.698630136986301,                      !- Value Until Time 13
  18,                                     !- Hour 14
  0,                                      !- Minute 14
  0.876712328767123,                      !- Value Until Time 14
  19,                                     !- Hour 15
  0,                                      !- Minute 15
  0.89041095890411,                       !- Value Until Time 15
  20,                                     !- Hour 16
  0,                                      !- Minute 16
  0.986301369863014,                      !- Value Until Time 16
  21,                                     !- Hour 17
  0,                                      !- Minute 17
  1,                                      !- Value Until Time 17
  22,                                     !- Hour 18
  0,                                      !- Minute 18
  0.863013698630137,                      !- Value Until Time 18
  23,                                     !- Hour 19
  0,                                      !- Minute 19
  0.616438356164384,                      !- Value Until Time 19
  24,                                     !- Hour 20
  0,                                      !- Minute 20
  0.465753424657534;                      !- Value Until Time 20

OS:OtherEquipment:Definition,
  {9f7b038d-8459-4fcf-b91d-0564dec96280}, !- Handle
  general water use sensible,             !- Name
  EquipmentLevel,                         !- Design Level Calculation Method
  -43.4886080223962,                      !- Design Level {W}
  ,                                       !- Watts per Space Floor Area {W/m2}
  ,                                       !- Watts per Person {W/Person}
  0,                                      !- Fraction Latent
  0.6,                                    !- Fraction Radiant
  0;                                      !- Fraction Lost

OS:OtherEquipment,
  {bc3cd678-53fa-47ac-aa1b-a004922d17f7}, !- Handle
  general water use sensible,             !- Name
  {9f7b038d-8459-4fcf-b91d-0564dec96280}, !- Other Equipment Definition Name
  {d5015664-5053-4d4c-bbda-18682420aec3}, !- Space or SpaceType Name
  {ce255865-1beb-4a41-aa8d-c85fbe5d43ce}, !- Schedule Name
  ,                                       !- Multiplier
  ,                                       !- Fuel Type
  general water use sensible;             !- End-Use Subcategory

OS:OtherEquipment:Definition,
  {33b21c7f-74fd-4a71-bfc0-f327e581490a}, !- Handle
  general water use latent,               !- Name
  EquipmentLevel,                         !- Design Level Calculation Method
  44.1265827122113,                       !- Design Level {W}
  ,                                       !- Watts per Space Floor Area {W/m2}
  ,                                       !- Watts per Person {W/Person}
  1,                                      !- Fraction Latent
  0,                                      !- Fraction Radiant
  0;                                      !- Fraction Lost

OS:OtherEquipment,
  {710c6178-9345-4068-bb35-54dc765b175c}, !- Handle
  general water use latent,               !- Name
  {33b21c7f-74fd-4a71-bfc0-f327e581490a}, !- Other Equipment Definition Name
  {d5015664-5053-4d4c-bbda-18682420aec3}, !- Space or SpaceType Name
  {ce255865-1beb-4a41-aa8d-c85fbe5d43ce}, !- Schedule Name
  ,                                       !- Multiplier
  ,                                       !- Fuel Type
  general water use latent;               !- End-Use Subcategory

OS:EnergyManagementSystem:Sensor,
  {9dadfe55-d50b-433e-bca1-dee9e70886d3}, !- Handle
  out_pb_s,                               !- Name
  ,                                       !- Output Variable or Output Meter Index Key Name
  Site Outdoor Air Barometric Pressure;   !- Output Variable or Output Meter Name

OS:EnergyManagementSystem:Sensor,
  {fa2369b1-15ed-4c59-a5bf-8e97d816ecf5}, !- Handle
  out_wt_s,                               !- Name
  ,                                       !- Output Variable or Output Meter Index Key Name
  Site Outdoor Air Humidity Ratio;        !- Output Variable or Output Meter Name

OS:EnergyManagementSystem:Sensor,
  {5d3401bd-e5fe-4b23-a75a-172be9549eba}, !- Handle
  win_s,                                  !- Name
  conditioned space,                      !- Output Variable or Output Meter Index Key Name
  Zone Air Humidity Ratio;                !- Output Variable or Output Meter Name

OS:EnergyManagementSystem:Sensor,
  {bd2b15ca-0c2f-4b80-8a68-74854306c356}, !- Handle
  site_vw_s,                              !- Name
  ,                                       !- Output Variable or Output Meter Index Key Name
  Site Wind Speed;                        !- Output Variable or Output Meter Name

OS:EnergyManagementSystem:Sensor,
  {3315708d-4914-4a36-a353-19a58efd34a0}, !- Handle
  tin_s,                                  !- Name
  conditioned space,                      !- Output Variable or Output Meter Index Key Name
  Zone Mean Air Temperature;              !- Output Variable or Output Meter Name

OS:EnergyManagementSystem:Sensor,
  {b8b56968-3391-48ed-85cd-57c0ea1eec1a}, !- Handle
  tout_s,                                 !- Name
  conditioned space,                      !- Output Variable or Output Meter Index Key Name
  Zone Outdoor Air Drybulb Temperature;   !- Output Variable or Output Meter Name

OS:Schedule:Ruleset,
  {924a8b59-c226-4e07-af2d-375831e331b0}, !- Handle
  cooling season schedule,                !- Name
  {8ae902a4-676e-40b0-a575-57e866ba82a1}, !- Schedule Type Limits Name
  {a01e72bc-615e-48dc-9c20-e4ef6ff4d96e}; !- Default Day Schedule Name

OS:Schedule:Day,
  {a01e72bc-615e-48dc-9c20-e4ef6ff4d96e}, !- Handle
  cooling season schedule default day,    !- Name
  {8ae902a4-676e-40b0-a575-57e866ba82a1}, !- Schedule Type Limits Name
  ,                                       !- Interpolate to Timestep
  24,                                     !- Hour 1
  0,                                      !- Minute 1
  0;                                      !- Value Until Time 1

OS:Schedule:Rule,
  {d97fdb64-8f7f-4d9f-a694-bcffca8370b9}, !- Handle
  cooling season schedule allday rule,    !- Name
  {924a8b59-c226-4e07-af2d-375831e331b0}, !- Schedule Ruleset Name
  2,                                      !- Rule Order
  {0f73caea-2f70-4dce-893a-3532fe32d948}, !- Day Schedule Name
  Yes,                                    !- Apply Sunday
  Yes,                                    !- Apply Monday
  Yes,                                    !- Apply Tuesday
  Yes,                                    !- Apply Wednesday
  Yes,                                    !- Apply Thursday
  Yes,                                    !- Apply Friday
  Yes,                                    !- Apply Saturday
  DateRange,                              !- Date Specification Type
  1,                                      !- Start Month
  1,                                      !- Start Day
  5,                                      !- End Month
  31;                                     !- End Day

OS:Schedule:Day,
  {0f73caea-2f70-4dce-893a-3532fe32d948}, !- Handle
  cooling season schedule day,            !- Name
  {8ae902a4-676e-40b0-a575-57e866ba82a1}, !- Schedule Type Limits Name
  ,                                       !- Interpolate to Timestep
  24,                                     !- Hour 1
  0,                                      !- Minute 1
  0;                                      !- Value Until Time 1

OS:Schedule:Rule,
  {1b9b4fb9-9dd8-4209-a806-35b05c0ac1d9}, !- Handle
  cooling season schedule allday rule 1,  !- Name
  {924a8b59-c226-4e07-af2d-375831e331b0}, !- Schedule Ruleset Name
  1,                                      !- Rule Order
  {484b49e6-06c3-403b-a964-e40f2c2fe84f}, !- Day Schedule Name
  Yes,                                    !- Apply Sunday
  Yes,                                    !- Apply Monday
  Yes,                                    !- Apply Tuesday
  Yes,                                    !- Apply Wednesday
  Yes,                                    !- Apply Thursday
  Yes,                                    !- Apply Friday
  Yes,                                    !- Apply Saturday
  DateRange,                              !- Date Specification Type
  6,                                      !- Start Month
  1,                                      !- Start Day
  9,                                      !- End Month
  30;                                     !- End Day

OS:Schedule:Day,
  {484b49e6-06c3-403b-a964-e40f2c2fe84f}, !- Handle
  cooling season schedule day 1,          !- Name
  {8ae902a4-676e-40b0-a575-57e866ba82a1}, !- Schedule Type Limits Name
  ,                                       !- Interpolate to Timestep
  24,                                     !- Hour 1
  0,                                      !- Minute 1
  1;                                      !- Value Until Time 1

OS:Schedule:Rule,
  {c99d1fc4-b3cf-4970-8937-feb2e73f5869}, !- Handle
  cooling season schedule allday rule 2,  !- Name
  {924a8b59-c226-4e07-af2d-375831e331b0}, !- Schedule Ruleset Name
  0,                                      !- Rule Order
  {e08f5a7b-5ea7-4efa-98e1-5fd8aa4ad546}, !- Day Schedule Name
  Yes,                                    !- Apply Sunday
  Yes,                                    !- Apply Monday
  Yes,                                    !- Apply Tuesday
  Yes,                                    !- Apply Wednesday
  Yes,                                    !- Apply Thursday
  Yes,                                    !- Apply Friday
  Yes,                                    !- Apply Saturday
  DateRange,                              !- Date Specification Type
  10,                                     !- Start Month
  1,                                      !- Start Day
  12,                                     !- End Month
  31;                                     !- End Day

OS:Schedule:Day,
  {e08f5a7b-5ea7-4efa-98e1-5fd8aa4ad546}, !- Handle
  cooling season schedule day 2,          !- Name
  {8ae902a4-676e-40b0-a575-57e866ba82a1}, !- Schedule Type Limits Name
  ,                                       !- Interpolate to Timestep
  24,                                     !- Hour 1
  0,                                      !- Minute 1
  0;                                      !- Value Until Time 1

OS:EnergyManagementSystem:Sensor,
  {d7896168-1ee7-43d8-a1a2-cb0110b67e17}, !- Handle
  cool_season,                            !- Name
  cooling season schedule,                !- Output Variable or Output Meter Index Key Name
  Schedule Value;                         !- Output Variable or Output Meter Name

OS:EnergyManagementSystem:GlobalVariable,
  {c5c660d4-2932-42fc-9870-d49a28363814}, !- Handle
  central_ac_and_furnace_airloop_Fan_RTF; !- Name

OS:EnergyManagementSystem:InternalVariable,
  {17be0493-204c-47be-a080-093f982318c1}, !- Handle
  central_ac_and_furnace_airloop_max_sup_fan_mfr, !- Name
  central ac and furnace supply fan,      !- Internal Data Index Key Name
  Fan Maximum Mass Flow Rate;             !- Internal Data Type

OS:EnergyManagementSystem:Sensor,
  {9265f88d-d098-439c-b28d-ac8a75a96d62}, !- Handle
  central_ac_and_furnace_airloop_Fan_RTF_s, !- Name
  central ac and furnace supply fan,      !- Output Variable or Output Meter Index Key Name
  Fan Runtime Fraction Speed 1;           !- Output Variable or Output Meter Name

OS:EnergyManagementSystem:Sensor,
  {560fab6f-95b9-4946-a63f-5327882a1461}, !- Handle
  central_ac_and_furnace_airloop_Fan_RTF_s_1, !- Name
  central ac and furnace supply fan,      !- Output Variable or Output Meter Index Key Name
  Fan Runtime Fraction Speed 2;           !- Output Variable or Output Meter Name

OS:ThermalZone,
  {8a429267-ee6f-4aa4-849b-a8bc838be35e}, !- Handle
  central ac and furnace airloop ret air zone, !- Name
  1,                                      !- Multiplier
  ,                                       !- Ceiling Height {m}
  1,                                      !- Volume {m3}
  ,                                       !- Floor Area {m2}
  ,                                       !- Zone Inside Convection Algorithm
  ,                                       !- Zone Outside Convection Algorithm
  ,                                       !- Zone Conditioning Equipment List Name
  {c01467c0-1d7e-4c53-a685-2de813ae8780}, !- Zone Air Inlet Port List
  {1e9f0949-93da-4b7c-b658-3e7e5bc2e338}, !- Zone Air Exhaust Port List
  {b5f85d36-30ae-4742-b906-1a2542ca9fa4}, !- Zone Air Node Name
  {328dd6c5-1db7-4702-8364-ecc304c6e0a4}, !- Zone Return Air Port List
  ,                                       !- Primary Daylighting Control Name
  ,                                       !- Fraction of Zone Controlled by Primary Daylighting Control
  ,                                       !- Secondary Daylighting Control Name
  ,                                       !- Fraction of Zone Controlled by Secondary Daylighting Control
  ,                                       !- Illuminance Map Name
  ,                                       !- Group Rendering Name
  ,                                       !- Thermostat Name
  No;                                     !- Use Ideal Air Loads

OS:Node,
  {457728b0-714b-4a11-9a59-0a41f0100b59}, !- Handle
  Node 23,                                !- Name
  {b5f85d36-30ae-4742-b906-1a2542ca9fa4}, !- Inlet Port
  ;                                       !- Outlet Port

OS:Connection,
  {b5f85d36-30ae-4742-b906-1a2542ca9fa4}, !- Handle
  {8a429267-ee6f-4aa4-849b-a8bc838be35e}, !- Source Object
  11,                                     !- Outlet Port
  {457728b0-714b-4a11-9a59-0a41f0100b59}, !- Target Object
  2;                                      !- Inlet Port

OS:PortList,
  {c01467c0-1d7e-4c53-a685-2de813ae8780}, !- Handle
  {8a429267-ee6f-4aa4-849b-a8bc838be35e}; !- HVAC Component

OS:PortList,
  {1e9f0949-93da-4b7c-b658-3e7e5bc2e338}, !- Handle
  {8a429267-ee6f-4aa4-849b-a8bc838be35e}; !- HVAC Component

OS:PortList,
  {328dd6c5-1db7-4702-8364-ecc304c6e0a4}, !- Handle
  {8a429267-ee6f-4aa4-849b-a8bc838be35e}; !- HVAC Component

OS:Sizing:Zone,
  {76aab281-5a35-4dde-a006-5bbf65506f4e}, !- Handle
  {8a429267-ee6f-4aa4-849b-a8bc838be35e}, !- Zone or ZoneList Name
  SupplyAirTemperature,                   !- Zone Cooling Design Supply Air Temperature Input Method
  14,                                     !- Zone Cooling Design Supply Air Temperature {C}
  11.11,                                  !- Zone Cooling Design Supply Air Temperature Difference {deltaC}
  SupplyAirTemperature,                   !- Zone Heating Design Supply Air Temperature Input Method
  40,                                     !- Zone Heating Design Supply Air Temperature {C}
  11.11,                                  !- Zone Heating Design Supply Air Temperature Difference {deltaC}
  0.0085,                                 !- Zone Cooling Design Supply Air Humidity Ratio {kg-H2O/kg-air}
  0.008,                                  !- Zone Heating Design Supply Air Humidity Ratio {kg-H2O/kg-air}
  ,                                       !- Zone Heating Sizing Factor
  ,                                       !- Zone Cooling Sizing Factor
  DesignDay,                              !- Cooling Design Air Flow Method
  ,                                       !- Cooling Design Air Flow Rate {m3/s}
  ,                                       !- Cooling Minimum Air Flow per Zone Floor Area {m3/s-m2}
  ,                                       !- Cooling Minimum Air Flow {m3/s}
  ,                                       !- Cooling Minimum Air Flow Fraction
  DesignDay,                              !- Heating Design Air Flow Method
  ,                                       !- Heating Design Air Flow Rate {m3/s}
  ,                                       !- Heating Maximum Air Flow per Zone Floor Area {m3/s-m2}
  ,                                       !- Heating Maximum Air Flow {m3/s}
  ,                                       !- Heating Maximum Air Flow Fraction
  No,                                     !- Account for Dedicated Outdoor Air System
  NeutralSupplyAir,                       !- Dedicated Outdoor Air System Control Strategy
  autosize,                               !- Dedicated Outdoor Air Low Setpoint Temperature for Design {C}
  autosize,                               !- Dedicated Outdoor Air High Setpoint Temperature for Design {C}
  Sensible Load Only No Latent Load,      !- Zone Load Sizing Method
  HumidityRatioDifference,                !- Zone Latent Cooling Design Supply Air Humidity Ratio Input Method
  ,                                       !- Zone Dehumidification Design Supply Air Humidity Ratio {kgWater/kgDryAir}
  0.005,                                  !- Zone Cooling Design Supply Air Humidity Ratio Difference {kgWater/kgDryAir}
  HumidityRatioDifference,                !- Zone Latent Heating Design Supply Air Humidity Ratio Input Method
  ,                                       !- Zone Humidification Design Supply Air Humidity Ratio {kgWater/kgDryAir}
  0.005,                                  !- Zone Humidification Design Supply Air Humidity Ratio Difference {kgWater/kgDryAir}
  ,                                       !- Zone Humidistat Dehumidification Set Point Schedule Name
  ,                                       !- Zone Humidistat Humidification Set Point Schedule Name
  ,                                       !- Design Zone Air Distribution Effectiveness in Cooling Mode
  ,                                       !- Design Zone Air Distribution Effectiveness in Heating Mode
  ,                                       !- Design Zone Secondary Recirculation Fraction {dimensionless}
  ,                                       !- Design Minimum Zone Ventilation Efficiency {dimensionless}
  Coincident;                             !- Sizing Option

OS:ZoneHVAC:EquipmentList,
  {7a4b97ae-c706-4a23-abc7-e3e37d489d13}, !- Handle
  Zone HVAC Equipment List 4,             !- Name
  {8a429267-ee6f-4aa4-849b-a8bc838be35e}; !- Thermal Zone

OS:Space,
  {288bb307-317f-4065-89cc-7665c9892c58}, !- Handle
  central ac and furnace airloop ret air space, !- Name
  ,                                       !- Space Type Name
  ,                                       !- Default Construction Set Name
  ,                                       !- Default Schedule Set Name
  ,                                       !- Direction of Relative North {deg}
  ,                                       !- X Origin {m}
  ,                                       !- Y Origin {m}
  ,                                       !- Z Origin {m}
  ,                                       !- Building Story Name
  {8a429267-ee6f-4aa4-849b-a8bc838be35e}; !- Thermal Zone Name

OS:Surface,
  {d1782048-6f3d-4e8a-9e3b-f4e577e044fe}, !- Handle
  Surface 1,                              !- Name
  Floor,                                  !- Surface Type
  {ea5578ed-de7e-4b1b-aaf4-3d4b91f993ec}, !- Construction Name
  {288bb307-317f-4065-89cc-7665c9892c58}, !- Space Name
  Adiabatic,                              !- Outside Boundary Condition
  ,                                       !- Outside Boundary Condition Object
  NoSun,                                  !- Sun Exposure
  NoWind,                                 !- Wind Exposure
  ,                                       !- View Factor to Ground
  ,                                       !- Number of Vertices
  0, 0, 0,                                !- X,Y,Z Vertex 1 {m}
  0, 1, 0,                                !- X,Y,Z Vertex 2 {m}
  1, 1, 0,                                !- X,Y,Z Vertex 3 {m}
  1, 0, 0;                                !- X,Y,Z Vertex 4 {m}

OS:Surface,
  {a0c1b0d6-82cd-446f-b05d-53076a3effbe}, !- Handle
  Surface 2,                              !- Name
  Wall,                                   !- Surface Type
  {ea5578ed-de7e-4b1b-aaf4-3d4b91f993ec}, !- Construction Name
  {288bb307-317f-4065-89cc-7665c9892c58}, !- Space Name
  Adiabatic,                              !- Outside Boundary Condition
  ,                                       !- Outside Boundary Condition Object
  NoSun,                                  !- Sun Exposure
  NoWind,                                 !- Wind Exposure
  ,                                       !- View Factor to Ground
  ,                                       !- Number of Vertices
  0, 0, 1,                                !- X,Y,Z Vertex 1 {m}
  0, 1, 1,                                !- X,Y,Z Vertex 2 {m}
  0, 1, 0,                                !- X,Y,Z Vertex 3 {m}
  0, 0, 0;                                !- X,Y,Z Vertex 4 {m}

OS:Surface,
  {03ec50a6-c0e5-4474-b0d4-fd3b2b9fab9e}, !- Handle
  Surface 3,                              !- Name
  Wall,                                   !- Surface Type
  {ea5578ed-de7e-4b1b-aaf4-3d4b91f993ec}, !- Construction Name
  {288bb307-317f-4065-89cc-7665c9892c58}, !- Space Name
  Adiabatic,                              !- Outside Boundary Condition
  ,                                       !- Outside Boundary Condition Object
  NoSun,                                  !- Sun Exposure
  NoWind,                                 !- Wind Exposure
  ,                                       !- View Factor to Ground
  ,                                       !- Number of Vertices
  0, 1, 1,                                !- X,Y,Z Vertex 1 {m}
  1, 1, 1,                                !- X,Y,Z Vertex 2 {m}
  1, 1, 0,                                !- X,Y,Z Vertex 3 {m}
  0, 1, 0;                                !- X,Y,Z Vertex 4 {m}

OS:Surface,
  {eae58d33-6b95-4ba0-bbb8-ab867419cbe4}, !- Handle
  Surface 4,                              !- Name
  Wall,                                   !- Surface Type
  {ea5578ed-de7e-4b1b-aaf4-3d4b91f993ec}, !- Construction Name
  {288bb307-317f-4065-89cc-7665c9892c58}, !- Space Name
  Adiabatic,                              !- Outside Boundary Condition
  ,                                       !- Outside Boundary Condition Object
  NoSun,                                  !- Sun Exposure
  NoWind,                                 !- Wind Exposure
  ,                                       !- View Factor to Ground
  ,                                       !- Number of Vertices
  1, 1, 1,                                !- X,Y,Z Vertex 1 {m}
  1, 0, 1,                                !- X,Y,Z Vertex 2 {m}
  1, 0, 0,                                !- X,Y,Z Vertex 3 {m}
  1, 1, 0;                                !- X,Y,Z Vertex 4 {m}

OS:Surface,
  {a525e5fa-2002-4712-9495-d2154e96b419}, !- Handle
  Surface 5,                              !- Name
  Wall,                                   !- Surface Type
  {ea5578ed-de7e-4b1b-aaf4-3d4b91f993ec}, !- Construction Name
  {288bb307-317f-4065-89cc-7665c9892c58}, !- Space Name
  Adiabatic,                              !- Outside Boundary Condition
  ,                                       !- Outside Boundary Condition Object
  NoSun,                                  !- Sun Exposure
  NoWind,                                 !- Wind Exposure
  ,                                       !- View Factor to Ground
  ,                                       !- Number of Vertices
  1, 0, 1,                                !- X,Y,Z Vertex 1 {m}
  0, 0, 1,                                !- X,Y,Z Vertex 2 {m}
  0, 0, 0,                                !- X,Y,Z Vertex 3 {m}
  1, 0, 0;                                !- X,Y,Z Vertex 4 {m}

OS:Surface,
  {257996e9-8149-4791-b136-ce70acb7abbf}, !- Handle
  Surface 6,                              !- Name
  RoofCeiling,                            !- Surface Type
  {ea5578ed-de7e-4b1b-aaf4-3d4b91f993ec}, !- Construction Name
  {288bb307-317f-4065-89cc-7665c9892c58}, !- Space Name
  Adiabatic,                              !- Outside Boundary Condition
  ,                                       !- Outside Boundary Condition Object
  NoSun,                                  !- Sun Exposure
  NoWind,                                 !- Wind Exposure
  ,                                       !- View Factor to Ground
  ,                                       !- Number of Vertices
  1, 0, 1,                                !- X,Y,Z Vertex 1 {m}
  1, 1, 1,                                !- X,Y,Z Vertex 2 {m}
  0, 1, 1,                                !- X,Y,Z Vertex 3 {m}
  0, 0, 1;                                !- X,Y,Z Vertex 4 {m}

OS:Material:NoMass,
  {098eb0b8-e501-422f-a90d-e53336960c55}, !- Handle
  Adiabatic,                              !- Name
  Rough,                                  !- Roughness
  176.1;                                  !- Thermal Resistance {m2-K/W}

OS:Construction,
  {ea5578ed-de7e-4b1b-aaf4-3d4b91f993ec}, !- Handle
  AdiabaticConst,                         !- Name
  ,                                       !- Surface Rendering Name
  {098eb0b8-e501-422f-a90d-e53336960c55}; !- Layer 1

OS:SurfaceProperty:ConvectionCoefficients,
  {a41788cb-e4ff-41ef-b3b7-4b92311e39ab}, !- Handle
  {a525e5fa-2002-4712-9495-d2154e96b419}, !- Surface Name
  Inside,                                 !- Convection Coefficient 1 Location
  Value,                                  !- Convection Coefficient 1 Type
  30;                                     !- Convection Coefficient 1 {W/m2-K}

OS:SurfaceProperty:ConvectionCoefficients,
  {005f7d7c-eee0-46ae-a70e-284076de064d}, !- Handle
  {257996e9-8149-4791-b136-ce70acb7abbf}, !- Surface Name
  Inside,                                 !- Convection Coefficient 1 Location
  Value,                                  !- Convection Coefficient 1 Type
  30;                                     !- Convection Coefficient 1 {W/m2-K}

OS:SurfaceProperty:ConvectionCoefficients,
  {ffef8f2d-6d4f-436f-8af2-20b49eca2971}, !- Handle
  {03ec50a6-c0e5-4474-b0d4-fd3b2b9fab9e}, !- Surface Name
  Inside,                                 !- Convection Coefficient 1 Location
  Value,                                  !- Convection Coefficient 1 Type
  30;                                     !- Convection Coefficient 1 {W/m2-K}

OS:SurfaceProperty:ConvectionCoefficients,
  {feadc477-56f0-4184-9b58-965b82550e28}, !- Handle
  {eae58d33-6b95-4ba0-bbb8-ab867419cbe4}, !- Surface Name
  Inside,                                 !- Convection Coefficient 1 Location
  Value,                                  !- Convection Coefficient 1 Type
  30;                                     !- Convection Coefficient 1 {W/m2-K}

OS:SurfaceProperty:ConvectionCoefficients,
  {637bb247-84d0-49ef-84e8-8e29a912e604}, !- Handle
  {d1782048-6f3d-4e8a-9e3b-f4e577e044fe}, !- Surface Name
  Inside,                                 !- Convection Coefficient 1 Location
  Value,                                  !- Convection Coefficient 1 Type
  30;                                     !- Convection Coefficient 1 {W/m2-K}

OS:SurfaceProperty:ConvectionCoefficients,
  {6c66b0ef-7a60-401f-a065-3cd211e4c2da}, !- Handle
  {a0c1b0d6-82cd-446f-b05d-53076a3effbe}, !- Surface Name
  Inside,                                 !- Convection Coefficient 1 Location
  Value,                                  !- Convection Coefficient 1 Type
  30;                                     !- Convection Coefficient 1 {W/m2-K}

OS:AirLoopHVAC:ReturnPlenum,
  {65d637f5-bebe-41fa-a933-dbe42ae0b1b9}, !- Handle
  Air Loop HVAC Return Plenum 1,          !- Name
  {8a429267-ee6f-4aa4-849b-a8bc838be35e}, !- ThermalZone
  {8c434fc7-7eb7-4a11-bbcc-0aee6de4d3df}, !- Outlet Node
  ,                                       !- Induced Air Outlet Port List
  {c3aca2e8-783b-4d01-b0bc-6cba3f4560d5}; !- Inlet Node 1

OS:Node,
  {48d4ddbf-2e62-43cb-91a3-5ac0b9cfcb29}, !- Handle
  Node 25,                                !- Name
  {8c434fc7-7eb7-4a11-bbcc-0aee6de4d3df}, !- Inlet Port
  {0196de04-826d-4a29-b90a-f76a8d908bfd}; !- Outlet Port

OS:Connection,
  {c3aca2e8-783b-4d01-b0bc-6cba3f4560d5}, !- Handle
  {a75c5bed-e62f-467b-8df8-2911b5472171}, !- Source Object
  3,                                      !- Outlet Port
  {65d637f5-bebe-41fa-a933-dbe42ae0b1b9}, !- Target Object
  5;                                      !- Inlet Port

OS:Connection,
  {8c434fc7-7eb7-4a11-bbcc-0aee6de4d3df}, !- Handle
  {65d637f5-bebe-41fa-a933-dbe42ae0b1b9}, !- Source Object
  3,                                      !- Outlet Port
  {48d4ddbf-2e62-43cb-91a3-5ac0b9cfcb29}, !- Target Object
  2;                                      !- Inlet Port

OS:Connection,
  {0196de04-826d-4a29-b90a-f76a8d908bfd}, !- Handle
  {48d4ddbf-2e62-43cb-91a3-5ac0b9cfcb29}, !- Source Object
  3,                                      !- Outlet Port
  {b4a81fb5-9397-4373-873e-f18d99c8c040}, !- Target Object
  3;                                      !- Inlet Port

OS:EnergyManagementSystem:GlobalVariable,
  {6cb0bc75-1ec3-42ef-af18-8a8403cb99eb}, !- Handle
  central_ac_and_furnace_airloop_AH_MFR;  !- Name

OS:EnergyManagementSystem:Sensor,
  {e7459a71-d2fc-41b7-a114-ec013ed13be2}, !- Handle
  central_ac_and_furnace_airloop_AH_MFR_s, !- Name
  Node 6,                                 !- Output Variable or Output Meter Index Key Name
  System Node Mass Flow Rate;             !- Output Variable or Output Meter Name

OS:EnergyManagementSystem:GlobalVariable,
  {99ac1145-fac0-4d11-bbf6-6ed1187e39b1}, !- Handle
  central_ac_and_furnace_airloop_AH_VFR;  !- Name

OS:EnergyManagementSystem:Sensor,
  {2ce42395-ea7c-489f-ad50-44bc8baa3638}, !- Handle
  central_ac_and_furnace_airloop_AH_VFR_s, !- Name
  Node 6,                                 !- Output Variable or Output Meter Index Key Name
  System Node Current Density Volume Flow Rate; !- Output Variable or Output Meter Name

OS:EnergyManagementSystem:GlobalVariable,
  {6739b216-71ca-4b52-8621-1cf1ff381a65}, !- Handle
  central_ac_and_furnace_airloop_AH_Tout; !- Name

OS:EnergyManagementSystem:Sensor,
  {2854214b-a9e0-4588-bf87-1092a19dfae4}, !- Handle
  central_ac_and_furnace_airloop_AH_Tout_s, !- Name
  Node 6,                                 !- Output Variable or Output Meter Index Key Name
  System Node Temperature;                !- Output Variable or Output Meter Name

OS:EnergyManagementSystem:GlobalVariable,
  {dac8ca0b-e1eb-4714-b7a7-cc704878cbef}, !- Handle
  central_ac_and_furnace_airloop_AH_Wout; !- Name

OS:EnergyManagementSystem:Sensor,
  {5988fa55-fcb6-4250-af42-7337eda7f343}, !- Handle
  central_ac_and_furnace_airloop_AH_Wout_s, !- Name
  Node 6,                                 !- Output Variable or Output Meter Index Key Name
  System Node Humidity Ratio;             !- Output Variable or Output Meter Name

OS:EnergyManagementSystem:GlobalVariable,
  {4dff2e96-3410-4090-b36a-98b9eb02aeff}, !- Handle
  central_ac_and_furnace_airloop_RA_T;    !- Name

OS:EnergyManagementSystem:Sensor,
  {d378e39e-506f-4ef3-82dd-6711864c160b}, !- Handle
  central_ac_and_furnace_airloop_RA_T_s,  !- Name
  Node 9,                                 !- Output Variable or Output Meter Index Key Name
  System Node Temperature;                !- Output Variable or Output Meter Name

OS:EnergyManagementSystem:GlobalVariable,
  {7b76aec7-b637-42c3-b4ec-c7dfd7a1ce15}, !- Handle
  central_ac_and_furnace_airloop_Ra_W;    !- Name

OS:EnergyManagementSystem:Sensor,
  {e0be4608-b86e-4f0a-8f61-784e08d81065}, !- Handle
  central_ac_and_furnace_airloop_Ra_W_s,  !- Name
  Node 9,                                 !- Output Variable or Output Meter Index Key Name
  System Node Humidity Ratio;             !- Output Variable or Output Meter Name

OS:EnergyManagementSystem:GlobalVariable,
  {ee618462-6961-420a-9969-8923ebfc75a8}, !- Handle
  central_ac_and_furnace_airloop_0_DZ_T;  !- Name

OS:EnergyManagementSystem:Sensor,
  {a176b948-63ce-46b0-b26e-0a92a6ebf56b}, !- Handle
  central_ac_and_furnace_airloop_0_DZ_T_s, !- Name
  crawlspace - vented,                    !- Output Variable or Output Meter Index Key Name
  Zone Air Temperature;                   !- Output Variable or Output Meter Name

OS:EnergyManagementSystem:GlobalVariable,
  {e3ca328c-f655-49cf-a8f9-b158b4b4af9e}, !- Handle
  central_ac_and_furnace_airloop_0_DZ_W;  !- Name

OS:EnergyManagementSystem:Sensor,
  {50d8d630-f6b3-45b3-87c0-7eca1f186c76}, !- Handle
  central_ac_and_furnace_airloop_0_DZ_W_s, !- Name
  crawlspace - vented,                    !- Output Variable or Output Meter Index Key Name
  Zone Mean Air Humidity Ratio;           !- Output Variable or Output Meter Name

OS:EnergyManagementSystem:GlobalVariable,
  {ca7a60ae-205e-49a1-b9d2-452d67f9773e}, !- Handle
  central_ac_and_furnace_airloop_0_SupSensLkToCond; !- Name

OS:OtherEquipment:Definition,
  {94bfac21-1611-41e0-8bf9-4439dc544248}, !- Handle
  central ac and furnace airloop_0 SupSensLkToCond, !- Name
  EquipmentLevel,                         !- Design Level Calculation Method
  0,                                      !- Design Level {W}
  ,                                       !- Watts per Space Floor Area {W/m2}
  ,                                       !- Watts per Person {W/Person}
  0,                                      !- Fraction Latent
  0,                                      !- Fraction Radiant
  0;                                      !- Fraction Lost

OS:OtherEquipment,
  {0d286284-5755-43ff-8164-74469144f5a9}, !- Handle
  central ac and furnace airloop_0 SupSensLkToCond, !- Name
  {94bfac21-1611-41e0-8bf9-4439dc544248}, !- Other Equipment Definition Name
  {d5015664-5053-4d4c-bbda-18682420aec3}, !- Space or SpaceType Name
  {54d0e4ea-1999-4647-afaf-0ed92fd593b9}, !- Schedule Name
  ,                                       !- Multiplier
  ,                                       !- Fuel Type
  duct load;                              !- End-Use Subcategory

OS:EnergyManagementSystem:Actuator,
  {ce77a43f-cacc-441f-9335-2d2be9dab647}, !- Handle
  central_ac_and_furnace_airloop_0_SupSensLkToCond_act, !- Name
  {0d286284-5755-43ff-8164-74469144f5a9}, !- Actuated Component Name
  OtherEquipment,                         !- Actuated Component Type
  Power Level,                            !- Actuated Component Control Type
  {d5015664-5053-4d4c-bbda-18682420aec3}; !- Zone or Space Name

OS:EnergyManagementSystem:GlobalVariable,
  {3a78ba28-4e20-4776-832c-b9197b0f0b79}, !- Handle
  central_ac_and_furnace_airloop_0_SupLatLkToCond; !- Name

OS:OtherEquipment:Definition,
  {66828df9-f78f-41c8-ac27-f569d5f27bbb}, !- Handle
  central ac and furnace airloop_0 SupLatLkToCond, !- Name
  EquipmentLevel,                         !- Design Level Calculation Method
  0,                                      !- Design Level {W}
  ,                                       !- Watts per Space Floor Area {W/m2}
  ,                                       !- Watts per Person {W/Person}
  1,                                      !- Fraction Latent
  0,                                      !- Fraction Radiant
  0;                                      !- Fraction Lost

OS:OtherEquipment,
  {beb5d6d1-a25c-4b52-b645-2e8de2ded48e}, !- Handle
  central ac and furnace airloop_0 SupLatLkToCond, !- Name
  {66828df9-f78f-41c8-ac27-f569d5f27bbb}, !- Other Equipment Definition Name
  {d5015664-5053-4d4c-bbda-18682420aec3}, !- Space or SpaceType Name
  {54d0e4ea-1999-4647-afaf-0ed92fd593b9}, !- Schedule Name
  ,                                       !- Multiplier
  ,                                       !- Fuel Type
  duct load;                              !- End-Use Subcategory

OS:EnergyManagementSystem:Actuator,
  {e53dabfd-1913-4895-8284-10db6daeed67}, !- Handle
  central_ac_and_furnace_airloop_0_SupLatLkToCond_act, !- Name
  {beb5d6d1-a25c-4b52-b645-2e8de2ded48e}, !- Actuated Component Name
  OtherEquipment,                         !- Actuated Component Type
  Power Level,                            !- Actuated Component Control Type
  {d5015664-5053-4d4c-bbda-18682420aec3}; !- Zone or Space Name

OS:EnergyManagementSystem:GlobalVariable,
  {1199f119-1d2b-4f92-a410-05012c56bb1d}, !- Handle
  central_ac_and_furnace_airloop_0_SupCondToLv; !- Name

OS:OtherEquipment:Definition,
  {b78a6a41-6e40-4e9b-8b1d-41c4b9c87bcb}, !- Handle
  central ac and furnace airloop_0 SupCondToLv, !- Name
  EquipmentLevel,                         !- Design Level Calculation Method
  0,                                      !- Design Level {W}
  ,                                       !- Watts per Space Floor Area {W/m2}
  ,                                       !- Watts per Person {W/Person}
  0,                                      !- Fraction Latent
  0,                                      !- Fraction Radiant
  0;                                      !- Fraction Lost

OS:OtherEquipment,
  {cf711014-4665-475b-9ae7-0740a8decb77}, !- Handle
  central ac and furnace airloop_0 SupCondToLv, !- Name
  {b78a6a41-6e40-4e9b-8b1d-41c4b9c87bcb}, !- Other Equipment Definition Name
  {d5015664-5053-4d4c-bbda-18682420aec3}, !- Space or SpaceType Name
  {54d0e4ea-1999-4647-afaf-0ed92fd593b9}, !- Schedule Name
  ,                                       !- Multiplier
  ,                                       !- Fuel Type
  duct load;                              !- End-Use Subcategory

OS:EnergyManagementSystem:Actuator,
  {9d8d9ecf-f854-421f-a32d-eb9d2e1ac4c7}, !- Handle
  central_ac_and_furnace_airloop_0_SupCondToLv_act, !- Name
  {cf711014-4665-475b-9ae7-0740a8decb77}, !- Actuated Component Name
  OtherEquipment,                         !- Actuated Component Type
  Power Level,                            !- Actuated Component Control Type
  {d5015664-5053-4d4c-bbda-18682420aec3}; !- Zone or Space Name

OS:EnergyManagementSystem:GlobalVariable,
  {b88d404e-62cb-43af-bf3f-7b68506d9f39}, !- Handle
  central_ac_and_furnace_airloop_0_RetCondToRP; !- Name

OS:OtherEquipment:Definition,
  {605c66bb-85b9-4b93-8baa-9fe6e038dca6}, !- Handle
  central ac and furnace airloop_0 RetCondToRP, !- Name
  EquipmentLevel,                         !- Design Level Calculation Method
  0,                                      !- Design Level {W}
  ,                                       !- Watts per Space Floor Area {W/m2}
  ,                                       !- Watts per Person {W/Person}
  0,                                      !- Fraction Latent
  0,                                      !- Fraction Radiant
  0;                                      !- Fraction Lost

OS:OtherEquipment,
  {d22cb7da-13ac-4535-a0c1-f564bee84013}, !- Handle
  central ac and furnace airloop_0 RetCondToRP, !- Name
  {605c66bb-85b9-4b93-8baa-9fe6e038dca6}, !- Other Equipment Definition Name
  {288bb307-317f-4065-89cc-7665c9892c58}, !- Space or SpaceType Name
  {54d0e4ea-1999-4647-afaf-0ed92fd593b9}, !- Schedule Name
  ,                                       !- Multiplier
  ,                                       !- Fuel Type
  duct load;                              !- End-Use Subcategory

OS:EnergyManagementSystem:Actuator,
  {8b4edc23-781b-490d-b559-aece611bc77f}, !- Handle
  central_ac_and_furnace_airloop_0_RetCondToRP_act, !- Name
  {d22cb7da-13ac-4535-a0c1-f564bee84013}, !- Actuated Component Name
  OtherEquipment,                         !- Actuated Component Type
  Power Level,                            !- Actuated Component Control Type
  {288bb307-317f-4065-89cc-7665c9892c58}; !- Zone or Space Name

OS:EnergyManagementSystem:GlobalVariable,
  {1435a94e-de55-42b8-8046-2cb655ad3e1d}, !- Handle
  central_ac_and_furnace_airloop_0_RetSensLkToRP; !- Name

OS:OtherEquipment:Definition,
  {4be96c40-b050-4d43-a1cf-dde730fc1db9}, !- Handle
  central ac and furnace airloop_0 RetSensLkToRP, !- Name
  EquipmentLevel,                         !- Design Level Calculation Method
  0,                                      !- Design Level {W}
  ,                                       !- Watts per Space Floor Area {W/m2}
  ,                                       !- Watts per Person {W/Person}
  0,                                      !- Fraction Latent
  0,                                      !- Fraction Radiant
  0;                                      !- Fraction Lost

OS:OtherEquipment,
  {8e4ae799-7baa-4d7d-93bd-e73ae677c38d}, !- Handle
  central ac and furnace airloop_0 RetSensLkToRP, !- Name
  {4be96c40-b050-4d43-a1cf-dde730fc1db9}, !- Other Equipment Definition Name
  {288bb307-317f-4065-89cc-7665c9892c58}, !- Space or SpaceType Name
  {54d0e4ea-1999-4647-afaf-0ed92fd593b9}, !- Schedule Name
  ,                                       !- Multiplier
  ,                                       !- Fuel Type
  duct load;                              !- End-Use Subcategory

OS:EnergyManagementSystem:Actuator,
  {1e3cca7b-03c1-404b-93c5-3c0255ffb419}, !- Handle
  central_ac_and_furnace_airloop_0_RetSensLkToRP_act, !- Name
  {8e4ae799-7baa-4d7d-93bd-e73ae677c38d}, !- Actuated Component Name
  OtherEquipment,                         !- Actuated Component Type
  Power Level,                            !- Actuated Component Control Type
  {288bb307-317f-4065-89cc-7665c9892c58}; !- Zone or Space Name

OS:EnergyManagementSystem:GlobalVariable,
  {91e2021c-7602-4559-b308-caabd0d269e9}, !- Handle
  central_ac_and_furnace_airloop_0_RetLatLkToRP; !- Name

OS:OtherEquipment:Definition,
  {d1ecb303-5322-4aca-a5a0-756f7d16e9e7}, !- Handle
  central ac and furnace airloop_0 RetLatLkToRP, !- Name
  EquipmentLevel,                         !- Design Level Calculation Method
  0,                                      !- Design Level {W}
  ,                                       !- Watts per Space Floor Area {W/m2}
  ,                                       !- Watts per Person {W/Person}
  1,                                      !- Fraction Latent
  0,                                      !- Fraction Radiant
  0;                                      !- Fraction Lost

OS:OtherEquipment,
  {6687b6a8-090c-4ff2-bb90-fdba9162a086}, !- Handle
  central ac and furnace airloop_0 RetLatLkToRP, !- Name
  {d1ecb303-5322-4aca-a5a0-756f7d16e9e7}, !- Other Equipment Definition Name
  {288bb307-317f-4065-89cc-7665c9892c58}, !- Space or SpaceType Name
  {54d0e4ea-1999-4647-afaf-0ed92fd593b9}, !- Schedule Name
  ,                                       !- Multiplier
  ,                                       !- Fuel Type
  duct load;                              !- End-Use Subcategory

OS:EnergyManagementSystem:Actuator,
  {34b20a47-5e8e-46a4-b129-88f99144cb4a}, !- Handle
  central_ac_and_furnace_airloop_0_RetLatLkToRP_act, !- Name
  {6687b6a8-090c-4ff2-bb90-fdba9162a086}, !- Actuated Component Name
  OtherEquipment,                         !- Actuated Component Type
  Power Level,                            !- Actuated Component Control Type
  {288bb307-317f-4065-89cc-7665c9892c58}; !- Zone or Space Name

OS:EnergyManagementSystem:GlobalVariable,
  {34116181-46e9-4df4-b95f-4fdaceba7b64}, !- Handle
  central_ac_and_furnace_airloop_0_SupCondToDZ; !- Name

OS:OtherEquipment:Definition,
  {9506b3ad-9e21-478d-9c12-320a12fbf514}, !- Handle
  central ac and furnace airloop_0 SupCondToDZ, !- Name
  EquipmentLevel,                         !- Design Level Calculation Method
  0,                                      !- Design Level {W}
  ,                                       !- Watts per Space Floor Area {W/m2}
  ,                                       !- Watts per Person {W/Person}
  0,                                      !- Fraction Latent
  0,                                      !- Fraction Radiant
  0;                                      !- Fraction Lost

OS:OtherEquipment,
  {ec90ff7f-8e3e-4f88-9040-dd460d80f48d}, !- Handle
  central ac and furnace airloop_0 SupCondToDZ, !- Name
  {9506b3ad-9e21-478d-9c12-320a12fbf514}, !- Other Equipment Definition Name
  {803da27a-aa12-46c6-bbfb-372aa2a43f28}, !- Space or SpaceType Name
  {54d0e4ea-1999-4647-afaf-0ed92fd593b9}, !- Schedule Name
  ,                                       !- Multiplier
  ,                                       !- Fuel Type
  General;                                !- End-Use Subcategory

OS:EnergyManagementSystem:Actuator,
  {b26800fa-c51b-4498-90bc-551cffcd0185}, !- Handle
  central_ac_and_furnace_airloop_0_SupCondToDZ_act, !- Name
  {ec90ff7f-8e3e-4f88-9040-dd460d80f48d}, !- Actuated Component Name
  OtherEquipment,                         !- Actuated Component Type
  Power Level,                            !- Actuated Component Control Type
  {803da27a-aa12-46c6-bbfb-372aa2a43f28}; !- Zone or Space Name

OS:EnergyManagementSystem:GlobalVariable,
  {0b4cae2b-2332-485e-9339-26ea88c0d957}, !- Handle
  central_ac_and_furnace_airloop_0_RetCondToDZ; !- Name

OS:OtherEquipment:Definition,
  {819b68c2-0b1d-4bc3-9d8f-19bc06c73f58}, !- Handle
  central ac and furnace airloop_0 RetCondToDZ, !- Name
  EquipmentLevel,                         !- Design Level Calculation Method
  0,                                      !- Design Level {W}
  ,                                       !- Watts per Space Floor Area {W/m2}
  ,                                       !- Watts per Person {W/Person}
  0,                                      !- Fraction Latent
  0,                                      !- Fraction Radiant
  0;                                      !- Fraction Lost

OS:OtherEquipment,
  {c6307228-3118-4e3f-bf64-df08f4d8f5b4}, !- Handle
  central ac and furnace airloop_0 RetCondToDZ, !- Name
  {819b68c2-0b1d-4bc3-9d8f-19bc06c73f58}, !- Other Equipment Definition Name
  {803da27a-aa12-46c6-bbfb-372aa2a43f28}, !- Space or SpaceType Name
  {54d0e4ea-1999-4647-afaf-0ed92fd593b9}, !- Schedule Name
  ,                                       !- Multiplier
  ,                                       !- Fuel Type
  General;                                !- End-Use Subcategory

OS:EnergyManagementSystem:Actuator,
  {45f7f422-34a6-413b-bc24-d1d3f6e76dc1}, !- Handle
  central_ac_and_furnace_airloop_0_RetCondToDZ_act, !- Name
  {c6307228-3118-4e3f-bf64-df08f4d8f5b4}, !- Actuated Component Name
  OtherEquipment,                         !- Actuated Component Type
  Power Level,                            !- Actuated Component Control Type
  {803da27a-aa12-46c6-bbfb-372aa2a43f28}; !- Zone or Space Name

OS:EnergyManagementSystem:GlobalVariable,
  {7eaa13d6-d770-4bc0-b9ba-39f07ce7fb00}, !- Handle
  central_ac_and_furnace_airloop_0_SupSensLkToDZ; !- Name

OS:OtherEquipment:Definition,
  {7fc64b5f-c799-4528-99eb-69e9c0c1e8ea}, !- Handle
  central ac and furnace airloop_0 SupSensLkToDZ, !- Name
  EquipmentLevel,                         !- Design Level Calculation Method
  0,                                      !- Design Level {W}
  ,                                       !- Watts per Space Floor Area {W/m2}
  ,                                       !- Watts per Person {W/Person}
  0,                                      !- Fraction Latent
  0,                                      !- Fraction Radiant
  0;                                      !- Fraction Lost

OS:OtherEquipment,
  {d04f1ae8-f862-4199-bab1-1e1c99698e65}, !- Handle
  central ac and furnace airloop_0 SupSensLkToDZ, !- Name
  {7fc64b5f-c799-4528-99eb-69e9c0c1e8ea}, !- Other Equipment Definition Name
  {803da27a-aa12-46c6-bbfb-372aa2a43f28}, !- Space or SpaceType Name
  {54d0e4ea-1999-4647-afaf-0ed92fd593b9}, !- Schedule Name
  ,                                       !- Multiplier
  ,                                       !- Fuel Type
  General;                                !- End-Use Subcategory

OS:EnergyManagementSystem:Actuator,
  {a5685ffd-4688-44f9-8eb3-53899b2c65bd}, !- Handle
  central_ac_and_furnace_airloop_0_SupSensLkToDZ_act, !- Name
  {d04f1ae8-f862-4199-bab1-1e1c99698e65}, !- Actuated Component Name
  OtherEquipment,                         !- Actuated Component Type
  Power Level,                            !- Actuated Component Control Type
  {803da27a-aa12-46c6-bbfb-372aa2a43f28}; !- Zone or Space Name

OS:EnergyManagementSystem:GlobalVariable,
  {5084bdbf-4f28-4f32-8f69-808ee26020b6}, !- Handle
  central_ac_and_furnace_airloop_0_SupLatLkToDZ; !- Name

OS:OtherEquipment:Definition,
  {fcbdda85-6312-4a3d-bafc-d0d443f570e6}, !- Handle
  central ac and furnace airloop_0 SupLatLkToDZ, !- Name
  EquipmentLevel,                         !- Design Level Calculation Method
  0,                                      !- Design Level {W}
  ,                                       !- Watts per Space Floor Area {W/m2}
  ,                                       !- Watts per Person {W/Person}
  1,                                      !- Fraction Latent
  0,                                      !- Fraction Radiant
  0;                                      !- Fraction Lost

OS:OtherEquipment,
  {bad01a3d-cc23-40a9-9c27-918a393d54c0}, !- Handle
  central ac and furnace airloop_0 SupLatLkToDZ, !- Name
  {fcbdda85-6312-4a3d-bafc-d0d443f570e6}, !- Other Equipment Definition Name
  {803da27a-aa12-46c6-bbfb-372aa2a43f28}, !- Space or SpaceType Name
  {54d0e4ea-1999-4647-afaf-0ed92fd593b9}, !- Schedule Name
  ,                                       !- Multiplier
  ,                                       !- Fuel Type
  General;                                !- End-Use Subcategory

OS:EnergyManagementSystem:Actuator,
  {6e1fd096-d611-4d36-87ed-73744b8616a4}, !- Handle
  central_ac_and_furnace_airloop_0_SupLatLkToDZ_act, !- Name
  {bad01a3d-cc23-40a9-9c27-918a393d54c0}, !- Actuated Component Name
  OtherEquipment,                         !- Actuated Component Type
  Power Level,                            !- Actuated Component Control Type
  {803da27a-aa12-46c6-bbfb-372aa2a43f28}; !- Zone or Space Name

OS:EnergyManagementSystem:GlobalVariable,
  {1913f985-999d-492f-a2a1-de61a9408dd7}, !- Handle
  central_ac_and_furnace_airloop_0_ZoneMixDZToCond; !- Name

OS:ZoneMixing,
  {51eb8df5-7232-4779-9511-034b769cd72a}, !- Handle
  central ac and furnace airloop_0 ZoneMixDZToCond mix, !- Name
  {da0badc6-3769-43ac-812f-4582a4988883}, !- Zone or Space Name
  {945c5e50-7abd-4dd1-8d5f-f43ee61a7717}, !- Schedule Name
  Flow/Zone,                              !- Design Flow Rate Calculation Method
  0,                                      !- Design Flow Rate {m3/s}
  ,                                       !- Flow Rate per Floor Area {m3/s-m2}
  ,                                       !- Flow Rate per Person {m3/s-person}
  ,                                       !- Air Changes per Hour {1/hr}
  {09922970-1ace-47de-ac80-dddbf1088b0b}, !- Source Zone or Space Name
  ,                                       !- Delta Temperature {deltaC}
  ,                                       !- Delta Temperature Schedule Name
  ,                                       !- Minimum Receiving Temperature Schedule Name
  ,                                       !- Maximum Receiving Temperature Schedule Name
  ,                                       !- Minimum Source Temperature Schedule Name
  ,                                       !- Maximum Source Temperature Schedule Name
  ,                                       !- Minimum Outdoor Temperature Schedule Name
  ;                                       !- Maximum Outdoor Temperature Schedule Name

OS:Schedule:Constant,
  {945c5e50-7abd-4dd1-8d5f-f43ee61a7717}, !- Handle
  Always On Continuous,                   !- Name
  {012fedaf-7640-4b82-8638-47870d1a4f89}, !- Schedule Type Limits Name
  1;                                      !- Value

OS:ScheduleTypeLimits,
  {012fedaf-7640-4b82-8638-47870d1a4f89}, !- Handle
  Fractional 1,                           !- Name
  0,                                      !- Lower Limit Value
  1,                                      !- Upper Limit Value
  Continuous,                             !- Numeric Type
  ;                                       !- Unit Type

OS:AdditionalProperties,
  {2888a539-8c49-4249-88ea-a1e7d2652658}, !- Handle
  {51eb8df5-7232-4779-9511-034b769cd72a}, !- Object Name
  ObjectType,                             !- Feature Name 1
  String,                                 !- Feature Data Type 1
  duct load;                              !- Feature Value 1

OS:EnergyManagementSystem:Actuator,
  {11babff9-1c1e-4c5b-a91b-57efe65fa630}, !- Handle
  central_ac_and_furnace_airloop_0_ZoneMixDZToCond_mix_act, !- Name
  {51eb8df5-7232-4779-9511-034b769cd72a}, !- Actuated Component Name
  ZoneMixing,                             !- Actuated Component Type
  Air Exchange Flow Rate,                 !- Actuated Component Control Type
  ;                                       !- Zone or Space Name

OS:EnergyManagementSystem:GlobalVariable,
  {09f54c5e-8932-488f-84d9-ecd834cab7cc}, !- Handle
  central_ac_and_furnace_airloop_0_ZoneMixCondToDZ; !- Name

OS:ZoneMixing,
  {8e39d0a8-10de-44d2-816d-3ea3c478770f}, !- Handle
  central ac and furnace airloop_0 ZoneMixCondToDZ mix, !- Name
  {09922970-1ace-47de-ac80-dddbf1088b0b}, !- Zone or Space Name
  {945c5e50-7abd-4dd1-8d5f-f43ee61a7717}, !- Schedule Name
  Flow/Zone,                              !- Design Flow Rate Calculation Method
  0,                                      !- Design Flow Rate {m3/s}
  ,                                       !- Flow Rate per Floor Area {m3/s-m2}
  ,                                       !- Flow Rate per Person {m3/s-person}
  ,                                       !- Air Changes per Hour {1/hr}
  {da0badc6-3769-43ac-812f-4582a4988883}, !- Source Zone or Space Name
  ,                                       !- Delta Temperature {deltaC}
  ,                                       !- Delta Temperature Schedule Name
  ,                                       !- Minimum Receiving Temperature Schedule Name
  ,                                       !- Maximum Receiving Temperature Schedule Name
  ,                                       !- Minimum Source Temperature Schedule Name
  ,                                       !- Maximum Source Temperature Schedule Name
  ,                                       !- Minimum Outdoor Temperature Schedule Name
  ;                                       !- Maximum Outdoor Temperature Schedule Name

OS:AdditionalProperties,
  {a44125f7-fcbd-4312-a921-2aa7648db3ed}, !- Handle
  {8e39d0a8-10de-44d2-816d-3ea3c478770f}, !- Object Name
  ObjectType,                             !- Feature Name 1
  String,                                 !- Feature Data Type 1
  duct load;                              !- Feature Value 1

OS:EnergyManagementSystem:Actuator,
  {66271174-6886-4f11-bb19-3913a80f061d}, !- Handle
  central_ac_and_furnace_airloop_0_ZoneMixCondToDZ_mix_act, !- Name
  {8e39d0a8-10de-44d2-816d-3ea3c478770f}, !- Actuated Component Name
  ZoneMixing,                             !- Actuated Component Type
  Air Exchange Flow Rate,                 !- Actuated Component Control Type
  ;                                       !- Zone or Space Name

OS:EnergyManagementSystem:GlobalVariable,
  {429fd8bb-6bf2-4791-8c28-fbc631a167fb}, !- Handle
  central_ac_and_furnace_airloop_0_DuctImbalLkSupFanEquivCond; !- Name

OS:EnergyManagementSystem:GlobalVariable,
  {b6b8f2ed-5c54-4586-8589-cae4fe879eff}, !- Handle
  central_ac_and_furnace_airloop_0_DuctImbalLkExhFanEquivCond; !- Name

OS:EnergyManagementSystem:GlobalVariable,
  {85e561d2-d486-44f5-83f4-c01198bd3bd3}, !- Handle
  central_ac_and_furnace_airloop_0_DuctImbalLkSupFanEquivDZ; !- Name

OS:EnergyManagementSystem:GlobalVariable,
  {34a11152-bd63-4e5e-8181-c950090c4870}, !- Handle
  central_ac_and_furnace_airloop_0_DuctImbalLkExhFanEquivDZ; !- Name

OS:EnergyManagementSystem:Subroutine,
  {7ad57e29-4599-4579-875b-fed3ce63112f}, !- Handle
  central_ac_and_furnace_airloop_0_duct_subroutine, !- Name
  Set AH_MFR = central_ac_and_furnace_airloop_AH_MFR / 1, !- Program Line 1
  If AH_MFR > 0,                          !- Program Line 2
  Set AH_Tout = central_ac_and_furnace_airloop_AH_Tout, !- Program Line 3
  Set AH_Wout = central_ac_and_furnace_airloop_AH_Wout, !- Program Line 4
  Set RA_T = central_ac_and_furnace_airloop_RA_T, !- Program Line 5
  Set RA_W = central_ac_and_furnace_airloop_Ra_W, !- Program Line 6
  Set Fan_RTF = central_ac_and_furnace_airloop_Fan_RTF, !- Program Line 7
  Set DZ_T = central_ac_and_furnace_airloop_0_DZ_T, !- Program Line 8
  Set DZ_W = central_ac_and_furnace_airloop_0_DZ_W, !- Program Line 9
  Set AH_VFR = central_ac_and_furnace_airloop_AH_VFR / 1, !- Program Line 10
  Set h_SA = (@HFnTdbW AH_Tout AH_Wout),  !- Program Line 11
  Set h_RA = (@HFnTdbW RA_T RA_W),        !- Program Line 12
  Set h_fg = (@HfgAirFnWTdb AH_Wout AH_Tout), !- Program Line 13
  Set h_DZ = (@HFnTdbW DZ_T DZ_W),        !- Program Line 14
  Set air_cp = 1006.0,                    !- Program Line 15
  Set f_sup = 0.133,                      !- Program Line 16
  Set f_ret = 0.067,                      !- Program Line 17
  Set sup_lk_mfr = f_sup * AH_MFR,        !- Program Line 18
  Set ret_lk_mfr = f_ret * AH_MFR,        !- Program Line 19
  Set SupTotLkToCond = sup_lk_mfr*(h_RA - h_SA), !- Program Line 20
  Set SupLatLkToCond = sup_lk_mfr*h_fg*(RA_W-AH_Wout), !- Program Line 21
  Set SupSensLkToCond = SupTotLkToCond-SupLatLkToCond, !- Program Line 22
  Set supply_ua = 77.161,                 !- Program Line 23
  Set eTm = 0-((Fan_RTF/(AH_MFR*air_cp))*supply_ua), !- Program Line 24
  Set t_sup = DZ_T+((AH_Tout-DZ_T)*(@Exp eTm)), !- Program Line 25
  Set SupCondToCond = AH_MFR*air_cp*(t_sup-AH_Tout), !- Program Line 26
  Set SupCondToDZ = 0-SupCondToCond,      !- Program Line 27
  Set return_ua = 28.578,                 !- Program Line 28
  Set eTm = 0-((Fan_RTF/(AH_MFR*air_cp))*return_ua), !- Program Line 29
  Set t_ret = DZ_T+((RA_T-DZ_T)*(@Exp eTm)), !- Program Line 30
  Set RetCondToRP = AH_MFR*air_cp*(t_ret-RA_T), !- Program Line 31
  Set RetCondToDZ = 0-RetCondToRP,        !- Program Line 32
  Set RetLatLkToRP = 0,                   !- Program Line 33
  Set RetSensLkToRP = ret_lk_mfr*air_cp*(DZ_T-RA_T), !- Program Line 34
  Set SupTotLkToDZ = sup_lk_mfr*(h_SA-h_DZ), !- Program Line 35
  Set SupLatLkToDZ = sup_lk_mfr*h_fg*(AH_Wout-DZ_W), !- Program Line 36
  Set SupSensLkToDZ = SupTotLkToDZ-SupLatLkToDZ, !- Program Line 37
  Set FracOutsideToCond = 1.0,            !- Program Line 38
  Set FracOutsideToDZ = 0.0,              !- Program Line 39
  Set FracCondToOutside = 0.0,            !- Program Line 40
  Set FracDZToOutside = 1.0,              !- Program Line 41
  Set FracDZToCond = 0.0,                 !- Program Line 42
  Set FracCondToDZ = 0.0,                 !- Program Line 43
  Set lk_imbal_vfr = @ABS(f_sup - f_ret) * AH_VFR, !- Program Line 44
  Set ImbalLkCondToDZ = lk_imbal_vfr * FracCondToDZ, !- Program Line 45
  Set ImbalLkDZToCond = lk_imbal_vfr * FracDZToCond, !- Program Line 46
  Set ImbalLkOutsideToCond = lk_imbal_vfr * FracOutsideToCond, !- Program Line 47
  Set ImbalLkOutsideToDZ = lk_imbal_vfr * FracOutsideToDZ, !- Program Line 48
  Set ImbalLkCondToOutside = lk_imbal_vfr * FracCondToOutside, !- Program Line 49
  Set ImbalLkDZToOutside = lk_imbal_vfr * FracDZToOutside, !- Program Line 50
  Else,                                   !- Program Line 51
  Set SupLatLkToCond = 0,                 !- Program Line 52
  Set SupSensLkToCond = 0,                !- Program Line 53
  Set SupCondToCond = 0,                  !- Program Line 54
  Set RetCondToRP = 0,                    !- Program Line 55
  Set RetLatLkToRP = 0,                   !- Program Line 56
  Set RetSensLkToRP = 0,                  !- Program Line 57
  Set RetCondToDZ = 0,                    !- Program Line 58
  Set SupCondToDZ = 0,                    !- Program Line 59
  Set SupLatLkToDZ = 0,                   !- Program Line 60
  Set SupSensLkToDZ = 0,                  !- Program Line 61
  Set ImbalLkCondToDZ = 0,                !- Program Line 62
  Set ImbalLkDZToCond = 0,                !- Program Line 63
  Set ImbalLkOutsideToCond = 0,           !- Program Line 64
  Set ImbalLkOutsideToDZ = 0,             !- Program Line 65
  Set ImbalLkCondToOutside = 0,           !- Program Line 66
  Set ImbalLkDZToOutside = 0,             !- Program Line 67
  EndIf,                                  !- Program Line 68
  Set central_ac_and_furnace_airloop_0_SupLatLkToCond = SupLatLkToCond, !- Program Line 69
  Set central_ac_and_furnace_airloop_0_SupSensLkToCond = SupSensLkToCond, !- Program Line 70
  Set central_ac_and_furnace_airloop_0_SupCondToLv = SupCondToCond, !- Program Line 71
  Set central_ac_and_furnace_airloop_0_RetCondToRP = RetCondToRP, !- Program Line 72
  Set central_ac_and_furnace_airloop_0_RetLatLkToRP = RetLatLkToRP, !- Program Line 73
  Set central_ac_and_furnace_airloop_0_RetSensLkToRP = RetSensLkToRP, !- Program Line 74
  Set central_ac_and_furnace_airloop_0_RetCondToDZ = RetCondToDZ, !- Program Line 75
  Set central_ac_and_furnace_airloop_0_SupCondToDZ = SupCondToDZ, !- Program Line 76
  Set central_ac_and_furnace_airloop_0_SupLatLkToDZ = SupLatLkToDZ, !- Program Line 77
  Set central_ac_and_furnace_airloop_0_SupSensLkToDZ = SupSensLkToDZ, !- Program Line 78
  Set central_ac_and_furnace_airloop_0_ZoneMixCondToDZ = ImbalLkCondToDZ, !- Program Line 79
  Set central_ac_and_furnace_airloop_0_ZoneMixDZToCond = ImbalLkDZToCond, !- Program Line 80
  Set central_ac_and_furnace_airloop_0_DuctImbalLkSupFanEquivCond = ImbalLkCondToOutside, !- Program Line 81
  Set central_ac_and_furnace_airloop_0_DuctImbalLkExhFanEquivCond = ImbalLkOutsideToCond, !- Program Line 82
  Set central_ac_and_furnace_airloop_0_DuctImbalLkSupFanEquivDZ = ImbalLkDZToOutside, !- Program Line 83
  Set central_ac_and_furnace_airloop_0_DuctImbalLkExhFanEquivDZ = ImbalLkOutsideToDZ; !- Program Line 84

OS:EnergyManagementSystem:Program,
  {81cb49ec-615e-455d-ada8-def6c2aea673}, !- Handle
  central_ac_and_furnace_airloop_0_duct_program, !- Name
  Set central_ac_and_furnace_airloop_AH_MFR = central_ac_and_furnace_airloop_AH_MFR_s, !- Program Line 1
  Set central_ac_and_furnace_airloop_Fan_RTF = 0, !- Program Line 2
  Set central_ac_and_furnace_airloop_Fan_RTF = central_ac_and_furnace_airloop_Fan_RTF + central_ac_and_furnace_airloop_Fan_RTF_s, !- Program Line 3
  Set central_ac_and_furnace_airloop_Fan_RTF = central_ac_and_furnace_airloop_Fan_RTF + central_ac_and_furnace_airloop_Fan_RTF_s_1, !- Program Line 4
  Set central_ac_and_furnace_airloop_AH_VFR = central_ac_and_furnace_airloop_AH_VFR_s, !- Program Line 5
  Set central_ac_and_furnace_airloop_AH_Tout = central_ac_and_furnace_airloop_AH_Tout_s, !- Program Line 6
  Set central_ac_and_furnace_airloop_AH_Wout = central_ac_and_furnace_airloop_AH_Wout_s, !- Program Line 7
  Set central_ac_and_furnace_airloop_RA_T = central_ac_and_furnace_airloop_RA_T_s, !- Program Line 8
  Set central_ac_and_furnace_airloop_Ra_W = central_ac_and_furnace_airloop_Ra_W_s, !- Program Line 9
  Set central_ac_and_furnace_airloop_0_DZ_T = central_ac_and_furnace_airloop_0_DZ_T_s, !- Program Line 10
  Set central_ac_and_furnace_airloop_0_DZ_W = central_ac_and_furnace_airloop_0_DZ_W_s, !- Program Line 11
  Run central_ac_and_furnace_airloop_0_duct_subroutine, !- Program Line 12
  Set central_ac_and_furnace_airloop_0_SupSensLkToCond_act = central_ac_and_furnace_airloop_0_SupSensLkToCond, !- Program Line 13
  Set central_ac_and_furnace_airloop_0_SupLatLkToCond_act = central_ac_and_furnace_airloop_0_SupLatLkToCond, !- Program Line 14
  Set central_ac_and_furnace_airloop_0_SupCondToLv_act = central_ac_and_furnace_airloop_0_SupCondToLv, !- Program Line 15
  Set central_ac_and_furnace_airloop_0_RetSensLkToRP_act = central_ac_and_furnace_airloop_0_RetSensLkToRP, !- Program Line 16
  Set central_ac_and_furnace_airloop_0_RetLatLkToRP_act = central_ac_and_furnace_airloop_0_RetLatLkToRP, !- Program Line 17
  Set central_ac_and_furnace_airloop_0_RetCondToRP_act = central_ac_and_furnace_airloop_0_RetCondToRP, !- Program Line 18
  Set central_ac_and_furnace_airloop_0_RetCondToDZ_act = central_ac_and_furnace_airloop_0_RetCondToDZ, !- Program Line 19
  Set central_ac_and_furnace_airloop_0_SupCondToDZ_act = central_ac_and_furnace_airloop_0_SupCondToDZ, !- Program Line 20
  Set central_ac_and_furnace_airloop_0_SupSensLkToDZ_act = central_ac_and_furnace_airloop_0_SupSensLkToDZ, !- Program Line 21
  Set central_ac_and_furnace_airloop_0_SupLatLkToDZ_act = central_ac_and_furnace_airloop_0_SupLatLkToDZ, !- Program Line 22
  Set central_ac_and_furnace_airloop_0_ZoneMixDZToCond_mix_act = central_ac_and_furnace_airloop_0_ZoneMixDZToCond, !- Program Line 23
  Set central_ac_and_furnace_airloop_0_ZoneMixCondToDZ_mix_act = central_ac_and_furnace_airloop_0_ZoneMixCondToDZ; !- Program Line 24

OS:EnergyManagementSystem:ProgramCallingManager,
  {acebc738-33ca-4a5d-a3b9-f19ab2d8d79f}, !- Handle
  central_ac_and_furnace_airloop_0_duct_program_calling_manager, !- Name
  EndOfSystemTimestepAfterHVACReporting,  !- EnergyPlus Model Calling Point
  {81cb49ec-615e-455d-ada8-def6c2aea673}; !- Program Name 1

OS:Schedule:Ruleset,
  {b63efad7-5972-47a4-843b-0c23588d9b32}, !- Handle
  natural vent schedule,                  !- Name
  {7cd8350d-df32-4471-88e8-0cae1b949dbe}, !- Schedule Type Limits Name
  {f6b739f3-81ad-4558-bfe8-8aafb7f3b752}; !- Default Day Schedule Name

OS:Schedule:Day,
  {f6b739f3-81ad-4558-bfe8-8aafb7f3b752}, !- Handle
  natural vent schedule default day,      !- Name
  {7cd8350d-df32-4471-88e8-0cae1b949dbe}, !- Schedule Type Limits Name
  ,                                       !- Interpolate to Timestep
  24,                                     !- Hour 1
  0,                                      !- Minute 1
  0;                                      !- Value Until Time 1

OS:Schedule:Rule,
  {5be2219b-2e0f-43fc-8fc2-501802957283}, !- Handle
  natural vent schedule rule,             !- Name
  {b63efad7-5972-47a4-843b-0c23588d9b32}, !- Schedule Ruleset Name
  0,                                      !- Rule Order
  {eef465a9-f681-4a36-a3a9-50c232c6fec8}, !- Day Schedule Name
  No,                                     !- Apply Sunday
  Yes,                                    !- Apply Monday
  No,                                     !- Apply Tuesday
  Yes,                                    !- Apply Wednesday
  No,                                     !- Apply Thursday
  Yes,                                    !- Apply Friday
  No,                                     !- Apply Saturday
  DateRange,                              !- Date Specification Type
  1,                                      !- Start Month
  1,                                      !- Start Day
  12,                                     !- End Month
  31;                                     !- End Day

OS:Schedule:Day,
  {eef465a9-f681-4a36-a3a9-50c232c6fec8}, !- Handle
  natural vent schedule day,              !- Name
  {7cd8350d-df32-4471-88e8-0cae1b949dbe}, !- Schedule Type Limits Name
  ,                                       !- Interpolate to Timestep
  24,                                     !- Hour 1
  0,                                      !- Minute 1
  1;                                      !- Value Until Time 1

OS:EnergyManagementSystem:Sensor,
  {a24e95d3-0248-48c5-9c24-7d92e3c7b3e2}, !- Handle
  natural_vent_s,                         !- Name
  natural vent schedule,                  !- Output Variable or Output Meter Index Key Name
  Schedule Value;                         !- Output Variable or Output Meter Name

OS:EnergyManagementSystem:Sensor,
  {c22e8939-2dca-4a87-83b1-09b3b8d232f5}, !- Handle
  htg_sp_s,                               !- Name
  heating setpoint,                       !- Output Variable or Output Meter Index Key Name
  Schedule Value;                         !- Output Variable or Output Meter Name

OS:EnergyManagementSystem:Sensor,
  {0a69291f-f79f-44b0-bd2b-1cc6453aee3b}, !- Handle
  clg_sp_s,                               !- Name
  cooling setpoint,                       !- Output Variable or Output Meter Index Key Name
  Schedule Value;                         !- Output Variable or Output Meter Name

OS:SpaceInfiltration:DesignFlowRate,
  {24d4deb2-8df2-40aa-9099-6ef41b40316d}, !- Handle
  natural vent flow,                      !- Name
  {d5015664-5053-4d4c-bbda-18682420aec3}, !- Space or SpaceType Name
  {54d0e4ea-1999-4647-afaf-0ed92fd593b9}, !- Schedule Name
  Flow/Space,                             !- Design Flow Rate Calculation Method
  0,                                      !- Design Flow Rate {m3/s}
  ,                                       !- Flow per Space Floor Area {m3/s-m2}
  ,                                       !- Flow per Exterior Surface Area {m3/s-m2}
  ,                                       !- Air Changes per Hour {1/hr}
  ,                                       !- Constant Term Coefficient
  ,                                       !- Temperature Term Coefficient
  ,                                       !- Velocity Term Coefficient
  ;                                       !- Velocity Squared Term Coefficient

OS:AdditionalProperties,
  {fb72a434-ae39-4aa2-96c5-9aa3b28fc423}, !- Handle
  {24d4deb2-8df2-40aa-9099-6ef41b40316d}, !- Object Name
  ObjectType,                             !- Feature Name 1
  String,                                 !- Feature Data Type 1
  natural vent;                           !- Feature Value 1

OS:EnergyManagementSystem:Actuator,
  {33c0be16-f1f3-4940-b0dc-636e048dc3d5}, !- Handle
  natural_vent_flow_act,                  !- Name
  {24d4deb2-8df2-40aa-9099-6ef41b40316d}, !- Actuated Component Name
  Zone Infiltration,                      !- Actuated Component Type
  Air Exchange Flow Rate,                 !- Actuated Component Control Type
  ;                                       !- Zone or Space Name

OS:SpaceInfiltration:DesignFlowRate,
  {b19d3f6b-4031-431e-94ab-cc60a9c1e84d}, !- Handle
  whole house fan flow,                   !- Name
  {d5015664-5053-4d4c-bbda-18682420aec3}, !- Space or SpaceType Name
  {54d0e4ea-1999-4647-afaf-0ed92fd593b9}, !- Schedule Name
  Flow/Space,                             !- Design Flow Rate Calculation Method
  0,                                      !- Design Flow Rate {m3/s}
  ,                                       !- Flow per Space Floor Area {m3/s-m2}
  ,                                       !- Flow per Exterior Surface Area {m3/s-m2}
  ,                                       !- Air Changes per Hour {1/hr}
  ,                                       !- Constant Term Coefficient
  ,                                       !- Temperature Term Coefficient
  ,                                       !- Velocity Term Coefficient
  ;                                       !- Velocity Squared Term Coefficient

OS:AdditionalProperties,
  {0b389d14-6c29-4725-8ebd-fc10adce2d2d}, !- Handle
  {b19d3f6b-4031-431e-94ab-cc60a9c1e84d}, !- Object Name
  ObjectType,                             !- Feature Name 1
  String,                                 !- Feature Data Type 1
  whole house fan;                        !- Feature Value 1

OS:EnergyManagementSystem:Actuator,
  {17b5a00d-abc1-46ff-b868-0fa8a06eef1c}, !- Handle
  whole_house_fan_flow_act,               !- Name
  {b19d3f6b-4031-431e-94ab-cc60a9c1e84d}, !- Actuated Component Name
  Zone Infiltration,                      !- Actuated Component Type
  Air Exchange Flow Rate,                 !- Actuated Component Control Type
  ;                                       !- Zone or Space Name

OS:ElectricEquipment:Definition,
  {3fb685a1-bb15-41ac-bd99-c40b9d8eb4fe}, !- Handle
  whole house fan,                        !- Name
  EquipmentLevel,                         !- Design Level Calculation Method
  0,                                      !- Design Level {W}
  ,                                       !- Watts per Space Floor Area {W/m2}
  ,                                       !- Watts per Person {W/person}
  0,                                      !- Fraction Latent
  0,                                      !- Fraction Radiant
  1;                                      !- Fraction Lost

OS:ElectricEquipment,
  {64f64c35-4d20-4da9-805e-59d6e03347dc}, !- Handle
  whole house fan,                        !- Name
  {3fb685a1-bb15-41ac-bd99-c40b9d8eb4fe}, !- Electric Equipment Definition Name
  {d5015664-5053-4d4c-bbda-18682420aec3}, !- Space or SpaceType Name
  {54d0e4ea-1999-4647-afaf-0ed92fd593b9}, !- Schedule Name
  ,                                       !- Multiplier
  whole house fan;                        !- End-Use Subcategory

OS:EnergyManagementSystem:Actuator,
  {61510dad-92be-4753-8489-e75d3f04b6c3}, !- Handle
  whole_house_fan_act,                    !- Name
  {64f64c35-4d20-4da9-805e-59d6e03347dc}, !- Actuated Component Name
  ElectricEquipment,                      !- Actuated Component Type
  Electricity Rate,                       !- Actuated Component Control Type
  {d5015664-5053-4d4c-bbda-18682420aec3}; !- Zone or Space Name

OS:ZoneMixing,
  {c0838aea-138a-4557-834f-3fd65c543ab0}, !- Handle
  whole house fan mix,                    !- Name
  {b14e2fd3-eacf-48b6-bb71-13a2f5cee2e7}, !- Zone or Space Name
  {945c5e50-7abd-4dd1-8d5f-f43ee61a7717}, !- Schedule Name
  Flow/Zone,                              !- Design Flow Rate Calculation Method
  0,                                      !- Design Flow Rate {m3/s}
  ,                                       !- Flow Rate per Floor Area {m3/s-m2}
  ,                                       !- Flow Rate per Person {m3/s-person}
  ,                                       !- Air Changes per Hour {1/hr}
  {da0badc6-3769-43ac-812f-4582a4988883}, !- Source Zone or Space Name
  ,                                       !- Delta Temperature {deltaC}
  ,                                       !- Delta Temperature Schedule Name
  ,                                       !- Minimum Receiving Temperature Schedule Name
  ,                                       !- Maximum Receiving Temperature Schedule Name
  ,                                       !- Minimum Source Temperature Schedule Name
  ,                                       !- Maximum Source Temperature Schedule Name
  ,                                       !- Minimum Outdoor Temperature Schedule Name
  ;                                       !- Maximum Outdoor Temperature Schedule Name

OS:EnergyManagementSystem:Actuator,
  {111cf1c2-817a-4e8c-b681-8b0b01b2686d}, !- Handle
  whole_house_fan_mix_act,                !- Name
  {c0838aea-138a-4557-834f-3fd65c543ab0}, !- Actuated Component Name
  ZoneMixing,                             !- Actuated Component Type
  Air Exchange Flow Rate,                 !- Actuated Component Control Type
  ;                                       !- Zone or Space Name

OS:EnergyManagementSystem:Program,
  {ec45991e-5654-4d50-95ee-db880d67dac1}, !- Handle
  natural_vent_program,                   !- Name
  Set Tin = tin_s,                        !- Program Line 1
  Set Tout = tout_s,                      !- Program Line 2
  Set Wout = out_wt_s,                    !- Program Line 3
  Set Pbar = out_pb_s,                    !- Program Line 4
  Set Phiout = (@RhFnTdbWPb Tout Wout Pbar), !- Program Line 5
  Set MaxHR = 0.0115,                     !- Program Line 6
  Set Tnvsp = (htg_sp_s + clg_sp_s) / 2,  !- Program Line 7
  Set NVavail = natural_vent_s,           !- Program Line 8
  Set ClgSsnAvail = cool_season,          !- Program Line 9
  Set Qnv = 0,                            !- Program Line 10
  Set Qwhf = 0,                           !- Program Line 11
  Set whole_house_fan_mix_act = 0,        !- Program Line 12
  Set whole_house_fan_act = 0,            !- Program Line 13
  If ((Wout < MaxHR) && (Tin > Tout) && (Tin > Tnvsp) && (ClgSsnAvail > 0)), !- Program Line 14
  Set WHF_Flow = 0,                       !- Program Line 15
  Set Adj = (Tin-Tnvsp)/(Tin-Tout),       !- Program Line 16
  Set Adj = (@Min Adj 1),                 !- Program Line 17
  Set Adj = (@Max Adj 0),                 !- Program Line 18
  If (WHF_Flow > 0),                      !- Program Line 19
  Set Qwhf = WHF_Flow*Adj,                !- Program Line 20
  Set whole_house_fan_mix_act = WHF_Flow*Adj, !- Program Line 21
  Set WHF_W = 0,                          !- Program Line 22
  Set whole_house_fan_act = WHF_W*Adj,    !- Program Line 23
  ElseIf (NVavail > 0),                   !- Program Line 24
  Set NVArea = 18535.327058304,           !- Program Line 25
  Set Cs = 0.00017937135914540493,        !- Program Line 26
  Set Cw = 8.97707065726015e-05,          !- Program Line 27
  Set Tdiff = Tin-Tout,                   !- Program Line 28
  Set dT = (@Abs Tdiff),                  !- Program Line 29
  Set Vwind = site_vw_s,                  !- Program Line 30
  Set SGNV = NVArea*Adj*((((Cs*dT)+(Cw*(Vwind^2)))^0.5)/1000), !- Program Line 31
  Set MaxNV = 1.5454705606656003,         !- Program Line 32
  Set Qnv = (@Min SGNV MaxNV),            !- Program Line 33
  EndIf,                                  !- Program Line 34
  EndIf,                                  !- Program Line 35
  Set natural_vent_flow_act = Qnv,        !- Program Line 36
  Set whole_house_fan_flow_act = Qwhf,    !- Program Line 37
  Set natural_vent_program_Qnv = Qnv,     !- Program Line 38
  Set natural_vent_program_Qwhf = Qwhf;   !- Program Line 39

OS:AdditionalProperties,
  {5a34eba7-aca7-4ef6-8885-e765dceb2682}, !- Handle
  {ec45991e-5654-4d50-95ee-db880d67dac1}, !- Object Name
  ObjectType,                             !- Feature Name 1
  String,                                 !- Feature Data Type 1
  natural vent;                           !- Feature Value 1

OS:EnergyManagementSystem:ProgramCallingManager,
  {0c90af97-56d1-4de4-9332-4a2b156c05b5}, !- Handle
  natural_vent_program_calling_manager,   !- Name
  BeginZoneTimestepAfterInitHeatBalance,  !- EnergyPlus Model Calling Point
  {ec45991e-5654-4d50-95ee-db880d67dac1}; !- Program Name 1

OS:EnergyManagementSystem:GlobalVariable,
  {ac930ee1-0907-4f6f-9b34-72537463a794}, !- Handle
  natural_vent_program_Qnv;               !- Name

OS:EnergyManagementSystem:GlobalVariable,
  {bcda778f-f41a-467c-acc0-97fe1912b62a}, !- Handle
  natural_vent_program_Qwhf;              !- Name

OS:AdditionalProperties,
  {eccea97e-2d5d-45b9-81aa-44dbadf4838b}, !- Handle
  {ac930ee1-0907-4f6f-9b34-72537463a794}, !- Object Name
  ObjectType,                             !- Feature Name 1
  String,                                 !- Feature Data Type 1
  natural vent;                           !- Feature Value 1

OS:AdditionalProperties,
  {cfedffbc-0737-4709-a728-19df195a4340}, !- Handle
  {bcda778f-f41a-467c-acc0-97fe1912b62a}, !- Object Name
  ObjectType,                             !- Feature Name 1
  String,                                 !- Feature Data Type 1
  whole house fan;                        !- Feature Value 1

OS:SpaceInfiltration:DesignFlowRate,
  {822ccef0-b2d7-409f-bb65-0ce0da4656d5}, !- Handle
  infil crawlspace - vented 1,            !- Name
  {803da27a-aa12-46c6-bbfb-372aa2a43f28}, !- Space or SpaceType Name
  {54d0e4ea-1999-4647-afaf-0ed92fd593b9}, !- Schedule Name
  AirChanges/Hour,                        !- Design Flow Rate Calculation Method
  ,                                       !- Design Flow Rate {m3/s}
  ,                                       !- Flow per Space Floor Area {m3/s-m2}
  ,                                       !- Flow per Exterior Surface Area {m3/s-m2}
  2.60129669588333,                       !- Air Changes per Hour {1/hr}
  1,                                      !- Constant Term Coefficient
  0,                                      !- Temperature Term Coefficient
  0,                                      !- Velocity Term Coefficient
  0;                                      !- Velocity Squared Term Coefficient

OS:SpaceInfiltration:DesignFlowRate,
  {a001e2dc-4986-4ef3-9e6d-bdacff8b27de}, !- Handle
  crawlspace_vented 1 duct leakage imbalance infil flow, !- Name
  {803da27a-aa12-46c6-bbfb-372aa2a43f28}, !- Space or SpaceType Name
  {54d0e4ea-1999-4647-afaf-0ed92fd593b9}, !- Schedule Name
  Flow/Space,                             !- Design Flow Rate Calculation Method
  0,                                      !- Design Flow Rate {m3/s}
  ,                                       !- Flow per Space Floor Area {m3/s-m2}
  ,                                       !- Flow per Exterior Surface Area {m3/s-m2}
  ,                                       !- Air Changes per Hour {1/hr}
  ,                                       !- Constant Term Coefficient
  ,                                       !- Temperature Term Coefficient
  ,                                       !- Velocity Term Coefficient
  ;                                       !- Velocity Squared Term Coefficient

OS:EnergyManagementSystem:Actuator,
  {da74792e-e018-44b9-b95f-fde339551964}, !- Handle
  crawlspace_vented_1_duct_leakage_imbalance_infil_flow_act, !- Name
  {a001e2dc-4986-4ef3-9e6d-bdacff8b27de}, !- Actuated Component Name
  Zone Infiltration,                      !- Actuated Component Type
  Air Exchange Flow Rate,                 !- Actuated Component Control Type
  ;                                       !- Zone or Space Name

OS:EnergyManagementSystem:Program,
  {96ff10cb-5bb7-414b-824f-743666cc0e0c}, !- Handle
  crawlspace_vented_1_duct_leakage_imbalance_infil_program, !- Name
  Set Qducts = 0,                         !- Program Line 1
  Set Qducts = Qducts - central_ac_and_furnace_airloop_0_DuctImbalLkSupFanEquivDZ, !- Program Line 2
  Set Qducts = Qducts + central_ac_and_furnace_airloop_0_DuctImbalLkExhFanEquivDZ, !- Program Line 3
  Set crawlspace_vented_1_duct_leakage_imbalance_infil_flow_act = (@Abs(Qducts)); !- Program Line 4

OS:EnergyManagementSystem:ProgramCallingManager,
  {bd8cf9cd-3e8e-414f-a930-477c6ca5901f}, !- Handle
  crawlspace_vented_1_duct_leakage_imbalance_infil_program_calling_manager, !- Name
  BeginZoneTimestepAfterInitHeatBalance,  !- EnergyPlus Model Calling Point
  {96ff10cb-5bb7-414b-824f-743666cc0e0c}; !- Program Name 1

OS:SpaceInfiltration:EffectiveLeakageArea,
  {e63fe1e9-5c5b-4ca6-a77c-9c8869dcea88}, !- Handle
  infil attic - vented 1,                 !- Name
  {ac5c000a-2d0a-4cda-85f9-cb5310c0a54e}, !- Space or SpaceType Name
  {54d0e4ea-1999-4647-afaf-0ed92fd593b9}, !- Schedule Name
  1901.2254104448,                        !- Effective Air Leakage Area {cm2}
  0.000117437744150567,                   !- Stack Coefficient
  4.102240463774e-05;                     !- Wind Coefficient

OS:Schedule:Constant,
  {1a3bcbdb-d0ce-47d4-8bb2-500c06bf1a91}, !- Handle
  mech vent house fan schedule,           !- Name
  {8ae902a4-676e-40b0-a575-57e866ba82a1}, !- Schedule Type Limits Name
  1;                                      !- Value

OS:ElectricEquipment:Definition,
  {b376744b-436b-488e-b7da-97152a1a1312}, !- Handle
  mech vent house fan,                    !- Name
  EquipmentLevel,                         !- Design Level Calculation Method
  0,                                      !- Design Level {W}
  ,                                       !- Watts per Space Floor Area {W/m2}
  ,                                       !- Watts per Person {W/person}
  0,                                      !- Fraction Latent
  0,                                      !- Fraction Radiant
  1;                                      !- Fraction Lost

OS:ElectricEquipment,
  {3defffeb-543a-4ebe-9944-a7982d1d0691}, !- Handle
  mech vent house fan,                    !- Name
  {b376744b-436b-488e-b7da-97152a1a1312}, !- Electric Equipment Definition Name
  {d5015664-5053-4d4c-bbda-18682420aec3}, !- Space or SpaceType Name
  {1a3bcbdb-d0ce-47d4-8bb2-500c06bf1a91}, !- Schedule Name
  ,                                       !- Multiplier
  mech vent;                              !- End-Use Subcategory

OS:Schedule:Constant,
  {2fd566bf-487e-409f-9815-dbced27b42db}, !- Handle
  mech vent house fan cfis schedule,      !- Name
  {8ae902a4-676e-40b0-a575-57e866ba82a1}, !- Schedule Type Limits Name
  1;                                      !- Value

OS:ElectricEquipment:Definition,
  {ed5b8181-1cde-43b1-ac22-cb5c009ec5c9}, !- Handle
  mech vent house fan cfis,               !- Name
  EquipmentLevel,                         !- Design Level Calculation Method
  0,                                      !- Design Level {W}
  ,                                       !- Watts per Space Floor Area {W/m2}
  ,                                       !- Watts per Person {W/person}
  0,                                      !- Fraction Latent
  0,                                      !- Fraction Radiant
  0;                                      !- Fraction Lost

OS:ElectricEquipment,
  {da810eeb-bd2a-4914-bd9e-fe4c9b645d5a}, !- Handle
  mech vent house fan cfis,               !- Name
  {ed5b8181-1cde-43b1-ac22-cb5c009ec5c9}, !- Electric Equipment Definition Name
  {d5015664-5053-4d4c-bbda-18682420aec3}, !- Space or SpaceType Name
  {2fd566bf-487e-409f-9815-dbced27b42db}, !- Schedule Name
  ,                                       !- Multiplier
  mech vent;                              !- End-Use Subcategory

OS:EnergyManagementSystem:Actuator,
  {8dda9f10-606e-45cd-b947-398bead7e752}, !- Handle
  mech_vent_house_fan_cfis_act,           !- Name
  {da810eeb-bd2a-4914-bd9e-fe4c9b645d5a}, !- Actuated Component Name
  ElectricEquipment,                      !- Actuated Component Type
  Electricity Rate,                       !- Actuated Component Control Type
  {d5015664-5053-4d4c-bbda-18682420aec3}; !- Zone or Space Name

OS:EnergyManagementSystem:Program,
  {ddb932d5-aed7-4344-8e71-39e541ac2bca}, !- Handle
  infil_program,                          !- Name
  Set p_m = 0.14,                         !- Program Line 1
  Set p_s = 0.22,                         !- Program Line 2
  Set s_m = 270,                          !- Program Line 3
  Set s_s = 370,                          !- Program Line 4
  Set z_m = 9.99744,                      !- Program Line 5
  Set z_s = 4.8768,                       !- Program Line 6
  Set f_t = (((s_m/z_m)^p_m)*((z_s/s_s)^p_s)), !- Program Line 7
  Set Tdiff = tin_s-tout_s,               !- Program Line 8
  Set dT = @Abs Tdiff,                    !- Program Line 9
  Set c = 0.0902,                         !- Program Line 10
  Set Cs = 0.0872,                        !- Program Line 11
  Set Cw = 0.1017,                        !- Program Line 12
  Set n = 0.65,                           !- Program Line 13
  Set sft = (f_t*0.5),                    !- Program Line 14
  Set temp1 = ((c*Cw)*((sft*site_vw_s)^(2*n)))^2, !- Program Line 15
  Set Qinf = (((c*Cs*(dT^n))^2)+temp1)^0.5, !- Program Line 16
  Set Qinf = (@Max Qinf 0),               !- Program Line 17
  Set mech_vent_house_fan_sensible_load_act = 0.0, !- Program Line 18
  Set mech_vent_house_fan_latent_load_act = 0.0, !- Program Line 19
  Set OASupInPb = out_pb_s,               !- Program Line 20
  Set OASupInTemp = tout_s,               !- Program Line 21
  Set OASupInW = out_wt_s,                !- Program Line 22
  Set OASupRho = (@RhoAirFnPbTdbW OASupInPb OASupInTemp OASupInW), !- Program Line 23
  Set OASupCp = (@CpAirFnW OASupInW),     !- Program Line 24
  Set OASupInEnth = (@HFnTdbW OASupInTemp OASupInW), !- Program Line 25
  Set ZoneTemp = tin_s,                   !- Program Line 26
  Set ZoneW = win_s,                      !- Program Line 27
  Set ZoneCp = (@CpAirFnW ZoneW),         !- Program Line 28
  Set ZoneAirEnth = (@HFnTdbW ZoneTemp ZoneW), !- Program Line 29
  Set mech_vent_house_fan_cfis_act = 0.0, !- Program Line 30
  Set QWHV_cfis_sup = 0.0,                !- Program Line 31
  Set QWHV_cfis_suppl_sup = 0.0,          !- Program Line 32
  Set QWHV_cfis_suppl_exh = 0.0,          !- Program Line 33
  Set Qrange = 0,                         !- Program Line 34
  Set Qrange = Qrange + 0.04719 * mech_vent_range_fan_0_sch_s, !- Program Line 35
  Set Qbath = 0,                          !- Program Line 36
  Set Qbath = Qbath + 0.04719 * mech_vent_bath_fan_0_sch_s, !- Program Line 37
  Set Qdryer = 0,                         !- Program Line 38
  Set Qdryer = Qdryer + 0.05681 * clothes_dryer_exhaust_0_sch_s, !- Program Line 39
  Set QWHV_sup = 0.0,                     !- Program Line 40
  Set QWHV_exh = 0.0,                     !- Program Line 41
  Set Qsupply = QWHV_sup + QWHV_cfis_sup + QWHV_cfis_suppl_sup, !- Program Line 42
  Set Qexhaust = Qrange + Qbath + Qdryer + QWHV_exh + QWHV_cfis_suppl_exh, !- Program Line 43
  Set Qfan = (@Max Qexhaust Qsupply),     !- Program Line 44
  Set Qducts = 0,                         !- Program Line 45
  Set Qducts = Qducts - central_ac_and_furnace_airloop_0_DuctImbalLkSupFanEquivCond, !- Program Line 46
  Set Qducts = Qducts + central_ac_and_furnace_airloop_0_DuctImbalLkExhFanEquivCond, !- Program Line 47
  If Qducts < 0,                          !- Program Line 48
  Set Qsupply = Qsupply - Qducts,         !- Program Line 49
  Else,                                   !- Program Line 50
  Set Qexhaust = Qexhaust + Qducts,       !- Program Line 51
  EndIf,                                  !- Program Line 52
  Set Qfan_with_ducts = (@Max Qexhaust Qsupply), !- Program Line 53
  Set Qimb = (@Abs (Qsupply - Qexhaust)), !- Program Line 54
  If Qinf + Qimb > 0,                     !- Program Line 55
  Set Qtot = Qfan_with_ducts + (Qinf^2) / (Qinf + Qimb), !- Program Line 56
  Else,                                   !- Program Line 57
  Set Qtot = Qfan_with_ducts,             !- Program Line 58
  EndIf,                                  !- Program Line 59
  Set Qinf_adj = Qtot - Qfan,             !- Program Line 60
  Set infil_flow_act = Qinf_adj,          !- Program Line 61
  Set infil_program_Qinf = Qinf_adj,      !- Program Line 62
  Set infil_program_Qfan = Qfan,          !- Program Line 63
  Set Qload = Qfan,                       !- Program Line 64
  Set Effectiveness_Sens = 0.0,           !- Program Line 65
  Set Effectiveness_Lat = 0.0,            !- Program Line 66
  Set Fan_MFR = Qload * OASupRho,         !- Program Line 67
  Set ZoneInEnth = OASupInEnth,           !- Program Line 68
  Set ZoneInTemp = OASupInTemp,           !- Program Line 69
  Set FanTotalToCond = Fan_MFR * (ZoneInEnth - ZoneAirEnth), !- Program Line 70
  Set FanSensToCond = Fan_MFR * ZoneCp * (ZoneInTemp - ZoneTemp), !- Program Line 71
  Set FanLatToCond = FanTotalToCond - FanSensToCond, !- Program Line 72
  Set mech_vent_house_fan_sensible_load_act = mech_vent_house_fan_sensible_load_act + FanSensToCond, !- Program Line 73
  Set mech_vent_house_fan_latent_load_act = mech_vent_house_fan_latent_load_act + FanLatToCond; !- Program Line 74

OS:AdditionalProperties,
  {ea43c329-3dbc-4c04-b30a-8536596d514e}, !- Handle
  {ddb932d5-aed7-4344-8e71-39e541ac2bca}, !- Object Name
  ObjectType,                             !- Feature Name 1
  String,                                 !- Feature Data Type 1
  infil;                                  !- Feature Value 1

OS:OtherEquipment:Definition,
  {8348c5a7-2318-459b-90c2-efcca73871df}, !- Handle
  mech vent house fan sensible load,      !- Name
  EquipmentLevel,                         !- Design Level Calculation Method
  0,                                      !- Design Level {W}
  ,                                       !- Watts per Space Floor Area {W/m2}
  ,                                       !- Watts per Person {W/Person}
  0,                                      !- Fraction Latent
  0,                                      !- Fraction Radiant
  0;                                      !- Fraction Lost

OS:OtherEquipment,
  {2b19c251-f788-4b73-924c-22f3817d085e}, !- Handle
  mech vent house fan sensible load,      !- Name
  {8348c5a7-2318-459b-90c2-efcca73871df}, !- Other Equipment Definition Name
  {d5015664-5053-4d4c-bbda-18682420aec3}, !- Space or SpaceType Name
  {54d0e4ea-1999-4647-afaf-0ed92fd593b9}, !- Schedule Name
  ,                                       !- Multiplier
  ,                                       !- Fuel Type
  mech vent house fan;                    !- End-Use Subcategory

OS:EnergyManagementSystem:Actuator,
  {bfd97047-0c0c-47ff-8dfd-c900c84e5167}, !- Handle
  mech_vent_house_fan_sensible_load_act,  !- Name
  {2b19c251-f788-4b73-924c-22f3817d085e}, !- Actuated Component Name
  OtherEquipment,                         !- Actuated Component Type
  Power Level,                            !- Actuated Component Control Type
  {d5015664-5053-4d4c-bbda-18682420aec3}; !- Zone or Space Name

OS:OtherEquipment:Definition,
  {2ef1fcc4-d8ad-4079-977a-928ed3283e44}, !- Handle
  mech vent house fan latent load,        !- Name
  EquipmentLevel,                         !- Design Level Calculation Method
  0,                                      !- Design Level {W}
  ,                                       !- Watts per Space Floor Area {W/m2}
  ,                                       !- Watts per Person {W/Person}
  1,                                      !- Fraction Latent
  0,                                      !- Fraction Radiant
  0;                                      !- Fraction Lost

OS:OtherEquipment,
  {afe9bc70-c3c2-4fc5-902a-b50e77e61d08}, !- Handle
  mech vent house fan latent load,        !- Name
  {2ef1fcc4-d8ad-4079-977a-928ed3283e44}, !- Other Equipment Definition Name
  {d5015664-5053-4d4c-bbda-18682420aec3}, !- Space or SpaceType Name
  {54d0e4ea-1999-4647-afaf-0ed92fd593b9}, !- Schedule Name
  ,                                       !- Multiplier
  ,                                       !- Fuel Type
  mech vent house fan;                    !- End-Use Subcategory

OS:EnergyManagementSystem:Actuator,
  {5fbe5267-f09e-498a-a857-32127a26b725}, !- Handle
  mech_vent_house_fan_latent_load_act,    !- Name
  {afe9bc70-c3c2-4fc5-902a-b50e77e61d08}, !- Actuated Component Name
  OtherEquipment,                         !- Actuated Component Type
  Power Level,                            !- Actuated Component Control Type
  {d5015664-5053-4d4c-bbda-18682420aec3}; !- Zone or Space Name

OS:SpaceInfiltration:DesignFlowRate,
  {19d854f3-a617-43a5-8943-1473e3f2a719}, !- Handle
  infil flow,                             !- Name
  {d5015664-5053-4d4c-bbda-18682420aec3}, !- Space or SpaceType Name
  {54d0e4ea-1999-4647-afaf-0ed92fd593b9}, !- Schedule Name
  Flow/Space,                             !- Design Flow Rate Calculation Method
  0,                                      !- Design Flow Rate {m3/s}
  ,                                       !- Flow per Space Floor Area {m3/s-m2}
  ,                                       !- Flow per Exterior Surface Area {m3/s-m2}
  ,                                       !- Air Changes per Hour {1/hr}
  ,                                       !- Constant Term Coefficient
  ,                                       !- Temperature Term Coefficient
  ,                                       !- Velocity Term Coefficient
  ;                                       !- Velocity Squared Term Coefficient

OS:EnergyManagementSystem:Actuator,
  {4be90c47-ca60-4c26-a650-7031be74269f}, !- Handle
  infil_flow_act,                         !- Name
  {19d854f3-a617-43a5-8943-1473e3f2a719}, !- Actuated Component Name
  Zone Infiltration,                      !- Actuated Component Type
  Air Exchange Flow Rate,                 !- Actuated Component Control Type
  ;                                       !- Zone or Space Name

OS:AdditionalProperties,
  {b88f0fb6-eebb-4e1e-a8ac-e96a015568d1}, !- Handle
  {19d854f3-a617-43a5-8943-1473e3f2a719}, !- Object Name
  ObjectType,                             !- Feature Name 1
  String,                                 !- Feature Data Type 1
  infil;                                  !- Feature Value 1

OS:Schedule:Ruleset,
  {664ea90e-c538-4a4f-8331-976ead9679d8}, !- Handle
  mech vent range fan 0 schedule,         !- Name
  {8ae902a4-676e-40b0-a575-57e866ba82a1}, !- Schedule Type Limits Name
  {5acc7d00-676b-415d-bc20-922350812d37}; !- Default Day Schedule Name

OS:Schedule:Day,
  {5acc7d00-676b-415d-bc20-922350812d37}, !- Handle
  mech vent range fan 0 schedule default day, !- Name
  {8ae902a4-676e-40b0-a575-57e866ba82a1}, !- Schedule Type Limits Name
  ,                                       !- Interpolate to Timestep
  24,                                     !- Hour 1
  0,                                      !- Minute 1
  0;                                      !- Value Until Time 1

OS:Schedule:Rule,
  {9f053799-a737-444d-bb38-b8058bf1d4a1}, !- Handle
  mech vent range fan 0 schedule allday rule, !- Name
  {664ea90e-c538-4a4f-8331-976ead9679d8}, !- Schedule Ruleset Name
  0,                                      !- Rule Order
  {b73b4dc4-3b98-4d47-a86a-c1746d4b6cd8}, !- Day Schedule Name
  Yes,                                    !- Apply Sunday
  Yes,                                    !- Apply Monday
  Yes,                                    !- Apply Tuesday
  Yes,                                    !- Apply Wednesday
  Yes,                                    !- Apply Thursday
  Yes,                                    !- Apply Friday
  Yes,                                    !- Apply Saturday
  DateRange,                              !- Date Specification Type
  1,                                      !- Start Month
  1,                                      !- Start Day
  12,                                     !- End Month
  31;                                     !- End Day

OS:Schedule:Day,
  {b73b4dc4-3b98-4d47-a86a-c1746d4b6cd8}, !- Handle
  mech vent range fan 0 schedule day,     !- Name
  {8ae902a4-676e-40b0-a575-57e866ba82a1}, !- Schedule Type Limits Name
  ,                                       !- Interpolate to Timestep
  17,                                     !- Hour 1
  0,                                      !- Minute 1
  0,                                      !- Value Until Time 1
  18,                                     !- Hour 2
  0,                                      !- Minute 2
  1,                                      !- Value Until Time 2
  24,                                     !- Hour 3
  0,                                      !- Minute 3
  0;                                      !- Value Until Time 3

OS:EnergyManagementSystem:Sensor,
  {5ab597cd-5245-41c1-9a73-8db3c925c523}, !- Handle
  mech_vent_range_fan_0_sch_s,            !- Name
  mech vent range fan 0 schedule,         !- Output Variable or Output Meter Index Key Name
  Schedule Value;                         !- Output Variable or Output Meter Name

OS:ElectricEquipment:Definition,
  {da999264-17b0-4742-bb37-7ff4eb57b41f}, !- Handle
  mech vent range fan 0,                  !- Name
  EquipmentLevel,                         !- Design Level Calculation Method
  30,                                     !- Design Level {W}
  ,                                       !- Watts per Space Floor Area {W/m2}
  ,                                       !- Watts per Person {W/person}
  0,                                      !- Fraction Latent
  0,                                      !- Fraction Radiant
  1;                                      !- Fraction Lost

OS:ElectricEquipment,
  {d932083f-19c1-4b7f-9008-1483c67082b3}, !- Handle
  mech vent range fan 0,                  !- Name
  {da999264-17b0-4742-bb37-7ff4eb57b41f}, !- Electric Equipment Definition Name
  {d5015664-5053-4d4c-bbda-18682420aec3}, !- Space or SpaceType Name
  {664ea90e-c538-4a4f-8331-976ead9679d8}, !- Schedule Name
  ,                                       !- Multiplier
  mech vent;                              !- End-Use Subcategory

OS:Schedule:Ruleset,
  {f445fcca-6c87-45c0-82f2-e1541c3af631}, !- Handle
  mech vent bath fan 0 schedule,          !- Name
  {8ae902a4-676e-40b0-a575-57e866ba82a1}, !- Schedule Type Limits Name
  {f2daaf58-0b85-442a-983f-bceddbac747d}; !- Default Day Schedule Name

OS:Schedule:Day,
  {f2daaf58-0b85-442a-983f-bceddbac747d}, !- Handle
  mech vent bath fan 0 schedule default day, !- Name
  {8ae902a4-676e-40b0-a575-57e866ba82a1}, !- Schedule Type Limits Name
  ,                                       !- Interpolate to Timestep
  24,                                     !- Hour 1
  0,                                      !- Minute 1
  0;                                      !- Value Until Time 1

OS:Schedule:Rule,
  {e23d0482-b997-4003-a186-6200cd3ad434}, !- Handle
  mech vent bath fan 0 schedule allday rule, !- Name
  {f445fcca-6c87-45c0-82f2-e1541c3af631}, !- Schedule Ruleset Name
  0,                                      !- Rule Order
  {39df2787-fea7-4009-9347-0417fbef81b4}, !- Day Schedule Name
  Yes,                                    !- Apply Sunday
  Yes,                                    !- Apply Monday
  Yes,                                    !- Apply Tuesday
  Yes,                                    !- Apply Wednesday
  Yes,                                    !- Apply Thursday
  Yes,                                    !- Apply Friday
  Yes,                                    !- Apply Saturday
  DateRange,                              !- Date Specification Type
  1,                                      !- Start Month
  1,                                      !- Start Day
  12,                                     !- End Month
  31;                                     !- End Day

OS:Schedule:Day,
  {39df2787-fea7-4009-9347-0417fbef81b4}, !- Handle
  mech vent bath fan 0 schedule day,      !- Name
  {8ae902a4-676e-40b0-a575-57e866ba82a1}, !- Schedule Type Limits Name
  ,                                       !- Interpolate to Timestep
  4,                                      !- Hour 1
  0,                                      !- Minute 1
  0,                                      !- Value Until Time 1
  5,                                      !- Hour 2
  0,                                      !- Minute 2
  1,                                      !- Value Until Time 2
  24,                                     !- Hour 3
  0,                                      !- Minute 3
  0;                                      !- Value Until Time 3

OS:EnergyManagementSystem:Sensor,
  {bd7428b1-7afe-42e1-89ad-f45c93fa30b1}, !- Handle
  mech_vent_bath_fan_0_sch_s,             !- Name
  mech vent bath fan 0 schedule,          !- Output Variable or Output Meter Index Key Name
  Schedule Value;                         !- Output Variable or Output Meter Name

OS:ElectricEquipment:Definition,
  {34857800-33a4-48c2-87cc-7fc53a629b44}, !- Handle
  mech vent bath fan 0,                   !- Name
  EquipmentLevel,                         !- Design Level Calculation Method
  30,                                     !- Design Level {W}
  ,                                       !- Watts per Space Floor Area {W/m2}
  ,                                       !- Watts per Person {W/person}
  0,                                      !- Fraction Latent
  0,                                      !- Fraction Radiant
  1;                                      !- Fraction Lost

OS:ElectricEquipment,
  {b483ea4b-7f70-4f0f-a0b1-f8134e37b56a}, !- Handle
  mech vent bath fan 0,                   !- Name
  {34857800-33a4-48c2-87cc-7fc53a629b44}, !- Electric Equipment Definition Name
  {d5015664-5053-4d4c-bbda-18682420aec3}, !- Space or SpaceType Name
  {f445fcca-6c87-45c0-82f2-e1541c3af631}, !- Schedule Name
  ,                                       !- Multiplier
  mech vent;                              !- End-Use Subcategory

OS:EnergyManagementSystem:Sensor,
  {8869c217-80f8-4bdf-bcde-f133a5d1152c}, !- Handle
  clothes_dryer_exhaust_0_sch_s,          !- Name
  clothes_dryer,                          !- Output Variable or Output Meter Index Key Name
  Schedule Value;                         !- Output Variable or Output Meter Name

OS:EnergyManagementSystem:GlobalVariable,
  {fffc8380-d848-445e-b62b-64c2da4d9624}, !- Handle
  infil_program_Qinf;                     !- Name

OS:EnergyManagementSystem:GlobalVariable,
  {5def572b-b4f7-4209-9756-6408d929b089}, !- Handle
  infil_program_Qfan;                     !- Name

OS:AdditionalProperties,
  {e5e38981-aa20-45c1-9505-32ab9dbe66cc}, !- Handle
  {fffc8380-d848-445e-b62b-64c2da4d9624}, !- Object Name
  ObjectType,                             !- Feature Name 1
  String,                                 !- Feature Data Type 1
  infil;                                  !- Feature Value 1

OS:AdditionalProperties,
  {3d410b9e-0d12-4796-be9b-3ce13e40c3e0}, !- Handle
  {5def572b-b4f7-4209-9756-6408d929b089}, !- Object Name
  ObjectType,                             !- Feature Name 1
  String,                                 !- Feature Data Type 1
  mech vent;                              !- Feature Value 1

OS:EnergyManagementSystem:ProgramCallingManager,
  {3a77d4b4-e2fe-4a4e-ba07-7dbb1829d8cd}, !- Handle
  infil_program_calling_manager,          !- Name
  BeginZoneTimestepAfterInitHeatBalance,  !- EnergyPlus Model Calling Point
  {ddb932d5-aed7-4344-8e71-39e541ac2bca}; !- Program Name 1

OS:AdditionalProperties,
  {8c95a023-0e57-4030-99a1-3ac43e7c88f5}, !- Handle
  {8a429267-ee6f-4aa4-849b-a8bc838be35e}; !- Object Name

OS:EnergyManagementSystem:Sensor,
  {6c660d1b-2d2b-4697-96ea-44ac803c9e45}, !- Handle
  conditioned_space_htg_unmet_s,          !- Name
  conditioned space,                      !- Output Variable or Output Meter Index Key Name
  Zone Heating Setpoint Not Met Time;     !- Output Variable or Output Meter Name

OS:EnergyManagementSystem:Sensor,
  {ba6851ab-0428-495d-8b22-d06fe643c9c5}, !- Handle
  conditioned_space_clg_unmet_s,          !- Name
  conditioned space,                      !- Output Variable or Output Meter Index Key Name
  Zone Cooling Setpoint Not Met Time;     !- Output Variable or Output Meter Name

OS:AdditionalProperties,
  {9b522f3e-7a43-48e5-bbd0-58f14a020978}, !- Handle
  {ba6851ab-0428-495d-8b22-d06fe643c9c5}; !- Object Name

OS:AdditionalProperties,
  {3ff53b94-3d38-483b-8849-b7d4f062e38d}, !- Handle
  {c22e8939-2dca-4a87-83b1-09b3b8d232f5}; !- Object Name

OS:AdditionalProperties,
  {49041887-0261-4c2a-9195-a6d92c8c4020}, !- Handle
  {50d8d630-f6b3-45b3-87c0-7eca1f186c76}; !- Object Name

OS:AdditionalProperties,
  {422b8a1e-9ee1-430d-bc5f-bc2a381fbccc}, !- Handle
  {a176b948-63ce-46b0-b26e-0a92a6ebf56b}; !- Object Name

OS:AdditionalProperties,
  {3a2d1841-7b1e-410d-b0b7-c8c6dcf12782}, !- Handle
  {5988fa55-fcb6-4250-af42-7337eda7f343}; !- Object Name

OS:AdditionalProperties,
  {c687bfd8-e47f-4bbb-9ec3-88be1253b396}, !- Handle
  {a24e95d3-0248-48c5-9c24-7d92e3c7b3e2}; !- Object Name

OS:AdditionalProperties,
  {acc25df4-2343-4fe3-ad39-68b141360d1d}, !- Handle
  {2854214b-a9e0-4588-bf87-1092a19dfae4}; !- Object Name

OS:AdditionalProperties,
  {fdd55588-4f78-4670-a1dd-679023b0ea9b}, !- Handle
  {2f7f0d78-7782-4c09-bc9a-b621e1ff9cea}; !- Object Name

OS:AdditionalProperties,
  {7951243e-5a43-4b78-b1af-45c87ed790b0}, !- Handle
  {4ea4bdb4-7e34-44bf-b58e-cb3624a3d96b}; !- Object Name

OS:AdditionalProperties,
  {5265c51b-29af-4a7d-9bee-3ae063ad44f4}, !- Handle
  {34f7d7e2-c5b3-457e-9c04-4cab46191846}; !- Object Name

OS:AdditionalProperties,
  {bfd46805-e4e1-4845-be1c-e7906290bb9f}, !- Handle
  {60f3518f-5271-4337-b249-cc93f89bf3e3}; !- Object Name

OS:AdditionalProperties,
  {5bca24aa-c33c-4f7a-82d8-2c6831a944f6}, !- Handle
  {8869c217-80f8-4bdf-bcde-f133a5d1152c}; !- Object Name

OS:AdditionalProperties,
  {435e7d9c-f21d-4398-9aed-1bb40d95b994}, !- Handle
  {e951beba-90e4-43f0-baf5-d37039b4d03b}; !- Object Name

OS:AdditionalProperties,
  {80690635-61cc-47e8-bfab-6ee6466a3a34}, !- Handle
  {e7459a71-d2fc-41b7-a114-ec013ed13be2}; !- Object Name

OS:AdditionalProperties,
  {3a530bcc-3ffc-4946-b158-291967be1053}, !- Handle
  {b17c461d-2243-41c2-879e-39036b284e75}; !- Object Name

OS:AdditionalProperties,
  {3f28dffa-78f5-4238-97e2-ac40ca798826}, !- Handle
  {c5447a8b-905a-487a-b6b3-05b1cd889b0e}; !- Object Name

OS:AdditionalProperties,
  {ea7c241d-7972-42af-99da-09f93f3ee9ca}, !- Handle
  {9265f88d-d098-439c-b28d-ac8a75a96d62}; !- Object Name

OS:AdditionalProperties,
  {a7861118-7719-4d7f-b49a-5712e51e1258}, !- Handle
  {c2b5fa10-857b-47b9-9aa5-8a055f02029b}; !- Object Name

OS:AdditionalProperties,
  {d1ebbd1a-aa52-4ff3-8027-7df008d96f75}, !- Handle
  {9cd6c116-629e-415e-8864-073cb275e5af}; !- Object Name

OS:AdditionalProperties,
  {53388123-af9d-49b7-afef-f375146d1d90}, !- Handle
  {6c660d1b-2d2b-4697-96ea-44ac803c9e45}; !- Object Name

OS:AdditionalProperties,
  {6433ee43-07fc-4735-8001-a2da6211b754}, !- Handle
  {3bbb1122-84bf-4255-b858-5e18313cacf0}; !- Object Name

OS:AdditionalProperties,
  {319e41a6-0cdd-4c9a-977a-55d99daed7dd}, !- Handle
  {ca5db429-46d4-491d-abf7-d1d981d41ae0}; !- Object Name

OS:AdditionalProperties,
  {42e210a9-8db1-41e9-adc4-03f4055ea11a}, !- Handle
  {e0be4608-b86e-4f0a-8f61-784e08d81065}; !- Object Name

OS:AdditionalProperties,
  {3efbfab1-d7fe-46a5-82f3-de01ba754805}, !- Handle
  {6b1a12b6-e629-4279-8b88-4ab7fc6ee1f1}; !- Object Name

OS:AdditionalProperties,
  {8094c205-96b6-4f04-a9b0-acd964843a6f}, !- Handle
  {eaee65c4-0fa6-4196-9cb3-3aba2f8bcc68}; !- Object Name

OS:AdditionalProperties,
  {b52e5c0b-9562-4e71-b2cf-a2755df6073b}, !- Handle
  {7df1b600-ee9b-4755-86ed-aa21f3cc8d59}; !- Object Name

OS:AdditionalProperties,
  {16c065cc-e670-45e3-9d6f-adfb696537d1}, !- Handle
  {2ce42395-ea7c-489f-ad50-44bc8baa3638}; !- Object Name

OS:AdditionalProperties,
  {3a60a018-06a1-4554-9401-7edf9ffdc29a}, !- Handle
  {1bcebf79-94f3-46a1-b69c-d89c52419921}; !- Object Name

OS:AdditionalProperties,
  {9d65ed7c-c752-458e-95ff-2cef0e5eb735}, !- Handle
  {bd7428b1-7afe-42e1-89ad-f45c93fa30b1}; !- Object Name

OS:AdditionalProperties,
  {dbe62469-efdd-47be-ae55-2e3d07a8e3f5}, !- Handle
  {9dadfe55-d50b-433e-bca1-dee9e70886d3}; !- Object Name

OS:AdditionalProperties,
  {c004144a-e4e9-43a2-9079-848965656bb1}, !- Handle
  {704d96f4-1751-42e6-bb05-6349a0deb038}; !- Object Name

OS:AdditionalProperties,
  {e8688906-0cfa-41b5-9c13-d6a98b5cdf47}, !- Handle
  {b8b56968-3391-48ed-85cd-57c0ea1eec1a}; !- Object Name

OS:AdditionalProperties,
  {a4fedd48-e037-4e77-99ab-cc784c6ce564}, !- Handle
  {5ab597cd-5245-41c1-9a73-8db3c925c523}; !- Object Name

OS:AdditionalProperties,
  {0c7384d9-fb48-4f6a-9ab4-938853842962}, !- Handle
  {d378e39e-506f-4ef3-82dd-6711864c160b}; !- Object Name

OS:AdditionalProperties,
  {976f6b26-4d7c-4cee-a2c5-f8615f4a98c3}, !- Handle
  {fa2369b1-15ed-4c59-a5bf-8e97d816ecf5}; !- Object Name

OS:AdditionalProperties,
  {2d06f07a-2b53-4d7d-a388-6012576aac3c}, !- Handle
  {5d3401bd-e5fe-4b23-a75a-172be9549eba}; !- Object Name

OS:AdditionalProperties,
  {973c2b8c-9420-4cf6-a327-8cbd0b23f5da}, !- Handle
  {bd2b15ca-0c2f-4b80-8a68-74854306c356}; !- Object Name

OS:AdditionalProperties,
  {a8e11b7f-c99a-419e-b509-161d6a3f8855}, !- Handle
  {3315708d-4914-4a36-a353-19a58efd34a0}; !- Object Name

OS:AdditionalProperties,
  {85ab654b-ebff-43bc-a1f1-75f754e85af2}, !- Handle
  {0a69291f-f79f-44b0-bd2b-1cc6453aee3b}; !- Object Name

OS:AdditionalProperties,
  {af422d47-907d-41af-95d7-67e39e63f620}, !- Handle
  {1f2f0483-9103-44d2-8d8f-2e32aed72658}; !- Object Name

OS:AdditionalProperties,
  {bb5dfeb8-3c51-4cad-b438-e29d9be4c0b3}, !- Handle
  {d7896168-1ee7-43d8-a1a2-cb0110b67e17}; !- Object Name

OS:AdditionalProperties,
  {5b7b8c1e-d25c-4bc0-bf40-d1b4951b8c9c}, !- Handle
  {df7212cb-1923-42da-b96f-51c6146bad03}; !- Object Name

OS:AdditionalProperties,
  {fd1458a0-7c29-4ee8-8977-7e628ff0983d}, !- Handle
  {560fab6f-95b9-4946-a63f-5327882a1461}; !- Object Name

OS:EnergyManagementSystem:Program,
  {d7b5d0bb-a894-466d-92a0-fe85fe7bd645}, !- Handle
  unmet_hours_program,                    !- Name
  Set htg_unmet_hours = 0,                !- Program Line 1
  Set clg_unmet_hours = 0,                !- Program Line 2
  Set unit_htg_unmet_hours = 0,           !- Program Line 3
  If ((DayOfYear >= 1) && (DayOfYear <= 365)), !- Program Line 4
  Set unit_htg_unmet_hours = unit_htg_unmet_hours + conditioned_space_htg_unmet_s, !- Program Line 5
  If unit_htg_unmet_hours > htg_unmet_hours, !- Program Line 6
  Set htg_unmet_hours = unit_htg_unmet_hours, !- Program Line 7
  EndIf,                                  !- Program Line 8
  EndIf,                                  !- Program Line 9
  Set unit_clg_unmet_hours = 0,           !- Program Line 10
  If ((DayOfYear >= 1) && (DayOfYear <= 365)), !- Program Line 11
  Set unit_clg_unmet_hours = unit_clg_unmet_hours + conditioned_space_clg_unmet_s, !- Program Line 12
  If unit_clg_unmet_hours > clg_unmet_hours, !- Program Line 13
  Set clg_unmet_hours = unit_clg_unmet_hours, !- Program Line 14
  EndIf,                                  !- Program Line 15
  EndIf;                                  !- Program Line 16

OS:AdditionalProperties,
  {262520c3-fb79-4a3f-9f2a-20cce963e1c2}, !- Handle
  {d7b5d0bb-a894-466d-92a0-fe85fe7bd645}, !- Object Name
  ObjectType,                             !- Feature Name 1
  String,                                 !- Feature Data Type 1
  unmet hours program;                    !- Feature Value 1

OS:EnergyManagementSystem:ProgramCallingManager,
  {f932a748-205f-443a-913d-d3b271eb2772}, !- Handle
  unmet_hours_program_calling_manager,    !- Name
  EndOfZoneTimestepBeforeZoneReporting,   !- EnergyPlus Model Calling Point
  {d7b5d0bb-a894-466d-92a0-fe85fe7bd645}; !- Program Name 1

OS:EnergyManagementSystem:Sensor,
  {89166ccb-3651-4287-9048-8c9b1635fefc}, !- Handle
  htg_load_cond,                          !- Name
  ,                                       !- Output Variable or Output Meter Index Key Name
  Heating:EnergyTransfer:Zone:CONDITIONED SPACE; !- Output Variable or Output Meter Name

OS:EnergyManagementSystem:Sensor,
  {fa4eebf0-51c7-4ba3-b587-f72c867bd921}, !- Handle
  clg_load_cond,                          !- Name
  ,                                       !- Output Variable or Output Meter Index Key Name
  Cooling:EnergyTransfer:Zone:CONDITIONED SPACE; !- Output Variable or Output Meter Name

OS:EnergyManagementSystem:Sensor,
  {4a44bace-b193-4b48-b6a6-cee22b04613c}, !- Handle
  htg_load_duct,                          !- Name
  ,                                       !- Output Variable or Output Meter Index Key Name
  Heating:EnergyTransfer:Zone:CENTRAL AC AND FURNACE AIRLOOP RET AIR ZONE; !- Output Variable or Output Meter Name

OS:EnergyManagementSystem:Sensor,
  {0cdc152f-eb3b-4503-b709-3f2ef8ea59a3}, !- Handle
  clg_load_duct,                          !- Name
  ,                                       !- Output Variable or Output Meter Index Key Name
  Cooling:EnergyTransfer:Zone:CENTRAL AC AND FURNACE AIRLOOP RET AIR ZONE; !- Output Variable or Output Meter Name

OS:EnergyManagementSystem:Program,
  {8757edba-78ea-415b-af03-f149ab81f55a}, !- Handle
  total_loads_program,                    !- Name
  Set loads_htg_tot = 0,                  !- Program Line 1
  Set loads_clg_tot = 0,                  !- Program Line 2
  If htg_load_cond > 0,                   !- Program Line 3
  Set loads_htg_tot = loads_htg_tot + (htg_load_cond - clg_load_cond) * 1.0, !- Program Line 4
  Set loads_htg_tot = loads_htg_tot + (htg_load_duct - clg_load_duct) * 1.0, !- Program Line 5
  EndIf,                                  !- Program Line 6
  Set loads_htg_tot = (@Max loads_htg_tot 0), !- Program Line 7
  If clg_load_cond > 0,                   !- Program Line 8
  Set loads_clg_tot = loads_clg_tot + (clg_load_cond - htg_load_cond) * 1.0, !- Program Line 9
  Set loads_clg_tot = loads_clg_tot + (clg_load_duct - htg_load_duct) * 1.0, !- Program Line 10
  EndIf,                                  !- Program Line 11
  Set loads_clg_tot = (@Max loads_clg_tot 0); !- Program Line 12

OS:AdditionalProperties,
  {162037ea-dd65-4611-aaca-7557525f3285}, !- Handle
  {8757edba-78ea-415b-af03-f149ab81f55a}, !- Object Name
  ObjectType,                             !- Feature Name 1
  String,                                 !- Feature Data Type 1
  total loads program;                    !- Feature Value 1

OS:EnergyManagementSystem:ProgramCallingManager,
  {648abb35-ed99-4644-bb45-4ee70d2eb255}, !- Handle
  total_loads_program_calling_manager,    !- Name
  EndOfZoneTimestepAfterZoneReporting,    !- EnergyPlus Model Calling Point
  {8757edba-78ea-415b-af03-f149ab81f55a}; !- Program Name 1

OS:Output:Diagnostics,
  {4510d6b7-a1c4-4b44-832a-85d01df28f4f}, !- Handle
  DisplayAdvancedReportVariables;         !- Key 1

OS:EnergyManagementSystem:Program,
  {93b34610-3eca-4483-9b4b-85dd5c1a0846}, !- Handle
  component_loads_program,                !- Name
  Set loads_htg_walls = 0,                !- Program Line 1
  Set loads_htg_rim_joists = 0,           !- Program Line 2
  Set loads_htg_foundation_walls = 0,     !- Program Line 3
  Set loads_htg_floors = 0,               !- Program Line 4
  Set loads_htg_slabs = 0,                !- Program Line 5
  Set loads_htg_ceilings = 0,             !- Program Line 6
  Set loads_htg_roofs = 0,                !- Program Line 7
  Set loads_htg_windows_conduction = 0,   !- Program Line 8
  Set loads_htg_windows_solar = 0,        !- Program Line 9
  Set loads_htg_doors = 0,                !- Program Line 10
  Set loads_htg_skylights_conduction = 0, !- Program Line 11
  Set loads_htg_skylights_solar = 0,      !- Program Line 12
  Set loads_htg_internal_mass = 0,        !- Program Line 13
  Set loads_htg_intgains = 0,             !- Program Line 14
  Set loads_htg_lighting = 0,             !- Program Line 15
  Set loads_htg_infil = 0,                !- Program Line 16
  Set loads_htg_mechvent = 0,             !- Program Line 17
  Set loads_htg_natvent = 0,              !- Program Line 18
  Set loads_htg_whf = 0,                  !- Program Line 19
  Set loads_htg_ducts = 0,                !- Program Line 20
  Set loads_clg_walls = 0,                !- Program Line 21
  Set loads_clg_rim_joists = 0,           !- Program Line 22
  Set loads_clg_foundation_walls = 0,     !- Program Line 23
  Set loads_clg_floors = 0,               !- Program Line 24
  Set loads_clg_slabs = 0,                !- Program Line 25
  Set loads_clg_ceilings = 0,             !- Program Line 26
  Set loads_clg_roofs = 0,                !- Program Line 27
  Set loads_clg_windows_conduction = 0,   !- Program Line 28
  Set loads_clg_windows_solar = 0,        !- Program Line 29
  Set loads_clg_doors = 0,                !- Program Line 30
  Set loads_clg_skylights_conduction = 0, !- Program Line 31
  Set loads_clg_skylights_solar = 0,      !- Program Line 32
  Set loads_clg_internal_mass = 0,        !- Program Line 33
  Set loads_clg_intgains = 0,             !- Program Line 34
  Set loads_clg_lighting = 0,             !- Program Line 35
  Set loads_clg_infil = 0,                !- Program Line 36
  Set loads_clg_mechvent = 0,             !- Program Line 37
  Set loads_clg_natvent = 0,              !- Program Line 38
  Set loads_clg_whf = 0,                  !- Program Line 39
  Set loads_clg_ducts = 0,                !- Program Line 40
  Set hr_walls = 0,                       !- Program Line 41
  Set hr_walls = hr_walls + s_conv_4 + s_ig_4 + s_sol_4 + s_lgt_4 + s_surf_4, !- Program Line 42
  Set hr_walls = hr_walls + s_conv_5 + s_ig_5 + s_sol_5 + s_lgt_5 + s_surf_5, !- Program Line 43
  Set hr_walls = hr_walls + s_conv_6 + s_ig_6 + s_sol_6 + s_lgt_6 + s_surf_6, !- Program Line 44
  Set hr_walls = hr_walls + s_conv_7 + s_ig_7 + s_sol_7 + s_lgt_7 + s_surf_7, !- Program Line 45
  Set hr_rim_joists = 0,                  !- Program Line 46
  Set hr_foundation_walls = 0,            !- Program Line 47
  Set hr_floors = 0,                      !- Program Line 48
  Set hr_floors = hr_floors + s_conv + s_ig + s_sol + s_lgt + s_surf, !- Program Line 49
  Set hr_slabs = 0,                       !- Program Line 50
  Set hr_ceilings = 0,                    !- Program Line 51
  Set hr_ceilings = hr_ceilings + s_conv_1 + s_ig_1 + s_sol_1 + s_lgt_1 + s_surf_1, !- Program Line 52
  Set hr_roofs = 0,                       !- Program Line 53
  Set hr_windows_conduction = 0,          !- Program Line 54
  Set hr_windows_conduction = hr_windows_conduction + ss_conv_1, !- Program Line 55
  Set hr_windows_conduction = hr_windows_conduction + ss_ig_1, !- Program Line 56
  Set hr_windows_conduction = hr_windows_conduction + ss_surf_1, !- Program Line 57
  Set hr_windows_conduction = hr_windows_conduction + ss_conv_2, !- Program Line 58
  Set hr_windows_conduction = hr_windows_conduction + ss_ig_2, !- Program Line 59
  Set hr_windows_conduction = hr_windows_conduction + ss_surf_2, !- Program Line 60
  Set hr_windows_conduction = hr_windows_conduction + ss_conv_3, !- Program Line 61
  Set hr_windows_conduction = hr_windows_conduction + ss_ig_3, !- Program Line 62
  Set hr_windows_conduction = hr_windows_conduction + ss_surf_3, !- Program Line 63
  Set hr_windows_conduction = hr_windows_conduction + ss_conv_4, !- Program Line 64
  Set hr_windows_conduction = hr_windows_conduction + ss_ig_4, !- Program Line 65
  Set hr_windows_conduction = hr_windows_conduction + ss_surf_4, !- Program Line 66
  Set hr_windows_conduction = hr_windows_conduction + ss_conv_5, !- Program Line 67
  Set hr_windows_conduction = hr_windows_conduction + ss_ig_5, !- Program Line 68
  Set hr_windows_conduction = hr_windows_conduction + ss_surf_5, !- Program Line 69
  Set hr_windows_conduction = hr_windows_conduction + ss_conv_6, !- Program Line 70
  Set hr_windows_conduction = hr_windows_conduction + ss_ig_6, !- Program Line 71
  Set hr_windows_conduction = hr_windows_conduction + ss_surf_6, !- Program Line 72
  Set hr_windows_conduction = hr_windows_conduction + ss_conv_7, !- Program Line 73
  Set hr_windows_conduction = hr_windows_conduction + ss_ig_7, !- Program Line 74
  Set hr_windows_conduction = hr_windows_conduction + ss_surf_7, !- Program Line 75
  Set hr_windows_conduction = hr_windows_conduction + ss_conv_8, !- Program Line 76
  Set hr_windows_conduction = hr_windows_conduction + ss_ig_8, !- Program Line 77
  Set hr_windows_conduction = hr_windows_conduction + ss_surf_8, !- Program Line 78
  Set hr_windows_solar = 0,               !- Program Line 79
  Set hr_windows_solar = hr_windows_solar - ss_trans_in * ZoneTimestep * 3600 + ss_back_out * ZoneTimestep * 3600 + ss_trans_out * ZoneTimestep * 3600, !- Program Line 80
  Set hr_windows_solar = hr_windows_solar - ss_trans_in_1 * ZoneTimestep * 3600 + ss_back_out_1 * ZoneTimestep * 3600 + ss_trans_out_1 * ZoneTimestep * 3600, !- Program Line 81
  Set hr_windows_solar = hr_windows_solar - ss_trans_in_2 * ZoneTimestep * 3600 + ss_back_out_2 * ZoneTimestep * 3600 + ss_trans_out_2 * ZoneTimestep * 3600, !- Program Line 82
  Set hr_windows_solar = hr_windows_solar - ss_trans_in_3 * ZoneTimestep * 3600 + ss_back_out_3 * ZoneTimestep * 3600 + ss_trans_out_3 * ZoneTimestep * 3600, !- Program Line 83
  Set hr_windows_solar = hr_windows_solar - ss_trans_in_4 * ZoneTimestep * 3600 + ss_back_out_4 * ZoneTimestep * 3600 + ss_trans_out_4 * ZoneTimestep * 3600, !- Program Line 84
  Set hr_windows_solar = hr_windows_solar - ss_trans_in_5 * ZoneTimestep * 3600 + ss_back_out_5 * ZoneTimestep * 3600 + ss_trans_out_5 * ZoneTimestep * 3600, !- Program Line 85
  Set hr_windows_solar = hr_windows_solar - ss_trans_in_6 * ZoneTimestep * 3600 + ss_back_out_6 * ZoneTimestep * 3600 + ss_trans_out_6 * ZoneTimestep * 3600, !- Program Line 86
  Set hr_windows_solar = hr_windows_solar - ss_trans_in_7 * ZoneTimestep * 3600 + ss_back_out_7 * ZoneTimestep * 3600 + ss_trans_out_7 * ZoneTimestep * 3600, !- Program Line 87
  Set hr_doors = 0,                       !- Program Line 88
  Set hr_doors = hr_doors + ss_sol,       !- Program Line 89
  Set hr_doors = hr_doors + ss_lgt,       !- Program Line 90
  Set hr_doors = hr_doors + ss_conv,      !- Program Line 91
  Set hr_doors = hr_doors + ss_ig,        !- Program Line 92
  Set hr_doors = hr_doors + ss_surf,      !- Program Line 93
  Set hr_skylights_conduction = 0,        !- Program Line 94
  Set hr_skylights_solar = 0,             !- Program Line 95
  Set hr_internal_mass = 0,               !- Program Line 96
  Set hr_internal_mass = hr_internal_mass + s_conv_2 + s_ig_2 + s_sol_2 + s_lgt_2 + s_surf_2, !- Program Line 97
  Set hr_internal_mass = hr_internal_mass + s_conv_3 + s_ig_3 + s_sol_3 + s_lgt_3 + s_surf_3, !- Program Line 98
  Set hr_internal_mass = hr_internal_mass + im_conv + im_ig + im_sol + im_lgt + im_surf, !- Program Line 99
  Set hr_internal_mass = hr_internal_mass + im_conv_1 + im_ig_1 + im_sol_1 + im_lgt_1 + im_surf_1, !- Program Line 100
  Set hr_intgains = 0,                    !- Program Line 101
  Set hr_intgains = hr_intgains - ig_ee_conv - ig_ee_rad - ig_ee_conv_1 - ig_ee_rad_1 - ig_ee_conv_2 - ig_ee_rad_2 - ig_ee_conv_3 - ig_ee_rad_3 - ig_ee_conv_4 - ig_ee_rad_4 - ig_ee_conv_5 - ig_ee_rad_5 - ig_ee_conv_6 - ig_ee_rad_6 - ig_ee_conv_7 - ig_ee_rad_7 - ig_ee_conv_8 - ig_ee_rad_8 - ig_oe_conv - ig_oe_rad - ig_oe_conv_1 - ig_oe_rad_1 - ig_oe_conv_2 - ig_oe_rad_2 - ig_oe_conv_3 - ig_oe_rad_3 - ig_oe_conv_4 - ig_oe_rad_4 - ig_oe_conv_5 - ig_oe_rad_5 - ig_oe_conv_6 - ig_oe_rad_6 - ig_ppl_conv - ig_ppl_rad, !- Program Line 102
  Set hr_lighting = 0,                    !- Program Line 103
  Set hr_lighting = hr_lighting - ig_lgt_conv - ig_lgt_rad - ig_lgt_vis, !- Program Line 104
  Set hr_infil = 0,                       !- Program Line 105
  Set hr_infil = hr_infil - airflow_gain + airflow_loss, !- Program Line 106
  Set hr_natvent = 0,                     !- Program Line 107
  Set hr_natvent = hr_natvent - airflow_gain_1 + airflow_loss_1, !- Program Line 108
  Set hr_whf = 0,                         !- Program Line 109
  Set hr_whf = hr_whf - airflow_gain_2 + airflow_loss_2, !- Program Line 110
  Set hr_mechvent = 0,                    !- Program Line 111
  Set hr_mechvent = hr_mechvent - mv_conv - mv_rad - mv_conv_1 - mv_rad_1 - mv_conv_2 - mv_rad_2 - mv_conv_3 - mv_rad_3 - mv_conv_4 - mv_rad_4 - mv_conv_5 - mv_rad_5, !- Program Line 112
  Set hr_ducts = 0,                       !- Program Line 113
  Set hr_ducts = hr_ducts - ducts_conv - ducts_rad - ducts_conv_1 - ducts_rad_1 - ducts_conv_2 - ducts_rad_2 - ducts_conv_3 - ducts_rad_3 - ducts_conv_4 - ducts_rad_4 - ducts_conv_5 - ducts_rad_5, !- Program Line 114
  Set hr_ducts = hr_ducts + (duct_mix_loss_1 - duct_mix_gain_1), !- Program Line 115
  Set htg_mode = 0,                       !- Program Line 116
  Set clg_mode = 0,                       !- Program Line 117
  If (htg_load_cond > 0),                 !- Program Line 118
  Set htg_mode = 1.0,                     !- Program Line 119
  ElseIf (clg_load_cond > 0),             !- Program Line 120
  Set clg_mode = 1.0,                     !- Program Line 121
  Else,                                   !- Program Line 122
  Set htg_season = 0,                     !- Program Line 123
  Set clg_season = 0,                     !- Program Line 124
  If ((DayOfYear >= 1) && (DayOfYear <= 365)), !- Program Line 125
  Set clg_season = 1,                     !- Program Line 126
  EndIf,                                  !- Program Line 127
  If ((DayOfYear >= 1) && (DayOfYear <= 365)), !- Program Line 128
  Set htg_season = 1,                     !- Program Line 129
  EndIf,                                  !- Program Line 130
  If ((airflow_gain_1 <> 0) || (airflow_loss_1 <> 0)) && (clg_season == 1), !- Program Line 131
  Set clg_mode = 1.0,                     !- Program Line 132
  ElseIf ((airflow_gain_2 <> 0) || (airflow_loss_2 <> 0)) && (clg_season == 1), !- Program Line 133
  Set clg_mode = 1.0,                     !- Program Line 134
  Else,                                   !- Program Line 135
  Set Tmid_setpoint = (htg_sp_s_1 + clg_sp_s_1) / 2, !- Program Line 136
  If (tin_s_1 > Tmid_setpoint) && (clg_season == 1), !- Program Line 137
  Set clg_mode = 1.0,                     !- Program Line 138
  ElseIf (tin_s_1 < Tmid_setpoint) && (htg_season == 1), !- Program Line 139
  Set htg_mode = 1.0,                     !- Program Line 140
  EndIf,                                  !- Program Line 141
  EndIf,                                  !- Program Line 142
  EndIf,                                  !- Program Line 143
  Set loads_htg_walls = loads_htg_walls + (hr_walls * htg_mode * 1), !- Program Line 144
  Set loads_htg_rim_joists = loads_htg_rim_joists + (hr_rim_joists * htg_mode * 1), !- Program Line 145
  Set loads_htg_foundation_walls = loads_htg_foundation_walls + (hr_foundation_walls * htg_mode * 1), !- Program Line 146
  Set loads_htg_floors = loads_htg_floors + (hr_floors * htg_mode * 1), !- Program Line 147
  Set loads_htg_slabs = loads_htg_slabs + (hr_slabs * htg_mode * 1), !- Program Line 148
  Set loads_htg_ceilings = loads_htg_ceilings + (hr_ceilings * htg_mode * 1), !- Program Line 149
  Set loads_htg_roofs = loads_htg_roofs + (hr_roofs * htg_mode * 1), !- Program Line 150
  Set loads_htg_windows_conduction = loads_htg_windows_conduction + (hr_windows_conduction * htg_mode * 1), !- Program Line 151
  Set loads_htg_windows_solar = loads_htg_windows_solar + (hr_windows_solar * htg_mode * 1), !- Program Line 152
  Set loads_htg_doors = loads_htg_doors + (hr_doors * htg_mode * 1), !- Program Line 153
  Set loads_htg_skylights_conduction = loads_htg_skylights_conduction + (hr_skylights_conduction * htg_mode * 1), !- Program Line 154
  Set loads_htg_skylights_solar = loads_htg_skylights_solar + (hr_skylights_solar * htg_mode * 1), !- Program Line 155
  Set loads_htg_internal_mass = loads_htg_internal_mass + (hr_internal_mass * htg_mode * 1), !- Program Line 156
  Set loads_htg_intgains = loads_htg_intgains + (hr_intgains * htg_mode * 1), !- Program Line 157
  Set loads_htg_lighting = loads_htg_lighting + (hr_lighting * htg_mode * 1), !- Program Line 158
  Set loads_htg_infil = loads_htg_infil + (hr_infil * htg_mode * 1), !- Program Line 159
  Set loads_htg_mechvent = loads_htg_mechvent + (hr_mechvent * htg_mode * 1), !- Program Line 160
  Set loads_htg_natvent = loads_htg_natvent + (hr_natvent * htg_mode * 1), !- Program Line 161
  Set loads_htg_whf = loads_htg_whf + (hr_whf * htg_mode * 1), !- Program Line 162
  Set loads_htg_ducts = loads_htg_ducts + (hr_ducts * htg_mode * 1), !- Program Line 163
  Set loads_clg_walls = loads_clg_walls + (-hr_walls * clg_mode * 1), !- Program Line 164
  Set loads_clg_rim_joists = loads_clg_rim_joists + (-hr_rim_joists * clg_mode * 1), !- Program Line 165
  Set loads_clg_foundation_walls = loads_clg_foundation_walls + (-hr_foundation_walls * clg_mode * 1), !- Program Line 166
  Set loads_clg_floors = loads_clg_floors + (-hr_floors * clg_mode * 1), !- Program Line 167
  Set loads_clg_slabs = loads_clg_slabs + (-hr_slabs * clg_mode * 1), !- Program Line 168
  Set loads_clg_ceilings = loads_clg_ceilings + (-hr_ceilings * clg_mode * 1), !- Program Line 169
  Set loads_clg_roofs = loads_clg_roofs + (-hr_roofs * clg_mode * 1), !- Program Line 170
  Set loads_clg_windows_conduction = loads_clg_windows_conduction + (-hr_windows_conduction * clg_mode * 1), !- Program Line 171
  Set loads_clg_windows_solar = loads_clg_windows_solar + (-hr_windows_solar * clg_mode * 1), !- Program Line 172
  Set loads_clg_doors = loads_clg_doors + (-hr_doors * clg_mode * 1), !- Program Line 173
  Set loads_clg_skylights_conduction = loads_clg_skylights_conduction + (-hr_skylights_conduction * clg_mode * 1), !- Program Line 174
  Set loads_clg_skylights_solar = loads_clg_skylights_solar + (-hr_skylights_solar * clg_mode * 1), !- Program Line 175
  Set loads_clg_internal_mass = loads_clg_internal_mass + (-hr_internal_mass * clg_mode * 1), !- Program Line 176
  Set loads_clg_intgains = loads_clg_intgains + (-hr_intgains * clg_mode * 1), !- Program Line 177
  Set loads_clg_lighting = loads_clg_lighting + (-hr_lighting * clg_mode * 1), !- Program Line 178
  Set loads_clg_infil = loads_clg_infil + (-hr_infil * clg_mode * 1), !- Program Line 179
  Set loads_clg_mechvent = loads_clg_mechvent + (-hr_mechvent * clg_mode * 1), !- Program Line 180
  Set loads_clg_natvent = loads_clg_natvent + (-hr_natvent * clg_mode * 1), !- Program Line 181
  Set loads_clg_whf = loads_clg_whf + (-hr_whf * clg_mode * 1), !- Program Line 182
  Set loads_clg_ducts = loads_clg_ducts + (-hr_ducts * clg_mode * 1); !- Program Line 183

OS:AdditionalProperties,
  {742da8e1-efe5-4e63-9a24-2d153c2eb2b0}, !- Handle
  {93b34610-3eca-4483-9b4b-85dd5c1a0846}, !- Object Name
  ObjectType,                             !- Feature Name 1
  String,                                 !- Feature Data Type 1
  component loads program;                !- Feature Value 1

OS:EnergyManagementSystem:Sensor,
  {593edacc-e64e-42b3-969b-c7456e893392}, !- Handle
  s_conv,                                 !- Name
  Floor1,                                 !- Output Variable or Output Meter Index Key Name
  Surface Inside Face Convection Heat Gain Energy; !- Output Variable or Output Meter Name

OS:EnergyManagementSystem:Sensor,
  {f02304e8-7823-4f4c-973f-f3a37f35bd00}, !- Handle
  s_ig,                                   !- Name
  Floor1,                                 !- Output Variable or Output Meter Index Key Name
  Surface Inside Face Internal Gains Radiation Heat Gain Energy; !- Output Variable or Output Meter Name

OS:EnergyManagementSystem:Sensor,
  {8233cf02-4ae4-4ad0-b827-06c840966d80}, !- Handle
  s_sol,                                  !- Name
  Floor1,                                 !- Output Variable or Output Meter Index Key Name
  Surface Inside Face Solar Radiation Heat Gain Energy; !- Output Variable or Output Meter Name

OS:EnergyManagementSystem:Sensor,
  {05ad044a-a679-47af-87d8-6f2d19e17ca3}, !- Handle
  s_lgt,                                  !- Name
  Floor1,                                 !- Output Variable or Output Meter Index Key Name
  Surface Inside Face Lights Radiation Heat Gain Energy; !- Output Variable or Output Meter Name

OS:EnergyManagementSystem:Sensor,
  {47d45de8-f3d3-4bc5-9121-3fbdcb2b2d17}, !- Handle
  s_surf,                                 !- Name
  Floor1,                                 !- Output Variable or Output Meter Index Key Name
  Surface Inside Face Net Surface Thermal Radiation Heat Gain Energy; !- Output Variable or Output Meter Name

OS:EnergyManagementSystem:Sensor,
  {2ae1930a-ebb5-4a70-945f-8f9f06f68980}, !- Handle
  s_conv_1,                               !- Name
  Floor2,                                 !- Output Variable or Output Meter Index Key Name
  Surface Inside Face Convection Heat Gain Energy; !- Output Variable or Output Meter Name

OS:EnergyManagementSystem:Sensor,
  {1874feea-d5fd-4998-846c-d3cdfc505e67}, !- Handle
  s_ig_1,                                 !- Name
  Floor2,                                 !- Output Variable or Output Meter Index Key Name
  Surface Inside Face Internal Gains Radiation Heat Gain Energy; !- Output Variable or Output Meter Name

OS:EnergyManagementSystem:Sensor,
  {0f458421-92d5-450a-9250-8bdabee2b3e7}, !- Handle
  s_sol_1,                                !- Name
  Floor2,                                 !- Output Variable or Output Meter Index Key Name
  Surface Inside Face Solar Radiation Heat Gain Energy; !- Output Variable or Output Meter Name

OS:EnergyManagementSystem:Sensor,
  {44360cd5-b92f-431b-b8fe-1d2b5cd67548}, !- Handle
  s_lgt_1,                                !- Name
  Floor2,                                 !- Output Variable or Output Meter Index Key Name
  Surface Inside Face Lights Radiation Heat Gain Energy; !- Output Variable or Output Meter Name

OS:EnergyManagementSystem:Sensor,
  {fe2c9b66-6310-47df-9f81-df56866c7ec2}, !- Handle
  s_surf_1,                               !- Name
  Floor2,                                 !- Output Variable or Output Meter Index Key Name
  Surface Inside Face Net Surface Thermal Radiation Heat Gain Energy; !- Output Variable or Output Meter Name

OS:EnergyManagementSystem:Sensor,
  {a36a0c5d-0b50-4ad9-ae5f-1d8867cc9598}, !- Handle
  s_conv_2,                               !- Name
  inferred conditioned ceiling,           !- Output Variable or Output Meter Index Key Name
  Surface Inside Face Convection Heat Gain Energy; !- Output Variable or Output Meter Name

OS:EnergyManagementSystem:Sensor,
  {5e901288-6b5d-48a4-bb25-c437ac7a66e2}, !- Handle
  s_ig_2,                                 !- Name
  inferred conditioned ceiling,           !- Output Variable or Output Meter Index Key Name
  Surface Inside Face Internal Gains Radiation Heat Gain Energy; !- Output Variable or Output Meter Name

OS:EnergyManagementSystem:Sensor,
  {08a141ac-7a82-433e-8443-f5cf0e5606df}, !- Handle
  s_sol_2,                                !- Name
  inferred conditioned ceiling,           !- Output Variable or Output Meter Index Key Name
  Surface Inside Face Solar Radiation Heat Gain Energy; !- Output Variable or Output Meter Name

OS:EnergyManagementSystem:Sensor,
  {4d0c40ea-4a3e-416c-a4e3-eebee3408749}, !- Handle
  s_lgt_2,                                !- Name
  inferred conditioned ceiling,           !- Output Variable or Output Meter Index Key Name
  Surface Inside Face Lights Radiation Heat Gain Energy; !- Output Variable or Output Meter Name

OS:EnergyManagementSystem:Sensor,
  {af07b935-ea0d-40a9-8c38-a98e4171f7b6}, !- Handle
  s_surf_2,                               !- Name
  inferred conditioned ceiling,           !- Output Variable or Output Meter Index Key Name
  Surface Inside Face Net Surface Thermal Radiation Heat Gain Energy; !- Output Variable or Output Meter Name

OS:EnergyManagementSystem:Sensor,
  {7c0a9c3a-9dc4-4b52-890f-4a4f90d08e40}, !- Handle
  s_conv_3,                               !- Name
  inferred conditioned floor,             !- Output Variable or Output Meter Index Key Name
  Surface Inside Face Convection Heat Gain Energy; !- Output Variable or Output Meter Name

OS:EnergyManagementSystem:Sensor,
  {6b3f019d-23bd-4047-b902-e7768f4aee48}, !- Handle
  s_ig_3,                                 !- Name
  inferred conditioned floor,             !- Output Variable or Output Meter Index Key Name
  Surface Inside Face Internal Gains Radiation Heat Gain Energy; !- Output Variable or Output Meter Name

OS:EnergyManagementSystem:Sensor,
  {d26aa11a-5294-4470-b9c1-78485d4fd065}, !- Handle
  s_sol_3,                                !- Name
  inferred conditioned floor,             !- Output Variable or Output Meter Index Key Name
  Surface Inside Face Solar Radiation Heat Gain Energy; !- Output Variable or Output Meter Name

OS:EnergyManagementSystem:Sensor,
  {d9e89206-af93-496f-bc5c-3f4b5779f165}, !- Handle
  s_lgt_3,                                !- Name
  inferred conditioned floor,             !- Output Variable or Output Meter Index Key Name
  Surface Inside Face Lights Radiation Heat Gain Energy; !- Output Variable or Output Meter Name

OS:EnergyManagementSystem:Sensor,
  {445dcc47-793a-4290-a63d-f5d8b742a86a}, !- Handle
  s_surf_3,                               !- Name
  inferred conditioned floor,             !- Output Variable or Output Meter Index Key Name
  Surface Inside Face Net Surface Thermal Radiation Heat Gain Energy; !- Output Variable or Output Meter Name

OS:EnergyManagementSystem:Sensor,
  {5d2a9f6e-d80f-4a9b-94a8-1a05039b6f74}, !- Handle
  ss_sol,                                 !- Name
  Door1,                                  !- Output Variable or Output Meter Index Key Name
  Surface Inside Face Solar Radiation Heat Gain Energy; !- Output Variable or Output Meter Name

OS:EnergyManagementSystem:Sensor,
  {125dbed7-f560-4521-b1ee-8372d6668bf1}, !- Handle
  ss_lgt,                                 !- Name
  Door1,                                  !- Output Variable or Output Meter Index Key Name
  Surface Inside Face Lights Radiation Heat Gain Energy; !- Output Variable or Output Meter Name

OS:EnergyManagementSystem:Sensor,
  {faedebc1-ed87-4ecd-83b5-927a3bcfafce}, !- Handle
  ss_conv,                                !- Name
  Door1,                                  !- Output Variable or Output Meter Index Key Name
  Surface Inside Face Convection Heat Gain Energy; !- Output Variable or Output Meter Name

OS:EnergyManagementSystem:Sensor,
  {c9caf843-98b4-4a42-942f-79f7ec259664}, !- Handle
  ss_ig,                                  !- Name
  Door1,                                  !- Output Variable or Output Meter Index Key Name
  Surface Inside Face Internal Gains Radiation Heat Gain Energy; !- Output Variable or Output Meter Name

OS:EnergyManagementSystem:Sensor,
  {41206e9b-c13a-4e9d-a300-05a3b4d2919b}, !- Handle
  ss_surf,                                !- Name
  Door1,                                  !- Output Variable or Output Meter Index Key Name
  Surface Inside Face Net Surface Thermal Radiation Heat Gain Energy; !- Output Variable or Output Meter Name

OS:EnergyManagementSystem:Sensor,
  {00110dec-d5ef-4212-bb64-1b93ca0e22d4}, !- Handle
  ss_conv_1,                              !- Name
  Window1,                                !- Output Variable or Output Meter Index Key Name
  Surface Inside Face Convection Heat Gain Energy; !- Output Variable or Output Meter Name

OS:EnergyManagementSystem:Sensor,
  {9e2a7ec8-2834-4e72-abdc-4cdb385a261a}, !- Handle
  ss_ig_1,                                !- Name
  Window1,                                !- Output Variable or Output Meter Index Key Name
  Surface Inside Face Internal Gains Radiation Heat Gain Energy; !- Output Variable or Output Meter Name

OS:EnergyManagementSystem:Sensor,
  {45438b30-6ecf-4ec3-aa46-4d01a4635c51}, !- Handle
  ss_surf_1,                              !- Name
  Window1,                                !- Output Variable or Output Meter Index Key Name
  Surface Inside Face Net Surface Thermal Radiation Heat Gain Energy; !- Output Variable or Output Meter Name

OS:EnergyManagementSystem:Sensor,
  {a35685ea-1025-4244-88e1-f0036866b401}, !- Handle
  ss_trans_in,                            !- Name
  Window1,                                !- Output Variable or Output Meter Index Key Name
  Surface Window Transmitted Solar Radiation Rate; !- Output Variable or Output Meter Name

OS:EnergyManagementSystem:Sensor,
  {d2d69075-b1dd-442f-96e3-7c7da8d117cc}, !- Handle
  ss_back_out,                            !- Name
  Window1,                                !- Output Variable or Output Meter Index Key Name
  Surface Window Shortwave from Zone Back Out Window Heat Transfer Rate; !- Output Variable or Output Meter Name

OS:EnergyManagementSystem:Sensor,
  {aff16aed-b79e-46f4-ad8b-d8a83d72afb6}, !- Handle
  ss_trans_out,                           !- Name
  Window1,                                !- Output Variable or Output Meter Index Key Name
  Surface Inside Face Initial Transmitted Diffuse Transmitted Out Window Solar Radiation Rate; !- Output Variable or Output Meter Name

OS:EnergyManagementSystem:Sensor,
  {7ff2000c-5b3c-4626-9189-177f16acb89e}, !- Handle
  ss_conv_2,                              !- Name
  Window2,                                !- Output Variable or Output Meter Index Key Name
  Surface Inside Face Convection Heat Gain Energy; !- Output Variable or Output Meter Name

OS:EnergyManagementSystem:Sensor,
  {e3e29a77-2557-4854-aefb-e956ee601e1f}, !- Handle
  ss_ig_2,                                !- Name
  Window2,                                !- Output Variable or Output Meter Index Key Name
  Surface Inside Face Internal Gains Radiation Heat Gain Energy; !- Output Variable or Output Meter Name

OS:EnergyManagementSystem:Sensor,
  {cbc71780-6d81-4423-8dae-aa503ae0443d}, !- Handle
  ss_surf_2,                              !- Name
  Window2,                                !- Output Variable or Output Meter Index Key Name
  Surface Inside Face Net Surface Thermal Radiation Heat Gain Energy; !- Output Variable or Output Meter Name

OS:EnergyManagementSystem:Sensor,
  {5e1eae0d-5a00-4b00-92c1-938240fdebc5}, !- Handle
  ss_trans_in_1,                          !- Name
  Window2,                                !- Output Variable or Output Meter Index Key Name
  Surface Window Transmitted Solar Radiation Rate; !- Output Variable or Output Meter Name

OS:EnergyManagementSystem:Sensor,
  {ad9629f5-a5cb-4649-998e-8d890e35abed}, !- Handle
  ss_back_out_1,                          !- Name
  Window2,                                !- Output Variable or Output Meter Index Key Name
  Surface Window Shortwave from Zone Back Out Window Heat Transfer Rate; !- Output Variable or Output Meter Name

OS:EnergyManagementSystem:Sensor,
  {db524889-5d00-43d6-8b43-82304d4c4433}, !- Handle
  ss_trans_out_1,                         !- Name
  Window2,                                !- Output Variable or Output Meter Index Key Name
  Surface Inside Face Initial Transmitted Diffuse Transmitted Out Window Solar Radiation Rate; !- Output Variable or Output Meter Name

OS:EnergyManagementSystem:Sensor,
  {a1415aea-bf84-47a8-8401-ccf108afc0e2}, !- Handle
  ss_conv_3,                              !- Name
  Window3,                                !- Output Variable or Output Meter Index Key Name
  Surface Inside Face Convection Heat Gain Energy; !- Output Variable or Output Meter Name

OS:EnergyManagementSystem:Sensor,
  {a1eb091d-5089-4d8c-a8ef-188fdeb825be}, !- Handle
  ss_ig_3,                                !- Name
  Window3,                                !- Output Variable or Output Meter Index Key Name
  Surface Inside Face Internal Gains Radiation Heat Gain Energy; !- Output Variable or Output Meter Name

OS:EnergyManagementSystem:Sensor,
  {40887c83-4f2e-432a-9c39-92f0b6aff36b}, !- Handle
  ss_surf_3,                              !- Name
  Window3,                                !- Output Variable or Output Meter Index Key Name
  Surface Inside Face Net Surface Thermal Radiation Heat Gain Energy; !- Output Variable or Output Meter Name

OS:EnergyManagementSystem:Sensor,
  {570b60cf-aefd-4416-9ccc-4d70ba8e07bc}, !- Handle
  ss_trans_in_2,                          !- Name
  Window3,                                !- Output Variable or Output Meter Index Key Name
  Surface Window Transmitted Solar Radiation Rate; !- Output Variable or Output Meter Name

OS:EnergyManagementSystem:Sensor,
  {a9f4c793-0f06-4b44-936c-f9812f6bc211}, !- Handle
  ss_back_out_2,                          !- Name
  Window3,                                !- Output Variable or Output Meter Index Key Name
  Surface Window Shortwave from Zone Back Out Window Heat Transfer Rate; !- Output Variable or Output Meter Name

OS:EnergyManagementSystem:Sensor,
  {81a8d4d2-60c2-47e8-8544-041612557876}, !- Handle
  ss_trans_out_2,                         !- Name
  Window3,                                !- Output Variable or Output Meter Index Key Name
  Surface Inside Face Initial Transmitted Diffuse Transmitted Out Window Solar Radiation Rate; !- Output Variable or Output Meter Name

OS:EnergyManagementSystem:Sensor,
  {0b449318-79c8-4087-a2fa-af92f0cff71d}, !- Handle
  ss_conv_4,                              !- Name
  Window4,                                !- Output Variable or Output Meter Index Key Name
  Surface Inside Face Convection Heat Gain Energy; !- Output Variable or Output Meter Name

OS:EnergyManagementSystem:Sensor,
  {20254d1d-fccb-427c-85db-aff82bee722a}, !- Handle
  ss_ig_4,                                !- Name
  Window4,                                !- Output Variable or Output Meter Index Key Name
  Surface Inside Face Internal Gains Radiation Heat Gain Energy; !- Output Variable or Output Meter Name

OS:EnergyManagementSystem:Sensor,
  {c96385d9-7c95-4486-aaab-7d94d427af5a}, !- Handle
  ss_surf_4,                              !- Name
  Window4,                                !- Output Variable or Output Meter Index Key Name
  Surface Inside Face Net Surface Thermal Radiation Heat Gain Energy; !- Output Variable or Output Meter Name

OS:EnergyManagementSystem:Sensor,
  {85d3d87a-d0dc-4268-846f-0e74971330ae}, !- Handle
  ss_trans_in_3,                          !- Name
  Window4,                                !- Output Variable or Output Meter Index Key Name
  Surface Window Transmitted Solar Radiation Rate; !- Output Variable or Output Meter Name

OS:EnergyManagementSystem:Sensor,
  {f80c8e7f-3729-49a0-b7fa-240bb78b5ae1}, !- Handle
  ss_back_out_3,                          !- Name
  Window4,                                !- Output Variable or Output Meter Index Key Name
  Surface Window Shortwave from Zone Back Out Window Heat Transfer Rate; !- Output Variable or Output Meter Name

OS:EnergyManagementSystem:Sensor,
  {61207c88-c58c-406b-aa13-1b8806fff47e}, !- Handle
  ss_trans_out_3,                         !- Name
  Window4,                                !- Output Variable or Output Meter Index Key Name
  Surface Inside Face Initial Transmitted Diffuse Transmitted Out Window Solar Radiation Rate; !- Output Variable or Output Meter Name

OS:EnergyManagementSystem:Sensor,
  {99a4fbf2-55c4-4ac0-8a66-232a993eeb30}, !- Handle
  ss_conv_5,                              !- Name
  Window5,                                !- Output Variable or Output Meter Index Key Name
  Surface Inside Face Convection Heat Gain Energy; !- Output Variable or Output Meter Name

OS:EnergyManagementSystem:Sensor,
  {039a9bd5-7cbc-4058-9409-228a34f6c9be}, !- Handle
  ss_ig_5,                                !- Name
  Window5,                                !- Output Variable or Output Meter Index Key Name
  Surface Inside Face Internal Gains Radiation Heat Gain Energy; !- Output Variable or Output Meter Name

OS:EnergyManagementSystem:Sensor,
  {1a78de91-f99f-4614-9010-a93416c75601}, !- Handle
  ss_surf_5,                              !- Name
  Window5,                                !- Output Variable or Output Meter Index Key Name
  Surface Inside Face Net Surface Thermal Radiation Heat Gain Energy; !- Output Variable or Output Meter Name

OS:EnergyManagementSystem:Sensor,
  {105b70d8-09a2-4b42-82d6-b3a66b587124}, !- Handle
  ss_trans_in_4,                          !- Name
  Window5,                                !- Output Variable or Output Meter Index Key Name
  Surface Window Transmitted Solar Radiation Rate; !- Output Variable or Output Meter Name

OS:EnergyManagementSystem:Sensor,
  {9d1ab50b-acc5-47e9-aa5b-13eb2889e7e7}, !- Handle
  ss_back_out_4,                          !- Name
  Window5,                                !- Output Variable or Output Meter Index Key Name
  Surface Window Shortwave from Zone Back Out Window Heat Transfer Rate; !- Output Variable or Output Meter Name

OS:EnergyManagementSystem:Sensor,
  {4fa66731-6e47-4c1e-8a97-f0433d5d1dc1}, !- Handle
  ss_trans_out_4,                         !- Name
  Window5,                                !- Output Variable or Output Meter Index Key Name
  Surface Inside Face Initial Transmitted Diffuse Transmitted Out Window Solar Radiation Rate; !- Output Variable or Output Meter Name

OS:EnergyManagementSystem:Sensor,
  {1e16774a-9bd6-45b8-991c-96db5ca840e5}, !- Handle
  ss_conv_6,                              !- Name
  Window6,                                !- Output Variable or Output Meter Index Key Name
  Surface Inside Face Convection Heat Gain Energy; !- Output Variable or Output Meter Name

OS:EnergyManagementSystem:Sensor,
  {e6bb8b70-4fc7-440f-8324-b16811f111b8}, !- Handle
  ss_ig_6,                                !- Name
  Window6,                                !- Output Variable or Output Meter Index Key Name
  Surface Inside Face Internal Gains Radiation Heat Gain Energy; !- Output Variable or Output Meter Name

OS:EnergyManagementSystem:Sensor,
  {3b4c0bef-7b71-4981-99ca-15d2b2d23201}, !- Handle
  ss_surf_6,                              !- Name
  Window6,                                !- Output Variable or Output Meter Index Key Name
  Surface Inside Face Net Surface Thermal Radiation Heat Gain Energy; !- Output Variable or Output Meter Name

OS:EnergyManagementSystem:Sensor,
  {5d67d1e5-44c5-4579-abbf-bcb69f52761c}, !- Handle
  ss_trans_in_5,                          !- Name
  Window6,                                !- Output Variable or Output Meter Index Key Name
  Surface Window Transmitted Solar Radiation Rate; !- Output Variable or Output Meter Name

OS:EnergyManagementSystem:Sensor,
  {792a13b6-eee2-4fe4-9b3a-30aa5a0e1faa}, !- Handle
  ss_back_out_5,                          !- Name
  Window6,                                !- Output Variable or Output Meter Index Key Name
  Surface Window Shortwave from Zone Back Out Window Heat Transfer Rate; !- Output Variable or Output Meter Name

OS:EnergyManagementSystem:Sensor,
  {f6a1bf8c-6780-4722-b298-136c7f20c36c}, !- Handle
  ss_trans_out_5,                         !- Name
  Window6,                                !- Output Variable or Output Meter Index Key Name
  Surface Inside Face Initial Transmitted Diffuse Transmitted Out Window Solar Radiation Rate; !- Output Variable or Output Meter Name

OS:EnergyManagementSystem:Sensor,
  {6b4c14c8-134a-4314-a316-9252cef49cb6}, !- Handle
  ss_conv_7,                              !- Name
  Window7,                                !- Output Variable or Output Meter Index Key Name
  Surface Inside Face Convection Heat Gain Energy; !- Output Variable or Output Meter Name

OS:EnergyManagementSystem:Sensor,
  {7914eaad-c311-4ab4-8dc2-329654cec3bd}, !- Handle
  ss_ig_7,                                !- Name
  Window7,                                !- Output Variable or Output Meter Index Key Name
  Surface Inside Face Internal Gains Radiation Heat Gain Energy; !- Output Variable or Output Meter Name

OS:EnergyManagementSystem:Sensor,
  {f36aaf4e-c79c-467e-bf00-f526075297ef}, !- Handle
  ss_surf_7,                              !- Name
  Window7,                                !- Output Variable or Output Meter Index Key Name
  Surface Inside Face Net Surface Thermal Radiation Heat Gain Energy; !- Output Variable or Output Meter Name

OS:EnergyManagementSystem:Sensor,
  {b16b17cd-00d0-4a9e-a9a9-90a51f0c1415}, !- Handle
  ss_trans_in_6,                          !- Name
  Window7,                                !- Output Variable or Output Meter Index Key Name
  Surface Window Transmitted Solar Radiation Rate; !- Output Variable or Output Meter Name

OS:EnergyManagementSystem:Sensor,
  {2dd075d2-ab2d-40f6-b7c3-4648f1fe8385}, !- Handle
  ss_back_out_6,                          !- Name
  Window7,                                !- Output Variable or Output Meter Index Key Name
  Surface Window Shortwave from Zone Back Out Window Heat Transfer Rate; !- Output Variable or Output Meter Name

OS:EnergyManagementSystem:Sensor,
  {4fff7ea3-13ba-45db-9527-9c97126aaec8}, !- Handle
  ss_trans_out_6,                         !- Name
  Window7,                                !- Output Variable or Output Meter Index Key Name
  Surface Inside Face Initial Transmitted Diffuse Transmitted Out Window Solar Radiation Rate; !- Output Variable or Output Meter Name

OS:EnergyManagementSystem:Sensor,
  {a37fe25b-1d4a-4f1a-a536-20f7f3f9e0e2}, !- Handle
  ss_conv_8,                              !- Name
  Window8,                                !- Output Variable or Output Meter Index Key Name
  Surface Inside Face Convection Heat Gain Energy; !- Output Variable or Output Meter Name

OS:EnergyManagementSystem:Sensor,
  {5ad660b9-81ad-40bc-9e9b-2ef95ebdc9de}, !- Handle
  ss_ig_8,                                !- Name
  Window8,                                !- Output Variable or Output Meter Index Key Name
  Surface Inside Face Internal Gains Radiation Heat Gain Energy; !- Output Variable or Output Meter Name

OS:EnergyManagementSystem:Sensor,
  {303da4c8-134a-4741-a994-7c2c547ad68a}, !- Handle
  ss_surf_8,                              !- Name
  Window8,                                !- Output Variable or Output Meter Index Key Name
  Surface Inside Face Net Surface Thermal Radiation Heat Gain Energy; !- Output Variable or Output Meter Name

OS:EnergyManagementSystem:Sensor,
  {a59dc6a5-a585-47dc-a3d8-2e1b503dfd5c}, !- Handle
  ss_trans_in_7,                          !- Name
  Window8,                                !- Output Variable or Output Meter Index Key Name
  Surface Window Transmitted Solar Radiation Rate; !- Output Variable or Output Meter Name

OS:EnergyManagementSystem:Sensor,
  {3a8c604e-092f-4972-b846-f69b8fe5f3fa}, !- Handle
  ss_back_out_7,                          !- Name
  Window8,                                !- Output Variable or Output Meter Index Key Name
  Surface Window Shortwave from Zone Back Out Window Heat Transfer Rate; !- Output Variable or Output Meter Name

OS:EnergyManagementSystem:Sensor,
  {2aea6b9c-5896-4260-b667-0d282dd0d954}, !- Handle
  ss_trans_out_7,                         !- Name
  Window8,                                !- Output Variable or Output Meter Index Key Name
  Surface Inside Face Initial Transmitted Diffuse Transmitted Out Window Solar Radiation Rate; !- Output Variable or Output Meter Name

OS:EnergyManagementSystem:Sensor,
  {71c3d6ee-ac18-4496-affa-c69c59483f1f}, !- Handle
  s_conv_4,                               !- Name
  Wall1,                                  !- Output Variable or Output Meter Index Key Name
  Surface Inside Face Convection Heat Gain Energy; !- Output Variable or Output Meter Name

OS:EnergyManagementSystem:Sensor,
  {ae5ee6ac-c410-4d54-b987-18d51723baa8}, !- Handle
  s_ig_4,                                 !- Name
  Wall1,                                  !- Output Variable or Output Meter Index Key Name
  Surface Inside Face Internal Gains Radiation Heat Gain Energy; !- Output Variable or Output Meter Name

OS:EnergyManagementSystem:Sensor,
  {2e0548fc-b177-406a-80ae-cc396b3b70c5}, !- Handle
  s_sol_4,                                !- Name
  Wall1,                                  !- Output Variable or Output Meter Index Key Name
  Surface Inside Face Solar Radiation Heat Gain Energy; !- Output Variable or Output Meter Name

OS:EnergyManagementSystem:Sensor,
  {f21af50d-a862-45f4-b61b-99486665b83e}, !- Handle
  s_lgt_4,                                !- Name
  Wall1,                                  !- Output Variable or Output Meter Index Key Name
  Surface Inside Face Lights Radiation Heat Gain Energy; !- Output Variable or Output Meter Name

OS:EnergyManagementSystem:Sensor,
  {55ee8ef4-5686-4af6-b891-7f92d9910be1}, !- Handle
  s_surf_4,                               !- Name
  Wall1,                                  !- Output Variable or Output Meter Index Key Name
  Surface Inside Face Net Surface Thermal Radiation Heat Gain Energy; !- Output Variable or Output Meter Name

OS:EnergyManagementSystem:Sensor,
  {c37997cb-408c-4873-8a58-5b28802d03bc}, !- Handle
  s_conv_5,                               !- Name
  Wall2,                                  !- Output Variable or Output Meter Index Key Name
  Surface Inside Face Convection Heat Gain Energy; !- Output Variable or Output Meter Name

OS:EnergyManagementSystem:Sensor,
  {d8341563-21b9-411f-9042-ad6ab09f768b}, !- Handle
  s_ig_5,                                 !- Name
  Wall2,                                  !- Output Variable or Output Meter Index Key Name
  Surface Inside Face Internal Gains Radiation Heat Gain Energy; !- Output Variable or Output Meter Name

OS:EnergyManagementSystem:Sensor,
  {d3f7c0db-c6f1-4629-a93b-48b197f44b5c}, !- Handle
  s_sol_5,                                !- Name
  Wall2,                                  !- Output Variable or Output Meter Index Key Name
  Surface Inside Face Solar Radiation Heat Gain Energy; !- Output Variable or Output Meter Name

OS:EnergyManagementSystem:Sensor,
  {ef684a6a-f240-434c-9fbc-6dfa77932161}, !- Handle
  s_lgt_5,                                !- Name
  Wall2,                                  !- Output Variable or Output Meter Index Key Name
  Surface Inside Face Lights Radiation Heat Gain Energy; !- Output Variable or Output Meter Name

OS:EnergyManagementSystem:Sensor,
  {f73c9704-43bc-49fe-b031-88998f579460}, !- Handle
  s_surf_5,                               !- Name
  Wall2,                                  !- Output Variable or Output Meter Index Key Name
  Surface Inside Face Net Surface Thermal Radiation Heat Gain Energy; !- Output Variable or Output Meter Name

OS:EnergyManagementSystem:Sensor,
  {17ca4957-da59-4336-99a9-cebcd57e6b07}, !- Handle
  s_conv_6,                               !- Name
  Wall3,                                  !- Output Variable or Output Meter Index Key Name
  Surface Inside Face Convection Heat Gain Energy; !- Output Variable or Output Meter Name

OS:EnergyManagementSystem:Sensor,
  {a2e183d8-a598-454b-8958-b250be915591}, !- Handle
  s_ig_6,                                 !- Name
  Wall3,                                  !- Output Variable or Output Meter Index Key Name
  Surface Inside Face Internal Gains Radiation Heat Gain Energy; !- Output Variable or Output Meter Name

OS:EnergyManagementSystem:Sensor,
  {f44ca51f-03f4-490d-aac1-23c423ca7e22}, !- Handle
  s_sol_6,                                !- Name
  Wall3,                                  !- Output Variable or Output Meter Index Key Name
  Surface Inside Face Solar Radiation Heat Gain Energy; !- Output Variable or Output Meter Name

OS:EnergyManagementSystem:Sensor,
  {6e1d62ee-edff-4822-b0d3-4d7ae8875df7}, !- Handle
  s_lgt_6,                                !- Name
  Wall3,                                  !- Output Variable or Output Meter Index Key Name
  Surface Inside Face Lights Radiation Heat Gain Energy; !- Output Variable or Output Meter Name

OS:EnergyManagementSystem:Sensor,
  {7412df50-6966-40f7-be4f-af3095bc720a}, !- Handle
  s_surf_6,                               !- Name
  Wall3,                                  !- Output Variable or Output Meter Index Key Name
  Surface Inside Face Net Surface Thermal Radiation Heat Gain Energy; !- Output Variable or Output Meter Name

OS:EnergyManagementSystem:Sensor,
  {2fc877c0-16d5-41f3-9104-0b3d8e08d025}, !- Handle
  s_conv_7,                               !- Name
  Wall4,                                  !- Output Variable or Output Meter Index Key Name
  Surface Inside Face Convection Heat Gain Energy; !- Output Variable or Output Meter Name

OS:EnergyManagementSystem:Sensor,
  {5fd32cfa-43a7-4d74-9dab-ff41463134f1}, !- Handle
  s_ig_7,                                 !- Name
  Wall4,                                  !- Output Variable or Output Meter Index Key Name
  Surface Inside Face Internal Gains Radiation Heat Gain Energy; !- Output Variable or Output Meter Name

OS:EnergyManagementSystem:Sensor,
  {87ba8505-4149-4b1f-a685-2ad56dc15d56}, !- Handle
  s_sol_7,                                !- Name
  Wall4,                                  !- Output Variable or Output Meter Index Key Name
  Surface Inside Face Solar Radiation Heat Gain Energy; !- Output Variable or Output Meter Name

OS:EnergyManagementSystem:Sensor,
  {f2748ee5-af11-4693-a8d8-81c67fe1799a}, !- Handle
  s_lgt_7,                                !- Name
  Wall4,                                  !- Output Variable or Output Meter Index Key Name
  Surface Inside Face Lights Radiation Heat Gain Energy; !- Output Variable or Output Meter Name

OS:EnergyManagementSystem:Sensor,
  {ccd268c2-09d9-451e-b1e9-6a8f3f788421}, !- Handle
  s_surf_7,                               !- Name
  Wall4,                                  !- Output Variable or Output Meter Index Key Name
  Surface Inside Face Net Surface Thermal Radiation Heat Gain Energy; !- Output Variable or Output Meter Name

OS:EnergyManagementSystem:Sensor,
  {f89fda90-153e-4a13-9207-7047fe184f1e}, !- Handle
  im_conv,                                !- Name
  furniture mass conditioned space 1,     !- Output Variable or Output Meter Index Key Name
  Surface Inside Face Convection Heat Gain Energy; !- Output Variable or Output Meter Name

OS:EnergyManagementSystem:Sensor,
  {37071e18-d600-4376-b04c-1646514b63d3}, !- Handle
  im_ig,                                  !- Name
  furniture mass conditioned space 1,     !- Output Variable or Output Meter Index Key Name
  Surface Inside Face Internal Gains Radiation Heat Gain Energy; !- Output Variable or Output Meter Name

OS:EnergyManagementSystem:Sensor,
  {89081652-dda6-4069-a4bd-1f7b20e62248}, !- Handle
  im_sol,                                 !- Name
  furniture mass conditioned space 1,     !- Output Variable or Output Meter Index Key Name
  Surface Inside Face Solar Radiation Heat Gain Energy; !- Output Variable or Output Meter Name

OS:EnergyManagementSystem:Sensor,
  {f8f6d7ef-f707-4e83-85c5-9cba12c68b64}, !- Handle
  im_lgt,                                 !- Name
  furniture mass conditioned space 1,     !- Output Variable or Output Meter Index Key Name
  Surface Inside Face Lights Radiation Heat Gain Energy; !- Output Variable or Output Meter Name

OS:EnergyManagementSystem:Sensor,
  {b9e85ed5-ad48-4116-ac35-16b4268befa1}, !- Handle
  im_surf,                                !- Name
  furniture mass conditioned space 1,     !- Output Variable or Output Meter Index Key Name
  Surface Inside Face Net Surface Thermal Radiation Heat Gain Energy; !- Output Variable or Output Meter Name

OS:EnergyManagementSystem:Sensor,
  {fd1b8e4a-cb14-4b67-84c2-5f2ab4c03202}, !- Handle
  im_conv_1,                              !- Name
  partition wall mass,                    !- Output Variable or Output Meter Index Key Name
  Surface Inside Face Convection Heat Gain Energy; !- Output Variable or Output Meter Name

OS:EnergyManagementSystem:Sensor,
  {8f1699db-1325-408b-a601-9d829a49e857}, !- Handle
  im_ig_1,                                !- Name
  partition wall mass,                    !- Output Variable or Output Meter Index Key Name
  Surface Inside Face Internal Gains Radiation Heat Gain Energy; !- Output Variable or Output Meter Name

OS:EnergyManagementSystem:Sensor,
  {2aebd0b6-dde4-45fa-88cf-e541e2a9cb93}, !- Handle
  im_sol_1,                               !- Name
  partition wall mass,                    !- Output Variable or Output Meter Index Key Name
  Surface Inside Face Solar Radiation Heat Gain Energy; !- Output Variable or Output Meter Name

OS:EnergyManagementSystem:Sensor,
  {58afe5a5-d31b-4c97-955c-e10af918b272}, !- Handle
  im_lgt_1,                               !- Name
  partition wall mass,                    !- Output Variable or Output Meter Index Key Name
  Surface Inside Face Lights Radiation Heat Gain Energy; !- Output Variable or Output Meter Name

OS:EnergyManagementSystem:Sensor,
  {d6d5fd6f-a0a6-4d1d-b7a8-a2d93f5bc697}, !- Handle
  im_surf_1,                              !- Name
  partition wall mass,                    !- Output Variable or Output Meter Index Key Name
  Surface Inside Face Net Surface Thermal Radiation Heat Gain Energy; !- Output Variable or Output Meter Name

OS:EnergyManagementSystem:Sensor,
  {8abdcbc1-9d00-49b0-add5-a98e36ab5ccc}, !- Handle
  airflow_gain,                           !- Name
  infil flow,                             !- Output Variable or Output Meter Index Key Name
  Infiltration Sensible Heat Gain Energy; !- Output Variable or Output Meter Name

OS:EnergyManagementSystem:Sensor,
  {f8d2a3bc-8f57-42d3-9966-d8aaa62b992f}, !- Handle
  airflow_loss,                           !- Name
  infil flow,                             !- Output Variable or Output Meter Index Key Name
  Infiltration Sensible Heat Loss Energy; !- Output Variable or Output Meter Name

OS:EnergyManagementSystem:Sensor,
  {d02c8a05-6aa4-473b-8b9e-420965e26130}, !- Handle
  airflow_gain_1,                         !- Name
  natural vent flow,                      !- Output Variable or Output Meter Index Key Name
  Infiltration Sensible Heat Gain Energy; !- Output Variable or Output Meter Name

OS:EnergyManagementSystem:Sensor,
  {0e66112c-4284-4f58-b0a2-12b3fb1343b5}, !- Handle
  airflow_loss_1,                         !- Name
  natural vent flow,                      !- Output Variable or Output Meter Index Key Name
  Infiltration Sensible Heat Loss Energy; !- Output Variable or Output Meter Name

OS:EnergyManagementSystem:Sensor,
  {aa595a17-b27f-4e3a-8ee5-c4000712bc9d}, !- Handle
  airflow_gain_2,                         !- Name
  whole house fan flow,                   !- Output Variable or Output Meter Index Key Name
  Infiltration Sensible Heat Gain Energy; !- Output Variable or Output Meter Name

OS:EnergyManagementSystem:Sensor,
  {70d2e661-185e-4588-9a18-d6b33f869e0c}, !- Handle
  airflow_loss_2,                         !- Name
  whole house fan flow,                   !- Output Variable or Output Meter Index Key Name
  Infiltration Sensible Heat Loss Energy; !- Output Variable or Output Meter Name

OS:EnergyManagementSystem:Sensor,
  {f58204be-1ca0-47d0-aeda-7def9628135d}, !- Handle
  mv_conv,                                !- Name
  mech vent bath fan 0,                   !- Output Variable or Output Meter Index Key Name
  Electric Equipment Convective Heating Energy; !- Output Variable or Output Meter Name

OS:EnergyManagementSystem:Sensor,
  {1418805a-ebb3-4113-82fa-2265e4a5a25c}, !- Handle
  mv_rad,                                 !- Name
  mech vent bath fan 0,                   !- Output Variable or Output Meter Index Key Name
  Electric Equipment Radiant Heating Energy; !- Output Variable or Output Meter Name

OS:EnergyManagementSystem:Sensor,
  {d32dd0a3-6f9e-4f6e-bb0c-8a7e2c3caa3c}, !- Handle
  mv_conv_1,                              !- Name
  mech vent house fan,                    !- Output Variable or Output Meter Index Key Name
  Electric Equipment Convective Heating Energy; !- Output Variable or Output Meter Name

OS:EnergyManagementSystem:Sensor,
  {53ab51ae-4855-4c52-8866-296fe39afa62}, !- Handle
  mv_rad_1,                               !- Name
  mech vent house fan,                    !- Output Variable or Output Meter Index Key Name
  Electric Equipment Radiant Heating Energy; !- Output Variable or Output Meter Name

OS:EnergyManagementSystem:Sensor,
  {eb2ad783-69a0-4a66-8aea-bc29e84b3a9a}, !- Handle
  mv_conv_2,                              !- Name
  mech vent house fan cfis,               !- Output Variable or Output Meter Index Key Name
  Electric Equipment Convective Heating Energy; !- Output Variable or Output Meter Name

OS:EnergyManagementSystem:Sensor,
  {3045c8b0-8a25-43e9-90b1-e5dc20ae2e80}, !- Handle
  mv_rad_2,                               !- Name
  mech vent house fan cfis,               !- Output Variable or Output Meter Index Key Name
  Electric Equipment Radiant Heating Energy; !- Output Variable or Output Meter Name

OS:EnergyManagementSystem:Sensor,
  {58e9d1d9-d550-426a-9fd6-b37c32ee316d}, !- Handle
  mv_conv_3,                              !- Name
  mech vent range fan 0,                  !- Output Variable or Output Meter Index Key Name
  Electric Equipment Convective Heating Energy; !- Output Variable or Output Meter Name

OS:EnergyManagementSystem:Sensor,
  {8509cc64-6c70-4b52-9377-1635fd4cf25c}, !- Handle
  mv_rad_3,                               !- Name
  mech vent range fan 0,                  !- Output Variable or Output Meter Index Key Name
  Electric Equipment Radiant Heating Energy; !- Output Variable or Output Meter Name

OS:EnergyManagementSystem:Sensor,
  {ad874e99-f3ed-45b5-bab1-29b0b83008e3}, !- Handle
  mv_conv_4,                              !- Name
  mech vent house fan latent load,        !- Output Variable or Output Meter Index Key Name
  Other Equipment Convective Heating Energy; !- Output Variable or Output Meter Name

OS:EnergyManagementSystem:Sensor,
  {2f8568fc-e0b4-468b-a06d-7de98b36a2af}, !- Handle
  mv_rad_4,                               !- Name
  mech vent house fan latent load,        !- Output Variable or Output Meter Index Key Name
  Other Equipment Radiant Heating Energy; !- Output Variable or Output Meter Name

OS:EnergyManagementSystem:Sensor,
  {77e77b1d-1691-4cc2-be17-15854df7a2e4}, !- Handle
  mv_conv_5,                              !- Name
  mech vent house fan sensible load,      !- Output Variable or Output Meter Index Key Name
  Other Equipment Convective Heating Energy; !- Output Variable or Output Meter Name

OS:EnergyManagementSystem:Sensor,
  {05c663e2-7a8f-4197-87a1-31fd0251a43f}, !- Handle
  mv_rad_5,                               !- Name
  mech vent house fan sensible load,      !- Output Variable or Output Meter Index Key Name
  Other Equipment Radiant Heating Energy; !- Output Variable or Output Meter Name

OS:AdditionalProperties,
  {479b646d-6fba-4813-953a-b5506bfd930c}, !- Handle
  {c0838aea-138a-4557-834f-3fd65c543ab0}; !- Object Name

OS:EnergyManagementSystem:Sensor,
  {70902630-8241-4993-ad93-06a3188ee56a}, !- Handle
  duct_mix_gain,                          !- Name
  conditioned space,                      !- Output Variable or Output Meter Index Key Name
  Zone Mixing Sensible Heat Gain Energy;  !- Output Variable or Output Meter Name

OS:EnergyManagementSystem:Sensor,
  {067aa7ba-ed5d-44a4-9925-fbe374a972bd}, !- Handle
  duct_mix_loss,                          !- Name
  conditioned space,                      !- Output Variable or Output Meter Index Key Name
  Zone Mixing Sensible Heat Loss Energy;  !- Output Variable or Output Meter Name

OS:EnergyManagementSystem:Sensor,
  {fa974740-df8d-4bcc-8e5b-3065bc3ae49e}, !- Handle
  duct_mix_gain_1,                        !- Name
  conditioned space,                      !- Output Variable or Output Meter Index Key Name
  Zone Mixing Sensible Heat Gain Energy;  !- Output Variable or Output Meter Name

OS:EnergyManagementSystem:Sensor,
  {b1cc8b6b-480a-4bd1-9932-53cb24302d6d}, !- Handle
  duct_mix_loss_1,                        !- Name
  conditioned space,                      !- Output Variable or Output Meter Index Key Name
  Zone Mixing Sensible Heat Loss Energy;  !- Output Variable or Output Meter Name

OS:EnergyManagementSystem:Sensor,
  {1df307e0-6e5f-4e1f-9f77-bb4321d4e4c8}, !- Handle
  ducts_conv,                             !- Name
  central ac and furnace airloop_0 RetCondToRP, !- Output Variable or Output Meter Index Key Name
  Other Equipment Convective Heating Energy; !- Output Variable or Output Meter Name

OS:EnergyManagementSystem:Sensor,
  {58e43cbe-cc02-4207-af70-c68c0654ea58}, !- Handle
  ducts_rad,                              !- Name
  central ac and furnace airloop_0 RetCondToRP, !- Output Variable or Output Meter Index Key Name
  Other Equipment Radiant Heating Energy; !- Output Variable or Output Meter Name

OS:EnergyManagementSystem:Sensor,
  {daf14bf5-c14b-465f-b0d1-a370d4faf154}, !- Handle
  ducts_conv_1,                           !- Name
  central ac and furnace airloop_0 RetLatLkToRP, !- Output Variable or Output Meter Index Key Name
  Other Equipment Convective Heating Energy; !- Output Variable or Output Meter Name

OS:EnergyManagementSystem:Sensor,
  {763884f3-1c04-49b6-8017-ea1d366eb2fa}, !- Handle
  ducts_rad_1,                            !- Name
  central ac and furnace airloop_0 RetLatLkToRP, !- Output Variable or Output Meter Index Key Name
  Other Equipment Radiant Heating Energy; !- Output Variable or Output Meter Name

OS:EnergyManagementSystem:Sensor,
  {eae0f53d-b82b-49d1-8659-97fd1dd7568e}, !- Handle
  ducts_conv_2,                           !- Name
  central ac and furnace airloop_0 RetSensLkToRP, !- Output Variable or Output Meter Index Key Name
  Other Equipment Convective Heating Energy; !- Output Variable or Output Meter Name

OS:EnergyManagementSystem:Sensor,
  {786d158e-a3a6-40da-a702-0929fb74173c}, !- Handle
  ducts_rad_2,                            !- Name
  central ac and furnace airloop_0 RetSensLkToRP, !- Output Variable or Output Meter Index Key Name
  Other Equipment Radiant Heating Energy; !- Output Variable or Output Meter Name

OS:EnergyManagementSystem:Sensor,
  {8c9f3192-6554-4703-a1f0-b95ef783c56e}, !- Handle
  ducts_conv_3,                           !- Name
  central ac and furnace airloop_0 SupCondToLv, !- Output Variable or Output Meter Index Key Name
  Other Equipment Convective Heating Energy; !- Output Variable or Output Meter Name

OS:EnergyManagementSystem:Sensor,
  {9cdf725d-88b1-43b4-9393-7705265c9bc6}, !- Handle
  ducts_rad_3,                            !- Name
  central ac and furnace airloop_0 SupCondToLv, !- Output Variable or Output Meter Index Key Name
  Other Equipment Radiant Heating Energy; !- Output Variable or Output Meter Name

OS:EnergyManagementSystem:Sensor,
  {1f3b3fb3-f32a-4af8-b00c-4780c3165c7d}, !- Handle
  ducts_conv_4,                           !- Name
  central ac and furnace airloop_0 SupLatLkToCond, !- Output Variable or Output Meter Index Key Name
  Other Equipment Convective Heating Energy; !- Output Variable or Output Meter Name

OS:EnergyManagementSystem:Sensor,
  {59ed03b1-b5bc-4200-8a4e-f80712244fa9}, !- Handle
  ducts_rad_4,                            !- Name
  central ac and furnace airloop_0 SupLatLkToCond, !- Output Variable or Output Meter Index Key Name
  Other Equipment Radiant Heating Energy; !- Output Variable or Output Meter Name

OS:EnergyManagementSystem:Sensor,
  {093b0164-f874-40aa-afba-eee15d8c406c}, !- Handle
  ducts_conv_5,                           !- Name
  central ac and furnace airloop_0 SupSensLkToCond, !- Output Variable or Output Meter Index Key Name
  Other Equipment Convective Heating Energy; !- Output Variable or Output Meter Name

OS:EnergyManagementSystem:Sensor,
  {48c81d4a-d62f-4421-81e3-2873b1088ca5}, !- Handle
  ducts_rad_5,                            !- Name
  central ac and furnace airloop_0 SupSensLkToCond, !- Output Variable or Output Meter Index Key Name
  Other Equipment Radiant Heating Energy; !- Output Variable or Output Meter Name

OS:EnergyManagementSystem:Sensor,
  {bbf7555b-01c1-4494-b6a9-1a1b01313d85}, !- Handle
  ig_lgt_conv,                            !- Name
  interior lighting,                      !- Output Variable or Output Meter Index Key Name
  Lights Convective Heating Energy;       !- Output Variable or Output Meter Name

OS:EnergyManagementSystem:Sensor,
  {69c6ea45-dffa-4dee-be7a-48ab4ebbb034}, !- Handle
  ig_lgt_rad,                             !- Name
  interior lighting,                      !- Output Variable or Output Meter Index Key Name
  Lights Radiant Heating Energy;          !- Output Variable or Output Meter Name

OS:EnergyManagementSystem:Sensor,
  {ba0f2187-1e80-4503-98f2-adb2d01529a0}, !- Handle
  ig_lgt_vis,                             !- Name
  interior lighting,                      !- Output Variable or Output Meter Index Key Name
  Lights Visible Radiation Heating Energy; !- Output Variable or Output Meter Name

OS:EnergyManagementSystem:Sensor,
  {75df7d89-5ab2-489a-ae66-7c38ee0078b5}, !- Handle
  ig_ee_conv,                             !- Name
  ceiling fan,                            !- Output Variable or Output Meter Index Key Name
  Electric Equipment Convective Heating Energy; !- Output Variable or Output Meter Name

OS:EnergyManagementSystem:Sensor,
  {1f0676d7-eb0f-4006-b380-dc8264835eee}, !- Handle
  ig_ee_rad,                              !- Name
  ceiling fan,                            !- Output Variable or Output Meter Index Key Name
  Electric Equipment Radiant Heating Energy; !- Output Variable or Output Meter Name

OS:EnergyManagementSystem:Sensor,
  {9f437821-bcde-421e-95a5-11d2e8be3d77}, !- Handle
  ig_ee_conv_1,                           !- Name
  clothes dryer,                          !- Output Variable or Output Meter Index Key Name
  Electric Equipment Convective Heating Energy; !- Output Variable or Output Meter Name

OS:EnergyManagementSystem:Sensor,
  {b9c73017-e29c-40b6-97f6-a8495ca2ce0b}, !- Handle
  ig_ee_rad_1,                            !- Name
  clothes dryer,                          !- Output Variable or Output Meter Index Key Name
  Electric Equipment Radiant Heating Energy; !- Output Variable or Output Meter Name

OS:EnergyManagementSystem:Sensor,
  {a4f53d7f-f9c2-4f30-8731-4cdea4043716}, !- Handle
  ig_ee_conv_2,                           !- Name
  clothes washer,                         !- Output Variable or Output Meter Index Key Name
  Electric Equipment Convective Heating Energy; !- Output Variable or Output Meter Name

OS:EnergyManagementSystem:Sensor,
  {c7c7e777-d4a3-4727-b5d9-0e58a8312b20}, !- Handle
  ig_ee_rad_2,                            !- Name
  clothes washer,                         !- Output Variable or Output Meter Index Key Name
  Electric Equipment Radiant Heating Energy; !- Output Variable or Output Meter Name

OS:EnergyManagementSystem:Sensor,
  {1b877279-83ea-4898-b0fe-4152d5e9570f}, !- Handle
  ig_ee_conv_3,                           !- Name
  cooking range,                          !- Output Variable or Output Meter Index Key Name
  Electric Equipment Convective Heating Energy; !- Output Variable or Output Meter Name

OS:EnergyManagementSystem:Sensor,
  {22adb699-6c19-4c80-9b8d-0f7a84215cf5}, !- Handle
  ig_ee_rad_3,                            !- Name
  cooking range,                          !- Output Variable or Output Meter Index Key Name
  Electric Equipment Radiant Heating Energy; !- Output Variable or Output Meter Name

OS:EnergyManagementSystem:Sensor,
  {ffff3eff-238e-4869-bc00-38a3f3265db9}, !- Handle
  ig_ee_conv_4,                           !- Name
  fridge,                                 !- Output Variable or Output Meter Index Key Name
  Electric Equipment Convective Heating Energy; !- Output Variable or Output Meter Name

OS:EnergyManagementSystem:Sensor,
  {d912154f-2187-49c0-86a0-b39f364f0205}, !- Handle
  ig_ee_rad_4,                            !- Name
  fridge,                                 !- Output Variable or Output Meter Index Key Name
  Electric Equipment Radiant Heating Energy; !- Output Variable or Output Meter Name

OS:EnergyManagementSystem:Sensor,
  {53ba75e0-b575-4b8a-b13a-83b36375074e}, !- Handle
  ig_ee_conv_5,                           !- Name
  fridge 1,                               !- Output Variable or Output Meter Index Key Name
  Electric Equipment Convective Heating Energy; !- Output Variable or Output Meter Name

OS:EnergyManagementSystem:Sensor,
  {5bb222da-41f2-4d86-b087-6f168af2d07a}, !- Handle
  ig_ee_rad_5,                            !- Name
  fridge 1,                               !- Output Variable or Output Meter Index Key Name
  Electric Equipment Radiant Heating Energy; !- Output Variable or Output Meter Name

OS:EnergyManagementSystem:Sensor,
  {9328c7fe-b195-4fd2-98fe-c1ed53234dd4}, !- Handle
  ig_ee_conv_6,                           !- Name
  misc plug loads,                        !- Output Variable or Output Meter Index Key Name
  Electric Equipment Convective Heating Energy; !- Output Variable or Output Meter Name

OS:EnergyManagementSystem:Sensor,
  {d9f7adac-8aee-4d6a-92fe-371e3154a74a}, !- Handle
  ig_ee_rad_6,                            !- Name
  misc plug loads,                        !- Output Variable or Output Meter Index Key Name
  Electric Equipment Radiant Heating Energy; !- Output Variable or Output Meter Name

OS:EnergyManagementSystem:Sensor,
  {234b55fb-734f-4c01-966c-7dd0086fbf3c}, !- Handle
  ig_ee_conv_7,                           !- Name
  misc tv,                                !- Output Variable or Output Meter Index Key Name
  Electric Equipment Convective Heating Energy; !- Output Variable or Output Meter Name

OS:EnergyManagementSystem:Sensor,
  {efe1b9b1-8540-405c-a386-3ad8b7e84cea}, !- Handle
  ig_ee_rad_7,                            !- Name
  misc tv,                                !- Output Variable or Output Meter Index Key Name
  Electric Equipment Radiant Heating Energy; !- Output Variable or Output Meter Name

OS:EnergyManagementSystem:Sensor,
  {9daabb78-57ba-43ee-8f4d-8be5be7b7eab}, !- Handle
  ig_ee_conv_8,                           !- Name
  whole house fan,                        !- Output Variable or Output Meter Index Key Name
  Electric Equipment Convective Heating Energy; !- Output Variable or Output Meter Name

OS:EnergyManagementSystem:Sensor,
  {1b0be1cf-f206-447f-9985-7c24f3f91df5}, !- Handle
  ig_ee_rad_8,                            !- Name
  whole house fan,                        !- Output Variable or Output Meter Index Key Name
  Electric Equipment Radiant Heating Energy; !- Output Variable or Output Meter Name

OS:EnergyManagementSystem:Sensor,
  {c2f65a18-f468-405f-9422-e4e8aba378b4}, !- Handle
  ig_oe_conv,                             !- Name
  clothes dryer 1,                        !- Output Variable or Output Meter Index Key Name
  Other Equipment Convective Heating Energy; !- Output Variable or Output Meter Name

OS:EnergyManagementSystem:Sensor,
  {04379161-aefe-4b94-bfbf-c34f3f106d31}, !- Handle
  ig_oe_rad,                              !- Name
  clothes dryer 1,                        !- Output Variable or Output Meter Index Key Name
  Other Equipment Radiant Heating Energy; !- Output Variable or Output Meter Name

OS:EnergyManagementSystem:Sensor,
  {9e64d39d-588d-4ea2-89b5-7e4ae7ada956}, !- Handle
  ig_oe_conv_1,                           !- Name
  cooking range 1,                        !- Output Variable or Output Meter Index Key Name
  Other Equipment Convective Heating Energy; !- Output Variable or Output Meter Name

OS:EnergyManagementSystem:Sensor,
  {e4dba914-fbca-4a49-bb6b-1dd8723601d7}, !- Handle
  ig_oe_rad_1,                            !- Name
  cooking range 1,                        !- Output Variable or Output Meter Index Key Name
  Other Equipment Radiant Heating Energy; !- Output Variable or Output Meter Name

OS:EnergyManagementSystem:Sensor,
  {0414ab0a-98a3-48c9-a6e3-c6899aeaa97a}, !- Handle
  ig_oe_conv_2,                           !- Name
  general water use latent,               !- Output Variable or Output Meter Index Key Name
  Other Equipment Convective Heating Energy; !- Output Variable or Output Meter Name

OS:EnergyManagementSystem:Sensor,
  {9cdd4552-757f-4b6d-9981-31f50fb9c2ab}, !- Handle
  ig_oe_rad_2,                            !- Name
  general water use latent,               !- Output Variable or Output Meter Index Key Name
  Other Equipment Radiant Heating Energy; !- Output Variable or Output Meter Name

OS:EnergyManagementSystem:Sensor,
  {5b8f4bfe-0126-4a30-98e0-d95319adfb75}, !- Handle
  ig_oe_conv_3,                           !- Name
  general water use sensible,             !- Output Variable or Output Meter Index Key Name
  Other Equipment Convective Heating Energy; !- Output Variable or Output Meter Name

OS:EnergyManagementSystem:Sensor,
  {cda298fd-fec2-4149-8f8e-cec59c97120e}, !- Handle
  ig_oe_rad_3,                            !- Name
  general water use sensible,             !- Output Variable or Output Meter Index Key Name
  Other Equipment Radiant Heating Energy; !- Output Variable or Output Meter Name

OS:EnergyManagementSystem:Sensor,
  {e675c8a4-7b36-459f-a6e3-24951a3f03ec}, !- Handle
  ig_oe_conv_4,                           !- Name
  water heater energy adjustment1,        !- Output Variable or Output Meter Index Key Name
  Other Equipment Convective Heating Energy; !- Output Variable or Output Meter Name

OS:EnergyManagementSystem:Sensor,
  {c79a07ff-297b-40a2-9661-36f7c677ad16}, !- Handle
  ig_oe_rad_4,                            !- Name
  water heater energy adjustment1,        !- Output Variable or Output Meter Index Key Name
  Other Equipment Radiant Heating Energy; !- Output Variable or Output Meter Name

OS:EnergyManagementSystem:Sensor,
  {bbfe126d-c6eb-498e-b2a7-a4309076447f}, !- Handle
  ig_oe_conv_5,                           !- Name
  water heater lat,                       !- Output Variable or Output Meter Index Key Name
  Other Equipment Convective Heating Energy; !- Output Variable or Output Meter Name

OS:EnergyManagementSystem:Sensor,
  {a6a61b6c-babc-4697-a9dc-adea11ad40ad}, !- Handle
  ig_oe_rad_5,                            !- Name
  water heater lat,                       !- Output Variable or Output Meter Index Key Name
  Other Equipment Radiant Heating Energy; !- Output Variable or Output Meter Name

OS:EnergyManagementSystem:Sensor,
  {a3df83db-f240-4c90-a0c3-a46266668e47}, !- Handle
  ig_oe_conv_6,                           !- Name
  water heater sens,                      !- Output Variable or Output Meter Index Key Name
  Other Equipment Convective Heating Energy; !- Output Variable or Output Meter Name

OS:EnergyManagementSystem:Sensor,
  {b9b2c94e-4e73-4bd9-9df7-40fb15d70bc7}, !- Handle
  ig_oe_rad_6,                            !- Name
  water heater sens,                      !- Output Variable or Output Meter Index Key Name
  Other Equipment Radiant Heating Energy; !- Output Variable or Output Meter Name

OS:EnergyManagementSystem:Sensor,
  {22119b27-f53c-48f7-9296-2e5cf048b375}, !- Handle
  ig_ppl_conv,                            !- Name
  occupants,                              !- Output Variable or Output Meter Index Key Name
  People Convective Heating Energy;       !- Output Variable or Output Meter Name

OS:EnergyManagementSystem:Sensor,
  {d281e040-a651-4470-8e83-29b025b595e6}, !- Handle
  ig_ppl_rad,                             !- Name
  occupants,                              !- Output Variable or Output Meter Index Key Name
  People Radiant Heating Energy;          !- Output Variable or Output Meter Name

OS:EnergyManagementSystem:Sensor,
  {ee4a565b-c906-4e1a-8c61-7d05a516dc53}, !- Handle
  tin_s_1,                                !- Name
  conditioned space,                      !- Output Variable or Output Meter Index Key Name
  Zone Mean Air Temperature;              !- Output Variable or Output Meter Name

OS:EnergyManagementSystem:Sensor,
  {2666d1df-6760-436a-b819-334629798f3e}, !- Handle
  htg_sp_s_1,                             !- Name
  heating setpoint,                       !- Output Variable or Output Meter Index Key Name
  Schedule Value;                         !- Output Variable or Output Meter Name

OS:EnergyManagementSystem:Sensor,
  {9c928136-3963-477d-9720-28cb8b705d96}, !- Handle
  clg_sp_s_1,                             !- Name
  cooling setpoint,                       !- Output Variable or Output Meter Index Key Name
  Schedule Value;                         !- Output Variable or Output Meter Name

OS:EnergyManagementSystem:ProgramCallingManager,
  {8d70d04a-e72d-494c-9da0-7f71a62f51af}, !- Handle
  component_loads_program_calling_manager, !- Name
  EndOfZoneTimestepAfterZoneReporting,    !- EnergyPlus Model Calling Point
  {93b34610-3eca-4483-9b4b-85dd5c1a0846}; !- Program Name 1

OS:AdditionalProperties,
  {c244ffbc-1ff1-4fe8-8dcb-3f2924f7fbfe}, !- Handle
  {b6b8f2ed-5c54-4586-8589-cae4fe879eff}; !- Object Name

OS:AdditionalProperties,
  {eb57cd58-ae18-4ccc-8817-7094218208b1}, !- Handle
  {429fd8bb-6bf2-4791-8c28-fbc631a167fb}; !- Object Name

OS:AdditionalProperties,
  {53437322-1070-4423-a459-c9f1c02b72f5}, !- Handle
  {1913f985-999d-492f-a2a1-de61a9408dd7}; !- Object Name

OS:AdditionalProperties,
  {e53d1014-7f58-406f-8f08-04f30b58e59a}, !- Handle
  {5084bdbf-4f28-4f32-8f69-808ee26020b6}; !- Object Name

OS:AdditionalProperties,
  {e8b381f9-5dff-4a3d-9570-5bb9e2e36866}, !- Handle
  {0b4cae2b-2332-485e-9339-26ea88c0d957}; !- Object Name

OS:AdditionalProperties,
  {4e481517-9c15-4206-a853-7ae1747b5b4f}, !- Handle
  {34116181-46e9-4df4-b95f-4fdaceba7b64}; !- Object Name

OS:AdditionalProperties,
  {3d751d04-9802-45b2-bcd9-b5b242042ceb}, !- Handle
  {1435a94e-de55-42b8-8046-2cb655ad3e1d}; !- Object Name

OS:AdditionalProperties,
  {9f95a372-a77b-4c29-b5f2-ffdbcd6d6613}, !- Handle
  {c5c660d4-2932-42fc-9870-d49a28363814}; !- Object Name

OS:AdditionalProperties,
  {a65ad601-70d7-466a-97a2-22aff5123cd9}, !- Handle
  {6739b216-71ca-4b52-8621-1cf1ff381a65}; !- Object Name

OS:AdditionalProperties,
  {e966bae1-7464-4878-84fb-c081f02e8ca7}, !- Handle
  {1199f119-1d2b-4f92-a410-05012c56bb1d}; !- Object Name

OS:AdditionalProperties,
  {db1dede0-e20c-4e5c-af25-b809d1546261}, !- Handle
  {09f54c5e-8932-488f-84d9-ecd834cab7cc}; !- Object Name

OS:AdditionalProperties,
  {1be5a1c7-eda7-4d07-84e7-c4662e4d747f}, !- Handle
  {6cb0bc75-1ec3-42ef-af18-8a8403cb99eb}; !- Object Name

OS:AdditionalProperties,
  {0a50db97-2ff3-4556-bc67-9911a8039f88}, !- Handle
  {ee618462-6961-420a-9969-8923ebfc75a8}; !- Object Name

OS:AdditionalProperties,
  {0608c13f-4d5c-44f1-986e-1c2f12bd72b4}, !- Handle
  {91e2021c-7602-4559-b308-caabd0d269e9}; !- Object Name

OS:AdditionalProperties,
  {890bd338-73ac-4fb5-9adb-4d0211dd020a}, !- Handle
  {99ac1145-fac0-4d11-bbf6-6ed1187e39b1}; !- Object Name

OS:AdditionalProperties,
  {9ffcd166-ea5f-4aac-8b7d-d5b23cdb53bb}, !- Handle
  {34a11152-bd63-4e5e-8181-c950090c4870}; !- Object Name

OS:AdditionalProperties,
  {7b7c08ed-5df5-41f4-92fe-9a86dcd63fed}, !- Handle
  {b88d404e-62cb-43af-bf3f-7b68506d9f39}; !- Object Name

OS:AdditionalProperties,
  {93247416-3b0b-4e6c-a67f-d506fb5ae33b}, !- Handle
  {dac8ca0b-e1eb-4714-b7a7-cc704878cbef}; !- Object Name

OS:EnergyManagementSystem:Program,
  {637cebb8-5024-4dff-8e40-e9c537e85bf0}, !- Handle
  total_airflows_program,                 !- Name
  Set total_infil_flow_rate = 0,          !- Program Line 1
  Set total_mechvent_flow_rate = 0,       !- Program Line 2
  Set total_natvent_flow_rate = 0,        !- Program Line 3
  Set total_whf_flow_rate = 0,            !- Program Line 4
  Set total_infil_flow_rate = total_infil_flow_rate + (infil_program_Qinf * 1), !- Program Line 5
  Set total_mechvent_flow_rate = total_mechvent_flow_rate + (infil_program_Qfan * 1), !- Program Line 6
  Set total_natvent_flow_rate = total_natvent_flow_rate + (natural_vent_program_Qnv * 1), !- Program Line 7
  Set total_whf_flow_rate = total_whf_flow_rate + (natural_vent_program_Qwhf * 1); !- Program Line 8

OS:AdditionalProperties,
  {f04c2df0-ce19-4f3f-812c-a1879ad1b55d}, !- Handle
  {637cebb8-5024-4dff-8e40-e9c537e85bf0}, !- Object Name
  ObjectType,                             !- Feature Name 1
  String,                                 !- Feature Data Type 1
  total airflows program;                 !- Feature Value 1

OS:EnergyManagementSystem:ProgramCallingManager,
  {0746cd3a-69fe-4d9e-bfab-9b0ae98c294d}, !- Handle
  total_airflows_program_calling_manager, !- Name
  EndOfZoneTimestepAfterZoneReporting,    !- EnergyPlus Model Calling Point
  {637cebb8-5024-4dff-8e40-e9c537e85bf0}; !- Program Name 1

OS:Output:JSON,
  {78a0a6b3-1d46-4cb2-9dcd-2a24cdf220e4}, !- Handle
  TimeSeriesAndTabular,                   !- Option Type
  No,                                     !- Output JSON
  No,                                     !- Output CBOR
  Yes;                                    !- Output MessagePack

OS:OutputControl:Files,
  {8afc29bc-6b39-43c0-94bb-d4173c3203fe}, !- Handle
  No,                                     !- Output CSV
  No,                                     !- Output MTR
  No,                                     !- Output ESO
  No,                                     !- Output EIO
  No,                                     !- Output Tabular
  No,                                     !- Output SQLite
  Yes,                                    !- Output JSON
  No,                                     !- Output AUDIT
  Yes,                                    !- Output Space Sizing
  Yes,                                    !- Output Zone Sizing
  Yes,                                    !- Output System Sizing
  Yes,                                    !- Output DXF
  No,                                     !- Output BND
  No,                                     !- Output RDD
  No,                                     !- Output MDD
  No,                                     !- Output MTD
  No,                                     !- Output SHD
  Yes,                                    !- Output DFS
  Yes,                                    !- Output GLHE
  Yes,                                    !- Output DelightIn
  Yes,                                    !- Output DelightELdmp
  Yes,                                    !- Output DelightDFdmp
  Yes,                                    !- Output EDD
  Yes,                                    !- Output DBG
  No,                                     !- Output PerfLog
  Yes,                                    !- Output SLN
  Yes,                                    !- Output SCI
  Yes,                                    !- Output WRL
  Yes,                                    !- Output Screen
  Yes,                                    !- Output ExtShd
  Yes;                                    !- Output Tarcog

OS:Building,
  {0d0b8cdb-b492-466c-9858-f5006a4e2f11}, !- Handle
  Building 1,                             !- Name
  ,                                       !- Building Sector Type
  ,                                       !- North Axis {deg}
  ,                                       !- Nominal Floor to Floor Height {m}
  ,                                       !- Space Type Name
  ,                                       !- Default Construction Set Name
  ;                                       !- Default Schedule Set Name

OS:AdditionalProperties,
  {80e6b46e-ffe2-458d-a3d1-48c019830650}, !- Handle
  {0d0b8cdb-b492-466c-9858-f5006a4e2f11}, !- Object Name
  hpxml_path,                             !- Feature Name 1
  String,                                 !- Feature Data Type 1
  /var/simdata/openstudio/run/home.xml,   !- Feature Value 1
  hpxml_defaults_path,                    !- Feature Name 2
  String,                                 !- Feature Data Type 2
  /var/simdata/openstudio/run/in.xml,     !- Feature Value 2
  building_id,                            !- Feature Name 3
  String,                                 !- Feature Data Type 3
  ,                                       !- Feature Value 3
  emissions_scenario_names,               !- Feature Name 4
  String,                                 !- Feature Data Type 4
  ["AER_HighRECost_Avg"&#44 "AER_HighRECostLowNGPrice_Avg"&#44 "AER_LowRECost_Avg"&#44 "AER_LowRECostHighNGPrice_Avg"&#44 "AER_MidCase_Avg"&#44 "LRMER_HighRECost_15"&#44 "LRMER_HighRECost_25"&#44 "LRMER_HighRECostLowNGPrice_15"&#44 "LRMER_HighRECostLowNGPrice_25"&#44 "LRMER_LowRECost_15"&#44 "LRMER_LowRECost_25"&#44 "LRMER_LowRECostHighNGPrice_15"&#44 "LRMER_LowRECostHighNGPrice_25"&#44 "LRMER_MidCase_15"&#44 "LRMER_MidCase_25"], !- Feature Value 4
  emissions_scenario_types,               !- Feature Name 5
  String,                                 !- Feature Data Type 5
  ["CO2e"&#44 "CO2e"&#44 "CO2e"&#44 "CO2e"&#44 "CO2e"&#44 "CO2e"&#44 "CO2e"&#44 "CO2e"&#44 "CO2e"&#44 "CO2e"&#44 "CO2e"&#44 "CO2e"&#44 "CO2e"&#44 "CO2e"&#44 "CO2e"], !- Feature Value 5
  heated_zones,                           !- Feature Name 6
  String,                                 !- Feature Data Type 6
  ["conditioned space"],                  !- Feature Value 6
  cooled_zones,                           !- Feature Name 7
  String,                                 !- Feature Data Type 7
  ["conditioned space"],                  !- Feature Value 7
  is_southern_hemisphere,                 !- Feature Name 8
  Boolean,                                !- Feature Data Type 8
  false;                                  !- Feature Value 8

OS:Meter:Custom,
  {5d15a742-74ce-4140-89b5-80d80c51a741}, !- Handle
  Electricity:Total,                      !- Name
  Electricity,                            !- Fuel Type
  ,                                       !- Key Name 1
  Electricity:Facility;                   !- Output Variable or Meter Name 1

OS:Meter:Custom,
  {c04c9b7b-6b26-4bdd-8d41-8d3c26e630b2}, !- Handle
  Electricity:Net,                        !- Name
  Electricity,                            !- Fuel Type
  ,                                       !- Key Name 1
  Electricity:Facility;                   !- Output Variable or Meter Name 1

