Timestamp,Signal
2018-07-12 00:00:00,0.0012450745030360836
2018-07-12 00:01:00,0.02002107846527053
2018-07-12 00:02:00,-0.012348945319525184
2018-07-12 00:03:00,-0.08268713423872735
2018-07-12 00:04:00,-0.16472777528796081
2018-07-12 00:05:00,-0.24168366267194932
2018-07-12 00:06:00,-0.3072366123623029
2018-07-12 00:07:00,-0.3548193560923989
2018-07-12 00:08:00,-0.3763033932064824
2018-07-12 00:09:00,-0.36875387587571423
2018-07-12 00:10:00,-0.33923594230466114
2018-07-12 00:11:00,-0.29917126547014455
2018-07-12 00:12:00,-0.26405086619762846
2018-07-12 00:13:00,-0.2459692055347905
2018-07-12 00:14:00,-0.24374237303801274
2018-07-12 00:15:00,-0.2528136011511822
2018-07-12 00:16:00,-0.26656366221364486
2018-07-12 00:17:00,-0.27082984532422577
2018-07-12 00:18:00,-0.25522390140727463
2018-07-12 00:19:00,-0.22515902753382758
2018-07-12 00:20:00,-0.1967797996448102
2018-07-12 00:21:00,-0.18582128511252097
2018-07-12 00:22:00,-0.19321837600099787
2018-07-12 00:23:00,-0.2053679037860352
2018-07-12 00:24:00,-0.20920722565013736
2018-07-12 00:25:00,-0.19469634166669028
2018-07-12 00:26:00,-0.1579817815084915
2018-07-12 00:27:00,-0.10474711368855628
2018-07-12 00:28:00,-0.04716070737839736
2018-07-12 00:29:00,0.00385553050300795
2018-07-12 00:30:00,0.0392664874824041
2018-07-12 00:31:00,0.05321388946932611
2018-07-12 00:32:00,0.05881339476553769
2018-07-12 00:33:00,0.07954099981053765
2018-07-12 00:34:00,0.12765640079694365
2018-07-12 00:35:00,0.19023510340606728
2018-07-12 00:36:00,0.23575898371235846
2018-07-12 00:37:00,0.2483414843792903
2018-07-12 00:38:00,0.23642591999045023
2018-07-12 00:39:00,0.21576315415496852
2018-07-12 00:40:00,0.19555832464375586
2018-07-12 00:41:00,0.17802578484632506
2018-07-12 00:42:00,0.15589843530318714
2018-07-12 00:43:00,0.11663597812448089
2018-07-12 00:44:00,0.06460569561588357
2018-07-12 00:45:00,0.021105002752341995
2018-07-12 00:46:00,-0.00216007996065945
2018-07-12 00:47:00,-0.005305511974293217
2018-07-12 00:48:00,0.00786480732287805
2018-07-12 00:49:00,0.03884299747582615
2018-07-12 00:50:00,0.0892273648798221
2018-07-12 00:51:00,0.15449212439435725
2018-07-12 00:52:00,0.22369751257866785
2018-07-12 00:53:00,0.279299598180618
2018-07-12 00:54:00,0.30686316133063485
2018-07-12 00:55:00,0.2998357794340737
2018-07-12 00:56:00,0.2606448510735389
2018-07-12 00:57:00,0.20511578653725035
2018-07-12 00:58:00,0.15747467110278104
2018-07-12 00:59:00,0.13750423666921643
2018-07-12 01:00:00,0.14943066653226902
2018-07-12 01:01:00,0.18498236587219793
2018-07-12 01:02:00,0.22733381233905736
2018-07-12 01:03:00,0.25527866643743313
2018-07-12 01:04:00,0.26069705613288363
2018-07-12 01:05:00,0.25325863027067025
2018-07-12 01:06:00,0.2402612907237848
2018-07-12 01:07:00,0.2308799190469859
2018-07-12 01:08:00,0.23974182650806178
2018-07-12 01:09:00,0.27500963564708786
2018-07-12 01:10:00,0.322691984406627
2018-07-12 01:11:00,0.34781216422717126
2018-07-12 01:12:00,0.32823160017579117
2018-07-12 01:13:00,0.2675395433387427
2018-07-12 01:14:00,0.18194471113260371
2018-07-12 01:15:00,0.09421227803013271
2018-07-12 01:16:00,0.02228642213190955
2018-07-12 01:17:00,-0.0232640959082422
2018-07-12 01:18:00,-0.04147234462008186
2018-07-12 01:19:00,-0.03637983669469547
2018-07-12 01:20:00,-0.02093928925799435
2018-07-12 01:21:00,-0.0091220392732146
2018-07-12 01:22:00,-0.0053370197211751
2018-07-12 01:23:00,-0.019612363890334616
2018-07-12 01:24:00,-0.05678994844566567
2018-07-12 01:25:00,-0.11377673970951262
2018-07-12 01:26:00,-0.18515258143231397
2018-07-12 01:27:00,-0.2677338995879714
2018-07-12 01:28:00,-0.35149696378497586
2018-07-12 01:29:00,-0.41841600500394843
2018-07-12 01:30:00,-0.4555085224002506
2018-07-12 01:31:00,-0.46236241762597846
2018-07-12 01:32:00,-0.44619601722155217
2018-07-12 01:33:00,-0.4203255385266275
2018-07-12 01:34:00,-0.3977242483852416
2018-07-12 01:35:00,-0.37934010143322033
2018-07-12 01:36:00,-0.3547884850667211
2018-07-12 01:37:00,-0.32073087656417415
2018-07-12 01:38:00,-0.2826503621856539
2018-07-12 01:39:00,-0.2413448047133737
2018-07-12 01:40:00,-0.1909527885753409
2018-07-12 01:41:00,-0.12851302511863205
2018-07-12 01:42:00,-0.05751591451350088
2018-07-12 01:43:00,0.010642567475846151
2018-07-12 01:44:00,0.054252183665838415
2018-07-12 01:45:00,0.05611288436346617
2018-07-12 01:46:00,0.021837206934157537
2018-07-12 01:47:00,-0.023699755162115616
2018-07-12 01:48:00,-0.05654740243324199
2018-07-12 01:49:00,-0.07402512893797748
2018-07-12 01:50:00,-0.09228394024327578
2018-07-12 01:51:00,-0.1172011362174032
2018-07-12 01:52:00,-0.14085699133565147
2018-07-12 01:53:00,-0.15204295579629443
2018-07-12 01:54:00,-0.15082795890920095
2018-07-12 01:55:00,-0.14566868429739988
2018-07-12 01:56:00,-0.1464786172060157
2018-07-12 01:57:00,-0.15659019656598724
2018-07-12 01:58:00,-0.1692218729096514
2018-07-12 01:59:00,-0.18113939407797866
2018-07-12 02:00:00,-0.19722735206770792
2018-07-12 02:01:00,-0.21749304324365415
2018-07-12 02:02:00,-0.2383637900429401
2018-07-12 02:03:00,-0.2603669785587929
2018-07-12 02:04:00,-0.2842394885540158
2018-07-12 02:05:00,-0.2932690002166788
2018-07-12 02:06:00,-0.26553616647779205
2018-07-12 02:07:00,-0.20262216742179592
2018-07-12 02:08:00,-0.12744097960184694
2018-07-12 02:09:00,-0.06462781917071642
2018-07-12 02:10:00,-0.022558572891183598
2018-07-12 02:11:00,0.0018650735232403834
2018-07-12 02:12:00,0.012271898989948482
2018-07-12 02:13:00,0.01873044784530462
2018-07-12 02:14:00,0.03151820528555254
2018-07-12 02:15:00,0.05907537848151445
2018-07-12 02:16:00,0.10085414222980515
2018-07-12 02:17:00,0.1419374036613694
2018-07-12 02:18:00,0.16333745382826417
2018-07-12 02:19:00,0.16679828954343612
2018-07-12 02:20:00,0.16803371541981807
2018-07-12 02:21:00,0.17357453131138625
2018-07-12 02:22:00,0.18368417288653224
2018-07-12 02:23:00,0.20182339732419885
2018-07-12 02:24:00,0.23329190014552967
2018-07-12 02:25:00,0.28214682848428824
2018-07-12 02:26:00,0.3556624589146257
2018-07-12 02:27:00,0.4563149673527929
2018-07-12 02:28:00,0.5699792933660991
2018-07-12 02:29:00,0.6744742646350147
2018-07-12 02:30:00,0.7531928551625029
2018-07-12 02:31:00,0.8043751125517654
2018-07-12 02:32:00,0.8282723287120562
2018-07-12 02:33:00,0.8192768806285443
2018-07-12 02:34:00,0.7776125351013968
2018-07-12 02:35:00,0.7137566082953576
2018-07-12 02:36:00,0.6446253289470408
2018-07-12 02:37:00,0.5907464533084844
2018-07-12 02:38:00,0.5647545593300968
2018-07-12 02:39:00,0.5679961781113868
2018-07-12 02:40:00,0.5801687136295671
2018-07-12 02:41:00,0.5671239278622943
2018-07-12 02:42:00,0.5108300420226867
2018-07-12 02:43:00,0.4289155240502376
2018-07-12 02:44:00,0.35620034916255966
2018-07-12 02:45:00,0.3155844370091074
2018-07-12 02:46:00,0.3203974273886587
2018-07-12 02:47:00,0.36961477167574347
2018-07-12 02:48:00,0.4432668506676886
2018-07-12 02:49:00,0.5158572917725838
2018-07-12 02:50:00,0.5707108031010696
2018-07-12 02:51:00,0.6029407074795679
2018-07-12 02:52:00,0.6154014175281144
2018-07-12 02:53:00,0.6208645454909553
2018-07-12 02:54:00,0.6225471318409501
2018-07-12 02:55:00,0.6092520234024433
2018-07-12 02:56:00,0.5701058869614131
2018-07-12 02:57:00,0.5086046742002754
2018-07-12 02:58:00,0.44617063127966383
2018-07-12 02:59:00,0.4043514388429776
2018-07-12 03:00:00,0.3908747897182249
2018-07-12 03:01:00,0.3973413337300807
2018-07-12 03:02:00,0.4093091120631391
2018-07-12 03:03:00,0.42426202346452807
2018-07-12 03:04:00,0.451859207824185
2018-07-12 03:05:00,0.5014557688267836
2018-07-12 03:06:00,0.5689287725671749
2018-07-12 03:07:00,0.6348204272048713
2018-07-12 03:08:00,0.6824678538854633
2018-07-12 03:09:00,0.7048006692636027
2018-07-12 03:10:00,0.6951592488036306
2018-07-12 03:11:00,0.6577193472604788
2018-07-12 03:12:00,0.6161463404058454
2018-07-12 03:13:00,0.593570511162785
2018-07-12 03:14:00,0.5871060260127369
2018-07-12 03:15:00,0.5732299126134858
2018-07-12 03:16:00,0.5299541937047092
2018-07-12 03:17:00,0.4622610655202459
2018-07-12 03:18:00,0.38686539849547336
2018-07-12 03:19:00,0.32090183790241594
2018-07-12 03:20:00,0.27310491791273556
2018-07-12 03:21:00,0.24109041604250883
2018-07-12 03:22:00,0.22849324813101643
2018-07-12 03:23:00,0.2414707846918023
2018-07-12 03:24:00,0.27581026562599054
2018-07-12 03:25:00,0.31688512305363864
2018-07-12 03:26:00,0.3420877422575068
2018-07-12 03:27:00,0.3326387528480839
2018-07-12 03:28:00,0.29634450340550883
2018-07-12 03:29:00,0.2573757606025109
2018-07-12 03:30:00,0.22911683151566656
2018-07-12 03:31:00,0.21574051690982066
2018-07-12 03:32:00,0.2183818964648063
2018-07-12 03:33:00,0.22548852119015392
2018-07-12 03:34:00,0.2244812394567626
2018-07-12 03:35:00,0.22179257890381954
2018-07-12 03:36:00,0.22629280641123373
2018-07-12 03:37:00,0.23391536067213262
2018-07-12 03:38:00,0.23855866243497167
2018-07-12 03:39:00,0.2322596845094641
2018-07-12 03:40:00,0.21383777306090737
2018-07-12 03:41:00,0.19200343860065627
2018-07-12 03:42:00,0.1691428297265475
2018-07-12 03:43:00,0.13136294460087583
2018-07-12 03:44:00,0.06560793096788053
2018-07-12 03:45:00,-0.02402349486646882
2018-07-12 03:46:00,-0.11271665372605326
2018-07-12 03:47:00,-0.1748769791650784
2018-07-12 03:48:00,-0.19789331601621254
2018-07-12 03:49:00,-0.17659094303078673
2018-07-12 03:50:00,-0.11685931181990487
2018-07-12 03:51:00,-0.04191148401383773
2018-07-12 03:52:00,0.024603307133315152
2018-07-12 03:53:00,0.07910089437207156
2018-07-12 03:54:00,0.13332876021034198
2018-07-12 03:55:00,0.1924233684834361
2018-07-12 03:56:00,0.2474175565258603
2018-07-12 03:57:00,0.28601094263102217
2018-07-12 03:58:00,0.31432461725352456
2018-07-12 03:59:00,0.34974873313028754
2018-07-12 04:00:00,0.3978587739349236
2018-07-12 04:01:00,0.4530584629178099
2018-07-12 04:02:00,0.5053455967291868
2018-07-12 04:03:00,0.537701232067013
2018-07-12 04:04:00,0.5437067587357192
2018-07-12 04:05:00,0.5320794899446504
2018-07-12 04:06:00,0.516559055110378
2018-07-12 04:07:00,0.5140215751490964
2018-07-12 04:08:00,0.5383052742986594
2018-07-12 04:09:00,0.5905973785528326
2018-07-12 04:10:00,0.6447541546569934
2018-07-12 04:11:00,0.6768160943352654
2018-07-12 04:12:00,0.685903933319878
2018-07-12 04:13:00,0.6801853244777615
2018-07-12 04:14:00,0.6565025457109671
2018-07-12 04:15:00,0.606248037381939
2018-07-12 04:16:00,0.5378003225428485
2018-07-12 04:17:00,0.47337861826986977
2018-07-12 04:18:00,0.4212057190332346
2018-07-12 04:19:00,0.37334674685045605
2018-07-12 04:20:00,0.32040783862188776
2018-07-12 04:21:00,0.25812129133415046
2018-07-12 04:22:00,0.18913564151749807
2018-07-12 04:23:00,0.11950611781241177
2018-07-12 04:24:00,0.0518210553038257
2018-07-12 04:25:00,-0.0120767047904427
2018-07-12 04:26:00,-0.05933786650996522
2018-07-12 04:27:00,-0.07916549146603068
2018-07-12 04:28:00,-0.06902601874109698
2018-07-12 04:29:00,-0.03124204856232553
2018-07-12 04:30:00,0.02455042347095605
2018-07-12 04:31:00,0.08688228238534808
2018-07-12 04:32:00,0.1473421090097339
2018-07-12 04:33:00,0.20790372056917725
2018-07-12 04:34:00,0.2723344759308548
2018-07-12 04:35:00,0.3331804631866349
2018-07-12 04:36:00,0.374931062045562
2018-07-12 04:37:00,0.39298425479569393
2018-07-12 04:38:00,0.39764765542716995
2018-07-12 04:39:00,0.40192225438474555
2018-07-12 04:40:00,0.40767183724197253
2018-07-12 04:41:00,0.4132545648386013
2018-07-12 04:42:00,0.42370720603459944
2018-07-12 04:43:00,0.44297163540408513
2018-07-12 04:44:00,0.4668008517744973
2018-07-12 04:45:00,0.48425775520067216
2018-07-12 04:46:00,0.493579641795729
2018-07-12 04:47:00,0.49924850592550785
2018-07-12 04:48:00,0.5004216064390017
2018-07-12 04:49:00,0.4958275473084433
2018-07-12 04:50:00,0.493383383382702
2018-07-12 04:51:00,0.5001562764156895
2018-07-12 04:52:00,0.5180451676894186
2018-07-12 04:53:00,0.5432989767746365
2018-07-12 04:54:00,0.5538186808994334
2018-07-12 04:55:00,0.5279960791246202
2018-07-12 04:56:00,0.46030992453118724
2018-07-12 04:57:00,0.3684884191891429
2018-07-12 04:58:00,0.2772987075446201
2018-07-12 04:59:00,0.1971972056455276
2018-07-12 05:00:00,0.1239460873629047
2018-07-12 05:01:00,0.053439880857022136
2018-07-12 05:02:00,-0.009775420960382966
2018-07-12 05:03:00,-0.06198164853590102
2018-07-12 05:04:00,-0.09528795759050107
2018-07-12 05:05:00,-0.11051603786629015
2018-07-12 05:06:00,-0.11753891925757827
2018-07-12 05:07:00,-0.11592341538521066
2018-07-12 05:08:00,-0.09680400656833071
2018-07-12 05:09:00,-0.0638014985348647
2018-07-12 05:10:00,-0.03234248579050785
2018-07-12 05:11:00,-0.014023446621285185
2018-07-12 05:12:00,-0.008735835305089602
2018-07-12 05:13:00,-0.011604060253404548
2018-07-12 05:14:00,-0.01639995764577817
2018-07-12 05:15:00,-0.015571492436808552
2018-07-12 05:16:00,-0.007400763603741965
2018-07-12 05:17:00,-0.0006278316005387713
2018-07-12 05:18:00,-0.006529664488347833
2018-07-12 05:19:00,-0.027952536343475515
2018-07-12 05:20:00,-0.05559162516617141
2018-07-12 05:21:00,-0.06878314141388771
2018-07-12 05:22:00,-0.05752101269867554
2018-07-12 05:23:00,-0.02860464204337408
2018-07-12 05:24:00,0.0060566528687655335
2018-07-12 05:25:00,0.041856560409515485
2018-07-12 05:26:00,0.080940397473301
2018-07-12 05:27:00,0.11951967745476698
2018-07-12 05:28:00,0.14879664859234373
2018-07-12 05:29:00,0.1704079391162947
2018-07-12 05:30:00,0.19226487620358623
2018-07-12 05:31:00,0.21577138671973595
2018-07-12 05:32:00,0.22473818045184246
2018-07-12 05:33:00,0.19641084931439157
2018-07-12 05:34:00,0.13070508139686404
2018-07-12 05:35:00,0.0498667363879712
2018-07-12 05:36:00,-0.0204704355414678
2018-07-12 05:37:00,-0.06020251362871457
2018-07-12 05:38:00,-0.06552018100345451
2018-07-12 05:39:00,-0.05459583188461518
2018-07-12 05:40:00,-0.0520222965402155
2018-07-12 05:41:00,-0.06294263552933853
2018-07-12 05:42:00,-0.07883894703345186
2018-07-12 05:43:00,-0.08691574054811357
2018-07-12 05:44:00,-0.08226925274204389
2018-07-12 05:45:00,-0.07226204198553456
2018-07-12 05:46:00,-0.07339298939535599
2018-07-12 05:47:00,-0.0944382306979778
2018-07-12 05:48:00,-0.12309553177314121
2018-07-12 05:49:00,-0.14790087934472498
2018-07-12 05:50:00,-0.16863380098104488
2018-07-12 05:51:00,-0.1842453089723843
2018-07-12 05:52:00,-0.19307449883583175
2018-07-12 05:53:00,-0.18870972401316713
2018-07-12 05:54:00,-0.16691381794365975
2018-07-12 05:55:00,-0.13924477741787208
2018-07-12 05:56:00,-0.12377070562168406
2018-07-12 05:57:00,-0.12673721729819484
2018-07-12 05:58:00,-0.14018089948566256
2018-07-12 05:59:00,-0.15016140137248127
2018-07-12 06:00:00,-0.14791532246371702
2018-07-12 06:01:00,-0.13587131920675735
2018-07-12 06:02:00,-0.11983503276575946
2018-07-12 06:03:00,-0.1056930479092526
2018-07-12 06:04:00,-0.09842787255360952
2018-07-12 06:05:00,-0.09358938570654673
2018-07-12 06:06:00,-0.08307285925358715
2018-07-12 06:07:00,-0.06564227281407507
2018-07-12 06:08:00,-0.04568623416053318
2018-07-12 06:09:00,-0.027154609427987888
2018-07-12 06:10:00,-0.013264277587672735
2018-07-12 06:11:00,-0.0076844786932552325
2018-07-12 06:12:00,-0.009644986740085784
2018-07-12 06:13:00,-0.013137923782154733
2018-07-12 06:14:00,-0.0188912305272348
2018-07-12 06:15:00,-0.03391627614206703
2018-07-12 06:16:00,-0.05996083750792289
2018-07-12 06:17:00,-0.09410287985421828
2018-07-12 06:18:00,-0.13436905652927514
2018-07-12 06:19:00,-0.17210225117677483
2018-07-12 06:20:00,-0.18792798439793693
2018-07-12 06:21:00,-0.16484913499668644
2018-07-12 06:22:00,-0.10122620951865267
2018-07-12 06:23:00,-0.006693390119489984
2018-07-12 06:24:00,0.10661145740198064
2018-07-12 06:25:00,0.21673703339224526
2018-07-12 06:26:00,0.30091866201603396
2018-07-12 06:27:00,0.3517082204946227
2018-07-12 06:28:00,0.37182405841402727
2018-07-12 06:29:00,0.3684564776089913
2018-07-12 06:30:00,0.3488851432238807
2018-07-12 06:31:00,0.31694280603711444
2018-07-12 06:32:00,0.27429343666146583
2018-07-12 06:33:00,0.21926908093731357
2018-07-12 06:34:00,0.15915447479534392
2018-07-12 06:35:00,0.1020221197313594
2018-07-12 06:36:00,0.042184656819483385
2018-07-12 06:37:00,-0.030556751523132464
2018-07-12 06:38:00,-0.11321084410660921
2018-07-12 06:39:00,-0.18788999353293065
2018-07-12 06:40:00,-0.22792883290944774
2018-07-12 06:41:00,-0.2235195736501252
2018-07-12 06:42:00,-0.18916397104646573
2018-07-12 06:43:00,-0.14573282780684207
2018-07-12 06:44:00,-0.10956692893606844
2018-07-12 06:45:00,-0.08838590139059917
2018-07-12 06:46:00,-0.08205560287336369
2018-07-12 06:47:00,-0.08521515019153984
2018-07-12 06:48:00,-0.08908679858688007
2018-07-12 06:49:00,-0.07783774241103103
2018-07-12 06:50:00,-0.043284898969077105
2018-07-12 06:51:00,0.007082441262909033
2018-07-12 06:52:00,0.05974051350889209
2018-07-12 06:53:00,0.10108983893048924
2018-07-12 06:54:00,0.12222666609117765
2018-07-12 06:55:00,0.12474228409287032
2018-07-12 06:56:00,0.12300126277359551
2018-07-12 06:57:00,0.1257468772001688
2018-07-12 06:58:00,0.1340068582757902
2018-07-12 06:59:00,0.14894090586958394
2018-07-12 07:00:00,0.1730992748914714
2018-07-12 07:01:00,0.19915330798095332
2018-07-12 07:02:00,0.20976404338541385
2018-07-12 07:03:00,0.19951525876267673
2018-07-12 07:04:00,0.17417355642482654
2018-07-12 07:05:00,0.13863011449793136
2018-07-12 07:06:00,0.09866085332274639
2018-07-12 07:07:00,0.06918284479244129
2018-07-12 07:08:00,0.06681864523181542
2018-07-12 07:09:00,0.09463634561393114
2018-07-12 07:10:00,0.13058277180354497
2018-07-12 07:11:00,0.14182051657271286
2018-07-12 07:12:00,0.11607438872971249
2018-07-12 07:13:00,0.06495689690270097
2018-07-12 07:14:00,0.016519429306761983
2018-07-12 07:15:00,0.0024788335286794333
2018-07-12 07:16:00,0.03610670420259405
2018-07-12 07:17:00,0.10530134856641844
2018-07-12 07:18:00,0.18297181255855163
2018-07-12 07:19:00,0.24467859170027587
2018-07-12 07:20:00,0.27291384302084715
2018-07-12 07:21:00,0.26798536115704935
2018-07-12 07:22:00,0.24418614571100875
2018-07-12 07:23:00,0.20459063411863387
2018-07-12 07:24:00,0.14953829021928108
2018-07-12 07:25:00,0.08769357863389209
2018-07-12 07:26:00,0.03423381651341335
2018-07-12 07:27:00,0.009976359715215218
2018-07-12 07:28:00,0.026654006642553133
2018-07-12 07:29:00,0.08533877425445364
2018-07-12 07:30:00,0.17388085953452617
2018-07-12 07:31:00,0.2663077145598049
2018-07-12 07:32:00,0.34561875312926116
2018-07-12 07:33:00,0.41784415304177475
2018-07-12 07:34:00,0.49290310013641353
2018-07-12 07:35:00,0.5642285639488887
2018-07-12 07:36:00,0.6163614650961473
2018-07-12 07:37:00,0.6378129580955035
2018-07-12 07:38:00,0.6299826963760324
2018-07-12 07:39:00,0.5998995073624319
2018-07-12 07:40:00,0.5500770389617998
2018-07-12 07:41:00,0.48004021125294266
2018-07-12 07:42:00,0.38786883452054194
2018-07-12 07:43:00,0.28068132565928905
2018-07-12 07:44:00,0.1703309232956832
2018-07-12 07:45:00,0.07362091172501838
2018-07-12 07:46:00,0.006044153913281166
2018-07-12 07:47:00,-0.025927539049369615
2018-07-12 07:48:00,-0.024951778530413516
2018-07-12 07:49:00,0.002728685515858
2018-07-12 07:50:00,0.04302422192269256
2018-07-12 07:51:00,0.08662355114121724
2018-07-12 07:52:00,0.12643660794379635
2018-07-12 07:53:00,0.15154580232495318
2018-07-12 07:54:00,0.14816921090736934
2018-07-12 07:55:00,0.12071180875912813
2018-07-12 07:56:00,0.08005045052040273
2018-07-12 07:57:00,0.023615264185026016
2018-07-12 07:58:00,-0.05711031194188043
2018-07-12 07:59:00,-0.16119563492071828
2018-07-12 08:00:00,-0.26733953340694666
2018-07-12 08:01:00,-0.3415264085622631
2018-07-12 08:02:00,-0.3655813749528464
2018-07-12 08:03:00,-0.35079944014109826
2018-07-12 08:04:00,-0.3142504476703401
2018-07-12 08:05:00,-0.2569967871611578
2018-07-12 08:06:00,-0.18084568594144113
2018-07-12 08:07:00,-0.10045640318989213
2018-07-12 08:08:00,-0.03253388580274582
2018-07-12 08:09:00,0.00742967379774655
2018-07-12 08:10:00,0.013839272426601918
2018-07-12 08:11:00,-0.0015376872513201162
2018-07-12 08:12:00,-0.020602304111274217
2018-07-12 08:13:00,-0.0404277171047127
2018-07-12 08:14:00,-0.06180526114778918
2018-07-12 08:15:00,-0.07199173796219713
2018-07-12 08:16:00,-0.060688738054066486
2018-07-12 08:17:00,-0.03787164176008508
2018-07-12 08:18:00,-0.020874367149784787
2018-07-12 08:19:00,-0.024653859746711682
2018-07-12 08:20:00,-0.05575882766532261
2018-07-12 08:21:00,-0.10877603291098192
2018-07-12 08:22:00,-0.17810268518773406
2018-07-12 08:23:00,-0.25386671175492065
2018-07-12 08:24:00,-0.3242357836271032
2018-07-12 08:25:00,-0.3829929705740971
2018-07-12 08:26:00,-0.42419296982118787
2018-07-12 08:27:00,-0.44784808472785426
2018-07-12 08:28:00,-0.45944167072296044
2018-07-12 08:29:00,-0.4606227014725058
2018-07-12 08:30:00,-0.4439103232931012
2018-07-12 08:31:00,-0.40072082363738004
2018-07-12 08:32:00,-0.33825889804280823
2018-07-12 08:33:00,-0.28009978548595665
2018-07-12 08:34:00,-0.24112844836321445
2018-07-12 08:35:00,-0.21285246984425676
2018-07-12 08:36:00,-0.18489750420491383
2018-07-12 08:37:00,-0.16388124107403865
2018-07-12 08:38:00,-0.1596982180302334
2018-07-12 08:39:00,-0.16459135216722356
2018-07-12 08:40:00,-0.16728315935029447
2018-07-12 08:41:00,-0.16985844105790052
2018-07-12 08:42:00,-0.18042035545943638
2018-07-12 08:43:00,-0.21076633672761924
2018-07-12 08:44:00,-0.2707438482824867
2018-07-12 08:45:00,-0.35791901568608536
2018-07-12 08:46:00,-0.4558212944790307
2018-07-12 08:47:00,-0.5450805973192933
2018-07-12 08:48:00,-0.6122118709989075
2018-07-12 08:49:00,-0.6446575471690655
2018-07-12 08:50:00,-0.6373914714657228
2018-07-12 08:51:00,-0.5994630731049666
2018-07-12 08:52:00,-0.5488954384639383
2018-07-12 08:53:00,-0.4948268703622045
2018-07-12 08:54:00,-0.4304515754545381
2018-07-12 08:55:00,-0.3561697311705994
2018-07-12 08:56:00,-0.2863460106777456
2018-07-12 08:57:00,-0.23344637813596117
2018-07-12 08:58:00,-0.19746233460268933
2018-07-12 08:59:00,-0.16712662075923648
2018-07-12 09:00:00,-0.1294155831587761
2018-07-12 09:01:00,-0.08338969512784629
2018-07-12 09:02:00,-0.0308537924950384
2018-07-12 09:03:00,0.025930970033713033
2018-07-12 09:04:00,0.07913708927798839
2018-07-12 09:05:00,0.11723854930001315
2018-07-12 09:06:00,0.1310955399668758
2018-07-12 09:07:00,0.11811403037502555
2018-07-12 09:08:00,0.09090002330236918
2018-07-12 09:09:00,0.06920588559066869
2018-07-12 09:10:00,0.06948775751099326
2018-07-12 09:11:00,0.09561374483261316
2018-07-12 09:12:00,0.13527615293053422
2018-07-12 09:13:00,0.17499833350395252
2018-07-12 09:14:00,0.2090904609261971
2018-07-12 09:15:00,0.23839003332465025
2018-07-12 09:16:00,0.26218323353992745
2018-07-12 09:17:00,0.2718551643962767
2018-07-12 09:18:00,0.25138849388609036
2018-07-12 09:19:00,0.1908475547475533
2018-07-12 09:20:00,0.10658318104956126
2018-07-12 09:21:00,0.03584009878637173
2018-07-12 09:22:00,0.0018754745455570835
2018-07-12 09:23:00,0.005825118353693333
2018-07-12 09:24:00,0.036399290794038246
2018-07-12 09:25:00,0.07779103028593687
2018-07-12 09:26:00,0.12293895886410407
2018-07-12 09:27:00,0.16143773379392765
2018-07-12 09:28:00,0.18704520640980152
2018-07-12 09:29:00,0.20547726937531074
2018-07-12 09:30:00,0.2290625494037282
2018-07-12 09:31:00,0.26858445077387577
2018-07-12 09:32:00,0.3122842740727371
2018-07-12 09:33:00,0.3331088552272808
2018-07-12 09:34:00,0.320136793411174
2018-07-12 09:35:00,0.28360003084625623
2018-07-12 09:36:00,0.24380530402750974
2018-07-12 09:37:00,0.20504034208029379
2018-07-12 09:38:00,0.15478645762601304
2018-07-12 09:39:00,0.09182384514437264
2018-07-12 09:40:00,0.029470412272912718
2018-07-12 09:41:00,-0.01630056825785227
2018-07-12 09:42:00,-0.03739138047674884
2018-07-12 09:43:00,-0.04184749962175088
2018-07-12 09:44:00,-0.04602283915145586
2018-07-12 09:45:00,-0.05640787607861122
2018-07-12 09:46:00,-0.07119344426177365
2018-07-12 09:47:00,-0.077988376307571
2018-07-12 09:48:00,-0.057799928109067165
2018-07-12 09:49:00,-0.008320644982140569
2018-07-12 09:50:00,0.05082700123196925
2018-07-12 09:51:00,0.09662397708862981
2018-07-12 09:52:00,0.11795475361257755
2018-07-12 09:53:00,0.12236842767507013
2018-07-12 09:54:00,0.12570614919087578
2018-07-12 09:55:00,0.1352624240962413
2018-07-12 09:56:00,0.1487656990822215
2018-07-12 09:57:00,0.16984984902868097
2018-07-12 09:58:00,0.20036294607820815
2018-07-12 09:59:00,0.23463471994404947
2018-07-12 10:00:00,0.2583262255698033
2018-07-12 10:01:00,0.26358237294594006
2018-07-12 10:02:00,0.2518960370032636
2018-07-12 10:03:00,0.22613543837757275
2018-07-12 10:04:00,0.18872245748612182
2018-07-12 10:05:00,0.14722084781772776
2018-07-12 10:06:00,0.10835551542763185
2018-07-12 10:07:00,0.07498545837941448
2018-07-12 10:08:00,0.05441323031476671
2018-07-12 10:09:00,0.05186315817531855
2018-07-12 10:10:00,0.06881025522791866
2018-07-12 10:11:00,0.10462566570173619
2018-07-12 10:12:00,0.15562302744309522
2018-07-12 10:13:00,0.2205022176748959
2018-07-12 10:14:00,0.3004134642976758
2018-07-12 10:15:00,0.38563605046289
2018-07-12 10:16:00,0.45536110674265545
2018-07-12 10:17:00,0.49632104114139913
2018-07-12 10:18:00,0.5101572423089282
2018-07-12 10:19:00,0.5055417626302019
2018-07-12 10:20:00,0.4788896758306498
2018-07-12 10:21:00,0.4187215613355868
2018-07-12 10:22:00,0.3324149648999422
2018-07-12 10:23:00,0.2400530359201558
2018-07-12 10:24:00,0.1598790560104597
2018-07-12 10:25:00,0.10297932698369221
2018-07-12 10:26:00,0.06790178912135252
2018-07-12 10:27:00,0.037877495527035406
2018-07-12 10:28:00,-0.010534044852842617
2018-07-12 10:29:00,-0.08822859247937127
2018-07-12 10:30:00,-0.17915357334917245
2018-07-12 10:31:00,-0.26168531361120945
2018-07-12 10:32:00,-0.3370531907249554
2018-07-12 10:33:00,-0.41827904163739027
2018-07-12 10:34:00,-0.5026760313258994
2018-07-12 10:35:00,-0.5774244464218884
2018-07-12 10:36:00,-0.6319459024561894
2018-07-12 10:37:00,-0.6558368383823352
2018-07-12 10:38:00,-0.6515059896869527
2018-07-12 10:39:00,-0.6333328359803883
2018-07-12 10:40:00,-0.6121160720811716
2018-07-12 10:41:00,-0.5959760841138052
2018-07-12 10:42:00,-0.593362455603859
2018-07-12 10:43:00,-0.6033879500840827
2018-07-12 10:44:00,-0.6181381558827851
2018-07-12 10:45:00,-0.6345402545775007
2018-07-12 10:46:00,-0.6519323827400193
2018-07-12 10:47:00,-0.6627259137494583
2018-07-12 10:48:00,-0.6535218269574217
2018-07-12 10:49:00,-0.6180720393871829
2018-07-12 10:50:00,-0.5662533264305103
2018-07-12 10:51:00,-0.5157608123386609
2018-07-12 10:52:00,-0.47284743765391485
2018-07-12 10:53:00,-0.4295886837101513
2018-07-12 10:54:00,-0.38199600937122447
2018-07-12 10:55:00,-0.3325064869154281
2018-07-12 10:56:00,-0.291194694564159
2018-07-12 10:57:00,-0.26237141416491633
2018-07-12 10:58:00,-0.23418585387722646
2018-07-12 10:59:00,-0.19399074422003007
2018-07-12 11:00:00,-0.13751381566177048
2018-07-12 11:01:00,-0.06898253838182733
2018-07-12 11:02:00,0.00200375588852175
2018-07-12 11:03:00,0.05852793690656397
2018-07-12 11:04:00,0.07389639606548168
2018-07-12 11:05:00,0.033987813118989386
2018-07-12 11:06:00,-0.04519132428416359
2018-07-12 11:07:00,-0.13881278596745428
2018-07-12 11:08:00,-0.23021033404272104
2018-07-12 11:09:00,-0.3057065770215362
2018-07-12 11:10:00,-0.36052312543752124
2018-07-12 11:11:00,-0.39645319012074004
2018-07-12 11:12:00,-0.4122388448932874
2018-07-12 11:13:00,-0.399604250922966
2018-07-12 11:14:00,-0.35560457585923316
2018-07-12 11:15:00,-0.29608694806465113
2018-07-12 11:16:00,-0.24608826030738087
2018-07-12 11:17:00,-0.2247356185672347
2018-07-12 11:18:00,-0.23441036229006065
2018-07-12 11:19:00,-0.25886578947947597
2018-07-12 11:20:00,-0.2736914541440472
2018-07-12 11:21:00,-0.2654012142839044
2018-07-12 11:22:00,-0.240344026459975
2018-07-12 11:23:00,-0.20984253535537292
2018-07-12 11:24:00,-0.17954154579686865
2018-07-12 11:25:00,-0.1560231824381648
2018-07-12 11:26:00,-0.14264985476968153
2018-07-12 11:27:00,-0.1266723516502721
2018-07-12 11:28:00,-0.09493999314800189
2018-07-12 11:29:00,-0.053703795072337766
2018-07-12 11:30:00,-0.0214602260174586
2018-07-12 11:31:00,-0.0105705686117108
2018-07-12 11:32:00,-0.01811006268517702
2018-07-12 11:33:00,-0.0401331870820425
2018-07-12 11:34:00,-0.07137371023290895
2018-07-12 11:35:00,-0.10266644911017941
2018-07-12 11:36:00,-0.12884052024586057
2018-07-12 11:37:00,-0.15974499657156713
2018-07-12 11:38:00,-0.214747755345267
2018-07-12 11:39:00,-0.30641711621855455
2018-07-12 11:40:00,-0.422485213452546
2018-07-12 11:41:00,-0.5332878069857124
2018-07-12 11:42:00,-0.6106502532617145
2018-07-12 11:43:00,-0.642529806197174
2018-07-12 11:44:00,-0.6341504754569319
2018-07-12 11:45:00,-0.5998244253760422
2018-07-12 11:46:00,-0.5517628081747845
2018-07-12 11:47:00,-0.4937988544056983
2018-07-12 11:48:00,-0.43207072305452393
2018-07-12 11:49:00,-0.38206287591859694
2018-07-12 11:50:00,-0.3596964545176762
2018-07-12 11:51:00,-0.37083010148127354
2018-07-12 11:52:00,-0.40285146293998997
2018-07-12 11:53:00,-0.43109284147663357
2018-07-12 11:54:00,-0.4491877663362061
2018-07-12 11:55:00,-0.47574747726691763
2018-07-12 11:56:00,-0.5247890835665413
2018-07-12 11:57:00,-0.5839992258077429
2018-07-12 11:58:00,-0.6258523193810471
2018-07-12 11:59:00,-0.632652490492153
2018-07-12 12:00:00,-0.6075323518263481
2018-07-12 12:01:00,-0.5674680952911656
2018-07-12 12:02:00,-0.5331179659095558
2018-07-12 12:03:00,-0.5166724365964862
2018-07-12 12:04:00,-0.5175325356094157
2018-07-12 12:05:00,-0.5273586452368364
2018-07-12 12:06:00,-0.5279724595409451
2018-07-12 12:07:00,-0.5166052999073912
2018-07-12 12:08:00,-0.505441816463693
2018-07-12 12:09:00,-0.4989947576861032
2018-07-12 12:10:00,-0.4932199032994437
2018-07-12 12:11:00,-0.48305511909716264
2018-07-12 12:12:00,-0.4636410687476001
2018-07-12 12:13:00,-0.4402764271127513
2018-07-12 12:14:00,-0.4279314921197903
2018-07-12 12:15:00,-0.4437070103401232
2018-07-12 12:16:00,-0.4890109851881544
2018-07-12 12:17:00,-0.5496298344287794
2018-07-12 12:18:00,-0.6105627115541502
2018-07-12 12:19:00,-0.654105765588633
2018-07-12 12:20:00,-0.6671707518648367
2018-07-12 12:21:00,-0.6457120502553627
2018-07-12 12:22:00,-0.589007900776361
2018-07-12 12:23:00,-0.5039216773856525
2018-07-12 12:24:00,-0.40237742625280903
2018-07-12 12:25:00,-0.30572291528624523
2018-07-12 12:26:00,-0.23883922625257736
2018-07-12 12:27:00,-0.21507191905298886
2018-07-12 12:28:00,-0.22815918263952406
2018-07-12 12:29:00,-0.26587224354388744
2018-07-12 12:30:00,-0.31315032720696856
2018-07-12 12:31:00,-0.3473631657982692
2018-07-12 12:32:00,-0.3546876560224414
2018-07-12 12:33:00,-0.3302350786506302
2018-07-12 12:34:00,-0.280549787015329
2018-07-12 12:35:00,-0.2267958845116219
2018-07-12 12:36:00,-0.1827521067355653
2018-07-12 12:37:00,-0.1489006096908859
2018-07-12 12:38:00,-0.12141833366471629
2018-07-12 12:39:00,-0.10130831856045869
2018-07-12 12:40:00,-0.08817033038154097
2018-07-12 12:41:00,-0.07844300833900841
2018-07-12 12:42:00,-0.06915207380625367
2018-07-12 12:43:00,-0.05425982779064955
2018-07-12 12:44:00,-0.030533386949043385
2018-07-12 12:45:00,-0.000720131334684016
2018-07-12 12:46:00,0.03474690828775782
2018-07-12 12:47:00,0.06798249465775215
2018-07-12 12:48:00,0.08174749039533113
2018-07-12 12:49:00,0.07152752634073047
2018-07-12 12:50:00,0.04309722758315627
2018-07-12 12:51:00,-0.0022924753871663163
2018-07-12 12:52:00,-0.06555872432158195
2018-07-12 12:53:00,-0.12993784401258093
2018-07-12 12:54:00,-0.16843696577693532
2018-07-12 12:55:00,-0.17384689545175094
2018-07-12 12:56:00,-0.15674362236513717
2018-07-12 12:57:00,-0.13496849368752076
2018-07-12 12:58:00,-0.11877217066499407
2018-07-12 12:59:00,-0.11072460228404686
2018-07-12 13:00:00,-0.11117578108739183
2018-07-12 13:01:00,-0.11724386851562842
2018-07-12 13:02:00,-0.11393710921983746
2018-07-12 13:03:00,-0.08988683877296254
2018-07-12 13:04:00,-0.04303502355832372
2018-07-12 13:05:00,0.020066441440847682
2018-07-12 13:06:00,0.08118047466508048
2018-07-12 13:07:00,0.11752722850463716
2018-07-12 13:08:00,0.12485354344308108
2018-07-12 13:09:00,0.11883960749736895
2018-07-12 13:10:00,0.11133905362900604
2018-07-12 13:11:00,0.10181122793551028
2018-07-12 13:12:00,0.08619958902747077
2018-07-12 13:13:00,0.06491798284191917
2018-07-12 13:14:00,0.03643094821674297
2018-07-12 13:15:00,-0.005401639313637116
2018-07-12 13:16:00,-0.06557241557696333
2018-07-12 13:17:00,-0.14077042617779537
2018-07-12 13:18:00,-0.22457946642950463
2018-07-12 13:19:00,-0.3107828537824205
2018-07-12 13:20:00,-0.3869365305804106
2018-07-12 13:21:00,-0.43836064755554344
2018-07-12 13:22:00,-0.46012021107089596
2018-07-12 13:23:00,-0.45972704424673494
2018-07-12 13:24:00,-0.4480887000476286
2018-07-12 13:25:00,-0.43389394829335176
2018-07-12 13:26:00,-0.4195513035903636
2018-07-12 13:27:00,-0.3981873301953873
2018-07-12 13:28:00,-0.36398536380912
2018-07-12 13:29:00,-0.3197047346881952
2018-07-12 13:30:00,-0.28288905214169974
2018-07-12 13:31:00,-0.25874696816380044
2018-07-12 13:32:00,-0.24039421388235158
2018-07-12 13:33:00,-0.2291779887512897
2018-07-12 13:34:00,-0.2321515117895249
2018-07-12 13:35:00,-0.25827876827758295
2018-07-12 13:36:00,-0.298332346455809
2018-07-12 13:37:00,-0.32548570679779093
2018-07-12 13:38:00,-0.3168635185512269
2018-07-12 13:39:00,-0.265770392098887
2018-07-12 13:40:00,-0.1869155671291661
2018-07-12 13:41:00,-0.1072997017747721
2018-07-12 13:42:00,-0.039354516239426034
2018-07-12 13:43:00,0.01644579210789847
2018-07-12 13:44:00,0.058874681249605904
2018-07-12 13:45:00,0.08678410141217595
2018-07-12 13:46:00,0.09559959209080833
2018-07-12 13:47:00,0.08246320357938242
2018-07-12 13:48:00,0.053751488541837616
2018-07-12 13:49:00,0.021185585602366535
2018-07-12 13:50:00,0.004763292628807584
2018-07-12 13:51:00,0.015601267304439581
2018-07-12 13:52:00,0.042772889529891556
2018-07-12 13:53:00,0.06833047847423018
2018-07-12 13:54:00,0.08221739740022334
2018-07-12 13:55:00,0.08869567626930414
2018-07-12 13:56:00,0.09388287047073945
2018-07-12 13:57:00,0.10829960658952122
2018-07-12 13:58:00,0.14397006522837424
2018-07-12 13:59:00,0.1979962907497471
2018-07-12 14:00:00,0.24417492669557206
2018-07-12 14:01:00,0.2635011825039404
2018-07-12 14:02:00,0.25774746949235544
2018-07-12 14:03:00,0.23850417107551639
2018-07-12 14:04:00,0.22042809290846577
2018-07-12 14:05:00,0.21111448251228435
2018-07-12 14:06:00,0.2113341324580168
2018-07-12 14:07:00,0.21437056695847304
2018-07-12 14:08:00,0.20900693814369853
2018-07-12 14:09:00,0.19408680716025073
2018-07-12 14:10:00,0.17681691724906842
2018-07-12 14:11:00,0.1583340975125033
2018-07-12 14:12:00,0.137544882260612
2018-07-12 14:13:00,0.11525073591197564
2018-07-12 14:14:00,0.09866371962146114
2018-07-12 14:15:00,0.0964770931074249
2018-07-12 14:16:00,0.10942063369120837
2018-07-12 14:17:00,0.13444766542917405
2018-07-12 14:18:00,0.16189682888938223
2018-07-12 14:19:00,0.1744334171081239
2018-07-12 14:20:00,0.15870975419697622
2018-07-12 14:21:00,0.113580166961765
2018-07-12 14:22:00,0.049835393495434595
2018-07-12 14:23:00,-0.015117913735504534
2018-07-12 14:24:00,-0.06735574038381015
2018-07-12 14:25:00,-0.0992181080862579
2018-07-12 14:26:00,-0.10623344968074812
2018-07-12 14:27:00,-0.08796383605024423
2018-07-12 14:28:00,-0.05528142634750538
2018-07-12 14:29:00,-0.0162435443554617
2018-07-12 14:30:00,0.03189392347411705
2018-07-12 14:31:00,0.08921772140600424
2018-07-12 14:32:00,0.14323411455865662
2018-07-12 14:33:00,0.17421097233336494
2018-07-12 14:34:00,0.1684221204196462
2018-07-12 14:35:00,0.12994912382971927
2018-07-12 14:36:00,0.08594073686528657
2018-07-12 14:37:00,0.06488870570943796
2018-07-12 14:38:00,0.0707769048508476
2018-07-12 14:39:00,0.09397580167323731
2018-07-12 14:40:00,0.1298847283200825
2018-07-12 14:41:00,0.17593728952923318
2018-07-12 14:42:00,0.2185707644584013
2018-07-12 14:43:00,0.2441700159762635
2018-07-12 14:44:00,0.24257050768459767
2018-07-12 14:45:00,0.2124481849726617
2018-07-12 14:46:00,0.16496114649667803
2018-07-12 14:47:00,0.11135546294936584
2018-07-12 14:48:00,0.052227464278572354
2018-07-12 14:49:00,-0.0148419977160548
2018-07-12 14:50:00,-0.08840658700572968
2018-07-12 14:51:00,-0.1623942071029208
2018-07-12 14:52:00,-0.23025029967880314
2018-07-12 14:53:00,-0.2896763409055742
2018-07-12 14:54:00,-0.3353514430644388
2018-07-12 14:55:00,-0.36432707793784785
2018-07-12 14:56:00,-0.38207517055791046
2018-07-12 14:57:00,-0.40063114486497886
2018-07-12 14:58:00,-0.429020896735891
2018-07-12 14:59:00,-0.46434069915853754
2018-07-12 15:00:00,-0.49989240859285516
2018-07-12 15:01:00,-0.5332408724319685
2018-07-12 15:02:00,-0.5664068919559008
2018-07-12 15:03:00,-0.5999298768348608
2018-07-12 15:04:00,-0.6271286799752923
2018-07-12 15:05:00,-0.6441239638819107
2018-07-12 15:06:00,-0.6479511730030346
2018-07-12 15:07:00,-0.6389002104136672
2018-07-12 15:08:00,-0.6171067935266322
2018-07-12 15:09:00,-0.58454284721285
2018-07-12 15:10:00,-0.544792512789806
2018-07-12 15:11:00,-0.4957034040695824
2018-07-12 15:12:00,-0.43594127164719426
2018-07-12 15:13:00,-0.37470605284511377
2018-07-12 15:14:00,-0.3271031698840151
2018-07-12 15:15:00,-0.30163239914163276
2018-07-12 15:16:00,-0.30023409916795524
2018-07-12 15:17:00,-0.31991347449227303
2018-07-12 15:18:00,-0.3496847831371188
2018-07-12 15:19:00,-0.3752395127490366
2018-07-12 15:20:00,-0.3855428953422854
2018-07-12 15:21:00,-0.364823282834044
2018-07-12 15:22:00,-0.3077747553192377
2018-07-12 15:23:00,-0.22833817954196445
2018-07-12 15:24:00,-0.1492841024882614
2018-07-12 15:25:00,-0.08944717865720941
2018-07-12 15:26:00,-0.054446804042148265
2018-07-12 15:27:00,-0.0413400217157266
2018-07-12 15:28:00,-0.04688000280186511
2018-07-12 15:29:00,-0.06272777962693712
2018-07-12 15:30:00,-0.07124101018589118
2018-07-12 15:31:00,-0.06975084324979491
2018-07-12 15:32:00,-0.06359363373398584
2018-07-12 15:33:00,-0.053431047142644995
2018-07-12 15:34:00,-0.04120959948939805
2018-07-12 15:35:00,-0.033271221950891536
2018-07-12 15:36:00,-0.03466903162169063
2018-07-12 15:37:00,-0.03651154575199363
2018-07-12 15:38:00,-0.02845785657970253
2018-07-12 15:39:00,-0.012450471477655716
2018-07-12 15:40:00,0.005760352786871117
2018-07-12 15:41:00,0.02502516030311233
2018-07-12 15:42:00,0.04209419293795857
2018-07-12 15:43:00,0.050652538873004936
2018-07-12 15:44:00,0.05346272368032564
2018-07-12 15:45:00,0.056032200501119324
2018-07-12 15:46:00,0.0469663149172986
2018-07-12 15:47:00,0.014662884985652033
2018-07-12 15:48:00,-0.0316758631802889
2018-07-12 15:49:00,-0.0742384410866606
2018-07-12 15:50:00,-0.10473711472104918
2018-07-12 15:51:00,-0.12412944316433228
2018-07-12 15:52:00,-0.13972635041724293
2018-07-12 15:53:00,-0.16464585330539463
2018-07-12 15:54:00,-0.2021851726334611
2018-07-12 15:55:00,-0.2427717426324217
2018-07-12 15:56:00,-0.28315972095185243
2018-07-12 15:57:00,-0.32951892560380536
2018-07-12 15:58:00,-0.3785463410206456
2018-07-12 15:59:00,-0.41947240481496856
2018-07-12 16:00:00,-0.44476353305933874
2018-07-12 16:01:00,-0.4526691095381951
2018-07-12 16:02:00,-0.4453093008549996
2018-07-12 16:03:00,-0.42686291186569575
2018-07-12 16:04:00,-0.40020639927631046
2018-07-12 16:05:00,-0.36774786702377393
2018-07-12 16:06:00,-0.32471467857409464
2018-07-12 16:07:00,-0.2759789294088723
2018-07-12 16:08:00,-0.23841272840059455
2018-07-12 16:09:00,-0.22769671905323294
2018-07-12 16:10:00,-0.24370349880669293
2018-07-12 16:11:00,-0.2765801071414838
2018-07-12 16:12:00,-0.32346329885442743
2018-07-12 16:13:00,-0.38693991597835725
2018-07-12 16:14:00,-0.4637141265158493
2018-07-12 16:15:00,-0.5492542765158303
2018-07-12 16:16:00,-0.6385154208373708
2018-07-12 16:17:00,-0.7205783604441764
2018-07-12 16:18:00,-0.7912950245119581
2018-07-12 16:19:00,-0.8512490564772194
2018-07-12 16:20:00,-0.9042516372023757
2018-07-12 16:21:00,-0.9503004388455297
2018-07-12 16:22:00,-0.9832659514429455
2018-07-12 16:23:00,-0.9980843473352188
2018-07-12 16:24:00,-0.9966043429222812
2018-07-12 16:25:00,-0.9787908213793277
2018-07-12 16:26:00,-0.9476296216772044
2018-07-12 16:27:00,-0.908186812842858
2018-07-12 16:28:00,-0.8626147053797418
2018-07-12 16:29:00,-0.81089212708173
2018-07-12 16:30:00,-0.7545441980625069
2018-07-12 16:31:00,-0.6946194785393752
2018-07-12 16:32:00,-0.6213849923547436
2018-07-12 16:33:00,-0.5271739789725545
2018-07-12 16:34:00,-0.4198527266994856
2018-07-12 16:35:00,-0.31269015957783136
2018-07-12 16:36:00,-0.21401102168312303
2018-07-12 16:37:00,-0.13238089102043246
2018-07-12 16:38:00,-0.08206568426170052
2018-07-12 16:39:00,-0.06707822841944296
2018-07-12 16:40:00,-0.07617011694944878
2018-07-12 16:41:00,-0.08416717945758127
2018-07-12 16:42:00,-0.07369531811401167
2018-07-12 16:43:00,-0.053559665650129616
2018-07-12 16:44:00,-0.045460001934117054
2018-07-12 16:45:00,-0.04976786536306658
2018-07-12 16:46:00,-0.0360860231503916
2018-07-12 16:47:00,0.017464683494811933
2018-07-12 16:48:00,0.10690349988944414
2018-07-12 16:49:00,0.21828068952200796
2018-07-12 16:50:00,0.3253919578454128
2018-07-12 16:51:00,0.3998335321979198
2018-07-12 16:52:00,0.4321582147285181
2018-07-12 16:53:00,0.430876283376921
2018-07-12 16:54:00,0.4066439346347838
2018-07-12 16:55:00,0.36654308617045867
2018-07-12 16:56:00,0.3206104421183283
2018-07-12 16:57:00,0.27896419516366616
2018-07-12 16:58:00,0.24622872224722522
2018-07-12 16:59:00,0.22115686942496726
2018-07-12 17:00:00,0.20675619033318038
2018-07-12 17:01:00,0.20236473497350208
2018-07-12 17:02:00,0.19994857509755312
2018-07-12 17:03:00,0.1926419034737191
2018-07-12 17:04:00,0.17486795930398324
2018-07-12 17:05:00,0.14311884102401043
2018-07-12 17:06:00,0.10138193095166581
2018-07-12 17:07:00,0.060252843735745555
2018-07-12 17:08:00,0.0301695367419224
2018-07-12 17:09:00,0.015665179796462547
2018-07-12 17:10:00,0.015741440500768315
2018-07-12 17:11:00,0.017845428181135634
2018-07-12 17:12:00,0.007771223963793879
2018-07-12 17:13:00,-0.012480747953095866
2018-07-12 17:14:00,-0.03211173063176055
2018-07-12 17:15:00,-0.0529400770164803
2018-07-12 17:16:00,-0.07313386080148741
2018-07-12 17:17:00,-0.08688216238631612
2018-07-12 17:18:00,-0.10027984078821527
2018-07-12 17:19:00,-0.11373096297295493
2018-07-12 17:20:00,-0.11721366782192781
2018-07-12 17:21:00,-0.10736286985243831
2018-07-12 17:22:00,-0.08983855257485
2018-07-12 17:23:00,-0.06817940202590575
2018-07-12 17:24:00,-0.04197964625422005
2018-07-12 17:25:00,-0.0167524526765404
2018-07-12 17:26:00,0.0014656363788293333
2018-07-12 17:27:00,0.012854658812150067
2018-07-12 17:28:00,0.0165445687696788
2018-07-12 17:29:00,0.011265990868978617
2018-07-12 17:30:00,0.006807854731056034
2018-07-12 17:31:00,0.02271013262056705
2018-07-12 17:32:00,0.06543285299063487
2018-07-12 17:33:00,0.11954463042331938
2018-07-12 17:34:00,0.1600151485867752
2018-07-12 17:35:00,0.17397437972571317
2018-07-12 17:36:00,0.16102986832743768
2018-07-12 17:37:00,0.12900352138127674
2018-07-12 17:38:00,0.08847858565803655
2018-07-12 17:39:00,0.05020296408985785
2018-07-12 17:40:00,0.028795489100777283
2018-07-12 17:41:00,0.03188481126947892
2018-07-12 17:42:00,0.053691422490593804
2018-07-12 17:43:00,0.07752214187539437
2018-07-12 17:44:00,0.08105356200100451
2018-07-12 17:45:00,0.05759651829070611
2018-07-12 17:46:00,0.021743055678999382
2018-07-12 17:47:00,-0.0078026241233334
2018-07-12 17:48:00,-0.028356092688323647
2018-07-12 17:49:00,-0.049381381461228564
2018-07-12 17:50:00,-0.08005289847955051
2018-07-12 17:51:00,-0.13140278838562106
2018-07-12 17:52:00,-0.2104593012566125
2018-07-12 17:53:00,-0.30719047646995373
2018-07-12 17:54:00,-0.40894931780081856
2018-07-12 17:55:00,-0.5084257338412398
2018-07-12 17:56:00,-0.5976636456218171
2018-07-12 17:57:00,-0.6693770849077488
2018-07-12 17:58:00,-0.7206685380308508
2018-07-12 17:59:00,-0.7469081058743988
2018-07-12 18:00:00,-0.7384762522887439
2018-07-12 18:01:00,-0.6920766190238075
2018-07-12 18:02:00,-0.6173941023567492
2018-07-12 18:03:00,-0.5305720245554867
2018-07-12 18:04:00,-0.4455725300470353
2018-07-12 18:05:00,-0.37221313629623265
2018-07-12 18:06:00,-0.31858335522680364
2018-07-12 18:07:00,-0.28353134418641174
2018-07-12 18:08:00,-0.26603957538599604
2018-07-12 18:09:00,-0.272496721792818
2018-07-12 18:10:00,-0.3011740740994106
2018-07-12 18:11:00,-0.3237766614218082
2018-07-12 18:12:00,-0.30942512733788335
2018-07-12 18:13:00,-0.25240138330814443
2018-07-12 18:14:00,-0.17348335650432475
2018-07-12 18:15:00,-0.10690617219820164
2018-07-12 18:16:00,-0.0748314543062055
2018-07-12 18:17:00,-0.07567000351758642
2018-07-12 18:18:00,-0.09619321013908362
2018-07-12 18:19:00,-0.12461194376262785
2018-07-12 18:20:00,-0.14701175920991436
2018-07-12 18:21:00,-0.154028333568812
2018-07-12 18:22:00,-0.14849635877435435
2018-07-12 18:23:00,-0.1500606768765154
2018-07-12 18:24:00,-0.17314421992583193
2018-07-12 18:25:00,-0.21106923825772425
2018-07-12 18:26:00,-0.24761867012380642
2018-07-12 18:27:00,-0.2664345605832375
2018-07-12 18:28:00,-0.26514643668156773
2018-07-12 18:29:00,-0.2563105119200341
2018-07-12 18:30:00,-0.2545841709735395
2018-07-12 18:31:00,-0.2638327623039043
2018-07-12 18:32:00,-0.2774985082769566
2018-07-12 18:33:00,-0.29814725757783384
2018-07-12 18:34:00,-0.328850915516816
2018-07-12 18:35:00,-0.36320015889167484
2018-07-12 18:36:00,-0.38761976954536986
2018-07-12 18:37:00,-0.3899071726691529
2018-07-12 18:38:00,-0.3561824670678173
2018-07-12 18:39:00,-0.29091449277139547
2018-07-12 18:40:00,-0.21975861060748322
2018-07-12 18:41:00,-0.1667945003816148
2018-07-12 18:42:00,-0.1441206294933204
2018-07-12 18:43:00,-0.1601152972394284
2018-07-12 18:44:00,-0.20691871772445206
2018-07-12 18:45:00,-0.25198763373279526
2018-07-12 18:46:00,-0.2675301988674313
2018-07-12 18:47:00,-0.24833663961497723
2018-07-12 18:48:00,-0.2114435294650537
2018-07-12 18:49:00,-0.17089602172609242
2018-07-12 18:50:00,-0.12909419274708028
2018-07-12 18:51:00,-0.09316437217581862
2018-07-12 18:52:00,-0.0718417150251197
2018-07-12 18:53:00,-0.08004822032279281
2018-07-12 18:54:00,-0.13204770136087654
2018-07-12 18:55:00,-0.21827942948843848
2018-07-12 18:56:00,-0.30869370930271833
2018-07-12 18:57:00,-0.3767213655241434
2018-07-12 18:58:00,-0.4200084950744048
2018-07-12 18:59:00,-0.4375195132604281
2018-07-12 19:00:00,-0.42306444314399666
2018-07-12 19:01:00,-0.3801408326859546
2018-07-12 19:02:00,-0.3260651957400221
2018-07-12 19:03:00,-0.27399754527559134
2018-07-12 19:04:00,-0.24173575254400315
2018-07-12 19:05:00,-0.246614429210647
2018-07-12 19:06:00,-0.2806420041790934
2018-07-12 19:07:00,-0.31887532868102475
2018-07-12 19:08:00,-0.3458800236039153
2018-07-12 19:09:00,-0.3678674751560913
2018-07-12 19:10:00,-0.3935187647004341
2018-07-12 19:11:00,-0.4191881224757363
2018-07-12 19:12:00,-0.43663647943222633
2018-07-12 19:13:00,-0.4466354378688681
2018-07-12 19:14:00,-0.4582419332918062
2018-07-12 19:15:00,-0.4641856317566854
2018-07-12 19:16:00,-0.45611366577656876
2018-07-12 19:17:00,-0.43845418898580446
2018-07-12 19:18:00,-0.41302372760604156
2018-07-12 19:19:00,-0.3716640376218816
2018-07-12 19:20:00,-0.30829011853263394
2018-07-12 19:21:00,-0.23430715524700388
2018-07-12 19:22:00,-0.1628807039153301
2018-07-12 19:23:00,-0.10584389579769711
2018-07-12 19:24:00,-0.06112582005347796
2018-07-12 19:25:00,-0.009442115002699635
2018-07-12 19:26:00,0.060124223495983
2018-07-12 19:27:00,0.14869093760129531
2018-07-12 19:28:00,0.2439445642488531
2018-07-12 19:29:00,0.3155034922649456
2018-07-12 19:30:00,0.3401550219443156
2018-07-12 19:31:00,0.3130471110258218
2018-07-12 19:32:00,0.2472590739256775
2018-07-12 19:33:00,0.16763176542766658
2018-07-12 19:34:00,0.10205145020405261
2018-07-12 19:35:00,0.07012396451124198
2018-07-12 19:36:00,0.07446393594423636
2018-07-12 19:37:00,0.10198241477352725
2018-07-12 19:38:00,0.1375579389132131
2018-07-12 19:39:00,0.1726721947659883
2018-07-12 19:40:00,0.19116985552663426
2018-07-12 19:41:00,0.18129320959371212
2018-07-12 19:42:00,0.1502456460381902
2018-07-12 19:43:00,0.10297583497406038
2018-07-12 19:44:00,0.04643196047717026
2018-07-12 19:45:00,-0.0028432298235738667
2018-07-12 19:46:00,-0.033563849904105596
2018-07-12 19:47:00,-0.05080699032754583
2018-07-12 19:48:00,-0.0644914925170899
2018-07-12 19:49:00,-0.08796350938969803
2018-07-12 19:50:00,-0.12673732441195154
2018-07-12 19:51:00,-0.17073549899868154
2018-07-12 19:52:00,-0.20814706323457607
2018-07-12 19:53:00,-0.23045315332987082
2018-07-12 19:54:00,-0.23014278089260864
2018-07-12 19:55:00,-0.21045443046178688
2018-07-12 19:56:00,-0.1853093147373228
2018-07-12 19:57:00,-0.16441188453515854
2018-07-12 19:58:00,-0.14493644963462912
2018-07-12 19:59:00,-0.1216176640562054
2018-07-12 20:00:00,-0.09779223631815322
2018-07-12 20:01:00,-0.07791862640153628
2018-07-12 20:02:00,-0.06440434030371212
2018-07-12 20:03:00,-0.058269931537255876
2018-07-12 20:04:00,-0.05461245433437208
2018-07-12 20:05:00,-0.0527485027722904
2018-07-12 20:06:00,-0.05751757700032278
2018-07-12 20:07:00,-0.06424154461629375
2018-07-12 20:08:00,-0.05146738058335842
2018-07-12 20:09:00,-0.0016775047473471336
2018-07-12 20:10:00,0.07177667635581204
2018-07-12 20:11:00,0.13815981454190526
2018-07-12 20:12:00,0.18303710076010468
2018-07-12 20:13:00,0.20628936393128125
2018-07-12 20:14:00,0.20053793562606506
2018-07-12 20:15:00,0.15245047988973298
2018-07-12 20:16:00,0.0701105335422279
2018-07-12 20:17:00,-0.021064689277315713
2018-07-12 20:18:00,-0.09751274499033079
2018-07-12 20:19:00,-0.1382792342491048
2018-07-12 20:20:00,-0.12982404217443397
2018-07-12 20:21:00,-0.07850863547323235
2018-07-12 20:22:00,-0.012672172594649167
2018-07-12 20:23:00,0.03365550865548743
2018-07-12 20:24:00,0.053430576609941854
2018-07-12 20:25:00,0.06752880410117199
2018-07-12 20:26:00,0.09437753216317953
2018-07-12 20:27:00,0.1316432819943054
2018-07-12 20:28:00,0.16958909467964525
2018-07-12 20:29:00,0.20566953165531351
2018-07-12 20:30:00,0.23936017414893518
2018-07-12 20:31:00,0.2660610362402428
2018-07-12 20:32:00,0.285640169565
2018-07-12 20:33:00,0.3003919323672049
2018-07-12 20:34:00,0.3086746126849437
2018-07-12 20:35:00,0.30206240755502156
2018-07-12 20:36:00,0.26996831021618306
2018-07-12 20:37:00,0.21246172341592406
2018-07-12 20:38:00,0.14824511486929812
2018-07-12 20:39:00,0.10317479779168347
2018-07-12 20:40:00,0.08758455799741803
2018-07-12 20:41:00,0.08128235637461455
2018-07-12 20:42:00,0.05844639609088483
2018-07-12 20:43:00,0.017776810977967735
2018-07-12 20:44:00,-0.020898844586931736
2018-07-12 20:45:00,-0.04190667494260105
2018-07-12 20:46:00,-0.047023206635774806
2018-07-12 20:47:00,-0.047897480213848265
2018-07-12 20:48:00,-0.054149238058062016
2018-07-12 20:49:00,-0.06879676710104483
2018-07-12 20:50:00,-0.08574721602302297
2018-07-12 20:51:00,-0.09972608724844033
2018-07-12 20:52:00,-0.11076520461584438
2018-07-12 20:53:00,-0.1288030380537661
2018-07-12 20:54:00,-0.15868743126150558
2018-07-12 20:55:00,-0.19187860272174576
2018-07-12 20:56:00,-0.2100283501285356
2018-07-12 20:57:00,-0.1980766857975065
2018-07-12 20:58:00,-0.16741695339576745
2018-07-12 20:59:00,-0.14760200681162575
2018-07-12 21:00:00,-0.15758031452119178
2018-07-12 21:01:00,-0.194730083189946
2018-07-12 21:02:00,-0.24298430941303942
2018-07-12 21:03:00,-0.2832762345273803
2018-07-12 21:04:00,-0.3074197140772919
2018-07-12 21:05:00,-0.32750846750995366
2018-07-12 21:06:00,-0.35791237827493894
2018-07-12 21:07:00,-0.4025264833427826
2018-07-12 21:08:00,-0.4516577978237204
2018-07-12 21:09:00,-0.48275986701119894
2018-07-12 21:10:00,-0.47955257402007745
2018-07-12 21:11:00,-0.4474773279348783
2018-07-12 21:12:00,-0.4096020691148012
2018-07-12 21:13:00,-0.38535223088430065
2018-07-12 21:14:00,-0.37253570961670784
2018-07-12 21:15:00,-0.359877405554002
2018-07-12 21:16:00,-0.34788776658705706
2018-07-12 21:17:00,-0.3485131707154789
2018-07-12 21:18:00,-0.37135832399435165
2018-07-12 21:19:00,-0.4074872194678756
2018-07-12 21:20:00,-0.42653578134309883
2018-07-12 21:21:00,-0.40674407113488914
2018-07-12 21:22:00,-0.3573702272753203
2018-07-12 21:23:00,-0.3020354582855161
2018-07-12 21:24:00,-0.2594909865023222
2018-07-12 21:25:00,-0.23179470447520992
2018-07-12 21:26:00,-0.21100103289126926
2018-07-12 21:27:00,-0.1902654117113617
2018-07-12 21:28:00,-0.16104668910392797
2018-07-12 21:29:00,-0.1137788927947071
2018-07-12 21:30:00,-0.04930273151269718
2018-07-12 21:31:00,0.02364827186016047
2018-07-12 21:32:00,0.09624445537835913
2018-07-12 21:33:00,0.1661016317055263
2018-07-12 21:34:00,0.23651084198246797
2018-07-12 21:35:00,0.3013128393948113
2018-07-12 21:36:00,0.34767806296609094
2018-07-12 21:37:00,0.3663566188141893
2018-07-12 21:38:00,0.35054409396683633
2018-07-12 21:39:00,0.3027843392483831
2018-07-12 21:40:00,0.24284539039121134
2018-07-12 21:41:00,0.1955711554896331
2018-07-12 21:42:00,0.16969546781329034
2018-07-12 21:43:00,0.16340804983528492
2018-07-12 21:44:00,0.17129969221911845
2018-07-12 21:45:00,0.1817376544511118
2018-07-12 21:46:00,0.18710795624661591
2018-07-12 21:47:00,0.18444864859884916
2018-07-12 21:48:00,0.17004065739970112
2018-07-12 21:49:00,0.14512219716607533
2018-07-12 21:50:00,0.12929980717158399
2018-07-12 21:51:00,0.14527699187913454
2018-07-12 21:52:00,0.1874851728952479
2018-07-12 21:53:00,0.22138055543761656
2018-07-12 21:54:00,0.22202006704364477
2018-07-12 21:55:00,0.18437402664782532
2018-07-12 21:56:00,0.12353598005039157
2018-07-12 21:57:00,0.07006572790133514
2018-07-12 21:58:00,0.04608871501790938
2018-07-12 21:59:00,0.050081815713163
2018-07-12 22:00:00,0.07185697810369451
2018-07-12 22:01:00,0.10205512069976978
2018-07-12 22:02:00,0.13461074427434658
2018-07-12 22:03:00,0.16572626391684447
2018-07-12 22:04:00,0.19766613190445223
2018-07-12 22:05:00,0.23656230990247076
2018-07-12 22:06:00,0.27937697345766455
2018-07-12 22:07:00,0.3138410458574277
2018-07-12 22:08:00,0.33269259084593555
2018-07-12 22:09:00,0.33912802694888633
2018-07-12 22:10:00,0.35012530513995427
2018-07-12 22:11:00,0.38931741396993963
2018-07-12 22:12:00,0.46193258626941774
2018-07-12 22:13:00,0.5470146398900996
2018-07-12 22:14:00,0.6121782659177452
2018-07-12 22:15:00,0.6297193055175336
2018-07-12 22:16:00,0.5880742349801847
2018-07-12 22:17:00,0.5017278740093416
2018-07-12 22:18:00,0.4103081093497025
2018-07-12 22:19:00,0.34020102297979565
2018-07-12 22:20:00,0.2828657269653034
2018-07-12 22:21:00,0.2233658353169914
2018-07-12 22:22:00,0.16175239325212948
2018-07-12 22:23:00,0.11265009678028859
2018-07-12 22:24:00,0.08501542024452959
2018-07-12 22:25:00,0.07449164912691428
2018-07-12 22:26:00,0.07018473091724531
2018-07-12 22:27:00,0.06270167577386432
2018-07-12 22:28:00,0.044481542473536216
2018-07-12 22:29:00,0.01055504079998215
2018-07-12 22:30:00,-0.052642024776476726
2018-07-12 22:31:00,-0.1423477488977021
2018-07-12 22:32:00,-0.23307359228456748
2018-07-12 22:33:00,-0.2978286707114309
2018-07-12 22:34:00,-0.3285239072416875
2018-07-12 22:35:00,-0.338958127668777
2018-07-12 22:36:00,-0.34497643273856554
2018-07-12 22:37:00,-0.34771042079069364
2018-07-12 22:38:00,-0.3397862664383327
2018-07-12 22:39:00,-0.3175688530143946
2018-07-12 22:40:00,-0.2740173701690862
2018-07-12 22:41:00,-0.21037455967118027
2018-07-12 22:42:00,-0.14104812785695633
2018-07-12 22:43:00,-0.07852945669196594
2018-07-12 22:44:00,-0.02585591319305185
2018-07-12 22:45:00,0.0185372428306398
2018-07-12 22:46:00,0.043503563214015155
2018-07-12 22:47:00,0.03442327209105222
2018-07-12 22:48:00,-0.003109435231861833
2018-07-12 22:49:00,-0.049093347676977935
2018-07-12 22:50:00,-0.08478424726771393
2018-07-12 22:51:00,-0.10091693842732431
2018-07-12 22:52:00,-0.10179025753651672
2018-07-12 22:53:00,-0.09164586661943097
2018-07-12 22:54:00,-0.07763240716207175
2018-07-12 22:55:00,-0.06757370353464895
2018-07-12 22:56:00,-0.06604100626723
2018-07-12 22:57:00,-0.07431023017323515
2018-07-12 22:58:00,-0.08584851813272994
2018-07-12 22:59:00,-0.08550287322735028
2018-07-12 23:00:00,-0.06499837003777141
2018-07-12 23:01:00,-0.019412304767179766
2018-07-12 23:02:00,0.05830416239258059
2018-07-12 23:03:00,0.15181024769290608
2018-07-12 23:04:00,0.23325768927403082
2018-07-12 23:05:00,0.2914416393049235
2018-07-12 23:06:00,0.32765750173021146
2018-07-12 23:07:00,0.35033775029925307
2018-07-12 23:08:00,0.36599624290660393
2018-07-12 23:09:00,0.37229404968010543
2018-07-12 23:10:00,0.36946828717192287
2018-07-12 23:11:00,0.3645015245955971
2018-07-12 23:12:00,0.3614100312604736
2018-07-12 23:13:00,0.35380823694958147
2018-07-12 23:14:00,0.33552727764918083
2018-07-12 23:15:00,0.3056618577060842
2018-07-12 23:16:00,0.27371057181280944
2018-07-12 23:17:00,0.2580674205506308
2018-07-12 23:18:00,0.2633481893075851
2018-07-12 23:19:00,0.28293297291152447
2018-07-12 23:20:00,0.3012098350499073
2018-07-12 23:21:00,0.3001370827996716
2018-07-12 23:22:00,0.27507841801473093
2018-07-12 23:23:00,0.23236687362253675
2018-07-12 23:24:00,0.1801704190466177
2018-07-12 23:25:00,0.12873948068133098
2018-07-12 23:26:00,0.08850117564835475
2018-07-12 23:27:00,0.05801809932772098
2018-07-12 23:28:00,0.02975673259420303
2018-07-12 23:29:00,0.0008969314211442493
2018-07-12 23:30:00,-0.0240770687615649
2018-07-12 23:31:00,-0.03918331739061687
2018-07-12 23:32:00,-0.040910871240477965
2018-07-12 23:33:00,-0.027598207168700765
2018-07-12 23:34:00,-0.00041160325576821707
2018-07-12 23:35:00,0.03328305134707693
2018-07-12 23:36:00,0.06897724262027675
2018-07-12 23:37:00,0.0995700548671643
2018-07-12 23:38:00,0.11431782918928084
2018-07-12 23:39:00,0.11051340509574348
2018-07-12 23:40:00,0.0924649903863769
2018-07-12 23:41:00,0.07645711949274432
2018-07-12 23:42:00,0.08323298801324379
2018-07-12 23:43:00,0.11265785750254594
2018-07-12 23:44:00,0.15025839014160122
2018-07-12 23:45:00,0.18807712502301918
2018-07-12 23:46:00,0.22162577315703028
2018-07-12 23:47:00,0.23999167389292578
2018-07-12 23:48:00,0.2336473561869742
2018-07-12 23:49:00,0.20460245321603335
2018-07-12 23:50:00,0.16437545813794785
2018-07-12 23:51:00,0.13137457562797009
2018-07-12 23:52:00,0.1156853063476373
2018-07-12 23:53:00,0.11513947980254413
2018-07-12 23:54:00,0.12128787611380633
2018-07-12 23:55:00,0.12756953869816856
2018-07-12 23:56:00,0.13912383885533078
2018-07-12 23:57:00,0.15723831947408826
2018-07-12 23:58:00,0.1687554904771383
2018-07-12 23:59:00,0.1619224288482414
2018-07-13 00:00:00,0.13681589025008042
2018-07-13 00:01:00,0.10551620749272171
2018-07-13 00:02:00,0.09315485304898459
2018-07-13 00:03:00,0.11583471558002771
2018-07-13 00:04:00,0.16586171881554126
2018-07-13 00:05:00,0.22496801295740196
2018-07-13 00:06:00,0.27698742208044363
2018-07-13 00:07:00,0.32008736571118807
2018-07-13 00:08:00,0.36386662533628283
2018-07-13 00:09:00,0.4059899719370224
2018-07-13 00:10:00,0.4399209027135473
2018-07-13 00:11:00,0.4646301555169005
2018-07-13 00:12:00,0.4797279254869338
2018-07-13 00:13:00,0.4872847888901785
2018-07-13 00:14:00,0.4856899332477778
2018-07-13 00:15:00,0.46897579769583325
2018-07-13 00:16:00,0.44177443815699896
2018-07-13 00:17:00,0.4199743695322651
2018-07-13 00:18:00,0.40921704246840385
2018-07-13 00:19:00,0.41112494397924
2018-07-13 00:20:00,0.4235777712202511
2018-07-13 00:21:00,0.4408552481652183
2018-07-13 00:22:00,0.4532350049388884
2018-07-13 00:23:00,0.4453853257525229
2018-07-13 00:24:00,0.40701849196100687
2018-07-13 00:25:00,0.34457746652060517
2018-07-13 00:26:00,0.28152159823035494
2018-07-13 00:27:00,0.23843288413074926
2018-07-13 00:28:00,0.22124436464739958
2018-07-13 00:29:00,0.22364012692024635
2018-07-13 00:30:00,0.22837569026077845
2018-07-13 00:31:00,0.2208990437439893
2018-07-13 00:32:00,0.20052209524462716
2018-07-13 00:33:00,0.16962265955689446
2018-07-13 00:34:00,0.12263416779559329
2018-07-13 00:35:00,0.053711475389800166
2018-07-13 00:36:00,-0.031879629126396414
2018-07-13 00:37:00,-0.11660662136923017
2018-07-13 00:38:00,-0.187877070131509
2018-07-13 00:39:00,-0.24187278913787044
2018-07-13 00:40:00,-0.274542537445059
2018-07-13 00:41:00,-0.2868439162731276
2018-07-13 00:42:00,-0.28993111281950396
2018-07-13 00:43:00,-0.2923835143613091
2018-07-13 00:44:00,-0.2981247452950497
2018-07-13 00:45:00,-0.30408259139850796
2018-07-13 00:46:00,-0.30691893781600316
2018-07-13 00:47:00,-0.3081477625497882
2018-07-13 00:48:00,-0.30347539770269555
2018-07-13 00:49:00,-0.2827014247174892
2018-07-13 00:50:00,-0.24999658274346062
2018-07-13 00:51:00,-0.22315907958762773
2018-07-13 00:52:00,-0.2074854841729092
2018-07-13 00:53:00,-0.1905770550423375
2018-07-13 00:54:00,-0.15801654083847524
2018-07-13 00:55:00,-0.10358838269885133
2018-07-13 00:56:00,-0.0332664000329505
2018-07-13 00:57:00,0.0421678677475154
2018-07-13 00:58:00,0.11061726808926299
2018-07-13 00:59:00,0.1590847549260023
2018-07-13 01:00:00,0.17685057445069574
2018-07-13 01:01:00,0.15959422659702444
2018-07-13 01:02:00,0.11984287265224092
2018-07-13 01:03:00,0.08364342381318945
2018-07-13 01:04:00,0.06809535924401186
2018-07-13 01:05:00,0.06639820139278384
2018-07-13 01:06:00,0.06468237024538452
2018-07-13 01:07:00,0.049548933185512345
2018-07-13 01:08:00,0.01770255396627813
2018-07-13 01:09:00,-0.019411491241031215
2018-07-13 01:10:00,-0.04063170191757481
2018-07-13 01:11:00,-0.031956156413443286
2018-07-13 01:12:00,0.0032019038294983163
2018-07-13 01:13:00,0.052393473634037346
2018-07-13 01:14:00,0.10891258060653629
2018-07-13 01:15:00,0.16460788521637307
2018-07-13 01:16:00,0.21774347996425983
2018-07-13 01:17:00,0.28038007223800243
2018-07-13 01:18:00,0.3569999583288857
2018-07-13 01:19:00,0.4324883140478868
2018-07-13 01:20:00,0.4889407289044794
2018-07-13 01:21:00,0.5231755569764999
2018-07-13 01:22:00,0.5351930757585853
2018-07-13 01:23:00,0.5248399334742796
2018-07-13 01:24:00,0.5047085385022373
2018-07-13 01:25:00,0.49399075687168365
2018-07-13 01:26:00,0.4972718953951066
2018-07-13 01:27:00,0.49857203855340865
2018-07-13 01:28:00,0.48015395411741735
2018-07-13 01:29:00,0.43864551153777787
2018-07-13 01:30:00,0.37835681508314467
2018-07-13 01:31:00,0.3070654585150593
2018-07-13 01:32:00,0.232387014816535
2018-07-13 01:33:00,0.16002615906919485
2018-07-13 01:34:00,0.09490969406488797
2018-07-13 01:35:00,0.04271822219617808
2018-07-13 01:36:00,-0.0011802171160246496
2018-07-13 01:37:00,-0.05204752759330681
2018-07-13 01:38:00,-0.11400466497999828
2018-07-13 01:39:00,-0.18098063312915283
2018-07-13 01:40:00,-0.2471367421743158
2018-07-13 01:41:00,-0.3029550659832738
2018-07-13 01:42:00,-0.3404653643067963
2018-07-13 01:43:00,-0.35686098783799114
2018-07-13 01:44:00,-0.356488372812037
2018-07-13 01:45:00,-0.3486596779014261
2018-07-13 01:46:00,-0.34286721337734855
2018-07-13 01:47:00,-0.3396386915760317
2018-07-13 01:48:00,-0.333826262635931
2018-07-13 01:49:00,-0.32009258254574335
2018-07-13 01:50:00,-0.29634021159153195
2018-07-13 01:51:00,-0.2698780258538032
2018-07-13 01:52:00,-0.26014459597066203
2018-07-13 01:53:00,-0.27250374575267394
2018-07-13 01:54:00,-0.2824428043474128
2018-07-13 01:55:00,-0.2657474329536717
2018-07-13 01:56:00,-0.22318358471162655
2018-07-13 01:57:00,-0.16795140194471425
2018-07-13 01:58:00,-0.11266243762482035
2018-07-13 01:59:00,-0.06543174735403516
2018-07-13 02:00:00,-0.0312845978527114
2018-07-13 02:01:00,-0.022488704565374117
2018-07-13 02:02:00,-0.04370243136993344
2018-07-13 02:03:00,-0.07730226976615275
2018-07-13 02:04:00,-0.09532328643658843
2018-07-13 02:05:00,-0.08552003941157331
2018-07-13 02:06:00,-0.06192571000068356
2018-07-13 02:07:00,-0.04070449185763035
2018-07-13 02:08:00,-0.0268944814667201
2018-07-13 02:09:00,-0.019666019287868264
2018-07-13 02:10:00,-0.018751936307360103
2018-07-13 02:11:00,-0.029249869146838848
2018-07-13 02:12:00,-0.05323604466157306
2018-07-13 02:13:00,-0.08681716838740224
2018-07-13 02:14:00,-0.11940535384192474
2018-07-13 02:15:00,-0.13825207473057113
2018-07-13 02:16:00,-0.14247744039803853
2018-07-13 02:17:00,-0.14401218598444882
2018-07-13 02:18:00,-0.15094953927052798
2018-07-13 02:19:00,-0.15730557029499226
2018-07-13 02:20:00,-0.15314598792323272
2018-07-13 02:21:00,-0.1344250335594518
2018-07-13 02:22:00,-0.09880661244060908
2018-07-13 02:23:00,-0.04685745317753532
2018-07-13 02:24:00,0.012294736729305034
2018-07-13 02:25:00,0.06845923999269997
2018-07-13 02:26:00,0.1222550986293811
2018-07-13 02:27:00,0.16827740944444358
2018-07-13 02:28:00,0.19323796149854533
2018-07-13 02:29:00,0.1965642103504638
2018-07-13 02:30:00,0.18852263009004097
2018-07-13 02:31:00,0.17785193529045282
2018-07-13 02:32:00,0.1654686748545501
2018-07-13 02:33:00,0.14867703781081418
2018-07-13 02:34:00,0.12038479879398378
2018-07-13 02:35:00,0.07193498241907605
2018-07-13 02:36:00,0.009356096579094947
2018-07-13 02:37:00,-0.04570336678591499
2018-07-13 02:38:00,-0.0803723674012736
2018-07-13 02:39:00,-0.09983427690954622
2018-07-13 02:40:00,-0.11681692544822324
2018-07-13 02:41:00,-0.1351127256167086
2018-07-13 02:42:00,-0.14909669141497142
2018-07-13 02:43:00,-0.14837627403418954
2018-07-13 02:44:00,-0.12912405652251677
2018-07-13 02:45:00,-0.09880872124788798
2018-07-13 02:46:00,-0.06779689047878053
2018-07-13 02:47:00,-0.03091432582218349
2018-07-13 02:48:00,0.01964237758178618
2018-07-13 02:49:00,0.07445191248871814
2018-07-13 02:50:00,0.11291051133709203
2018-07-13 02:51:00,0.1250953552810297
2018-07-13 02:52:00,0.11501956408900182
2018-07-13 02:53:00,0.09233900052851791
2018-07-13 02:54:00,0.06641116836848636
2018-07-13 02:55:00,0.04944658222918361
2018-07-13 02:56:00,0.04263089988590765
2018-07-13 02:57:00,0.034534568071597084
2018-07-13 02:58:00,0.013921745882089331
2018-07-13 02:59:00,-0.019531302610975087
2018-07-13 03:00:00,-0.05663774826742871
2018-07-13 03:01:00,-0.08862474857789987
2018-07-13 03:02:00,-0.11042714965640099
2018-07-13 03:03:00,-0.12791018500250062
2018-07-13 03:04:00,-0.1491293613365224
2018-07-13 03:05:00,-0.17605453266442264
2018-07-13 03:06:00,-0.210491591662315
2018-07-13 03:07:00,-0.2523287229041977
2018-07-13 03:08:00,-0.2939523601315756
2018-07-13 03:09:00,-0.32041601216482984
2018-07-13 03:10:00,-0.3233815791163989
2018-07-13 03:11:00,-0.30907964366176577
2018-07-13 03:12:00,-0.284053843897181
2018-07-13 03:13:00,-0.2563333817582614
2018-07-13 03:14:00,-0.23769230883491899
2018-07-13 03:15:00,-0.2367217533743553
2018-07-13 03:16:00,-0.25362461339928705
2018-07-13 03:17:00,-0.2870756311031793
2018-07-13 03:18:00,-0.3254406557772999
2018-07-13 03:19:00,-0.351872169932779
2018-07-13 03:20:00,-0.36532422960703675
2018-07-13 03:21:00,-0.3664096719060463
2018-07-13 03:22:00,-0.35022556629552803
2018-07-13 03:23:00,-0.3171447441873478
2018-07-13 03:24:00,-0.27795610227654555
2018-07-13 03:25:00,-0.2440896878971146
2018-07-13 03:26:00,-0.21905733752333909
2018-07-13 03:27:00,-0.20068636525062541
2018-07-13 03:28:00,-0.17744403250767785
2018-07-13 03:29:00,-0.13496725389456501
2018-07-13 03:30:00,-0.06758400275339116
2018-07-13 03:31:00,0.014208837576569733
2018-07-13 03:32:00,0.08490143414069574
2018-07-13 03:33:00,0.12008842039368427
2018-07-13 03:34:00,0.11849666443808372
2018-07-13 03:35:00,0.09664862850447668
2018-07-13 03:36:00,0.0706229949669944
2018-07-13 03:37:00,0.04896197876423317
2018-07-13 03:38:00,0.0334746013986917
2018-07-13 03:39:00,0.026637635003852102
2018-07-13 03:40:00,0.027294561583088035
2018-07-13 03:41:00,0.02831437316418325
2018-07-13 03:42:00,0.017033598515068252
2018-07-13 03:43:00,-0.01784230388039072
2018-07-13 03:44:00,-0.0709164226955251
2018-07-13 03:45:00,-0.12052040387692824
2018-07-13 03:46:00,-0.14979011105176734
2018-07-13 03:47:00,-0.15210885669194474
2018-07-13 03:48:00,-0.12528651484995398
2018-07-13 03:49:00,-0.07276440621299461
2018-07-13 03:50:00,-0.005690866479961233
2018-07-13 03:51:00,0.05215354320619403
2018-07-13 03:52:00,0.08220909279429317
2018-07-13 03:53:00,0.08450112732877822
2018-07-13 03:54:00,0.06346205253935665
2018-07-13 03:55:00,0.02368041387062581
2018-07-13 03:56:00,-0.021365894860132868
2018-07-13 03:57:00,-0.05466950257946133
2018-07-13 03:58:00,-0.0729136018670021
2018-07-13 03:59:00,-0.08182002029179097
2018-07-13 04:00:00,-0.08835240709856018
2018-07-13 04:01:00,-0.09933052873124808
2018-07-13 04:02:00,-0.11641583821497324
2018-07-13 04:03:00,-0.13214703430386296
2018-07-13 04:04:00,-0.1419722337386093
2018-07-13 04:05:00,-0.14694342953330117
2018-07-13 04:06:00,-0.1625801795469903
2018-07-13 04:07:00,-0.20843419853988063
2018-07-13 04:08:00,-0.29050748390555553
2018-07-13 04:09:00,-0.3935169630363697
2018-07-13 04:10:00,-0.49400062692344743
2018-07-13 04:11:00,-0.5768201369969594
2018-07-13 04:12:00,-0.632794546684543
2018-07-13 04:13:00,-0.651997460103313
2018-07-13 04:14:00,-0.629592978015383
2018-07-13 04:15:00,-0.5670148699502393
2018-07-13 04:16:00,-0.4759755738213536
2018-07-13 04:17:00,-0.37177909118302166
2018-07-13 04:18:00,-0.2669106419516492
2018-07-13 04:19:00,-0.17054456461669795
2018-07-13 04:20:00,-0.09502935317519473
2018-07-13 04:21:00,-0.05512641950857242
2018-07-13 04:22:00,-0.05373681686610002
2018-07-13 04:23:00,-0.07742423231420581
2018-07-13 04:24:00,-0.11153148227824368
2018-07-13 04:25:00,-0.1473995933904873
2018-07-13 04:26:00,-0.17131979863499067
2018-07-13 04:27:00,-0.17355848637163793
2018-07-13 04:28:00,-0.15834543638593424
2018-07-13 04:29:00,-0.13148507522028965
2018-07-13 04:30:00,-0.09263102161024143
2018-07-13 04:31:00,-0.04290078879617615
2018-07-13 04:32:00,0.009542428899934082
2018-07-13 04:33:00,0.0500684831423279
2018-07-13 04:34:00,0.0636674238292011
2018-07-13 04:35:00,0.05223337389134328
2018-07-13 04:36:00,0.04046669603114065
2018-07-13 04:37:00,0.0467020227480494
2018-07-13 04:38:00,0.072309322349822
2018-07-13 04:39:00,0.11514338321030491
2018-07-13 04:40:00,0.16423105026838028
2018-07-13 04:41:00,0.2000247995221991
2018-07-13 04:42:00,0.2092590357454366
2018-07-13 04:43:00,0.189738372314492
2018-07-13 04:44:00,0.15488251285485752
2018-07-13 04:45:00,0.11901757219531588
2018-07-13 04:46:00,0.08466962924591596
2018-07-13 04:47:00,0.055371369052905635
2018-07-13 04:48:00,0.042709658520381416
2018-07-13 04:49:00,0.053275521568137356
2018-07-13 04:50:00,0.07720949665514244
2018-07-13 04:51:00,0.09844427440068655
2018-07-13 04:52:00,0.11243301833136683
2018-07-13 04:53:00,0.12203454366603951
2018-07-13 04:54:00,0.13335974799901784
2018-07-13 04:55:00,0.14875618184636863
2018-07-13 04:56:00,0.16641022272826064
2018-07-13 04:57:00,0.17915970567635287
2018-07-13 04:58:00,0.17915076252700482
2018-07-13 04:59:00,0.16647757151338363
2018-07-13 05:00:00,0.14629422152617713
2018-07-13 05:01:00,0.1266452100307707
2018-07-13 05:02:00,0.11250136411355183
2018-07-13 05:03:00,0.10294615519462463
2018-07-13 05:04:00,0.09713498140249686
2018-07-13 05:05:00,0.09790331320830507
2018-07-13 05:06:00,0.10038593672664668
2018-07-13 05:07:00,0.09541337663694453
2018-07-13 05:08:00,0.0762518360279134
2018-07-13 05:09:00,0.051646188877248256
2018-07-13 05:10:00,0.032501127634191114
2018-07-13 05:11:00,0.010415711542285216
2018-07-13 05:12:00,-0.020024425920274216
2018-07-13 05:13:00,-0.05372750950842393
2018-07-13 05:14:00,-0.09096725906618426
2018-07-13 05:15:00,-0.13547913433995487
2018-07-13 05:16:00,-0.1907476486734213
2018-07-13 05:17:00,-0.24965219201666253
2018-07-13 05:18:00,-0.29914527857826484
2018-07-13 05:19:00,-0.32863968516894254
2018-07-13 05:20:00,-0.333331531978082
2018-07-13 05:21:00,-0.32702388186511816
2018-07-13 05:22:00,-0.3276389218971104
2018-07-13 05:23:00,-0.33538750115308885
2018-07-13 05:24:00,-0.33991551010456655
2018-07-13 05:25:00,-0.3300169690837162
2018-07-13 05:26:00,-0.30481070254733234
2018-07-13 05:27:00,-0.27240599196014875
2018-07-13 05:28:00,-0.23136108198906177
2018-07-13 05:29:00,-0.1779433621537416
2018-07-13 05:30:00,-0.11833616450786362
2018-07-13 05:31:00,-0.06634580380175373
2018-07-13 05:32:00,-0.04110740728067043
2018-07-13 05:33:00,-0.04362711280112478
2018-07-13 05:34:00,-0.0563032905940346
2018-07-13 05:35:00,-0.06742855439252142
2018-07-13 05:36:00,-0.07036206993937753
2018-07-13 05:37:00,-0.068058465518417
2018-07-13 05:38:00,-0.07267738666422252
2018-07-13 05:39:00,-0.09004531647636689
2018-07-13 05:40:00,-0.11075235555805078
2018-07-13 05:41:00,-0.12028792212893215
2018-07-13 05:42:00,-0.10901833062314475
2018-07-13 05:43:00,-0.0877138422918305
2018-07-13 05:44:00,-0.07778418375430211
2018-07-13 05:45:00,-0.0955716411675973
2018-07-13 05:46:00,-0.15007237832736178
2018-07-13 05:47:00,-0.24416729188864247
2018-07-13 05:48:00,-0.3695529481181081
2018-07-13 05:49:00,-0.4975895699308128
2018-07-13 05:50:00,-0.597702358035766
2018-07-13 05:51:00,-0.6553002658393688
2018-07-13 05:52:00,-0.6622880169878929
2018-07-13 05:53:00,-0.6082747065458008
2018-07-13 05:54:00,-0.49946054129935064
2018-07-13 05:55:00,-0.3694090441458049
2018-07-13 05:56:00,-0.2632389069230263
2018-07-13 05:57:00,-0.2019982768413325
2018-07-13 05:58:00,-0.1783783262494821
2018-07-13 05:59:00,-0.1775959819483829
2018-07-13 06:00:00,-0.1850103803018236
2018-07-13 06:01:00,-0.19540859626122511
2018-07-13 06:02:00,-0.20915879498750303
2018-07-13 06:03:00,-0.22768414424346173
2018-07-13 06:04:00,-0.25267975584854446
2018-07-13 06:05:00,-0.282312393976957
2018-07-13 06:06:00,-0.31734863036121147
2018-07-13 06:07:00,-0.3537615477853686
2018-07-13 06:08:00,-0.3831384136037445
2018-07-13 06:09:00,-0.40284219800618143
2018-07-13 06:10:00,-0.4058821787091656
2018-07-13 06:11:00,-0.3871625410845334
2018-07-13 06:12:00,-0.3557875657416094
2018-07-13 06:13:00,-0.32950978909173506
2018-07-13 06:14:00,-0.3171948324628794
2018-07-13 06:15:00,-0.3270082656780451
2018-07-13 06:16:00,-0.3692890940413023
2018-07-13 06:17:00,-0.43679199055167045
2018-07-13 06:18:00,-0.5077085803132777
2018-07-13 06:19:00,-0.5653895215639618
2018-07-13 06:20:00,-0.6056904185429847
2018-07-13 06:21:00,-0.632901608601287
2018-07-13 06:22:00,-0.6485834820733666
2018-07-13 06:23:00,-0.650469439785028
2018-07-13 06:24:00,-0.6365375485279445
2018-07-13 06:25:00,-0.6176524265546792
2018-07-13 06:26:00,-0.6082676741949903
2018-07-13 06:27:00,-0.5994408610249814
2018-07-13 06:28:00,-0.5703603041916878
2018-07-13 06:29:00,-0.5175507642346601
2018-07-13 06:30:00,-0.4497568260139391
2018-07-13 06:31:00,-0.3754001488562613
2018-07-13 06:32:00,-0.306316287576555
2018-07-13 06:33:00,-0.2498322942113893
2018-07-13 06:34:00,-0.20976469938081496
2018-07-13 06:35:00,-0.18754862988514165
2018-07-13 06:36:00,-0.17693385491807334
2018-07-13 06:37:00,-0.17134753909168096
2018-07-13 06:38:00,-0.1708744440990312
2018-07-13 06:39:00,-0.1735432524012753
2018-07-13 06:40:00,-0.16937238294038978
2018-07-13 06:41:00,-0.15548762458559418
2018-07-13 06:42:00,-0.14609940729452162
2018-07-13 06:43:00,-0.15176315667666967
2018-07-13 06:44:00,-0.16511409726885737
2018-07-13 06:45:00,-0.17675166913633591
2018-07-13 06:46:00,-0.17817663146307802
2018-07-13 06:47:00,-0.1665321614148925
2018-07-13 06:48:00,-0.15611896304034834
2018-07-13 06:49:00,-0.15839299965943118
2018-07-13 06:50:00,-0.1726941777273067
2018-07-13 06:51:00,-0.18643287947742518
2018-07-13 06:52:00,-0.18314317086934337
2018-07-13 06:53:00,-0.1612337383451347
2018-07-13 06:54:00,-0.14044627987795108
2018-07-13 06:55:00,-0.13857173214254295
2018-07-13 06:56:00,-0.1540787740694262
2018-07-13 06:57:00,-0.17301958372515722
2018-07-13 06:58:00,-0.18510806121747636
2018-07-13 06:59:00,-0.18173926031492835
2018-07-13 07:00:00,-0.15585834524776546
2018-07-13 07:01:00,-0.12248272765643546
2018-07-13 07:02:00,-0.104543481629201
2018-07-13 07:03:00,-0.11207449938246049
2018-07-13 07:04:00,-0.13581608152949376
2018-07-13 07:05:00,-0.15508003013978236
2018-07-13 07:06:00,-0.1515737135038889
2018-07-13 07:07:00,-0.11671443227604628
2018-07-13 07:08:00,-0.056758870252629
2018-07-13 07:09:00,0.006493803399349217
2018-07-13 07:10:00,0.05057666565916913
2018-07-13 07:11:00,0.07388960631221332
2018-07-13 07:12:00,0.08525688264183671
2018-07-13 07:13:00,0.09262122035203435
2018-07-13 07:14:00,0.09918651065129659
2018-07-13 07:15:00,0.09949129034665184
2018-07-13 07:16:00,0.09614380558049056
2018-07-13 07:17:00,0.11117872828902635
2018-07-13 07:18:00,0.15867041137332233
2018-07-13 07:19:00,0.21850832066585443
2018-07-13 07:20:00,0.2571620591630822
2018-07-13 07:21:00,0.2544678810766494
2018-07-13 07:22:00,0.20604796666685857
2018-07-13 07:23:00,0.11175422109355594
2018-07-13 07:24:00,-0.008072663518889033
2018-07-13 07:25:00,-0.11448320699057402
2018-07-13 07:26:00,-0.17151619765272919
2018-07-13 07:27:00,-0.17012417376916358
2018-07-13 07:28:00,-0.1289348170613116
2018-07-13 07:29:00,-0.06769716489810362
2018-07-13 07:30:00,0.005275794304013183
2018-07-13 07:31:00,0.08537228454623841
2018-07-13 07:32:00,0.1629246036451531
2018-07-13 07:33:00,0.216311551937135
2018-07-13 07:34:00,0.2287726043122926
2018-07-13 07:35:00,0.2006695500332579
2018-07-13 07:36:00,0.14568450426530208
2018-07-13 07:37:00,0.07887011107690771
2018-07-13 07:38:00,0.0072316480580138
2018-07-13 07:39:00,-0.0646708251146219
2018-07-13 07:40:00,-0.12670718947452858
2018-07-13 07:41:00,-0.17404672547292477
2018-07-13 07:42:00,-0.21705385961186197
2018-07-13 07:43:00,-0.27048181776650976
2018-07-13 07:44:00,-0.3414485493078228
2018-07-13 07:45:00,-0.4189796936520984
2018-07-13 07:46:00,-0.48117214595807273
2018-07-13 07:47:00,-0.5138468426137254
2018-07-13 07:48:00,-0.5136534870992252
2018-07-13 07:49:00,-0.4818976977741099
2018-07-13 07:50:00,-0.43165201680378223
2018-07-13 07:51:00,-0.38569908225128663
2018-07-13 07:52:00,-0.361401856232765
2018-07-13 07:53:00,-0.3623219724575335
2018-07-13 07:54:00,-0.37302671017151695
2018-07-13 07:55:00,-0.36379662622793774
2018-07-13 07:56:00,-0.3174066859223749
2018-07-13 07:57:00,-0.24176563535441867
2018-07-13 07:58:00,-0.16462160361694042
2018-07-13 07:59:00,-0.11510990007910366
2018-07-13 08:00:00,-0.09798795539898408
2018-07-13 08:01:00,-0.09108064884830781
2018-07-13 08:02:00,-0.06378228220688557
2018-07-13 08:03:00,-0.005241713537150686
2018-07-13 08:04:00,0.06689532717451502
2018-07-13 08:05:00,0.127915167284128
2018-07-13 08:06:00,0.16280528596307473
2018-07-13 08:07:00,0.17432607050980964
2018-07-13 08:08:00,0.17557821945887683
2018-07-13 08:09:00,0.1739799849880973
2018-07-13 08:10:00,0.1728476681268537
2018-07-13 08:11:00,0.16971621418320956
2018-07-13 08:12:00,0.15992311824417813
2018-07-13 08:13:00,0.13790512822089948
2018-07-13 08:14:00,0.11014494675592668
2018-07-13 08:15:00,0.100500967015739
2018-07-13 08:16:00,0.12524423201138915
2018-07-13 08:17:00,0.1853340637932015
2018-07-13 08:18:00,0.27195744337089284
2018-07-13 08:19:00,0.3642602178308649
2018-07-13 08:20:00,0.440116933199776
2018-07-13 08:21:00,0.4918832935618323
2018-07-13 08:22:00,0.5126547311599561
2018-07-13 08:23:00,0.49247974696422697
2018-07-13 08:24:00,0.4299085605125779
2018-07-13 08:25:00,0.3393793570324948
2018-07-13 08:26:00,0.25023570892092817
2018-07-13 08:27:00,0.18817468316544605
2018-07-13 08:28:00,0.15679387252973856
2018-07-13 08:29:00,0.14639839963042378
2018-07-13 08:30:00,0.15450601199472494
2018-07-13 08:31:00,0.18143423004073223
2018-07-13 08:32:00,0.21331682571500274
2018-07-13 08:33:00,0.23633843419609965
2018-07-13 08:34:00,0.25301034257348803
2018-07-13 08:35:00,0.26730161022750026
2018-07-13 08:36:00,0.2736805612865412
2018-07-13 08:37:00,0.26860113658926815
2018-07-13 08:38:00,0.25581339498358757
2018-07-13 08:39:00,0.24106827478257334
2018-07-13 08:40:00,0.21819737364083813
2018-07-13 08:41:00,0.17673566227377424
2018-07-13 08:42:00,0.12001727101769415
2018-07-13 08:43:00,0.06032263663226448
2018-07-13 08:44:00,0.014895630260210966
2018-07-13 08:45:00,-0.007442818954112233
2018-07-13 08:46:00,-0.018430825639502737
2018-07-13 08:47:00,-0.0240088158731155
2018-07-13 08:48:00,-0.016623956466975984
2018-07-13 08:49:00,0.00609509399058835
2018-07-13 08:50:00,0.03127442672591579
2018-07-13 08:51:00,0.04383028178930931
2018-07-13 08:52:00,0.03874273447756932
2018-07-13 08:53:00,0.022873098459195215
2018-07-13 08:54:00,-0.0006692208388760666
2018-07-13 08:55:00,-0.029477406311299234
2018-07-13 08:56:00,-0.057793418135026135
2018-07-13 08:57:00,-0.08375539888410932
2018-07-13 08:58:00,-0.11042771525085014
2018-07-13 08:59:00,-0.14028349605562837
2018-07-13 09:00:00,-0.17213247003971444
2018-07-13 09:01:00,-0.20540931853230426
2018-07-13 09:02:00,-0.2444724581046502
2018-07-13 09:03:00,-0.289978446539833
2018-07-13 09:04:00,-0.3318694148210453
2018-07-13 09:05:00,-0.3540044752052467
2018-07-13 09:06:00,-0.34228033497770144
2018-07-13 09:07:00,-0.2950807005583333
2018-07-13 09:08:00,-0.22430027824272417
2018-07-13 09:09:00,-0.14860158577198465
2018-07-13 09:10:00,-0.09278065827388571
2018-07-13 09:11:00,-0.0840480656121953
2018-07-13 09:12:00,-0.12807021478335376
2018-07-13 09:13:00,-0.20194720207070593
2018-07-13 09:14:00,-0.28694142568726805
2018-07-13 09:15:00,-0.3698837704197094
2018-07-13 09:16:00,-0.4325443706911179
2018-07-13 09:17:00,-0.46048764606161763
2018-07-13 09:18:00,-0.4597249786200806
2018-07-13 09:19:00,-0.4508688004074568
2018-07-13 09:20:00,-0.44103810995392007
2018-07-13 09:21:00,-0.42407789708116245
2018-07-13 09:22:00,-0.39276484428550945
2018-07-13 09:23:00,-0.3451315646333178
2018-07-13 09:24:00,-0.28789657636052374
2018-07-13 09:25:00,-0.23263637009562918
2018-07-13 09:26:00,-0.17989289516797083
2018-07-13 09:27:00,-0.12033142887817229
2018-07-13 09:28:00,-0.055881842941868536
2018-07-13 09:29:00,-0.0002293332716531675
2018-07-13 09:30:00,0.04333879930267177
2018-07-13 09:31:00,0.08488757145426178
2018-07-13 09:32:00,0.1294619235804523
2018-07-13 09:33:00,0.17340036575740927
2018-07-13 09:34:00,0.20815647648879232
2018-07-13 09:35:00,0.22739539878866122
2018-07-13 09:36:00,0.23524434041312034
2018-07-13 09:37:00,0.24124130849712688
2018-07-13 09:38:00,0.25383564947001463
2018-07-13 09:39:00,0.2725818257927851
2018-07-13 09:40:00,0.29382653058963376
2018-07-13 09:41:00,0.31450925763674337
2018-07-13 09:42:00,0.3273671591133611
2018-07-13 09:43:00,0.3266940639692028
2018-07-13 09:44:00,0.3144633631003066
2018-07-13 09:45:00,0.29299064277991366
2018-07-13 09:46:00,0.2679297570156433
2018-07-13 09:47:00,0.23957339043297232
2018-07-13 09:48:00,0.19662657430679667
2018-07-13 09:49:00,0.1353822848628426
2018-07-13 09:50:00,0.07897548685780605
2018-07-13 09:51:00,0.05258218408686118
2018-07-13 09:52:00,0.060296225643117145
2018-07-13 09:53:00,0.09097397655738731
2018-07-13 09:54:00,0.12801675051481518
2018-07-13 09:55:00,0.1560468393782199
2018-07-13 09:56:00,0.17443482885747366
2018-07-13 09:57:00,0.19171679239967243
2018-07-13 09:58:00,0.2147906178631782
2018-07-13 09:59:00,0.2507635986826458
2018-07-13 10:00:00,0.3004089564868464
2018-07-13 10:01:00,0.3476229986063908
2018-07-13 10:02:00,0.3649613638916012
2018-07-13 10:03:00,0.33869792085408124
2018-07-13 10:04:00,0.27846867933354297
2018-07-13 10:05:00,0.21125006230018298
2018-07-13 10:06:00,0.16488292880199357
2018-07-13 10:07:00,0.14865828771043488
2018-07-13 10:08:00,0.15862054565620573
2018-07-13 10:09:00,0.19356070391330535
2018-07-13 10:10:00,0.24774418128474243
2018-07-13 10:11:00,0.30936232774426725
2018-07-13 10:12:00,0.3576086859561945
2018-07-13 10:13:00,0.3689766874312895
2018-07-13 10:14:00,0.3315526193234974
2018-07-13 10:15:00,0.2575493723959282
2018-07-13 10:16:00,0.17254869458267294
2018-07-13 10:17:00,0.09431280001532233
2018-07-13 10:18:00,0.031036935874113852
2018-07-13 10:19:00,-0.007283532852249117
2018-07-13 10:20:00,-0.016618834504074715
2018-07-13 10:21:00,-0.009446586618972951
2018-07-13 10:22:00,0.0008324194096709009
2018-07-13 10:23:00,0.01057104953955035
2018-07-13 10:24:00,0.021655636551165147
2018-07-13 10:25:00,0.0339367390833397
2018-07-13 10:26:00,0.040312802485485515
2018-07-13 10:27:00,0.03292991383021238
2018-07-13 10:28:00,0.014179997150105534
2018-07-13 10:29:00,-0.009683558837332332
2018-07-13 10:30:00,-0.03901021480853783
2018-07-13 10:31:00,-0.06986950742726651
2018-07-13 10:32:00,-0.09710758110181529
2018-07-13 10:33:00,-0.12258268042727645
2018-07-13 10:34:00,-0.14627511203429994
2018-07-13 10:35:00,-0.1626920146956123
2018-07-13 10:36:00,-0.16739017602081718
2018-07-13 10:37:00,-0.15492478640645876
2018-07-13 10:38:00,-0.12565957295659966
2018-07-13 10:39:00,-0.09509078300718908
2018-07-13 10:40:00,-0.07758961863814941
2018-07-13 10:41:00,-0.07417864227579951
2018-07-13 10:42:00,-0.08504524048012585
2018-07-13 10:43:00,-0.10737143282822377
2018-07-13 10:44:00,-0.12937926005193523
2018-07-13 10:45:00,-0.13771042444810563
2018-07-13 10:46:00,-0.13100406534628883
2018-07-13 10:47:00,-0.12396823311852191
2018-07-13 10:48:00,-0.13009636542405145
2018-07-13 10:49:00,-0.1584069684395522
2018-07-13 10:50:00,-0.2095159589626835
2018-07-13 10:51:00,-0.2738236720358419
2018-07-13 10:52:00,-0.34670414620857876
2018-07-13 10:53:00,-0.42772411774018143
2018-07-13 10:54:00,-0.5061729025307388
2018-07-13 10:55:00,-0.5643369305320634
2018-07-13 10:56:00,-0.5850396515930939
2018-07-13 10:57:00,-0.5593224603700403
2018-07-13 10:58:00,-0.4899099858808986
2018-07-13 10:59:00,-0.39158979919160136
2018-07-13 11:00:00,-0.28840510377503636
2018-07-13 11:01:00,-0.20000134109779935
2018-07-13 11:02:00,-0.13406277246902448
2018-07-13 11:03:00,-0.09439142434773695
2018-07-13 11:04:00,-0.07612477772575514
2018-07-13 11:05:00,-0.05694545613801192
2018-07-13 11:06:00,-0.019235478285906635
2018-07-13 11:07:00,0.0385513178641503
2018-07-13 11:08:00,0.10728502521356094
2018-07-13 11:09:00,0.16755096053230586
2018-07-13 11:10:00,0.1965093728257373
2018-07-13 11:11:00,0.18899190455572135
2018-07-13 11:12:00,0.16245025544017097
2018-07-13 11:13:00,0.13405290176411655
2018-07-13 11:14:00,0.10779474111524734
2018-07-13 11:15:00,0.0871677786012474
2018-07-13 11:16:00,0.07696665673399333
2018-07-13 11:17:00,0.07972121543629894
2018-07-13 11:18:00,0.09457305670327672
2018-07-13 11:19:00,0.10931492904496382
2018-07-13 11:20:00,0.11575007164030954
2018-07-13 11:21:00,0.12053200610808905
2018-07-13 11:22:00,0.13118325273617595
2018-07-13 11:23:00,0.15094292913590926
2018-07-13 11:24:00,0.1728220675320085
2018-07-13 11:25:00,0.1877059780752951
2018-07-13 11:26:00,0.2001344108348521
2018-07-13 11:27:00,0.21844349422653572
2018-07-13 11:28:00,0.23788973418795958
2018-07-13 11:29:00,0.2469971530166116
2018-07-13 11:30:00,0.24289015781144405
2018-07-13 11:31:00,0.23703178865150662
2018-07-13 11:32:00,0.2351394194743279
2018-07-13 11:33:00,0.22789794912846928
2018-07-13 11:34:00,0.21418345802810587
2018-07-13 11:35:00,0.20559360832992468
2018-07-13 11:36:00,0.20522667098499106
2018-07-13 11:37:00,0.2035729468678585
2018-07-13 11:38:00,0.19172086688550638
2018-07-13 11:39:00,0.1699643319475348
2018-07-13 11:40:00,0.14317107786732505
2018-07-13 11:41:00,0.11368052272250133
2018-07-13 11:42:00,0.077888585911813
2018-07-13 11:43:00,0.03671013446535664
2018-07-13 11:44:00,-0.0076071327278211
2018-07-13 11:45:00,-0.05680854942473076
2018-07-13 11:46:00,-0.10984820321376643
2018-07-13 11:47:00,-0.15929790105027095
2018-07-13 11:48:00,-0.20016902799923586
2018-07-13 11:49:00,-0.23174576570341732
2018-07-13 11:50:00,-0.2537897146465706
2018-07-13 11:51:00,-0.26796595823303443
2018-07-13 11:52:00,-0.27964269139127435
2018-07-13 11:53:00,-0.3027548201730404
2018-07-13 11:54:00,-0.33603213182581365
2018-07-13 11:55:00,-0.3593743177472044
2018-07-13 11:56:00,-0.3549669887206795
2018-07-13 11:57:00,-0.32090759270388425
2018-07-13 11:58:00,-0.26809447066476244
2018-07-13 11:59:00,-0.21262914441867162
2018-07-13 12:00:00,-0.1660621490265709
2018-07-13 12:01:00,-0.13533003699348153
2018-07-13 12:02:00,-0.12551558331793586
2018-07-13 12:03:00,-0.14496283660578202
2018-07-13 12:04:00,-0.19361357669079218
2018-07-13 12:05:00,-0.2572117526096942
2018-07-13 12:06:00,-0.32185553021897106
2018-07-13 12:07:00,-0.37911225963025963
2018-07-13 12:08:00,-0.4154289707194188
2018-07-13 12:09:00,-0.41463730458739256
2018-07-13 12:10:00,-0.3654628066804973
2018-07-13 12:11:00,-0.2721559016328034
2018-07-13 12:12:00,-0.1543454542145897
2018-07-13 12:13:00,-0.03409143442498255
2018-07-13 12:14:00,0.07462758945005765
2018-07-13 12:15:00,0.1739888645763075
2018-07-13 12:16:00,0.2704793230012911
2018-07-13 12:17:00,0.3687533225648565
2018-07-13 12:18:00,0.459443639458613
2018-07-13 12:19:00,0.5291675171806051
2018-07-13 12:20:00,0.570631670434334
2018-07-13 12:21:00,0.5816352054531674
2018-07-13 12:22:00,0.566111257923216
2018-07-13 12:23:00,0.5258569882060904
2018-07-13 12:24:00,0.47007413702340256
2018-07-13 12:25:00,0.41969031592480605
2018-07-13 12:26:00,0.3795834402272935
2018-07-13 12:27:00,0.3417871666952707
2018-07-13 12:28:00,0.3113312274027107
2018-07-13 12:29:00,0.29396949105909365
2018-07-13 12:30:00,0.28602159447731895
2018-07-13 12:31:00,0.2812186720418614
2018-07-13 12:32:00,0.27492669539930015
2018-07-13 12:33:00,0.26896078197110024
2018-07-13 12:34:00,0.2697822772606839
2018-07-13 12:35:00,0.2827835407970023
2018-07-13 12:36:00,0.30185956979353024
2018-07-13 12:37:00,0.31364701492596087
2018-07-13 12:38:00,0.3148317371719576
2018-07-13 12:39:00,0.31716891320792273
2018-07-13 12:40:00,0.3408648173551278
2018-07-13 12:41:00,0.38755927813386254
2018-07-13 12:42:00,0.444917980103712
2018-07-13 12:43:00,0.5026044217878883
2018-07-13 12:44:00,0.5484399879349052
2018-07-13 12:45:00,0.5646668242987505
2018-07-13 12:46:00,0.5452009458483609
2018-07-13 12:47:00,0.5006837991278814
2018-07-13 12:48:00,0.45790003722197664
2018-07-13 12:49:00,0.43607111653791925
2018-07-13 12:50:00,0.43573413728443255
2018-07-13 12:51:00,0.4401997262830262
2018-07-13 12:52:00,0.4352934909857493
2018-07-13 12:53:00,0.4246203901463847
2018-07-13 12:54:00,0.4241471631257747
2018-07-13 12:55:00,0.437213207389374
2018-07-13 12:56:00,0.44354146416810153
2018-07-13 12:57:00,0.42724152049362046
2018-07-13 12:58:00,0.4015208739007597
2018-07-13 12:59:00,0.3864887472780876
2018-07-13 13:00:00,0.3836546088594299
2018-07-13 13:01:00,0.3825047010580382
2018-07-13 13:02:00,0.36754147565769296
2018-07-13 13:03:00,0.3230591936794883
2018-07-13 13:04:00,0.25092511304837445
2018-07-13 13:05:00,0.16819519973324273
2018-07-13 13:06:00,0.08702714433990054
2018-07-13 13:07:00,0.01656430427882575
2018-07-13 13:08:00,-0.026535648526489198
2018-07-13 13:09:00,-0.029495767662908862
2018-07-13 13:10:00,0.00017779938136266616
2018-07-13 13:11:00,0.03461626375510393
2018-07-13 13:12:00,0.04735143308042105
2018-07-13 13:13:00,0.02976865771646303
2018-07-13 13:14:00,-0.006461774676294983
2018-07-13 13:15:00,-0.043687599656213376
2018-07-13 13:16:00,-0.07606118546694868
2018-07-13 13:17:00,-0.09952014841737966
2018-07-13 13:18:00,-0.10565364177341678
2018-07-13 13:19:00,-0.08752740712636647
2018-07-13 13:20:00,-0.04675977942405906
2018-07-13 13:21:00,-0.001251004368174917
2018-07-13 13:22:00,0.028409712965754518
2018-07-13 13:23:00,0.04240739476197778
2018-07-13 13:24:00,0.048881362461763785
2018-07-13 13:25:00,0.051300863738388026
2018-07-13 13:26:00,0.057343121261097356
2018-07-13 13:27:00,0.07539643189586918
2018-07-13 13:28:00,0.10126439902751512
2018-07-13 13:29:00,0.13150830479602413
2018-07-13 13:30:00,0.1652903135810139
2018-07-13 13:31:00,0.19501573463169306
2018-07-13 13:32:00,0.21506082361840284
2018-07-13 13:33:00,0.23645027369484672
2018-07-13 13:34:00,0.2716193175821063
2018-07-13 13:35:00,0.31912994857926613
2018-07-13 13:36:00,0.35950001452649233
2018-07-13 13:37:00,0.3791117530211381
2018-07-13 13:38:00,0.3723563066978616
2018-07-13 13:39:00,0.32415036093684474
2018-07-13 13:40:00,0.23312491587891457
2018-07-13 13:41:00,0.11652775114876517
2018-07-13 13:42:00,0.0016388751192084664
2018-07-13 13:43:00,-0.08650203692740438
2018-07-13 13:44:00,-0.13112124451367033
2018-07-13 13:45:00,-0.12483432930384786
2018-07-13 13:46:00,-0.07595724750940785
2018-07-13 13:47:00,-0.008709011979367833
2018-07-13 13:48:00,0.04417622663403911
2018-07-13 13:49:00,0.06545349112298401
2018-07-13 13:50:00,0.05684255968376082
2018-07-13 13:51:00,0.02090929043836785
2018-07-13 13:52:00,-0.0372492402137106
2018-07-13 13:53:00,-0.09473650729050188
2018-07-13 13:54:00,-0.12071184703119187
2018-07-13 13:55:00,-0.08889066553783935
2018-07-13 13:56:00,0.0034673048166953845
2018-07-13 13:57:00,0.13402583366550655
2018-07-13 13:58:00,0.2762576183828113
2018-07-13 13:59:00,0.40398462914813676
2018-07-13 14:00:00,0.5009792093002284
2018-07-13 14:01:00,0.5636099352934786
2018-07-13 14:02:00,0.5824764843687594
2018-07-13 14:03:00,0.551871202834416
2018-07-13 14:04:00,0.4868928151517891
2018-07-13 14:05:00,0.41680554793849606
2018-07-13 14:06:00,0.36814061120332314
2018-07-13 14:07:00,0.3523914301670523
2018-07-13 14:08:00,0.3572304307025434
2018-07-13 14:09:00,0.35663043821203444
2018-07-13 14:10:00,0.3330722019850711
2018-07-13 14:11:00,0.29388445723792606
2018-07-13 14:12:00,0.25163374664452115
2018-07-13 14:13:00,0.2024777255242751
2018-07-13 14:14:00,0.13724510898395484
2018-07-13 14:15:00,0.061016930461100925
2018-07-13 14:16:00,-0.008146819047352068
2018-07-13 14:17:00,-0.05972392816017965
2018-07-13 14:18:00,-0.09089528641081775
2018-07-13 14:19:00,-0.09921423881275004
2018-07-13 14:20:00,-0.08468070348713512
2018-07-13 14:21:00,-0.04670985167467701
2018-07-13 14:22:00,0.011668434181697733
2018-07-13 14:23:00,0.08711834028194139
2018-07-13 14:24:00,0.17600025039120162
2018-07-13 14:25:00,0.26541833922185026
2018-07-13 14:26:00,0.3486201425828799
2018-07-13 14:27:00,0.42163584313817704
2018-07-13 14:28:00,0.47916270378739423
2018-07-13 14:29:00,0.5210955564673668
2018-07-13 14:30:00,0.5543027709852244
2018-07-13 14:31:00,0.5774201571886688
2018-07-13 14:32:00,0.5796700658373762
2018-07-13 14:33:00,0.5608176336634507
2018-07-13 14:34:00,0.5310213081325853
2018-07-13 14:35:00,0.49027793908611256
2018-07-13 14:36:00,0.43114469644441283
2018-07-13 14:37:00,0.3534033292571666
2018-07-13 14:38:00,0.2744643302027555
2018-07-13 14:39:00,0.2100504714556631
2018-07-13 14:40:00,0.16187086960462607
2018-07-13 14:41:00,0.11922432901072781
2018-07-13 14:42:00,0.08047335332870377
2018-07-13 14:43:00,0.06526524781471178
2018-07-13 14:44:00,0.09264203616908225
2018-07-13 14:45:00,0.15744074241552386
2018-07-13 14:46:00,0.22768487960691855
2018-07-13 14:47:00,0.27841760446020036
2018-07-13 14:48:00,0.3017843804424542
2018-07-13 14:49:00,0.30165917365212414
2018-07-13 14:50:00,0.2833650772647473
2018-07-13 14:51:00,0.2510161604911376
2018-07-13 14:52:00,0.21947623938962266
2018-07-13 14:53:00,0.2080728968833958
2018-07-13 14:54:00,0.2149574099201407
2018-07-13 14:55:00,0.22219775698155816
2018-07-13 14:56:00,0.221336628257271
2018-07-13 14:57:00,0.21626537276644084
2018-07-13 14:58:00,0.21200938908013645
2018-07-13 14:59:00,0.20152282315991718
2018-07-13 15:00:00,0.17615871240404898
2018-07-13 15:01:00,0.1369698257434314
2018-07-13 15:02:00,0.09590331458909218
2018-07-13 15:03:00,0.06231513176757006
2018-07-13 15:04:00,0.03325437137812725
2018-07-13 15:05:00,0.00888669682186905
2018-07-13 15:06:00,-0.009665330091042418
2018-07-13 15:07:00,-0.0303703939047907
2018-07-13 15:08:00,-0.059292854061595256
2018-07-13 15:09:00,-0.08955760195218003
2018-07-13 15:10:00,-0.1136998774874912
2018-07-13 15:11:00,-0.13682699180778596
2018-07-13 15:12:00,-0.17032692141019576
2018-07-13 15:13:00,-0.21105442140533845
2018-07-13 15:14:00,-0.24875669210758558
2018-07-13 15:15:00,-0.27882857666030364
2018-07-13 15:16:00,-0.2993940752580257
2018-07-13 15:17:00,-0.3009272967474341
2018-07-13 15:18:00,-0.2673843452724945
2018-07-13 15:19:00,-0.19705238721311058
2018-07-13 15:20:00,-0.10901906204558387
2018-07-13 15:21:00,-0.029336948652730815
2018-07-13 15:22:00,0.02147461971806405
2018-07-13 15:23:00,0.03420554538558752
2018-07-13 15:24:00,0.01754880097430193
2018-07-13 15:25:00,-0.015093145500872485
2018-07-13 15:26:00,-0.04859763803032382
2018-07-13 15:27:00,-0.0643740165737516
2018-07-13 15:28:00,-0.04414903322433413
2018-07-13 15:29:00,0.0155097525182879
2018-07-13 15:30:00,0.09886353493347606
2018-07-13 15:31:00,0.1817065474478152
2018-07-13 15:32:00,0.24902588034241502
2018-07-13 15:33:00,0.30563650889599564
2018-07-13 15:34:00,0.36642203298486004
2018-07-13 15:35:00,0.4383815524160814
2018-07-13 15:36:00,0.5070822324780065
2018-07-13 15:37:00,0.5513945847589447
2018-07-13 15:38:00,0.5599695403066963
2018-07-13 15:39:00,0.5354821723074101
2018-07-13 15:40:00,0.48970198051058295
2018-07-13 15:41:00,0.4351846242586204
2018-07-13 15:42:00,0.38421204542712833
2018-07-13 15:43:00,0.34138489071564715
2018-07-13 15:44:00,0.29909161416413443
2018-07-13 15:45:00,0.25539051222302755
2018-07-13 15:46:00,0.21201624215433715
2018-07-13 15:47:00,0.16106573320123288
2018-07-13 15:48:00,0.10422909514743728
2018-07-13 15:49:00,0.059254827301700834
2018-07-13 15:50:00,0.0380617583902621
2018-07-13 15:51:00,0.03557725270253412
2018-07-13 15:52:00,0.04400197329725707
2018-07-13 15:53:00,0.05532410088738946
2018-07-13 15:54:00,0.073985125436916
2018-07-13 15:55:00,0.11550258533887658
2018-07-13 15:56:00,0.17798517222004848
2018-07-13 15:57:00,0.23628758583638032
2018-07-13 15:58:00,0.2672422211996454
2018-07-13 15:59:00,0.26694556066442815
2018-07-13 16:00:00,0.24036646644593032
2018-07-13 16:01:00,0.1922018835423842
2018-07-13 16:02:00,0.13060774813226586
2018-07-13 16:03:00,0.07254909703087138
2018-07-13 16:04:00,0.03573784871926848
2018-07-13 16:05:00,0.028301048936539702
2018-07-13 16:06:00,0.04549981577813201
2018-07-13 16:07:00,0.07062251108164164
2018-07-13 16:08:00,0.08764297780316953
2018-07-13 16:09:00,0.09005328263181574
2018-07-13 16:10:00,0.07783336377440714
2018-07-13 16:11:00,0.04936215201115258
2018-07-13 16:12:00,0.0027286975090680516
2018-07-13 16:13:00,-0.05271683211696904
2018-07-13 16:14:00,-0.09992365302424118
2018-07-13 16:15:00,-0.12317673729690592
2018-07-13 16:16:00,-0.11616931834042749
2018-07-13 16:17:00,-0.08825598505587978
2018-07-13 16:18:00,-0.052684408564655505
2018-07-13 16:19:00,-0.0037052696600995837
2018-07-13 16:20:00,0.06328456379234587
2018-07-13 16:21:00,0.1285149304636945
2018-07-13 16:22:00,0.16683421938306395
2018-07-13 16:23:00,0.17371828785841306
2018-07-13 16:24:00,0.1606179656690794
2018-07-13 16:25:00,0.13067608895600516
2018-07-13 16:26:00,0.07871355361826364
2018-07-13 16:27:00,0.001288399195732751
2018-07-13 16:28:00,-0.09861485435018968
2018-07-13 16:29:00,-0.2072860086301911
2018-07-13 16:30:00,-0.3078394289898849
2018-07-13 16:31:00,-0.3837136480358129
2018-07-13 16:32:00,-0.41910519909210064
2018-07-13 16:33:00,-0.40044133569237905
2018-07-13 16:34:00,-0.32681325554395824
2018-07-13 16:35:00,-0.214328824727166
2018-07-13 16:36:00,-0.08962949225573989
2018-07-13 16:37:00,0.015535727797682383
2018-07-13 16:38:00,0.08005745690809458
2018-07-13 16:39:00,0.10638452161393754
2018-07-13 16:40:00,0.10923136521395711
2018-07-13 16:41:00,0.09966122999288081
2018-07-13 16:42:00,0.08358315623895496
2018-07-13 16:43:00,0.0759072089685165
2018-07-13 16:44:00,0.08469018419283346
2018-07-13 16:45:00,0.10062723792675081
2018-07-13 16:46:00,0.11478958597648288
2018-07-13 16:47:00,0.12356511738224514
2018-07-13 16:48:00,0.12424155280136595
2018-07-13 16:49:00,0.1189364824935882
2018-07-13 16:50:00,0.11672019883230206
2018-07-13 16:51:00,0.12276045669525147
2018-07-13 16:52:00,0.1299463957986564
2018-07-13 16:53:00,0.1336318718229355
2018-07-13 16:54:00,0.1327532224636844
2018-07-13 16:55:00,0.12141776447287611
2018-07-13 16:56:00,0.10032124763747818
2018-07-13 16:57:00,0.07665847743904801
2018-07-13 16:58:00,0.051781141570578455
2018-07-13 16:59:00,0.02765854729344533
2018-07-13 17:00:00,0.00933056463599015
2018-07-13 17:01:00,0.002655430459051617
2018-07-13 17:02:00,0.007547882222974333
2018-07-13 17:03:00,0.017484383154535533
2018-07-13 17:04:00,0.021492302434137703
2018-07-13 17:05:00,0.007692888281642533
2018-07-13 17:06:00,-0.027340776658440785
2018-07-13 17:07:00,-0.07424572440497605
2018-07-13 17:08:00,-0.11300655285057404
2018-07-13 17:09:00,-0.1232806543026908
2018-07-13 17:10:00,-0.09661734108765292
2018-07-13 17:11:00,-0.0440409890094336
2018-07-13 17:12:00,0.0093914877850502
2018-07-13 17:13:00,0.04910322664890124
2018-07-13 17:14:00,0.07032101900218106
2018-07-13 17:15:00,0.07436651386983299
2018-07-13 17:16:00,0.0785268246687171
2018-07-13 17:17:00,0.10562817812186791
2018-07-13 17:18:00,0.16164722277229607
2018-07-13 17:19:00,0.22545564006313043
2018-07-13 17:20:00,0.26986978422242114
2018-07-13 17:21:00,0.2772267073484323
2018-07-13 17:22:00,0.24827021854208486
2018-07-13 17:23:00,0.2066802592408382
2018-07-13 17:24:00,0.1773384404446188
2018-07-13 17:25:00,0.1687606028217072
2018-07-13 17:26:00,0.1721156818364711
2018-07-13 17:27:00,0.1777425157728331
2018-07-13 17:28:00,0.18627572961080915
2018-07-13 17:29:00,0.19697211493511727
2018-07-13 17:30:00,0.207756302164398
2018-07-13 17:31:00,0.22481857051324095
2018-07-13 17:32:00,0.2505384706402416
2018-07-13 17:33:00,0.2817715493662996
2018-07-13 17:34:00,0.3176949705867238
2018-07-13 17:35:00,0.3515738722009425
2018-07-13 17:36:00,0.37481016089667846
2018-07-13 17:37:00,0.39384199419810423
2018-07-13 17:38:00,0.41784781111975317
2018-07-13 17:39:00,0.44033335195617673
2018-07-13 17:40:00,0.45352534211361983
2018-07-13 17:41:00,0.45910990258472767
2018-07-13 17:42:00,0.4605564572870961
2018-07-13 17:43:00,0.45041517398411934
2018-07-13 17:44:00,0.4193517579141733
2018-07-13 17:45:00,0.36490271040020517
2018-07-13 17:46:00,0.2916493220866465
2018-07-13 17:47:00,0.21403862279109875
2018-07-13 17:48:00,0.15253347039721926
2018-07-13 17:49:00,0.11382913342536566
2018-07-13 17:50:00,0.09521008514831032
2018-07-13 17:51:00,0.0821743533778045
2018-07-13 17:52:00,0.05319833469710761
2018-07-13 17:53:00,-0.0017109530097213336
2018-07-13 17:54:00,-0.06914123482619662
2018-07-13 17:55:00,-0.11922183572086696
2018-07-13 17:56:00,-0.13296323107560687
2018-07-13 17:57:00,-0.11923944713097161
2018-07-13 17:58:00,-0.09695497587090152
2018-07-13 17:59:00,-0.08199615589607677
2018-07-13 18:00:00,-0.07719146600182031
2018-07-13 18:01:00,-0.08141011566830664
2018-07-13 18:02:00,-0.0925790897314751
2018-07-13 18:03:00,-0.10964606957369417
2018-07-13 18:04:00,-0.13918467212657207
2018-07-13 18:05:00,-0.1804430160097049
2018-07-13 18:06:00,-0.22898498370729173
2018-07-13 18:07:00,-0.274974942724526
2018-07-13 18:08:00,-0.3041351297907815
2018-07-13 18:09:00,-0.3117698502926041
2018-07-13 18:10:00,-0.3068844447542854
2018-07-13 18:11:00,-0.28921788509344815
2018-07-13 18:12:00,-0.2457178100961486
2018-07-13 18:13:00,-0.16620351284299037
2018-07-13 18:14:00,-0.060031084074052686
2018-07-13 18:15:00,0.04910015529470966
2018-07-13 18:16:00,0.13809943572883052
2018-07-13 18:17:00,0.20051354869955287
2018-07-13 18:18:00,0.2480384094403345
2018-07-13 18:19:00,0.29570400690722254
2018-07-13 18:20:00,0.34160136705432026
2018-07-13 18:21:00,0.37092274869513137
2018-07-13 18:22:00,0.38288879928746994
2018-07-13 18:23:00,0.38537979438018044
2018-07-13 18:24:00,0.3799613289981945
2018-07-13 18:25:00,0.35518532669516983
2018-07-13 18:26:00,0.30451337755338803
2018-07-13 18:27:00,0.24067830234115342
2018-07-13 18:28:00,0.17058304319657877
2018-07-13 18:29:00,0.0892241729619737
2018-07-13 18:30:00,0.003739404113457651
2018-07-13 18:31:00,-0.07012737852423878
2018-07-13 18:32:00,-0.1226164428403667
2018-07-13 18:33:00,-0.15323324029802218
2018-07-13 18:34:00,-0.17727497231838787
2018-07-13 18:35:00,-0.21187231689455555
2018-07-13 18:36:00,-0.25604460618363895
2018-07-13 18:37:00,-0.3031646810460174
2018-07-13 18:38:00,-0.3598207872228992
2018-07-13 18:39:00,-0.4263093186904401
2018-07-13 18:40:00,-0.488297288406887
2018-07-13 18:41:00,-0.5283221565151527
2018-07-13 18:42:00,-0.5380067395686446
2018-07-13 18:43:00,-0.5208266835684806
2018-07-13 18:44:00,-0.48630212206755613
2018-07-13 18:45:00,-0.4403014425917801
2018-07-13 18:46:00,-0.38944721421960443
2018-07-13 18:47:00,-0.3388615136640416
2018-07-13 18:48:00,-0.29388544863035704
2018-07-13 18:49:00,-0.2602298547153488
2018-07-13 18:50:00,-0.23532522304135717
2018-07-13 18:51:00,-0.20990468231203377
2018-07-13 18:52:00,-0.17338315894423392
2018-07-13 18:53:00,-0.11708734127716112
2018-07-13 18:54:00,-0.04357342514671475
2018-07-13 18:55:00,0.03688519280952205
2018-07-13 18:56:00,0.10919603688643348
2018-07-13 18:57:00,0.16009711931020987
2018-07-13 18:58:00,0.18474406479884867
2018-07-13 18:59:00,0.18530590328535704
2018-07-13 19:00:00,0.17154300485966031
2018-07-13 19:01:00,0.16195832604486962
2018-07-13 19:02:00,0.1751606523831756
2018-07-13 19:03:00,0.21857237332806045
2018-07-13 19:04:00,0.27902637776935796
2018-07-13 19:05:00,0.33305309650574355
2018-07-13 19:06:00,0.36117654840514496
2018-07-13 19:07:00,0.35646908449920045
2018-07-13 19:08:00,0.32653829808055285
2018-07-13 19:09:00,0.27018228416865075
2018-07-13 19:10:00,0.17687609970264193
2018-07-13 19:11:00,0.05123126254299864
2018-07-13 19:12:00,-0.08709551852653567
2018-07-13 19:13:00,-0.21461614052397515
2018-07-13 19:14:00,-0.3108581991629422
2018-07-13 19:15:00,-0.36762960255553073
2018-07-13 19:16:00,-0.39480503513084936
2018-07-13 19:17:00,-0.4098357097339112
2018-07-13 19:18:00,-0.4159616417842135
2018-07-13 19:19:00,-0.403785666819265
2018-07-13 19:20:00,-0.36881166723389125
2018-07-13 19:21:00,-0.31472640441999605
2018-07-13 19:22:00,-0.24955614757538983
2018-07-13 19:23:00,-0.18415557247512995
2018-07-13 19:24:00,-0.1352928979042835
2018-07-13 19:25:00,-0.11371346852297239
2018-07-13 19:26:00,-0.11708003587801748
2018-07-13 19:27:00,-0.13826914248955674
2018-07-13 19:28:00,-0.1685183464657071
2018-07-13 19:29:00,-0.19639476726381963
2018-07-13 19:30:00,-0.2153710989101882
2018-07-13 19:31:00,-0.22727586577195388
2018-07-13 19:32:00,-0.23823726230043377
2018-07-13 19:33:00,-0.24170808032508206
2018-07-13 19:34:00,-0.23219250784070908
2018-07-13 19:35:00,-0.22375894190948167
2018-07-13 19:36:00,-0.22737887369779772
2018-07-13 19:37:00,-0.2434490792995855
2018-07-13 19:38:00,-0.26728124264621783
2018-07-13 19:39:00,-0.29497792112446364
2018-07-13 19:40:00,-0.32921887643298225
2018-07-13 19:41:00,-0.3680055299711784
2018-07-13 19:42:00,-0.39242654341794236
2018-07-13 19:43:00,-0.3833396771128244
2018-07-13 19:44:00,-0.3365634428450466
2018-07-13 19:45:00,-0.263244319250152
2018-07-13 19:46:00,-0.1865787132449834
2018-07-13 19:47:00,-0.12638802175469432
2018-07-13 19:48:00,-0.0980179825932252
2018-07-13 19:49:00,-0.10407164508240006
2018-07-13 19:50:00,-0.14100164876723373
2018-07-13 19:51:00,-0.20086335177985323
2018-07-13 19:52:00,-0.2650778073039446
2018-07-13 19:53:00,-0.3128910897201631
2018-07-13 19:54:00,-0.33383674877839753
2018-07-13 19:55:00,-0.32470631061604766
2018-07-13 19:56:00,-0.287929665190424
2018-07-13 19:57:00,-0.2318239807403674
2018-07-13 19:58:00,-0.1592040457827523
2018-07-13 19:59:00,-0.06571382793333876
2018-07-13 20:00:00,0.046499698765070985
2018-07-13 20:01:00,0.16032855471552795
2018-07-13 20:02:00,0.2500221365713003
2018-07-13 20:03:00,0.30431133345535616
2018-07-13 20:04:00,0.32182641553788544
2018-07-13 20:05:00,0.3144003151608622
2018-07-13 20:06:00,0.3039173153347267
2018-07-13 20:07:00,0.3077553177978893
2018-07-13 20:08:00,0.3249573707356058
2018-07-13 20:09:00,0.3351463160288492
2018-07-13 20:10:00,0.3257739730618631
2018-07-13 20:11:00,0.2961743270942629
2018-07-13 20:12:00,0.2511998878658473
2018-07-13 20:13:00,0.2042087863001445
2018-07-13 20:14:00,0.16709764003990535
2018-07-13 20:15:00,0.14365261817679464
2018-07-13 20:16:00,0.14006099131747485
2018-07-13 20:17:00,0.16005006559264442
2018-07-13 20:18:00,0.1974409265579379
2018-07-13 20:19:00,0.23780622656072925
2018-07-13 20:20:00,0.27243773746079686
2018-07-13 20:21:00,0.3028490566321088
2018-07-13 20:22:00,0.32439470011383525
2018-07-13 20:23:00,0.32401423273880203
2018-07-13 20:24:00,0.30528143805827207
2018-07-13 20:25:00,0.2885955058768191
2018-07-13 20:26:00,0.29121667370831844
2018-07-13 20:27:00,0.3138740889922507
2018-07-13 20:28:00,0.34852969396467964
2018-07-13 20:29:00,0.387118484834237
2018-07-13 20:30:00,0.42518657712550295
2018-07-13 20:31:00,0.4551845743004907
2018-07-13 20:32:00,0.4676756079309327
2018-07-13 20:33:00,0.45489978827171046
2018-07-13 20:34:00,0.41651469663373913
2018-07-13 20:35:00,0.36269757640243633
2018-07-13 20:36:00,0.3074756553661709
2018-07-13 20:37:00,0.2558493832901993
2018-07-13 20:38:00,0.2043124880326135
2018-07-13 20:39:00,0.1576963621972058
2018-07-13 20:40:00,0.12652003396934836
2018-07-13 20:41:00,0.11957826917004921
2018-07-13 20:42:00,0.14621370667979997
2018-07-13 20:43:00,0.20910254177258258
2018-07-13 20:44:00,0.2952693170476343
2018-07-13 20:45:00,0.3815300339462646
2018-07-13 20:46:00,0.4459877997769121
2018-07-13 20:47:00,0.4764002755907993
2018-07-13 20:48:00,0.4717515938490921
2018-07-13 20:49:00,0.4371799152200997
2018-07-13 20:50:00,0.39499972427376123
2018-07-13 20:51:00,0.36027647836501586
2018-07-13 20:52:00,0.32409601029186186
2018-07-13 20:53:00,0.2712099904364672
2018-07-13 20:54:00,0.2017201423733392
2018-07-13 20:55:00,0.1333413057750956
2018-07-13 20:56:00,0.08291113611974711
2018-07-13 20:57:00,0.05534023570247329
2018-07-13 20:58:00,0.047595055989244205
2018-07-13 20:59:00,0.06253989437233103
2018-07-13 21:00:00,0.10612229784677309
2018-07-13 21:01:00,0.1705078407887155
2018-07-13 21:02:00,0.2345700225138403
2018-07-13 21:03:00,0.28223640173354436
2018-07-13 21:04:00,0.31218756262785136
2018-07-13 21:05:00,0.32304580956553913
2018-07-13 21:06:00,0.3177752167825623
2018-07-13 21:07:00,0.3011695256001701
2018-07-13 21:08:00,0.27481910275276505
2018-07-13 21:09:00,0.24495352064035536
2018-07-13 21:10:00,0.22266789484162774
2018-07-13 21:11:00,0.20718782322170323
2018-07-13 21:12:00,0.18890592841107265
2018-07-13 21:13:00,0.16641305013448102
2018-07-13 21:14:00,0.1368161593210028
2018-07-13 21:15:00,0.0960975629324176
2018-07-13 21:16:00,0.04386001925053695
2018-07-13 21:17:00,-0.013746971215870632
2018-07-13 21:18:00,-0.06271598794954801
2018-07-13 21:19:00,-0.08843423320441797
2018-07-13 21:20:00,-0.08860516261992117
2018-07-13 21:21:00,-0.07837942214706717
2018-07-13 21:22:00,-0.0785137798215156
2018-07-13 21:23:00,-0.10005241066558875
2018-07-13 21:24:00,-0.14402560080683344
2018-07-13 21:25:00,-0.21079947244912323
2018-07-13 21:26:00,-0.2866335350281776
2018-07-13 21:27:00,-0.35081533639772006
2018-07-13 21:28:00,-0.3926309469328996
2018-07-13 21:29:00,-0.4162762249504661
2018-07-13 21:30:00,-0.429051514169347
2018-07-13 21:31:00,-0.42257984525120956
2018-07-13 21:32:00,-0.3844757009024265
2018-07-13 21:33:00,-0.3193829842212064
2018-07-13 21:34:00,-0.2506693719955098
2018-07-13 21:35:00,-0.20775832418351844
2018-07-13 21:36:00,-0.20481490600096705
2018-07-13 21:37:00,-0.23110355392093
2018-07-13 21:38:00,-0.26820511595601687
2018-07-13 21:39:00,-0.2988379901877262
2018-07-13 21:40:00,-0.3082466575711086
2018-07-13 21:41:00,-0.2869212162095607
2018-07-13 21:42:00,-0.2387652638873582
2018-07-13 21:43:00,-0.17801253222390515
2018-07-13 21:44:00,-0.11429376821991995
2018-07-13 21:45:00,-0.04843618996284255
2018-07-13 21:46:00,0.017399810350382464
2018-07-13 21:47:00,0.07576988844642386
2018-07-13 21:48:00,0.12693261231640204
2018-07-13 21:49:00,0.17050575031634652
2018-07-13 21:50:00,0.20293522255617155
2018-07-13 21:51:00,0.22331257594792953
2018-07-13 21:52:00,0.23454411168975073
2018-07-13 21:53:00,0.23940277971202964
2018-07-13 21:54:00,0.230692308136781
2018-07-13 21:55:00,0.20693988282894127
2018-07-13 21:56:00,0.17403804799190525
2018-07-13 21:57:00,0.14083681485623126
2018-07-13 21:58:00,0.11632378307385305
2018-07-13 21:59:00,0.10054364542576631
2018-07-13 22:00:00,0.09409358683184471
2018-07-13 22:01:00,0.10419984823879656
2018-07-13 22:02:00,0.1304343888932146
2018-07-13 22:03:00,0.155335581381181
2018-07-13 22:04:00,0.15961182983257236
2018-07-13 22:05:00,0.1426927824855955
2018-07-13 22:06:00,0.1164178399618535
2018-07-13 22:07:00,0.09492556996691394
2018-07-13 22:08:00,0.08667017799650197
2018-07-13 22:09:00,0.09068841840428321
2018-07-13 22:10:00,0.10183414510952815
2018-07-13 22:11:00,0.12028458039341017
2018-07-13 22:12:00,0.15167993565620816
2018-07-13 22:13:00,0.19645231194717297
2018-07-13 22:14:00,0.248898222671075
2018-07-13 22:15:00,0.29333214108058153
2018-07-13 22:16:00,0.31067903986436124
2018-07-13 22:17:00,0.2943039252782154
2018-07-13 22:18:00,0.2495478651521652
2018-07-13 22:19:00,0.1922259725204821
2018-07-13 22:20:00,0.14678597801981547
2018-07-13 22:21:00,0.13092309831396118
2018-07-13 22:22:00,0.14572022352953695
2018-07-13 22:23:00,0.1757948851448612
2018-07-13 22:24:00,0.19685584852690305
2018-07-13 22:25:00,0.19204070906400772
2018-07-13 22:26:00,0.1599912906663442
2018-07-13 22:27:00,0.11005639416011159
2018-07-13 22:28:00,0.0564482721397456
2018-07-13 22:29:00,0.01821573974996575
2018-07-13 22:30:00,0.012087240085927218
2018-07-13 22:31:00,0.03733437993678188
2018-07-13 22:32:00,0.07176489058083098
2018-07-13 22:33:00,0.08724960956896427
2018-07-13 22:34:00,0.07250734153677102
2018-07-13 22:35:00,0.04106921104478773
2018-07-13 22:36:00,0.02179027579826495
2018-07-13 22:37:00,0.027723459065507817
2018-07-13 22:38:00,0.05215695274868034
2018-07-13 22:39:00,0.0861330949094014
2018-07-13 22:40:00,0.11929214826488511
2018-07-13 22:41:00,0.14130119225334686
2018-07-13 22:42:00,0.14220034233551046
2018-07-13 22:43:00,0.1261235802388103
2018-07-13 22:44:00,0.1144481147203042
2018-07-13 22:45:00,0.11921070452803746
2018-07-13 22:46:00,0.13083564373525455
2018-07-13 22:47:00,0.14699274457220954
2018-07-13 22:48:00,0.17409349789357717
2018-07-13 22:49:00,0.20351250700014298
2018-07-13 22:50:00,0.2165393645479621
2018-07-13 22:51:00,0.19749586711791264
2018-07-13 22:52:00,0.14828084848475578
2018-07-13 22:53:00,0.0976456061914795
2018-07-13 22:54:00,0.07872335716448726
2018-07-13 22:55:00,0.1056612327435164
2018-07-13 22:56:00,0.16729462689024732
2018-07-13 22:57:00,0.23490127896676607
2018-07-13 22:58:00,0.2850253769106412
2018-07-13 22:59:00,0.312414501560112
2018-07-13 23:00:00,0.32758976892356256
2018-07-13 23:01:00,0.3355698515399707
2018-07-13 23:02:00,0.33764113664080764
2018-07-13 23:03:00,0.33741033905862056
2018-07-13 23:04:00,0.3379504906199842
2018-07-13 23:05:00,0.3378343869146525
2018-07-13 23:06:00,0.32323378958013366
2018-07-13 23:07:00,0.27985311616716896
2018-07-13 23:08:00,0.21606554678500636
2018-07-13 23:09:00,0.14919929792272343
2018-07-13 23:10:00,0.09516802704951381
2018-07-13 23:11:00,0.06929309760660018
2018-07-13 23:12:00,0.07793825107750792
2018-07-13 23:13:00,0.10758672968671153
2018-07-13 23:14:00,0.13697624275000705
2018-07-13 23:15:00,0.158261463448653
2018-07-13 23:16:00,0.17251435317857855
2018-07-13 23:17:00,0.17621498030060237
2018-07-13 23:18:00,0.16291027323007556
2018-07-13 23:19:00,0.13443731117695257
2018-07-13 23:20:00,0.10339725143840998
2018-07-13 23:21:00,0.08490509871625551
2018-07-13 23:22:00,0.08576408000548973
2018-07-13 23:23:00,0.09709845293152312
2018-07-13 23:24:00,0.10807205392715086
2018-07-13 23:25:00,0.11892952796288953
2018-07-13 23:26:00,0.12603888404532784
2018-07-13 23:27:00,0.1135111561996689
2018-07-13 23:28:00,0.07112360131702813
2018-07-13 23:29:00,0.010178140956171535
2018-07-13 23:30:00,-0.054738654157274635
2018-07-13 23:31:00,-0.12156501795978288
2018-07-13 23:32:00,-0.18635331760450577
2018-07-13 23:33:00,-0.23430461222596857
2018-07-13 23:34:00,-0.25287785252312484
2018-07-13 23:35:00,-0.23010820642205945
2018-07-13 23:36:00,-0.16149219953753366
2018-07-13 23:37:00,-0.06512642229096208
2018-07-13 23:38:00,0.028207658335654782
2018-07-13 23:39:00,0.09652915619471253
2018-07-13 23:40:00,0.12751353772180585
2018-07-13 23:41:00,0.1188555232389407
2018-07-13 23:42:00,0.08166159756891057
2018-07-13 23:43:00,0.036555213704243784
2018-07-13 23:44:00,0.0045703381643385005
2018-07-13 23:45:00,-0.0034675432318010545
2018-07-13 23:46:00,0.014266737581321567
2018-07-13 23:47:00,0.053180091870029096
2018-07-13 23:48:00,0.11191332044833131
2018-07-13 23:49:00,0.18697232617384676
2018-07-13 23:50:00,0.26142832514161224
2018-07-13 23:51:00,0.31815573335332936
2018-07-13 23:52:00,0.34935108497153183
2018-07-13 23:53:00,0.3579116792615245
2018-07-13 23:54:00,0.353085280770955
2018-07-13 23:55:00,0.34783078284732477
2018-07-13 23:56:00,0.3595595593157812
2018-07-13 23:57:00,0.39284520193245936
2018-07-13 23:58:00,0.43136903835060786
2018-07-13 23:59:00,0.4570594976330977
