Timestamp,Signal
2018-01-11 00:00:00,-0.017404326424336286
2018-01-11 00:00:10,-0.008780429938265732
2018-01-11 00:00:20,-0.0009226442370074648
2018-01-11 00:00:30,0.006024484687737588
2018-01-11 00:00:40,0.011920347530786461
2018-01-11 00:00:50,0.016633015399301985
2018-01-11 00:01:00,0.02004467551661751
2018-01-11 00:01:10,0.0220542941974673
2018-01-11 00:01:20,0.022580760182751507
2018-01-11 00:01:30,0.021569468375243515
2018-01-11 00:01:40,0.01899815310186898
2018-01-11 00:01:50,0.014879119417674542
2018-01-11 00:02:00,0.00925933483266587
2018-01-11 00:02:10,0.002219205012081955
2018-01-11 00:02:20,-0.006129842393588083
2018-01-11 00:02:30,-0.015650894734295276
2018-01-11 00:02:40,-0.0261922197027725
2018-01-11 00:02:50,-0.037599254931243116
2018-01-11 00:03:00,-0.049722756860030866
2018-01-11 00:03:10,-0.06242242458623814
2018-01-11 00:03:20,-0.07556897588881513
2018-01-11 00:03:30,-0.08904711660280357
2018-01-11 00:03:40,-0.1027561527792032
2018-01-11 00:03:50,-0.11660537871527342
2018-01-11 00:04:00,-0.130509053864323
2018-01-11 00:04:10,-0.14438623119688695
2018-01-11 00:04:20,-0.1581641126035323
2018-01-11 00:04:30,-0.17178068976813157
2018-01-11 00:04:40,-0.18518570044831606
2018-01-11 00:04:50,-0.19834086384657534
2018-01-11 00:05:00,-0.21121934040459675
2018-01-11 00:05:10,-0.22380528363872135
2018-01-11 00:05:20,-0.2360929664564487
2018-01-11 00:05:30,-0.24808167008456725
2018-01-11 00:05:40,-0.25976709900735934
2018-01-11 00:05:50,-0.2711356164400027
2018-01-11 00:06:00,-0.28216249740448457
2018-01-11 00:06:10,-0.2928112666663749
2018-01-11 00:06:20,-0.30303460936429555
2018-01-11 00:06:30,-0.31277922752530835
2018-01-11 00:06:40,-0.32199429599552953
2018-01-11 00:06:50,-0.3306377772178245
2018-01-11 00:07:00,-0.33867528292528093
2018-01-11 00:07:10,-0.3460740540261056
2018-01-11 00:07:20,-0.3527978359000706
2018-01-11 00:07:30,-0.3588055688708572
2018-01-11 00:07:40,-0.36405481882551116
2018-01-11 00:07:50,-0.3685085760065683
2018-01-11 00:08:00,-0.3721406674922832
2018-01-11 00:08:10,-0.37493538071168975
2018-01-11 00:08:20,-0.37688327382479975
2018-01-11 00:08:30,-0.3779801239790076
2018-01-11 00:08:40,-0.3782303680997502
2018-01-11 00:08:50,-0.377650545131364
2018-01-11 00:09:00,-0.3762714888596734
2018-01-11 00:09:10,-0.374138630084226
2018-01-11 00:09:20,-0.3713074786840926
2018-01-11 00:09:30,-0.3678358258150276
2018-01-11 00:09:40,-0.36377902859666106
2018-01-11 00:09:50,-0.35919080321460445
2018-01-11 00:10:00,-0.3541247025726033
2018-01-11 00:10:10,-0.34863213503569174
2018-01-11 00:10:20,-0.3427595677255481
2018-01-11 00:10:30,-0.3365494266353214
2018-01-11 00:10:40,-0.33004594781469115
2018-01-11 00:10:50,-0.3233038740441113
2018-01-11 00:11:00,-0.31639401337482775
2018-01-11 00:11:10,-0.3094010409122899
2018-01-11 00:11:20,-0.3024169450514397
2018-01-11 00:11:30,-0.2955350661868255
2018-01-11 00:11:40,-0.2888457560538852
2018-01-11 00:11:50,-0.2824347712415994
2018-01-11 00:12:00,-0.27638322487517064
2018-01-11 00:12:10,-0.27076444682000694
2018-01-11 00:12:20,-0.2656371678152935
2018-01-11 00:12:30,-0.2610397011952001
2018-01-11 00:12:40,-0.2569900241758976
2018-01-11 00:12:50,-0.25349063230420205
2018-01-11 00:13:00,-0.2505317450430788
2018-01-11 00:13:10,-0.24809163980417817
2018-01-11 00:13:20,-0.24613843041626726
2018-01-11 00:13:30,-0.24463608309459517
2018-01-11 00:13:40,-0.24355272101430742
2018-01-11 00:13:50,-0.24286461383631666
2018-01-11 00:14:00,-0.24255264065324061
2018-01-11 00:14:10,-0.24259698712456984
2018-01-11 00:14:20,-0.2429770487597074
2018-01-11 00:14:30,-0.24367527049446985
2018-01-11 00:14:40,-0.24467832164189965
2018-01-11 00:14:50,-0.24597396955418946
2018-01-11 00:15:00,-0.24754786275856283
2018-01-11 00:15:10,-0.2493818397769189
2018-01-11 00:15:20,-0.2514512074685231
2018-01-11 00:15:30,-0.25372020166894776
2018-01-11 00:15:40,-0.2561385790258085
2018-01-11 00:15:50,-0.25864191620833227
2018-01-11 00:16:00,-0.26115516832144053
2018-01-11 00:16:10,-0.26359824870059984
2018-01-11 00:16:20,-0.2658910780162638
2018-01-11 00:16:30,-0.26795467149677776
2018-01-11 00:16:40,-0.269709213826594
2018-01-11 00:16:50,-0.2710735929201934
2018-01-11 00:17:00,-0.2719692130891317
2018-01-11 00:17:10,-0.2723267270309309
2018-01-11 00:17:20,-0.2720922345943011
2018-01-11 00:17:30,-0.27123215415816737
2018-01-11 00:17:40,-0.26973705742488724
2018-01-11 00:17:50,-0.2676216856479366
2018-01-11 00:18:00,-0.26491856751850024
2018-01-11 00:18:10,-0.26166846148020306
2018-01-11 00:18:20,-0.2579135939010695
2018-01-11 00:18:30,-0.2536965346863653
2018-01-11 00:18:40,-0.24906519700973206
2018-01-11 00:18:50,-0.244081053847778
2018-01-11 00:19:00,-0.23882306891141541
2018-01-11 00:19:10,-0.23338277497607787
2018-01-11 00:19:20,-0.2278550739620494
2018-01-11 00:19:30,-0.22233228928437443
2018-01-11 00:19:40,-0.21690353451720298
2018-01-11 00:19:50,-0.21165742355184558
2018-01-11 00:20:00,-0.2066839337518033
2018-01-11 00:20:10,-0.2020711741423666
2018-01-11 00:20:20,-0.1978992805492308
2018-01-11 00:20:30,-0.19423666190859087
2018-01-11 00:20:40,-0.1911388817526966
2018-01-11 00:20:50,-0.1886488657641731
2018-01-11 00:21:00,-0.18679678812196795
2018-01-11 00:21:10,-0.18559559095156883
2018-01-11 00:21:20,-0.18503472839554141
2018-01-11 00:21:30,-0.18507943360485016
2018-01-11 00:21:40,-0.18567423572474956
2018-01-11 00:21:50,-0.18674693387644828
2018-01-11 00:22:00,-0.18821448822118592
2018-01-11 00:22:10,-0.18999054373086477
2018-01-11 00:22:20,-0.19199147083188983
2018-01-11 00:22:30,-0.19413997271611652
2018-01-11 00:22:40,-0.1963664293809902
2018-01-11 00:22:50,-0.1986073511249399
2018-01-11 00:23:00,-0.20080253371618612
2018-01-11 00:23:10,-0.20289394316200002
2018-01-11 00:23:20,-0.20482569613822046
2018-01-11 00:23:30,-0.20654432697952388
2018-01-11 00:23:40,-0.20799932266323598
2018-01-11 00:23:50,-0.20914160005704502
2018-01-11 00:24:00,-0.20992178963650818
2018-01-11 00:24:10,-0.21029162641633886
2018-01-11 00:24:20,-0.21020474195024844
2018-01-11 00:24:30,-0.2096143264828803
2018-01-11 00:24:40,-0.20847290850106398
2018-01-11 00:24:50,-0.2067379609137845
2018-01-11 00:25:00,-0.20437820416364838
2018-01-11 00:25:10,-0.2013747617983528
2018-01-11 00:25:20,-0.1977185176792939
2018-01-11 00:25:30,-0.19340765153986675
2018-01-11 00:25:40,-0.18844741389910868
2018-01-11 00:25:50,-0.18285150091987143
2018-01-11 00:26:00,-0.17664311582529874
2018-01-11 00:26:10,-0.16985515214091787
2018-01-11 00:26:20,-0.1625278147167039
2018-01-11 00:26:30,-0.15470353612970292
2018-01-11 00:26:40,-0.1464246954146385
2018-01-11 00:26:50,-0.13773637482368697
2018-01-11 00:27:00,-0.12869038893926765
2018-01-11 00:27:10,-0.11934712971824042
2018-01-11 00:27:20,-0.10977385820271296
2018-01-11 00:27:30,-0.10004208908229108
2018-01-11 00:27:40,-0.09022646036986498
2018-01-11 00:27:50,-0.08040275581896099
2018-01-11 00:28:00,-0.07064291076934619
2018-01-11 00:28:10,-0.06100726393697803
2018-01-11 00:28:20,-0.05153793761924555
2018-01-11 00:28:30,-0.04225924160741184
2018-01-11 00:28:40,-0.033185491793530794
2018-01-11 00:28:50,-0.024331398543872028
2018-01-11 00:29:00,-0.015720457408289947
2018-01-11 00:29:10,-0.007389037598213107
2018-01-11 00:29:20,0.0006135465426866931
2018-01-11 00:29:30,0.008227318534079186
2018-01-11 00:29:40,0.015385074708462466
2018-01-11 00:29:50,0.022016738239322656
2018-01-11 00:30:00,0.028055148389303824
2018-01-11 00:30:10,0.03344493195402898
2018-01-11 00:30:20,0.03815318241542021
2018-01-11 00:30:30,0.0421744456482084
2018-01-11 00:30:40,0.04552663531994853
2018-01-11 00:30:50,0.04824458116751485
2018-01-11 00:31:00,0.05037723718499563
2018-01-11 00:31:10,0.051988625911610416
2018-01-11 00:31:20,0.053160831798818704
2018-01-11 00:31:30,0.05399617037571127
2018-01-11 00:31:40,0.05461466966472196
2018-01-11 00:31:50,0.05514580188009891
2018-01-11 00:32:00,0.05571894878827289
2018-01-11 00:32:10,0.05645906749208662
2018-01-11 00:32:20,0.05748737882858303
2018-01-11 00:32:30,0.058920659782336564
2018-01-11 00:32:40,0.060867676481498094
2018-01-11 00:32:50,0.06342663722044921
2018-01-11 00:33:00,0.06668351820611343
2018-01-11 00:33:10,0.07070937655556002
2018-01-11 00:33:20,0.07555736049548893
2018-01-11 00:33:30,0.08125887845095757
2018-01-11 00:33:40,0.08781935968657219
2018-01-11 00:33:50,0.09521750546853397
2018-01-11 00:34:00,0.10340977519639605
2018-01-11 00:34:10,0.11233656012051164
2018-01-11 00:34:20,0.12192324038788928
2018-01-11 00:34:30,0.13207362317946167
2018-01-11 00:34:40,0.1426623799972815
2018-01-11 00:34:50,0.15353282590012216
2018-01-11 00:35:00,0.16450106058748226
2018-01-11 00:35:10,0.17536775343044517
2018-01-11 00:35:20,0.18593480141229515
2018-01-11 00:35:30,0.19601894175908635
2018-01-11 00:35:40,0.20546025913068255
2018-01-11 00:35:50,0.21412780411641238
2018-01-11 00:36:00,0.22192206847361484
2018-01-11 00:36:10,0.22877461404792526
2018-01-11 00:36:20,0.23464566120504116
2018-01-11 00:36:30,0.23951923803891223
2018-01-11 00:36:40,0.2433970759277093
2018-01-11 00:36:50,0.24629524458094806
2018-01-11 00:37:00,0.2482462500885817
2018-01-11 00:37:10,0.24930218475736202
2018-01-11 00:37:20,0.24953289045405808
2018-01-11 00:37:30,0.24901947802654853
2018-01-11 00:37:40,0.2478470088338947
2018-01-11 00:37:50,0.24610109411529704
2018-01-11 00:38:00,0.24386900708700465
2018-01-11 00:38:10,0.2412389259736407
2018-01-11 00:38:20,0.23829489257853453
2018-01-11 00:38:30,0.23511243431497184
2018-01-11 00:38:40,0.23175700554757261
2018-01-11 00:38:50,0.22828325444097736
2018-01-11 00:39:00,0.22473438706191062
2018-01-11 00:39:10,0.22114249451526174
2018-01-11 00:39:20,0.21753278854797947
2018-01-11 00:39:30,0.21393126760228867
2018-01-11 00:39:40,0.21036759469458519
2018-01-11 00:39:50,0.20687039250778588
2018-01-11 00:40:00,0.20346207524982188
2018-01-11 00:40:10,0.20015744431944313
2018-01-11 00:40:20,0.19696363672065909
2018-01-11 00:40:30,0.19387915958653879
2018-01-11 00:40:40,0.19089415845236932
2018-01-11 00:40:50,0.18799347353370313
2018-01-11 00:41:00,0.1851582468577089
2018-01-11 00:41:10,0.18236276788519976
2018-01-11 00:41:20,0.1795690144665568
2018-01-11 00:41:30,0.17672277241015802
2018-01-11 00:41:40,0.17375489765314858
2018-01-11 00:41:50,0.17058700980517852
2018-01-11 00:42:00,0.16713504083924982
2018-01-11 00:42:10,0.16331071484923157
2018-01-11 00:42:20,0.15902901660526597
2018-01-11 00:42:30,0.1542206580053279
2018-01-11 00:42:40,0.14883866000998938
2018-01-11 00:42:50,0.1428565215100586
2018-01-11 00:43:00,0.13626652190575173
2018-01-11 00:43:10,0.12908181267211152
2018-01-11 00:43:20,0.12133941485334845
2018-01-11 00:43:30,0.11310360800436085
2018-01-11 00:43:40,0.10446854684532357
2018-01-11 00:43:50,0.09555596446598949
2018-01-11 00:44:00,0.08650506342436072
2018-01-11 00:44:10,0.07745741075258854
2018-01-11 00:44:20,0.06854442585423766
2018-01-11 00:44:30,0.05988123730009455
2018-01-11 00:44:40,0.051565850834042186
2018-01-11 00:44:50,0.043680185529978134
2018-01-11 00:45:00,0.03628879597222063
2018-01-11 00:45:10,0.029437633270704724
2018-01-11 00:45:20,0.023157230661705087
2018-01-11 00:45:30,0.017467245398627155
2018-01-11 00:45:40,0.012379341108791186
2018-01-11 00:45:50,0.007899770102003503
2018-01-11 00:46:00,0.004030496525292236
2018-01-11 00:46:10,0.0007685141494136797
2018-01-11 00:46:20,-0.001893829195855443
2018-01-11 00:46:30,-0.00396819516625206
2018-01-11 00:46:40,-0.0054712374402583345
2018-01-11 00:46:50,-0.006426228636296851
2018-01-11 00:47:00,-0.006863664653401551
2018-01-11 00:47:10,-0.006818647062635138
2018-01-11 00:47:20,-0.0063245684824515995
2018-01-11 00:47:30,-0.005406770434588239
2018-01-11 00:47:40,-0.004078606147794847
2018-01-11 00:47:50,-0.002340815064888238
2018-01-11 00:48:00,-0.0001849994831621818
2018-01-11 00:48:10,0.0024031539651539276
2018-01-11 00:48:20,0.005444236146851267
2018-01-11 00:48:30,0.008965167741799254
2018-01-11 00:48:40,0.012996067097404146
2018-01-11 00:48:50,0.01756521846922208
2018-01-11 00:49:00,0.022694020834426256
2018-01-11 00:49:10,0.02839451611441579
2018-01-11 00:49:20,0.03467012816497204
2018-01-11 00:49:30,0.041516304607565065
2018-01-11 00:49:40,0.04892028387334813
2018-01-11 00:49:50,0.05686273126022996
2018-01-11 00:50:00,0.06532163606900059
2018-01-11 00:50:10,0.0742760605442997
2018-01-11 00:50:20,0.08370616813570975
2018-01-11 00:50:30,0.0935886533913422
2018-01-11 00:50:40,0.1038925408078102
2018-01-11 00:50:50,0.11457913033077033
2018-01-11 00:51:00,0.125603359956023
2018-01-11 00:51:10,0.1369141464335497
2018-01-11 00:51:20,0.14845524609245442
2018-01-11 00:51:30,0.1601663764381178
2018-01-11 00:51:40,0.17198246546788445
2018-01-11 00:51:50,0.1838311519781141
2018-01-11 00:52:00,0.19562988103199072
2018-01-11 00:52:10,0.20728504475348244
2018-01-11 00:52:20,0.21869515397129088
2018-01-11 00:52:30,0.22975672246184875
2018-01-11 00:52:40,0.24037068854943844
2018-01-11 00:52:50,0.25044758470395634
2018-01-11 00:53:00,0.25990997181549275
2018-01-11 00:53:10,0.2686922458509419
2018-01-11 00:53:20,0.27673887920793877
2018-01-11 00:53:30,0.2840020885314801
2018-01-11 00:53:40,0.290439840148517
2018-01-11 00:53:50,0.29601456352933775
2018-01-11 00:54:00,0.30069253853497646
2018-01-11 00:54:10,0.30444502995263234
2018-01-11 00:54:20,0.3072494228192062
2018-01-11 00:54:30,0.309085961254805
2018-01-11 00:54:40,0.3099336615733127
2018-01-11 00:54:50,0.30977235384887636
2018-01-11 00:55:00,0.3085892773269394
2018-01-11 00:55:10,0.30638537214535594
2018-01-11 00:55:20,0.3031787534005808
2018-01-11 00:55:30,0.29900397840793735
2018-01-11 00:55:40,0.2939083840760059
2018-01-11 00:55:50,0.28794891124762284
2018-01-11 00:56:00,0.28119188488272645
2018-01-11 00:56:10,0.2737148522406158
2018-01-11 00:56:20,0.26560653264265077
2018-01-11 00:56:30,0.2569641581700814
2018-01-11 00:56:40,0.24789179257811914
2018-01-11 00:56:50,0.23849988592704033
2018-01-11 00:57:00,0.228903351217901
2018-01-11 00:57:10,0.21921945300891071
2018-01-11 00:57:20,0.2095682472021332
2018-01-11 00:57:30,0.20007376461800444
2018-01-11 00:57:40,0.19086344740380962
2018-01-11 00:57:50,0.1820664557727431
2018-01-11 00:58:00,0.17380987183784546
2018-01-11 00:58:10,0.16621055378314156
2018-01-11 00:58:20,0.15936526316184052
2018-01-11 00:58:30,0.15334423276756437
2018-01-11 00:58:40,0.14819076682069532
2018-01-11 00:58:50,0.14392733824559942
2018-01-11 00:59:00,0.14056554312505165
2018-01-11 00:59:10,0.13811409063879113
2018-01-11 00:59:20,0.13658121169285126
2018-01-11 00:59:30,0.13597223874206854
2018-01-11 00:59:40,0.13628517092594827
2018-01-11 00:59:50,0.13750716489058817
2018-01-11 01:00:00,0.13961260586938484
2018-01-11 01:00:10,0.1425611859726702
2018-01-11 01:00:20,0.14629690991366584
2018-01-11 01:00:30,0.15075128565224283
2018-01-11 01:00:40,0.155849156354173
2018-01-11 01:00:50,0.16151285543147753
2018-01-11 01:01:00,0.16766450946551417
2018-01-11 01:01:10,0.17422707741940996
2018-01-11 01:01:20,0.18112349182792034
2018-01-11 01:01:30,0.18827495715380113
2018-01-11 01:01:40,0.19559890244597009
2018-01-11 01:01:50,0.20300525692057217
2018-01-11 01:02:00,0.21039173626063284
2018-01-11 01:02:10,0.21764199699999126
2018-01-11 01:02:20,0.22462952235616332
2018-01-11 01:02:30,0.23122664106429727
2018-01-11 01:02:40,0.23731565722582387
2018-01-11 01:02:50,0.24279732012743607
2018-01-11 01:03:00,0.24759434348388337
2018-01-11 01:03:10,0.2516540790833491
2018-01-11 01:03:20,0.25495437769345997
2018-01-11 01:03:30,0.2575088170175793
2018-01-11 01:03:40,0.25936494058503307
2018-01-11 01:03:50,0.26059544076129454
2018-01-11 01:04:00,0.2612854227320808
2018-01-11 01:04:10,0.2615185572721885
2018-01-11 01:04:20,0.2613660068128341
2018-01-11 01:04:30,0.2608805021478684
2018-01-11 01:04:40,0.26009626129912883
2018-01-11 01:04:50,0.2590355865332015
2018-01-11 01:05:00,0.25771928748216727
2018-01-11 01:05:10,0.2561732534713635
2018-01-11 01:05:20,0.25442744714521026
2018-01-11 01:05:30,0.2525114484249687
2018-01-11 01:05:40,0.2504510633972912
2018-01-11 01:05:50,0.2482692817030209
2018-01-11 01:06:00,0.24599320241108352
2018-01-11 01:06:10,0.24366028044274543
2018-01-11 01:06:20,0.24131693990889622
2018-01-11 01:06:30,0.2390145804340733
2018-01-11 01:06:40,0.2368105291878483
2018-01-11 01:06:50,0.23477221195806205
2018-01-11 01:07:00,0.23297786946993718
2018-01-11 01:07:10,0.23151151344543835
2018-01-11 01:07:20,0.230456832620129
2018-01-11 01:07:30,0.2298940826749831
2018-01-11 01:07:40,0.22989876342704751
2018-01-11 01:07:50,0.23054045264438036
2018-01-11 01:08:00,0.23188060306189764
2018-01-11 01:08:10,0.23396859308032006
2018-01-11 01:08:20,0.2368385241369508
2018-01-11 01:08:30,0.24050947931892577
2018-01-11 01:08:40,0.24498780291686817
2018-01-11 01:08:50,0.25026595653340844
2018-01-11 01:09:00,0.2563153307441304
2018-01-11 01:09:10,0.26307939011729725
2018-01-11 01:09:20,0.270472444433903
2018-01-11 01:09:30,0.2783803624119007
2018-01-11 01:09:40,0.2866613156458999
2018-01-11 01:09:50,0.2951489705293962
2018-01-11 01:10:00,0.30365732529832873
2018-01-11 01:10:10,0.3119857565683768
2018-01-11 01:10:20,0.31992656670204017
2018-01-11 01:10:30,0.32727609182563344
2018-01-11 01:10:40,0.33384458142211254
2018-01-11 01:10:50,0.33946158462327075
2018-01-11 01:11:00,0.3439803906911966
2018-01-11 01:11:10,0.34728364347421786
2018-01-11 01:11:20,0.34928684357220124
2018-01-11 01:11:30,0.3499390955967625
2018-01-11 01:11:40,0.3492241393392144
2018-01-11 01:11:50,0.34715887268943535
2018-01-11 01:12:00,0.3437839126190232
2018-01-11 01:12:10,0.3391484470699759
2018-01-11 01:12:20,0.33329720092721593
2018-01-11 01:12:30,0.3262662968855445
2018-01-11 01:12:40,0.31808882792011955
2018-01-11 01:12:50,0.3088049156328679
2018-01-11 01:13:00,0.298471139191605
2018-01-11 01:13:10,0.287164793239361
2018-01-11 01:13:20,0.27497967428044673
2018-01-11 01:13:30,0.2620185391229885
2018-01-11 01:13:40,0.24839056175314642
2018-01-11 01:13:50,0.2342125524449088
2018-01-11 01:14:00,0.21960681616097086
2018-01-11 01:14:10,0.20469465545545396
2018-01-11 01:14:20,0.1895903692595535
2018-01-11 01:14:30,0.17439959728468477
2018-01-11 01:14:40,0.15922211648625442
2018-01-11 01:14:50,0.14415471214870493
2018-01-11 01:15:00,0.12929006039986157
2018-01-11 01:15:10,0.11471282626274601
2018-01-11 01:15:20,0.10049722593805048
2018-01-11 01:15:30,0.08670886899182856
2018-01-11 01:15:40,0.07340873895364901
2018-01-11 01:15:50,0.060655947634660964
2018-01-11 01:16:00,0.04850888461617155
2018-01-11 01:16:10,0.03702452864692298
2018-01-11 01:16:20,0.02625602077250658
2018-01-11 01:16:30,0.016249315815590904
2018-01-11 01:16:40,0.007038498215124315
2018-01-11 01:16:50,-0.0013587152748588006
2018-01-11 01:17:00,-0.008940299068326227
2018-01-11 01:17:10,-0.01571373938915087
2018-01-11 01:17:20,-0.021691176792324646
2018-01-11 01:17:30,-0.026888584989313874
2018-01-11 01:17:40,-0.03132568066602368
2018-01-11 01:17:50,-0.03502509454431423
2018-01-11 01:18:00,-0.0380100805678724
2018-01-11 01:18:10,-0.04030003536666655
2018-01-11 01:18:20,-0.0419069789462476
2018-01-11 01:18:30,-0.04283642324835208
2018-01-11 01:18:40,-0.043092518767014414
2018-01-11 01:18:50,-0.04268803082433833
2018-01-11 01:19:00,-0.04165773923377297
2018-01-11 01:19:10,-0.04006598013863567
2018-01-11 01:19:20,-0.03800236579619478
2018-01-11 01:19:30,-0.035572804892346835
2018-01-11 01:19:40,-0.03289365721829444
2018-01-11 01:19:50,-0.030086472888928448
2018-01-11 01:20:00,-0.027266825812501887
2018-01-11 01:20:10,-0.024528380575334293
2018-01-11 01:20:20,-0.021931699955864636
2018-01-11 01:20:30,-0.019504303351983464
2018-01-11 01:20:40,-0.01724927839293736
2018-01-11 01:20:50,-0.0151552474593448
2018-01-11 01:21:00,-0.013204226164629705
2018-01-11 01:21:10,-0.011380083593895649
2018-01-11 01:21:20,-0.00967915311299455
2018-01-11 01:21:30,-0.008119318487265575
2018-01-11 01:21:40,-0.006742165187165228
2018-01-11 01:21:50,-0.005607289093337159
2018-01-11 01:22:00,-0.004784095963293978
2018-01-11 01:22:10,-0.004344462598958248
2018-01-11 01:22:20,-0.004356735865056492
2018-01-11 01:22:30,-0.004882886408254029
2018-01-11 01:22:40,-0.00597638996479595
2018-01-11 01:22:50,-0.007677547526692258
2018-01-11 01:23:00,-0.0100105760581397
2018-01-11 01:23:10,-0.012986182440932408
2018-01-11 01:23:20,-0.016607633268206624
2018-01-11 01:23:30,-0.02087796139467564
2018-01-11 01:23:40,-0.02580336584485483
2018-01-11 01:23:50,-0.031388464335198624
2018-01-11 01:24:00,-0.037629152055978846
2018-01-11 01:24:10,-0.044510062294785914
2018-01-11 01:24:20,-0.0520053655450266
2018-01-11 01:24:30,-0.06008086724355955
2018-01-11 01:24:40,-0.06869767236616135
2018-01-11 01:24:50,-0.07781657116848194
2018-01-11 01:25:00,-0.08740162889892233
2018-01-11 01:25:10,-0.09742233160589743
2018-01-11 01:25:20,-0.10785409421407544
2018-01-11 01:25:30,-0.11867692076746565
2018-01-11 01:25:40,-0.12987382885271342
2018-01-11 01:25:50,-0.14143163391800168
2018-01-11 01:26:00,-0.15334324591566323
2018-01-11 01:26:10,-0.16560699156090963
2018-01-11 01:26:20,-0.17822167300587477
2018-01-11 01:26:30,-0.1911820332080292
2018-01-11 01:26:40,-0.2044765763855966
2018-01-11 01:26:50,-0.21808496851781067
2018-01-11 01:27:00,-0.23197584077251182
2018-01-11 01:27:10,-0.24610666063624853
2018-01-11 01:27:20,-0.26042305888034945
2018-01-11 01:27:30,-0.2748561842820665
2018-01-11 01:27:40,-0.2893210772366451
2018-01-11 01:27:50,-0.3037205757200071
2018-01-11 01:28:00,-0.3179545173724682
2018-01-11 01:28:10,-0.3319271576557828
2018-01-11 01:28:20,-0.3455481711087641
2018-01-11 01:28:30,-0.35873027227001403
2018-01-11 01:28:40,-0.3713873118522734
2018-01-11 01:28:50,-0.3834343524505526
2018-01-11 01:29:00,-0.39479024249396816
2018-01-11 01:29:10,-0.40538170646262744
2018-01-11 01:29:20,-0.41514743648544566
2018-01-11 01:29:30,-0.4240407793421231
2018-01-11 01:29:40,-0.43203113631575263
2018-01-11 01:29:50,-0.43910472892377367
2018-01-11 01:30:00,-0.44526292423729597
2018-01-11 01:30:10,-0.4505178009815995
2018-01-11 01:30:20,-0.4548878184427397
2018-01-11 01:30:30,-0.4583955400923759
2018-01-11 01:30:40,-0.46106570650066414
2018-01-11 01:30:50,-0.46292134414682845
2018-01-11 01:31:00,-0.46398270302501177
2018-01-11 01:31:10,-0.4642732200029818
2018-01-11 01:31:20,-0.4638256009484115
2018-01-11 01:31:30,-0.46268230519308823
2018-01-11 01:31:40,-0.46089363540678396
2018-01-11 01:31:50,-0.4585170411795937
2018-01-11 01:32:00,-0.45561781777786126
2018-01-11 01:32:10,-0.45226915795566747
2018-01-11 01:32:20,-0.44854915717372507
2018-01-11 01:32:30,-0.44453520589755535
2018-01-11 01:32:40,-0.4402991100555427
2018-01-11 01:32:50,-0.4359056544689613
2018-01-11 01:33:00,-0.43141484181318945
2018-01-11 01:33:10,-0.4268857270600726
2018-01-11 01:33:20,-0.42237905395555636
2018-01-11 01:33:30,-0.4179581607209934
2018-01-11 01:33:40,-0.41368779011284573
2018-01-11 01:33:50,-0.40962765749710744
2018-01-11 01:34:00,-0.40582151635379543
2018-01-11 01:34:10,-0.4022880708321622
2018-01-11 01:34:20,-0.39901578619337913
2018-01-11 01:34:30,-0.39596100133086987
2018-01-11 01:34:40,-0.39305291559719113
2018-01-11 01:34:50,-0.3902062000040519
2018-01-11 01:35:00,-0.38733607463917685
2018-01-11 01:35:10,-0.38437068863902263
2018-01-11 01:35:20,-0.381256750836087
2018-01-11 01:35:30,-0.3779565492713811
2018-01-11 01:35:40,-0.37444031624655616
2018-01-11 01:35:50,-0.3706802289670986
2018-01-11 01:36:00,-0.3666484897194979
2018-01-11 01:36:10,-0.36232019186355857
2018-01-11 01:36:20,-0.35767911863022595
2018-01-11 01:36:30,-0.3527212329105081
2018-01-11 01:36:40,-0.34745580171581797
2018-01-11 01:36:50,-0.3419060755607182
2018-01-11 01:37:00,-0.33610782356200236
2018-01-11 01:37:10,-0.33010699318178705
2018-01-11 01:37:20,-0.32395698983019405
2018-01-11 01:37:30,-0.3177113696873299
2018-01-11 01:37:40,-0.31141329847371324
2018-01-11 01:37:50,-0.30508878465001865
2018-01-11 01:38:00,-0.2987464507286152
2018-01-11 01:38:10,-0.2923813481185037
2018-01-11 01:38:20,-0.28597880481905363
2018-01-11 01:38:30,-0.2795169118330412
2018-01-11 01:38:40,-0.272969434142265
2018-01-11 01:38:50,-0.26630922347244484
2018-01-11 01:39:00,-0.25951000793654133
2018-01-11 01:39:10,-0.25254510798378343
2018-01-11 01:39:20,-0.2453837372915828
2018-01-11 01:39:30,-0.23798831200244555
2018-01-11 01:39:40,-0.23031614980339896
2018-01-11 01:39:50,-0.22232551326249025
2018-01-11 01:40:00,-0.21398295014845986
2018-01-11 01:40:10,-0.2052677711401609
2018-01-11 01:40:20,-0.19617240570628355
2018-01-11 01:40:30,-0.18670207459247723
2018-01-11 01:40:40,-0.17687463612820184
2018-01-11 01:40:50,-0.16671689373646217
2018-01-11 01:41:00,-0.15625693588856565
2018-01-11 01:41:10,-0.1455157921629893
2018-01-11 01:41:20,-0.13450303848841844
2018-01-11 01:41:30,-0.12322159605023832
2018-01-11 01:41:40,-0.11167988535818353
2018-01-11 01:41:50,-0.09990090276339728
2018-01-11 01:42:00,-0.08792254667573032
2018-01-11 01:42:10,-0.07579464483611088
2018-01-11 01:42:20,-0.0635790693302889
2018-01-11 01:42:30,-0.05135242654791007
2018-01-11 01:42:40,-0.03920595733644042
2018-01-11 01:42:50,-0.027240842354524907
2018-01-11 01:43:00,-0.01556388932605573
2018-01-11 01:43:10,-0.004285672921978111
2018-01-11 01:43:20,0.006481394316966588
2018-01-11 01:43:30,0.016624323444237914
2018-01-11 01:43:40,0.026027724930677777
2018-01-11 01:43:50,0.034571524411228634
2018-01-11 01:44:00,0.042134506789958726
2018-01-11 01:44:10,0.04860517081495091
2018-01-11 01:44:20,0.05389443405628485
2018-01-11 01:44:30,0.057942964986545296
2018-01-11 01:44:40,0.060719793430661244
2018-01-11 01:44:50,0.06221623191662978
2018-01-11 01:45:00,0.06244214108476729
2018-01-11 01:45:10,0.06142621151627109
2018-01-11 01:45:20,0.05921648495419998
2018-01-11 01:45:30,0.05588037935225712
2018-01-11 01:45:40,0.05150650124759837
2018-01-11 01:45:50,0.04620558802570356
2018-01-11 01:46:00,0.040106221955170156
2018-01-11 01:46:10,0.03334653009159011
2018-01-11 01:46:20,0.026067999050802322
2018-01-11 01:46:30,0.018414492590814065
2018-01-11 01:46:40,0.010530961156757722
2018-01-11 01:46:50,0.002557036759811078
2018-01-11 01:47:00,-0.005379495151268569
2018-01-11 01:47:10,-0.013162052544514698
2018-01-11 01:47:20,-0.020679948786298107
2018-01-11 01:47:30,-0.027827415032402096
2018-01-11 01:47:40,-0.034508192370991536
2018-01-11 01:47:50,-0.040641427087219004
2018-01-11 01:48:00,-0.04616991941313055
2018-01-11 01:48:10,-0.05107043363099078
2018-01-11 01:48:20,-0.05535974918223734
2018-01-11 01:48:30,-0.05909272517206846
2018-01-11 01:48:40,-0.06235283382573352
2018-01-11 01:48:50,-0.0652387533752915
2018-01-11 01:49:00,-0.06785472275146524
2018-01-11 01:49:10,-0.07030767916130351
2018-01-11 01:49:20,-0.07270389338279529
2018-01-11 01:49:30,-0.0751407917372065
2018-01-11 01:49:40,-0.07769982884415906
2018-01-11 01:49:50,-0.08044385775093557
2018-01-11 01:50:00,-0.08341609649081162
2018-01-11 01:50:10,-0.08663950231610903
2018-01-11 01:50:20,-0.09011804422971721
2018-01-11 01:50:30,-0.09383998861761127
2018-01-11 01:50:40,-0.09778132028004069
2018-01-11 01:50:50,-0.10190868952536507
2018-01-11 01:51:00,-0.1061828331333713
2018-01-11 01:51:10,-0.11056165522782647
2018-01-11 01:51:20,-0.11500050317651665
2018-01-11 01:51:30,-0.11944982554897612
2018-01-11 01:51:40,-0.12385481932435717
2018-01-11 01:51:50,-0.1281571808933717
2018-01-11 01:52:00,-0.13229353737054406
2018-01-11 01:52:10,-0.13619377721745934
2018-01-11 01:52:20,-0.139785276156601
2018-01-11 01:52:30,-0.14299975592450123
2018-01-11 01:52:40,-0.1457801981484306
2018-01-11 01:52:50,-0.14808940319637282
2018-01-11 01:53:00,-0.14991779433730223
2018-01-11 01:53:10,-0.15128441997626996
2018-01-11 01:53:20,-0.15222891400855806
2018-01-11 01:53:30,-0.15279891157565434
2018-01-11 01:53:40,-0.15303933800211428
2018-01-11 01:53:50,-0.15298835687786802
2018-01-11 01:54:00,-0.1526798774131705
2018-01-11 01:54:10,-0.15214744717155987
2018-01-11 01:54:20,-0.15142699613360272
2018-01-11 01:54:30,-0.15055881455663997
2018-01-11 01:54:40,-0.149588323109197
2018-01-11 01:54:50,-0.1485662950710358
2018-01-11 01:55:00,-0.1475481642911079
2018-01-11 01:55:10,-0.1465912276036935
2018-01-11 01:55:20,-0.14575126372105782
2018-01-11 01:55:30,-0.1450798290912041
2018-01-11 01:55:40,-0.1446226548588689
2018-01-11 01:55:50,-0.14441896621846703
2018-01-11 01:56:00,-0.1444995782617823
2018-01-11 01:56:10,-0.14488398038839062
2018-01-11 01:56:20,-0.14557930070016
2018-01-11 01:56:30,-0.14658187432194297
2018-01-11 01:56:40,-0.1478788749268142
2018-01-11 01:56:50,-0.14944809463700434
2018-01-11 01:57:00,-0.15125718512021732
2018-01-11 01:57:10,-0.1532626699822706
2018-01-11 01:57:20,-0.1554094088658381
2018-01-11 01:57:30,-0.15763510121098315
2018-01-11 01:57:40,-0.15988017058021317
2018-01-11 01:57:50,-0.1620966436364012
2018-01-11 01:58:00,-0.16425208977702285
2018-01-11 01:58:10,-0.16632981668261834
2018-01-11 01:58:20,-0.16832822141389758
2018-01-11 01:58:30,-0.1702595782110784
2018-01-11 01:58:40,-0.172146077677205
2018-01-11 01:58:50,-0.1740154536960864
2018-01-11 01:59:00,-0.17589993925859762
2018-01-11 01:59:10,-0.17783662634239364
2018-01-11 01:59:20,-0.1798658166726467
2018-01-11 01:59:30,-0.18202648032942
2018-01-11 01:59:40,-0.1843502992452848
2018-01-11 01:59:50,-0.18685720261952948
2018-01-11 02:00:00,-0.18955383692629466
2018-01-11 02:00:10,-0.19243357851107468
2018-01-11 02:00:20,-0.1954769923990915
2018-01-11 02:00:30,-0.19865548130893818
2018-01-11 02:00:40,-0.20193944297148755
2018-01-11 02:00:50,-0.20530478028936125
2018-01-11 02:01:00,-0.2087330107492599
2018-01-11 02:01:10,-0.21220859386211072
2018-01-11 02:01:20,-0.21571706296364132
2018-01-11 02:01:30,-0.21924339004442667
2018-01-11 02:01:40,-0.22277126684955273
2018-01-11 02:01:50,-0.22628493499293373
2018-01-11 02:02:00,-0.2297722906381604
2018-01-11 02:02:10,-0.23322748454923817
2018-01-11 02:02:20,-0.23665346048163272
2018-01-11 02:02:30,-0.24006521875177605
2018-01-11 02:02:40,-0.24349164189754938
2018-01-11 02:02:50,-0.24697264393928417
2018-01-11 02:03:00,-0.2505527319222082
2018-01-11 02:03:10,-0.254272721967875
2018-01-11 02:03:20,-0.25815811842422015
2018-01-11 02:03:30,-0.26220667124489067
2018-01-11 02:03:40,-0.2663836436842144
2018-01-11 02:03:50,-0.2706279841093492
2018-01-11 02:04:00,-0.2748620652782207
2018-01-11 02:04:10,-0.2789969717788136
2018-01-11 02:04:20,-0.2829324572032618
2018-01-11 02:04:30,-0.2865554685062891
2018-01-11 02:04:40,-0.28974016783050965
2018-01-11 02:04:50,-0.292349800727
2018-01-11 02:05:00,-0.294240987520377
2018-01-11 02:05:10,-0.2952712747101656
2018-01-11 02:05:20,-0.2953092362713393
2018-01-11 02:05:30,-0.29424567884771047
2018-01-11 02:05:40,-0.2920035605291704
2018-01-11 02:05:50,-0.2885432634213099
2018-01-11 02:06:00,-0.28386215249950447
2018-01-11 02:06:10,-0.27798859730413283
2018-01-11 02:06:20,-0.27097188002503364
2018-01-11 02:06:30,-0.26287439401295826
2018-01-11 02:06:40,-0.25377059152768244
2018-01-11 02:06:50,-0.24374938349744105
2018-01-11 02:07:00,-0.23291647232997637
2018-01-11 02:07:10,-0.22139504597215198
2018-01-11 02:07:20,-0.20932146889405903
2018-01-11 02:07:30,-0.19683664852195376
2018-01-11 02:07:40,-0.1840792462342644
2018-01-11 02:07:50,-0.17118412257837015
2018-01-11 02:08:00,-0.1582838078651404
2018-01-11 02:08:10,-0.14550822240383945
2018-01-11 02:08:20,-0.13298139354513352
2018-01-11 02:08:30,-0.12081675075300605
2018-01-11 02:08:40,-0.10911165407799645
2018-01-11 02:08:50,-0.09794404896596602
2018-01-11 02:09:00,-0.08737209682107376
2018-01-11 02:09:10,-0.0774323606264779
2018-01-11 02:09:20,-0.06813657029745278
2018-01-11 02:09:30,-0.05947333644507753
2018-01-11 02:09:40,-0.05141670843848038
2018-01-11 02:09:50,-0.043935842395736446
2018-01-11 02:10:00,-0.03700076710527097
2018-01-11 02:10:10,-0.030583825259667255
2018-01-11 02:10:20,-0.0246595930385483
2018-01-11 02:10:30,-0.019207415391606447
2018-01-11 02:10:40,-0.014215875156376387
2018-01-11 02:10:50,-0.009683961395632556
2018-01-11 02:11:00,-0.005617364713637145
2018-01-11 02:11:10,-0.002021891717060983
2018-01-11 02:11:20,0.001104368879800801
2018-01-11 02:11:30,0.0037779122575744475
2018-01-11 02:11:40,0.006032386045076814
2018-01-11 02:11:50,0.007915030387688338
2018-01-11 02:12:00,0.009480620079604178
2018-01-11 02:12:10,0.010788812128731173
2018-01-11 02:12:20,0.011904393264048681
2018-01-11 02:12:30,0.012894607150910646
2018-01-11 02:12:40,0.013822273893498892
2018-01-11 02:12:50,0.014740687422897782
2018-01-11 02:13:00,0.015694241410722502
2018-01-11 02:13:10,0.016722024904271767
2018-01-11 02:13:20,0.017861019437986476
2018-01-11 02:13:30,0.019148424414688676
2018-01-11 02:13:40,0.020624129000414063
2018-01-11 02:13:50,0.022332847903744544
2018-01-11 02:14:00,0.024324024609958687
2018-01-11 02:14:10,0.02664934974743598
2018-01-11 02:14:20,0.02935879810731994
2018-01-11 02:14:30,0.03249633174179876
2018-01-11 02:14:40,0.03609671167808554
2018-01-11 02:14:50,0.040184015828716634
2018-01-11 02:15:00,0.04477196133668243
2018-01-11 02:15:10,0.04986425661090429
2018-01-11 02:15:20,0.055452056637624696
2018-01-11 02:15:30,0.06151012932463956
2018-01-11 02:15:40,0.06799661065096395
2018-01-11 02:15:50,0.07485725632827214
2018-01-11 02:16:00,0.08202994522357371
2018-01-11 02:16:10,0.08944469508273042
2018-01-11 02:16:20,0.09701995179198009
2018-01-11 02:16:30,0.10466083952982115
2018-01-11 02:16:40,0.11226140943197849
2018-01-11 02:16:50,0.11970801231874742
2018-01-11 02:17:00,0.1268818791012013
2018-01-11 02:17:10,0.13366319752939926
2018-01-11 02:17:20,0.13993999631878512
2018-01-11 02:17:30,0.14561751376364646
2018-01-11 02:17:40,0.15062156092025367
2018-01-11 02:17:50,0.15490027433493075
2018-01-11 02:18:00,0.15843059531771597
2018-01-11 02:18:10,0.16122482515521427
2018-01-11 02:18:20,0.1633307655050541
2018-01-11 02:18:30,0.16482650942740712
2018-01-11 02:18:40,0.16581228301211792
2018-01-11 02:18:50,0.16639974455207593
2018-01-11 02:19:00,0.1667003906779423
2018-01-11 02:19:10,0.16681539479238072
2018-01-11 02:19:20,0.16682879339083972
2018-01-11 02:19:30,0.16680595236465554
2018-01-11 02:19:40,0.16679713752378234
2018-01-11 02:19:50,0.16684206851101638
2018-01-11 02:20:00,0.16697238196477382
2018-01-11 02:20:10,0.16721296960381044
2018-01-11 02:20:20,0.1675829949190383
2018-01-11 02:20:30,0.1680963838329109
2018-01-11 02:20:40,0.1687610093427826
2018-01-11 02:20:50,0.16957655285559256
2018-01-11 02:21:00,0.17053371700145464
2018-01-11 02:21:10,0.17161612681092978
2018-01-11 02:21:20,0.17280484167928598
2018-01-11 02:21:30,0.17408646063540115
2018-01-11 02:21:40,0.17546128138714367
2018-01-11 02:21:50,0.1769447603541026
2018-01-11 02:22:00,0.1785622697590329
2018-01-11 02:22:10,0.1803418298292634
2018-01-11 02:22:20,0.18230798495903736
2018-01-11 02:22:30,0.18448057312765154
2018-01-11 02:22:40,0.18687995930813167
2018-01-11 02:22:50,0.18953242033607676
2018-01-11 02:23:00,0.19246937984839865
2018-01-11 02:23:10,0.19572313033084754
2018-01-11 02:23:20,0.19932378581638735
2018-01-11 02:23:30,0.2032982860315001
2018-01-11 02:23:40,0.20766991071567215
2018-01-11 02:23:50,0.21245589120238756
2018-01-11 02:24:00,0.2176660538750952
2018-01-11 02:24:10,0.2233078835127827
2018-01-11 02:24:20,0.22939318306449355
2018-01-11 02:24:30,0.2359385906072219
2018-01-11 02:24:40,0.24296239249219692
2018-01-11 02:24:50,0.2504832973213877
2018-01-11 02:25:00,0.2585230405360959
2018-01-11 02:25:10,0.26711289189262444
2018-01-11 02:25:20,0.2763000050630692
2018-01-11 02:25:30,0.28614648410859794
2018-01-11 02:25:40,0.2967196456111837
2018-01-11 02:25:50,0.30807890369415836
2018-01-11 02:26:00,0.3202663358050566
2018-01-11 02:26:10,0.3333046799606137
2018-01-11 02:26:20,0.34719909974354635
2018-01-11 02:26:30,0.3619365710851866
2018-01-11 02:26:40,0.37748318834949246
2018-01-11 02:26:50,0.3937848785438586
2018-01-11 02:27:00,0.4107741525869067
2018-01-11 02:27:10,0.42837684640441115
2018-01-11 02:27:20,0.44651177256901275
2018-01-11 02:27:30,0.4650868914695648
2018-01-11 02:27:40,0.4839994117250417
2018-01-11 02:27:50,0.503140729361821
2018-01-11 02:28:00,0.5224019156907842
2018-01-11 02:28:10,0.5416749264591368
2018-01-11 02:28:20,0.5608501921544812
2018-01-11 02:28:30,0.5798158338779863
2018-01-11 02:28:40,0.5984599003367553
2018-01-11 02:28:50,0.616672991677451
2018-01-11 02:29:00,0.6343507726148133
2018-01-11 02:29:10,0.6513981673489415
2018-01-11 02:29:20,0.6677353942697931
2018-01-11 02:29:30,0.6833030380015689
2018-01-11 02:29:40,0.6980628862043678
2018-01-11 02:29:50,0.7119953293706034
2018-01-11 02:30:00,0.7250970166403021
2018-01-11 02:30:10,0.7373786292777487
2018-01-11 02:30:20,0.7488604131103371
2018-01-11 02:30:30,0.7595662084185445
2018-01-11 02:30:40,0.7695184411119264
2018-01-11 02:30:50,0.7787364224161585
2018-01-11 02:31:00,0.7872374810686241
2018-01-11 02:31:10,0.7950361590344006
2018-01-11 02:31:20,0.8021385186624004
2018-01-11 02:31:30,0.8085354610188618
2018-01-11 02:31:40,0.8142016554495282
2018-01-11 02:31:50,0.8191014000767777
2018-01-11 02:32:00,0.8231955725754738
2018-01-11 02:32:10,0.8264441552445231
2018-01-11 02:32:20,0.8288063894957217
2018-01-11 02:32:30,0.830243464533931
2018-01-11 02:32:40,0.8307229452325328
2018-01-11 02:32:50,0.8302214451901546
2018-01-11 02:33:00,0.8287260080164732
2018-01-11 02:33:10,0.8262353669531803
2018-01-11 02:33:20,0.8227595984214574
2018-01-11 02:33:30,0.8183188746388823
2018-01-11 02:33:40,0.8129440383251595
2018-01-11 02:33:50,0.8066773974161134
2018-01-11 02:34:00,0.7995706254500443
2018-01-11 02:34:10,0.7916815678588988
2018-01-11 02:34:20,0.7830729268074422
2018-01-11 02:34:30,0.7738106928073203
2018-01-11 02:34:40,0.763959572867753
2018-01-11 02:34:50,0.753579824816923
2018-01-11 02:35:00,0.7427309619686705
2018-01-11 02:35:10,0.7314788342518614
2018-01-11 02:35:20,0.7199003379816545
2018-01-11 02:35:30,0.7080869517277668
2018-01-11 02:35:40,0.6961462939993637
2018-01-11 02:35:50,0.6841962698428284
2018-01-11 02:36:00,0.6723554400642763
2018-01-11 02:36:10,0.6607370376675582
2018-01-11 02:36:20,0.6494456155691047
2018-01-11 02:36:30,0.6385751939645222
2018-01-11 02:36:40,0.6282105421016986
2018-01-11 02:36:50,0.6184281443150852
2018-01-11 02:37:00,0.6092932183671699
2018-01-11 02:37:10,0.6008569118147753
2018-01-11 02:37:20,0.5931585239345447
2018-01-11 02:37:30,0.5862312735855272
2018-01-11 02:37:40,0.5801089492234779
2018-01-11 02:37:50,0.574829842925411
2018-01-11 02:38:00,0.5704327282105417
2018-01-11 02:38:10,0.5669469627281948
2018-01-11 02:38:20,0.5643846009495505
2018-01-11 02:38:30,0.562737384379627
2018-01-11 02:38:40,0.5619761116795329
2018-01-11 02:38:50,0.562049568033134
2018-01-11 02:39:00,0.5628820291835772
2018-01-11 02:39:10,0.5643716137890402
2018-01-11 02:39:20,0.5663921415713833
2018-01-11 02:39:30,0.5687975398444026
2018-01-11 02:39:40,0.5714266145425896
2018-01-11 02:39:50,0.5741071297373277
2018-01-11 02:40:00,0.5766591886913853
2018-01-11 02:40:10,0.578898607616325
2018-01-11 02:40:20,0.5806411595830407
2018-01-11 02:40:30,0.5817084735696669
2018-01-11 02:40:40,0.5819345049665597
2018-01-11 02:40:50,0.5811703473504246
2018-01-11 02:41:00,0.5792875592652906
2018-01-11 02:41:10,0.5761817892526522
2018-01-11 02:41:20,0.5717769869642818
2018-01-11 02:41:30,0.5660303456914855
2018-01-11 02:41:40,0.5589369664667473
2018-01-11 02:41:50,0.5505299195333081
2018-01-11 02:42:00,0.5408753844916846
2018-01-11 02:42:10,0.5300683404230528
2018-01-11 02:42:20,0.5182317230569573
2018-01-11 02:42:30,0.505517037768941
2018-01-11 02:42:40,0.49210234568984995
2018-01-11 02:42:50,0.47818542070563463
2018-01-11 02:43:00,0.4639734331088519
2018-01-11 02:43:10,0.44967020133970487
2018-01-11 02:43:20,0.4354624519726292
2018-01-11 02:43:30,0.42151167306396164
2018-01-11 02:43:40,0.4079563207182297
2018-01-11 02:43:50,0.394919064098048
2018-01-11 02:44:00,0.3825109481405648
2018-01-11 02:44:10,0.37083133670300256
2018-01-11 02:44:20,0.35996679242123447
2018-01-11 02:44:30,0.34999021732692936
2018-01-11 02:44:40,0.34096265561105604
2018-01-11 02:44:50,0.33294014477257117
2018-01-11 02:45:00,0.32598135958198404
2018-01-11 02:45:10,0.32015139977012175
2018-01-11 02:45:20,0.3155218793715371
2018-01-11 02:45:30,0.3121665476490903
2018-01-11 02:45:40,0.3101527633206935
2018-01-11 02:45:50,0.30953267236121756
2018-01-11 02:46:00,0.3103353368001545
2018-01-11 02:46:10,0.312560692139261
2018-01-11 02:46:20,0.31617980714503596
2018-01-11 02:46:30,0.3211409931409431
2018-01-11 02:46:40,0.3273744135687045
2018-01-11 02:46:50,0.33479332153785296
2018-01-11 02:47:00,0.3432974465970845
2018-01-11 02:47:10,0.3527797894759133
2018-01-11 02:47:20,0.3631313284707098
2018-01-11 02:47:30,0.37424018593597697
2018-01-11 02:47:40,0.3859884706388834
2018-01-11 02:47:50,0.3982514089358928
2018-01-11 02:48:00,0.41089939741053794
2018-01-11 02:48:10,0.4238015720360255
2018-01-11 02:48:20,0.43682935962390657
2018-01-11 02:48:30,0.44985818464745264
2018-01-11 02:48:40,0.4627678659876544
2018-01-11 02:48:50,0.47544472430055473
2018-01-11 02:49:00,0.4877862657306888
2018-01-11 02:49:10,0.499705848103761
2018-01-11 02:49:20,0.5111359784108936
2018-01-11 02:49:30,0.5220305491013066
2018-01-11 02:49:40,0.5323634149268281
2018-01-11 02:49:50,0.542121694362024
2018-01-11 02:50:00,0.5512975411134923
2018-01-11 02:50:10,0.559882733588556
2018-01-11 02:50:20,0.5678665362266282
2018-01-11 02:50:30,0.5752336379545693
2018-01-11 02:50:40,0.5819615147709597
2018-01-11 02:50:50,0.5880228549522117
2018-01-11 02:51:00,0.5933956289613123
2018-01-11 02:51:10,0.5980739941422872
2018-01-11 02:51:20,0.6020733389657558
2018-01-11 02:51:30,0.6054306099411056
2018-01-11 02:51:40,0.6082034041094452
2018-01-11 02:51:50,0.6104672687575011
2018-01-11 02:52:00,0.6123090387034889
2018-01-11 02:52:10,0.613816959843751
2018-01-11 02:52:20,0.6150720084966671
2018-01-11 02:52:30,0.6161443649508579
2018-01-11 02:52:40,0.6170939544967637
2018-01-11 02:52:50,0.6179721786771579
2018-01-11 02:53:00,0.6188213848172982
2018-01-11 02:53:10,0.6196683055252777
2018-01-11 02:53:20,0.6205155487890885
2018-01-11 02:53:30,0.6213401312710923
2018-01-11 02:53:40,0.6221000307869027
2018-01-11 02:53:50,0.6227418717560721
2018-01-11 02:54:00,0.6232055430870362
2018-01-11 02:54:10,0.623426562953052
2018-01-11 02:54:20,0.6233369948847866
2018-01-11 02:54:30,0.6228665889682916
2018-01-11 02:54:40,0.6219450220556861
2018-01-11 02:54:50,0.6205020790968485
2018-01-11 02:55:00,0.6184671869128384
2018-01-11 02:55:10,0.615773662230608
2018-01-11 02:55:20,0.612364690915862
2018-01-11 02:55:30,0.6081959178836126
2018-01-11 02:55:40,0.6032369595826756
2018-01-11 02:55:50,0.5974737228890633
2018-01-11 02:56:00,0.5909086453527356
2018-01-11 02:56:10,0.5835574053556887
2018-01-11 02:56:20,0.5754455936903239
2018-01-11 02:56:30,0.5666101829984396
2018-01-11 02:56:40,0.5571053899399149
2018-01-11 02:56:50,0.5470081044313757
2018-01-11 02:57:00,0.5364194998459648
2018-01-11 02:57:10,0.525461453191355
2018-01-11 02:57:20,0.5142697950278009
2018-01-11 02:57:30,0.5029880604133119
2018-01-11 02:57:40,0.4917612454700555
2018-01-11 02:57:50,0.48072799125316434
2018-01-11 02:58:00,0.47001274798224046
2018-01-11 02:58:10,0.45972170581074057
2018-01-11 02:58:20,0.44994383006134864
2018-01-11 02:58:30,0.44075365764713653
2018-01-11 02:58:40,0.4322138137834816
2018-01-11 02:58:50,0.42437803239303545
2018-01-11 02:59:00,0.41729361827687383
2018-01-11 02:59:10,0.4110011255690424
2018-01-11 02:59:20,0.40553278555405886
2018-01-11 02:59:30,0.4009113193205215
2018-01-11 02:59:40,0.39714566623643227
2018-01-11 02:59:50,0.3942241181009364
2018-01-11 03:00:00,0.3921127853167664
2018-01-11 03:00:10,0.39076145472615376
2018-01-11 03:00:20,0.3901092928052407
2018-01-11 03:00:30,0.39008501511334315
2018-01-11 03:00:40,0.3906048985212135
2018-01-11 03:00:50,0.3915752918266324
2018-01-11 03:01:00,0.39290021035608574
2018-01-11 03:01:10,0.3944889061313283
2018-01-11 03:01:20,0.3962615946348796
2018-01-11 03:01:30,0.3981539974009184
2018-01-11 03:01:40,0.4001189329810206
2018-01-11 03:01:50,0.40212436087625136
2018-01-11 03:02:00,0.4041501557946344
2018-01-11 03:02:10,0.40618584519797446
2018-01-11 03:02:20,0.40823048553900704
2018-01-11 03:02:30,0.4102944407941607
2018-01-11 03:02:40,0.41240177509230613
2018-01-11 03:02:50,0.4145919699607517
2018-01-11 03:03:00,0.41691872247178213
2018-01-11 03:03:10,0.4194439961602698
2018-01-11 03:03:20,0.4222310452415489
2018-01-11 03:03:30,0.4253426578974719
2018-01-11 03:03:40,0.4288426351436041
2018-01-11 03:03:50,0.4327930838724914
2018-01-11 03:04:00,0.43724918926431317
2018-01-11 03:04:10,0.44225885831141093
2018-01-11 03:04:20,0.4478659567251995
2018-01-11 03:04:30,0.45411108230534475
2018-01-11 03:04:40,0.4610286715214338
2018-01-11 03:04:50,0.46864148881740814
2018-01-11 03:05:00,0.4769541254846218
2018-01-11 03:05:10,0.48595016246293177
2018-01-11 03:05:20,0.49559407582805864
2018-01-11 03:05:30,0.505833093906962
2018-01-11 03:05:40,0.5165980456270018
2018-01-11 03:05:50,0.5278051096511251
2018-01-11 03:06:00,0.5393571243716211
2018-01-11 03:06:10,0.5511447353586337
2018-01-11 03:06:20,0.5630509450160421
2018-01-11 03:06:30,0.5749576616080888
2018-01-11 03:06:40,0.5867490772470892
2018-01-11 03:06:50,0.5983130918015747
2018-01-11 03:07:00,0.6095454025048783
2018-01-11 03:07:10,0.6203561198957539
2018-01-11 03:07:20,0.630674738703767
2018-01-11 03:07:30,0.6404502341396793
2018-01-11 03:07:40,0.6496482297408198
2018-01-11 03:07:50,0.6582478382443294
2018-01-11 03:08:00,0.6662368871135655
2018-01-11 03:08:10,0.6736051669448471
2018-01-11 03:08:20,0.6803377626447868
2018-01-11 03:08:30,0.6864105627748677
2018-01-11 03:08:40,0.6917887449426445
2018-01-11 03:08:50,0.696427998892069
2018-01-11 03:09:00,0.7002789847057627
2018-01-11 03:09:10,0.7032934087170918
2018-01-11 03:09:20,0.7054277433689542
2018-01-11 03:09:30,0.7066453701207274
2018-01-11 03:09:40,0.7069201166870184
2018-01-11 03:09:50,0.7062383919820618
2018-01-11 03:10:00,0.7045981639859185
2018-01-11 03:10:10,0.7020088088227779
2018-01-11 03:10:20,0.6984933510470335
2018-01-11 03:10:30,0.694091876966952
2018-01-11 03:10:40,0.6888653670109856
2018-01-11 03:10:50,0.6828979249881164
2018-01-11 03:11:00,0.676296647137074
2018-01-11 03:11:10,0.66918995198704
2018-01-11 03:11:20,0.6617230076502528
2018-01-11 03:11:30,0.6540502707241007
2018-01-11 03:11:40,0.6463304849292156
2018-01-11 03:11:50,0.6387257211351894
2018-01-11 03:12:00,0.6313973564047974
2018-01-11 03:12:10,0.6244948399276078
2018-01-11 03:12:20,0.6181414054937351
2018-01-11 03:12:30,0.6124228944052325
2018-01-11 03:12:40,0.6073846872752507
2018-01-11 03:12:50,0.6030368589284489
2018-01-11 03:13:00,0.5993615138912468
2018-01-11 03:13:10,0.5963203912078111
2018-01-11 03:13:20,0.5938648234645814
2018-01-11 03:13:30,0.5919420993991849
2018-01-11 03:13:40,0.5904922488059983
2018-01-11 03:13:50,0.589441990207888
2018-01-11 03:14:00,0.5887011646038729
2018-01-11 03:14:10,0.5881567807200708
2018-01-11 03:14:20,0.5876674679588414
2018-01-11 03:14:30,0.5870686852511798
2018-01-11 03:14:40,0.5861872353262519
2018-01-11 03:14:50,0.5848548222162041
2018-01-11 03:15:00,0.5829165873656487
2018-01-11 03:15:10,0.5802375062667866
2018-01-11 03:15:20,0.5767088735712846
2018-01-11 03:15:30,0.5722538379725934
2018-01-11 03:15:40,0.566830491755577
2018-01-11 03:15:50,0.5604321787490245
2018-01-11 03:16:00,0.553085025646841
2018-01-11 03:16:10,0.5448427066452618
2018-01-11 03:16:20,0.535778711587409
2018-01-11 03:16:30,0.5259777277076726
2018-01-11 03:16:40,0.5155278159089641
2018-01-11 03:16:50,0.5045131747321069
2018-01-11 03:17:00,0.4930096548211151
2018-01-11 03:17:10,0.48108772658230475
2018-01-11 03:17:20,0.4688209068176856
2018-01-11 03:17:30,0.45629012725148776
2018-01-11 03:17:40,0.44358050559356266
2018-01-11 03:17:50,0.43077747205531963
2018-01-11 03:18:00,0.4179660359687917
2018-01-11 03:18:10,0.40523049905048697
2018-01-11 03:18:20,0.3926544519789684
2018-01-11 03:18:30,0.3803212946510466
2018-01-11 03:18:40,0.36831312424574736
2018-01-11 03:18:50,0.356706985077799
2018-01-11 03:19:00,0.3455697504385319
2018-01-11 03:19:10,0.3349539877385164
2018-01-11 03:19:20,0.32489472358875204
2018-01-11 03:19:30,0.31540655525436556
2018-01-11 03:19:40,0.30648351732531715
2018-01-11 03:19:50,0.2981024930690127
2018-01-11 03:20:00,0.2902288058432491
2018-01-11 03:20:10,0.2828237883449533
2018-01-11 03:20:20,0.2758525680391868
2018-01-11 03:20:30,0.26928839067485716
2018-01-11 03:20:40,0.26311376151659926
2018-01-11 03:20:50,0.2573221930575674
2018-01-11 03:21:00,0.2519213324092392
2018-01-11 03:21:10,0.2469349581670648
2018-01-11 03:21:20,0.24240180897364452
2018-01-11 03:21:30,0.23837057424460698
2018-01-11 03:21:40,0.23489311086191444
2018-01-11 03:21:50,0.2320207115985833
2018-01-11 03:22:00,0.22980336727584533
2018-01-11 03:22:10,0.22828625197344443
2018-01-11 03:22:20,0.22750338388266048
2018-01-11 03:22:30,0.22747409747393396
2018-01-11 03:22:40,0.22820403816555904
2018-01-11 03:22:50,0.2296883500146555
2018-01-11 03:23:00,0.2319142224304378
2018-01-11 03:23:10,0.23486062213071032
2018-01-11 03:23:20,0.2384965538775717
2018-01-11 03:23:30,0.24278171320440084
2018-01-11 03:23:40,0.24766867113498064
2018-01-11 03:23:50,0.2531029253727126
2018-01-11 03:24:00,0.2590225944836406
2018-01-11 03:24:10,0.2653600738060372
2018-01-11 03:24:20,0.27204295472556433
2018-01-11 03:24:30,0.27899228126396425
2018-01-11 03:24:40,0.286119521172674
2018-01-11 03:24:50,0.2933241683040631
2018-01-11 03:25:00,0.3004948828607973
2018-01-11 03:25:10,0.30751618304841705
2018-01-11 03:25:20,0.31427495845353803
2018-01-11 03:25:30,0.32065851473943285
2018-01-11 03:25:40,0.3265480251860312
2018-01-11 03:25:50,0.3318181740336159
2018-01-11 03:26:00,0.3363431430994513
2018-01-11 03:26:10,0.3400036667241935
2018-01-11 03:26:20,0.3426953462136077
2018-01-11 03:26:30,0.3443362860527841
2018-01-11 03:26:40,0.3448713471557463
2018-01-11 03:26:50,0.3442766642992582
2018-01-11 03:27:00,0.3425649012655396
2018-01-11 03:27:10,0.33978643719437784
2018-01-11 03:27:20,0.3360255104162388
2018-01-11 03:27:30,0.33139333322344083
2018-01-11 03:27:40,0.32601946782241714
2018-01-11 03:27:50,0.3200428671664892
2018-01-11 03:28:00,0.31360442258708326
2018-01-11 03:28:10,0.30684204678250515
2018-01-11 03:28:20,0.29988719138072456
2018-01-11 03:28:30,0.29286068217906974
2018-01-11 03:28:40,0.28586901518475805
2018-01-11 03:28:50,0.2790036623189125
2018-01-11 03:29:00,0.27234028132568894
2018-01-11 03:29:10,0.2659360708461794
2018-01-11 03:29:20,0.2598300755363168
2018-01-11 03:29:30,0.25404674858923504
2018-01-11 03:29:40,0.24860038944348573
2018-01-11 03:29:50,0.24350099787415957
2018-01-11 03:30:00,0.23875846334935896
2018-01-11 03:30:10,0.23438281522097332
2018-01-11 03:30:20,0.23038447460305028
2018-01-11 03:30:30,0.2267769149947859
2018-01-11 03:30:40,0.2235796194937062
2018-01-11 03:30:50,0.22081870143212473
2018-01-11 03:31:00,0.21852431184206622
2018-01-11 03:31:10,0.21672536234723558
2018-01-11 03:31:20,0.21544271909914983
2018-01-11 03:31:30,0.21468205726364162
2018-01-11 03:31:40,0.2144276871682272
2018-01-11 03:31:50,0.2146409637386037
2018-01-11 03:32:00,0.2152657779678693
2018-01-11 03:32:10,0.21623627943431822
2018-01-11 03:32:20,0.21747933614755344
2018-01-11 03:32:30,0.21891171946591514
2018-01-11 03:32:40,0.2204388772755467
2018-01-11 03:32:50,0.22195938849763494
2018-01-11 03:33:00,0.22337424047899102
2018-01-11 03:33:10,0.2245976342008074
2018-01-11 03:33:20,0.22556417689662123
2018-01-11 03:33:30,0.22623044491672523
2018-01-11 03:33:40,0.22657371853148103
2018-01-11 03:33:50,0.22659091211629773
2018-01-11 03:34:00,0.22629978180416263
2018-01-11 03:34:10,0.22574270612398803
2018-01-11 03:34:20,0.224988566976953
2018-01-11 03:34:30,0.22412705701583274
2018-01-11 03:34:40,0.22325656526724505
2018-01-11 03:34:50,0.2224727595523943
2018-01-11 03:35:00,0.22185999114464186
2018-01-11 03:35:10,0.22148111138546558
2018-01-11 03:35:20,0.2213686153554769
2018-01-11 03:35:30,0.22152618735489052
2018-01-11 03:35:40,0.2219386676896481
2018-01-11 03:35:50,0.22258090049279441
2018-01-11 03:36:00,0.2234223585484672
2018-01-11 03:36:10,0.22442939209883495
2018-01-11 03:36:20,0.22556713141914334
2018-01-11 03:36:30,0.22680156219817915
2018-01-11 03:36:40,0.22810081582110076
2018-01-11 03:36:50,0.22943557838167736
2018-01-11 03:37:00,0.23077883346807102
2018-01-11 03:37:10,0.2321058041504547
2018-01-11 03:37:20,0.23339443465602278
2018-01-11 03:37:30,0.2346242596793516
2018-01-11 03:37:40,0.2357734290973204
2018-01-11 03:37:50,0.23681540298157525
2018-01-11 03:38:00,0.23771545958558382
2018-01-11 03:38:10,0.23842865248478165
2018-01-11 03:38:20,0.23890174868581424
2018-01-11 03:38:30,0.2390781650709301
2018-01-11 03:38:40,0.23890259000480982
2018-01-11 03:38:50,0.23832535877791036
2018-01-11 03:39:00,0.2373095076673907
2018-01-11 03:39:10,0.2358394966603861
2018-01-11 03:39:20,0.233926326372519
2018-01-11 03:39:30,0.2316052352478219
2018-01-11 03:39:40,0.2289273157290927
2018-01-11 03:39:50,0.22595022537957435
2018-01-11 03:40:00,0.2227314001337074
2018-01-11 03:40:10,0.21932370825470046
2018-01-11 03:40:20,0.21577359603095614
2018-01-11 03:40:30,0.21212210238236834
2018-01-11 03:40:40,0.20840752245585714
2018-01-11 03:40:50,0.20466830910785494
2018-01-11 03:41:00,0.20094440847972844
2018-01-11 03:41:10,0.1972731785875335
2018-01-11 03:41:20,0.1936796636319186
2018-01-11 03:41:30,0.19016679469990186
2018-01-11 03:41:40,0.18670866662049357
2018-01-11 03:41:50,0.18324791958436198
2018-01-11 03:42:00,0.17970043724869814
2018-01-11 03:42:10,0.17596613802126082
2018-01-11 03:42:20,0.1719394454782769
2018-01-11 03:42:30,0.16751739149272246
2018-01-11 03:42:40,0.16260659369430291
2018-01-11 03:42:50,0.1571269724240241
2018-01-11 03:43:00,0.15101058586007735
2018-01-11 03:43:10,0.14419807543948615
2018-01-11 03:43:20,0.13663565017635984
2018-01-11 03:43:30,0.12827409779693227
2018-01-11 03:43:40,0.11907011818689364
2018-01-11 03:43:50,0.10898914014550601
2018-01-11 03:44:00,0.09800973382079262
2018-01-11 03:44:10,0.08613141789919061
2018-01-11 03:44:20,0.07338446010234546
2018-01-11 03:44:30,0.05983388555254
2018-01-11 03:44:40,0.04557315467944324
2018-01-11 03:44:50,0.030714933752971484
2018-01-11 03:45:00,0.01538632261926536
2018-01-11 03:45:10,-0.0002738638639357119
2018-01-11 03:45:20,-0.016119845729592564
2018-01-11 03:45:30,-0.03200588228109308
2018-01-11 03:45:40,-0.04779098711340159
2018-01-11 03:45:50,-0.0633367128300555
2018-01-11 03:46:00,-0.07850312691858101
2018-01-11 03:46:10,-0.09315214750142282
2018-01-11 03:46:20,-0.10715636585144779
2018-01-11 03:46:30,-0.12040466058554997
2018-01-11 03:46:40,-0.1328038474159289
2018-01-11 03:46:50,-0.14427977408338938
2018-01-11 03:47:00,-0.1547764023225806
2018-01-11 03:47:10,-0.16425138129138864
2018-01-11 03:47:20,-0.17267086534362458
2018-01-11 03:47:30,-0.1800064885569116
2018-01-11 03:47:40,-0.18623293146842318
2018-01-11 03:47:50,-0.191323806007542
2018-01-11 03:48:00,-0.19524846629101367
2018-01-11 03:48:10,-0.19797289909215177
2018-01-11 03:48:20,-0.19946409004831098
2018-01-11 03:48:30,-0.19969572184154913
2018-01-11 03:48:40,-0.19865199949024
2018-01-11 03:48:50,-0.1963267193340099
2018-01-11 03:49:00,-0.19272189730278697
2018-01-11 03:49:10,-0.18785222358682907
2018-01-11 03:49:20,-0.181750635638915
2018-01-11 03:49:30,-0.17446924767980357
2018-01-11 03:49:40,-0.1660793175986873
2018-01-11 03:49:50,-0.1566723363776987
2018-01-11 03:50:00,-0.1463596559977617
2018-01-11 03:50:10,-0.13526896447096046
2018-01-11 03:50:20,-0.12353837259179141
2018-01-11 03:50:30,-0.11131133655268977
2018-01-11 03:50:40,-0.09873272176957278
2018-01-11 03:50:50,-0.08594481953665332
2018-01-11 03:51:00,-0.07308501733302548
2018-01-11 03:51:10,-0.06028431177989496
2018-01-11 03:51:20,-0.04766302453054053
2018-01-11 03:51:30,-0.035323136520460964
2018-01-11 03:51:40,-0.02334188817435133
2018-01-11 03:51:50,-0.011771525744753413
2018-01-11 03:52:00,-0.0006436213147335842
2018-01-11 03:52:10,0.010027226750093472
2018-01-11 03:52:20,0.020243947630937682
2018-01-11 03:52:30,0.030030870836528507
2018-01-11 03:52:40,0.03943555769007134
2018-01-11 03:52:50,0.048525861206993655
2018-01-11 03:53:00,0.05738280727532687
2018-01-11 03:53:10,0.06609102296342324
2018-01-11 03:53:20,0.07473166268873213
2018-01-11 03:53:30,0.08337891916279318
2018-01-11 03:53:40,0.0920951768186453
2018-01-11 03:53:50,0.10092577732350884
2018-01-11 03:54:00,0.109899344597663
2018-01-11 03:54:10,0.11903362592923533
2018-01-11 03:54:20,0.12834171401813274
2018-01-11 03:54:30,0.13783326313965208
2018-01-11 03:54:40,0.14750913876919564
2018-01-11 03:54:50,0.15735547480817333
2018-01-11 03:55:00,0.16734170575948448
2018-01-11 03:55:10,0.1774198698821038
2018-01-11 03:55:20,0.18752494334241498
2018-01-11 03:55:30,0.19757833094103797
2018-01-11 03:55:40,0.20749335984527917
2018-01-11 03:55:50,0.21718200113029662
2018-01-11 03:56:00,0.22656114144160036
2018-01-11 03:56:10,0.23555565056577288
2018-01-11 03:56:20,0.24409919696238733
2018-01-11 03:56:30,0.25213536878637416
2018-01-11 03:56:40,0.2596211521043624
2018-01-11 03:56:50,0.2665328292946652
2018-01-11 03:57:00,0.2728717876801205
2018-01-11 03:57:10,0.2786690822691071
2018-01-11 03:57:20,0.2839874310023903
2018-01-11 03:57:30,0.28891752788818514
2018-01-11 03:57:40,0.2935678765082426
2018-01-11 03:57:50,0.2980519504380877
2018-01-11 03:58:00,0.30247965987332587
2018-01-11 03:58:10,0.306954663231791
2018-01-11 03:58:20,0.3115714961944666
2018-01-11 03:58:30,0.31641070858055503
2018-01-11 03:58:40,0.32153594888586545
2018-01-11 03:58:50,0.3269952267551436
2018-01-11 03:59:00,0.33282482589369056
2018-01-11 03:59:10,0.3390514138829158
2018-01-11 03:59:20,0.34569006970535204
2018-01-11 03:59:30,0.3527408911013388
2018-01-11 03:59:40,0.3601873071698908
2018-01-11 03:59:50,0.36799789102853764
2018-01-11 04:00:00,0.3761315758795496
2018-01-11 04:00:10,0.384543451535468
2018-01-11 04:00:20,0.3931897796288193
2018-01-11 04:00:30,0.4020331905482548
2018-01-11 04:00:40,0.41104610877649755
2018-01-11 04:00:50,0.42020853724095236
2018-01-11 04:01:00,0.4295013491226112
2018-01-11 04:01:10,0.43889904241519484
2018-01-11 04:01:20,0.44836292243955334
2018-01-11 04:01:30,0.45783655954860286
2018-01-11 04:01:40,0.46724633068195937
2018-01-11 04:01:50,0.4765045732989379
2018-01-11 04:02:00,0.48551200273232314
2018-01-11 04:02:10,0.49416121571281196
2018-01-11 04:02:20,0.5023434454710465
2018-01-11 04:02:30,0.509958354215848
2018-01-11 04:02:40,0.5169233106001532
2018-01-11 04:02:50,0.5231752516429387
2018-01-11 04:03:00,0.5286658789498437
2018-01-11 04:03:10,0.533359197652396
2018-01-11 04:03:20,0.5372350011657279
2018-01-11 04:03:30,0.5402946646021021
2018-01-11 04:03:40,0.5425638512485901
2018-01-11 04:03:50,0.5440887987834185
2018-01-11 04:04:00,0.5449281334785513
2018-01-11 04:04:10,0.545144027968901
2018-01-11 04:04:20,0.5447945433423566
2018-01-11 04:04:30,0.5439301356462088
2018-01-11 04:04:40,0.5425974290274326
2018-01-11 04:04:50,0.5408462829508646
2018-01-11 04:05:00,0.5387322647105883
2018-01-11 04:05:10,0.5363149866318179
2018-01-11 04:05:20,0.5336588545106918
2018-01-11 04:05:30,0.5308357344386866
2018-01-11 04:05:40,0.5279248646544266
2018-01-11 04:05:50,0.5250102347216914
2018-01-11 04:06:00,0.5221774953024213
2018-01-11 04:06:10,0.5195117414310092
2018-01-11 04:06:20,0.5170973384664573
2018-01-11 04:06:30,0.5150185065515102
2018-01-11 04:06:40,0.5133576970482608
2018-01-11 04:06:50,0.5121915518626092
2018-01-11 04:07:00,0.5115878550120313
2018-01-11 04:07:10,0.5116058863308038
2018-01-11 04:07:20,0.5122998682601404
2018-01-11 04:07:30,0.5137232339734265
2018-01-11 04:07:40,0.5159311643158409
2018-01-11 04:07:50,0.5189814430023354
2018-01-11 04:08:00,0.5229316411301544
2018-01-11 04:08:10,0.5278281586392136
2018-01-11 04:08:20,0.5336904037885091
2018-01-11 04:08:30,0.5404996314046582
2018-01-11 04:08:40,0.54819653955801
2018-01-11 04:08:50,0.556685271271411
2018-01-11 04:09:00,0.5658387949049852
2018-01-11 04:09:10,0.5755014815852197
2018-01-11 04:09:20,0.585492152586718
2018-01-11 04:09:30,0.5956136514169668
2018-01-11 04:09:40,0.6056678396783756
2018-01-11 04:09:50,0.6154703511447295
2018-01-11 04:10:00,0.6248614070107752
2018-01-11 04:10:10,0.6337125058253821
2018-01-11 04:10:20,0.6419299044829572
2018-01-11 04:10:30,0.6494538650987957
2018-01-11 04:10:40,0.6562526968203782
2018-01-11 04:10:50,0.6623145487036723
2018-01-11 04:11:00,0.6676404853440916
2018-01-11 04:11:10,0.6722391538322011
2018-01-11 04:11:20,0.6761239043926865
2018-01-11 04:11:30,0.6793140012212356
2018-01-11 04:11:40,0.681838546445324
2018-01-11 04:11:50,0.683740474776053
2018-01-11 04:12:00,0.6850776934133121
2018-01-11 04:12:10,0.6859191225633487
2018-01-11 04:12:20,0.6863364275893379
2018-01-11 04:12:30,0.6863927271197721
2018-01-11 04:12:40,0.6861308803469767
2018-01-11 04:12:50,0.6855667488865205
2018-01-11 04:13:00,0.6846903103323333
2018-01-11 04:13:10,0.6834710612513605
2018-01-11 04:13:20,0.681861736755276
2018-01-11 04:13:30,0.6798014450807396
2018-01-11 04:13:40,0.677223325638488
2018-01-11 04:13:50,0.6740640678083717
2018-01-11 04:14:00,0.6702684371412019
2018-01-11 04:14:10,0.6657868977252837
2018-01-11 04:14:20,0.6605704138868957
2018-01-11 04:14:30,0.6545698206146892
2018-01-11 04:14:40,0.6477443218208233
2018-01-11 04:14:50,0.6400753830769091
2018-01-11 04:15:00,0.6315765445696427
2018-01-11 04:15:10,0.6222938938449345
2018-01-11 04:15:20,0.6123005999002102
2018-01-11 04:15:30,0.6016900032371604
2018-01-11 04:15:40,0.5905695481992471
2018-01-11 04:15:50,0.5790576345404389
2018-01-11 04:16:00,0.5672814836824762
2018-01-11 04:16:10,0.5553723778705715
2018-01-11 04:16:20,0.5434602788919997
2018-01-11 04:16:30,0.5316705846066976
2018-01-11 04:16:40,0.5201187724130136
2018-01-11 04:16:50,0.508898437792332
2018-01-11 04:17:00,0.4980689994139761
2018-01-11 04:17:10,0.4876547564226042
2018-01-11 04:17:20,0.47765598081642485
2018-01-11 04:17:30,0.46806033748964193
2018-01-11 04:17:40,0.4588467805499189
2018-01-11 04:17:50,0.4499848549266528
2018-01-11 04:18:00,0.4414333665231059
2018-01-11 04:18:10,0.43313967758611444
2018-01-11 04:18:20,0.4250425469537359
2018-01-11 04:18:30,0.4170796488813176
2018-01-11 04:18:40,0.40919533305000283
2018-01-11 04:18:50,0.4013437412051314
2018-01-11 04:19:00,0.39348641428779046
2018-01-11 04:19:10,0.38558657120114026
2018-01-11 04:19:20,0.3776038041298085
2018-01-11 04:19:30,0.3694929442759272
2018-01-11 04:19:40,0.3612073567926186
2018-01-11 04:19:50,0.35270339041545146
2018-01-11 04:20:00,0.3439447774285697
2018-01-11 04:20:10,0.3349075022657545
2018-01-11 04:20:20,0.3255827860759183
2018-01-11 04:20:30,0.31597483854017433
2018-01-11 04:20:40,0.30609297448874406
2018-01-11 04:20:50,0.29594415293216586
2018-01-11 04:21:00,0.2855329796493372
2018-01-11 04:21:10,0.2748664919838228
2018-01-11 04:21:20,0.26395794224500163
2018-01-11 04:21:30,0.2528290040399073
2018-01-11 04:21:40,0.24150920002672605
2018-01-11 04:21:50,0.23003213006010792
2018-01-11 04:22:00,0.21843287921040103
2018-01-11 04:22:10,0.20674777986104256
2018-01-11 04:22:20,0.19501327464963564
2018-01-11 04:22:30,0.18326324740116912
2018-01-11 04:22:40,0.17152711928464473
2018-01-11 04:22:50,0.15982954869809546
2018-01-11 04:23:00,0.14818954737388773
2018-01-11 04:23:10,0.1366193273628281
2018-01-11 04:23:20,0.1251246509579379
2018-01-11 04:23:30,0.1137044148260031
2018-01-11 04:23:40,0.1023500601758836
2018-01-11 04:23:50,0.09104870617793037
2018-01-11 04:24:00,0.07978766580963081
2018-01-11 04:24:10,0.0685565648162963
2018-01-11 04:24:20,0.057349786884176954
2018-01-11 04:24:30,0.04617221447730902
2018-01-11 04:24:40,0.035045960130942154
2018-01-11 04:24:50,0.02401413970459919
2018-01-11 04:25:00,0.013140576007954647
2018-01-11 04:25:10,0.0025075108108506498
2018-01-11 04:25:20,-0.007788959987542946
2018-01-11 04:25:30,-0.017648701527139987
2018-01-11 04:25:40,-0.02697793341580862
2018-01-11 04:25:50,-0.035692720630970017
2018-01-11 04:26:00,-0.043720732792324066
2018-01-11 04:26:10,-0.051008064295392
2018-01-11 04:26:20,-0.05752379007065408
2018-01-11 04:26:30,-0.0632540842987362
2018-01-11 04:26:40,-0.06819143885133949
2018-01-11 04:26:50,-0.07232908875134578
2018-01-11 04:27:00,-0.07566071525262526
2018-01-11 04:27:10,-0.07817868686185814
2018-01-11 04:27:20,-0.07987079417616526
2018-01-11 04:27:30,-0.08072102414831099
2018-01-11 04:27:40,-0.08071501638952941
2018-01-11 04:27:50,-0.07984671196769536
2018-01-11 04:28:00,-0.07812238304540531
2018-01-11 04:28:10,-0.07555835920956798
2018-01-11 04:28:20,-0.07217422409249397
2018-01-11 04:28:30,-0.06798836447070113
2018-01-11 04:28:40,-0.06301957168417219
2018-01-11 04:28:50,-0.05729320994424164
2018-01-11 04:29:00,-0.05084721653871287
2018-01-11 04:29:10,-0.04373445847930705
2018-01-11 04:29:20,-0.03602140339152917
2018-01-11 04:29:30,-0.027781189248410356
2018-01-11 04:29:40,-0.019082717427782257
2018-01-11 04:29:50,-0.009985306288211825
2018-01-11 04:30:00,-0.0005413854701837744
2018-01-11 04:30:10,0.009200795217762733
2018-01-11 04:30:20,0.01919707910837057
2018-01-11 04:30:30,0.02940489927426134
2018-01-11 04:30:40,0.039777989940531173
2018-01-11 04:30:50,0.05026316275499444
2018-01-11 04:31:00,0.06080226475570573
2018-01-11 04:31:10,0.07133848884073846
2018-01-11 04:31:20,0.08182220171914108
2018-01-11 04:31:30,0.09221392254143998
2018-01-11 04:31:40,0.1024868519984444
2018-01-11 04:31:50,0.11262996445661913
2018-01-11 04:32:00,0.12265024877554678
2018-01-11 04:32:10,0.13257128405262572
2018-01-11 04:32:20,0.14242765528818302
2018-01-11 04:32:30,0.1522599995251592
2018-01-11 04:32:40,0.16211278759504194
2018-01-11 04:32:50,0.17203067882184703
2018-01-11 04:33:00,0.18205148988565226
2018-01-11 04:33:10,0.19220068197640655
2018-01-11 04:33:20,0.20249221456843475
2018-01-11 04:33:30,0.21293160849003237
2018-01-11 04:33:40,0.22351548191912346
2018-01-11 04:33:50,0.23423084657541451
2018-01-11 04:34:00,0.24505713719495092
2018-01-11 04:34:10,0.25596701864775384
2018-01-11 04:34:20,0.26692311108047223
2018-01-11 04:34:30,0.2778726051016392
2018-01-11 04:34:40,0.28874333041179906
2018-01-11 04:34:50,0.29944365314851396
2018-01-11 04:35:00,0.3098679546622919
2018-01-11 04:35:10,0.31990807004247546
2018-01-11 04:35:20,0.32946607190512955
2018-01-11 04:35:30,0.33846200309649055
2018-01-11 04:35:40,0.3468353928473752
2018-01-11 04:35:50,0.3545432865660475
2018-01-11 04:36:00,0.3615571225742897
2018-01-11 04:36:10,0.3678596198729828
2018-01-11 04:36:20,0.37344280903398647
2018-01-11 04:36:30,0.3783084102609702
2018-01-11 04:36:40,0.38246902319645937
2018-01-11 04:36:50,0.3859493873346836
2018-01-11 04:37:00,0.3887904961022404
2018-01-11 04:37:10,0.39105354462431857
2018-01-11 04:37:20,0.39281571359635487
2018-01-11 04:37:30,0.39415963397813675
2018-01-11 04:37:40,0.3951670811006641
2018-01-11 04:37:50,0.3959190593724489
2018-01-11 04:38:00,0.39649448408072996
2018-01-11 04:38:10,0.3969649489863933
2018-01-11 04:38:20,0.39739149918108185
2018-01-11 04:38:30,0.39782626347144584
2018-01-11 04:38:40,0.398314649816377
2018-01-11 04:38:50,0.39889408702699214
2018-01-11 04:39:00,0.3995895023206853
2018-01-11 04:39:10,0.40040812520163815
2018-01-11 04:39:20,0.4013375562458679
2018-01-11 04:39:30,0.4023484608235326
2018-01-11 04:39:40,0.4034002162494608
2018-01-11 04:39:50,0.40444966546728844
2018-01-11 04:40:00,0.40546147395668547
2018-01-11 04:40:10,0.4064148253427203
2018-01-11 04:40:20,0.4073050236544783
2018-01-11 04:40:30,0.40814250994893364
2018-01-11 04:40:40,0.4089499117397565
2018-01-11 04:40:50,0.40975727880926144
2018-01-11 04:41:00,0.4105972196348514
2018-01-11 04:41:10,0.41150199224795403
2018-01-11 04:41:20,0.4125029571687956
2018-01-11 04:41:30,0.413630554105495
2018-01-11 04:41:40,0.41491394107822654
2018-01-11 04:41:50,0.4163807247962856
2018-01-11 04:42:00,0.4180566938120056
2018-01-11 04:42:10,0.419965563908518
2018-01-11 04:42:20,0.4221284258933097
2018-01-11 04:42:30,0.4245613004056677
2018-01-11 04:42:40,0.4272717863639389
2018-01-11 04:42:50,0.43025946582415664
2018-01-11 04:43:00,0.43351833136739704
2018-01-11 04:43:10,0.4370347727104104
2018-01-11 04:43:20,0.44078309467929
2018-01-11 04:43:30,0.4447239347452375
2018-01-11 04:43:40,0.44880526772706764
2018-01-11 04:43:50,0.45296441119510833
2018-01-11 04:44:00,0.45713147799118314
2018-01-11 04:44:10,0.4612346544626034
2018-01-11 04:44:20,0.46520549480576734
2018-01-11 04:44:30,0.4689815727972281
2018-01-11 04:44:40,0.47250821907837376
2018-01-11 04:44:50,0.47574369151182877
2018-01-11 04:45:00,0.4786652877373831
2018-01-11 04:45:10,0.48127028927657883
2018-01-11 04:45:20,0.48357368707132425
2018-01-11 04:45:30,0.4856060856036581
2018-01-11 04:45:40,0.4874082733102177
2018-01-11 04:45:50,0.48902290820487054
2018-01-11 04:46:00,0.4904887674361556
2018-01-11 04:46:10,0.4918377522333868
2018-01-11 04:46:20,0.4930931087058054
2018-01-11 04:46:30,0.49426964016399233
2018-01-11 04:46:40,0.49537543479797064
2018-01-11 04:46:50,0.4964131474370632
2018-01-11 04:47:00,0.497379992278331
2018-01-11 04:47:10,0.49826743914894595
2018-01-11 04:47:20,0.49906220005448937
2018-01-11 04:47:30,0.4997484413408501
2018-01-11 04:47:40,0.5003088464442059
2018-01-11 04:47:50,0.5007241162862248
2018-01-11 04:48:00,0.5009729489740936
2018-01-11 04:48:10,0.501033228454354
2018-01-11 04:48:20,0.5008854733535704
2018-01-11 04:48:30,0.5005196263956332
2018-01-11 04:48:40,0.49994184962810734
2018-01-11 04:48:50,0.4991765118282516
2018-01-11 04:49:00,0.49826382368587413
2018-01-11 04:49:10,0.49725712621274515
2018-01-11 04:49:20,0.4962212474289984
2018-01-11 04:49:30,0.495228679897216
2018-01-11 04:49:40,0.49435031591980755
2018-01-11 04:49:50,0.4936440907060189
2018-01-11 04:50:00,0.4931495075346747
2018-01-11 04:50:10,0.49289152159184624
2018-01-11 04:50:20,0.49288790993889825
2018-01-11 04:50:30,0.49315256206623814
2018-01-11 04:50:40,0.49369540866292805
2018-01-11 04:50:50,0.49452339050162697
2018-01-11 04:51:00,0.49564151693677694
2018-01-11 04:51:10,0.49705213380755564
2018-01-11 04:51:20,0.4987556108274885
2018-01-11 04:51:30,0.5007541772390548
2018-01-11 04:51:40,0.5030562047621404
2018-01-11 04:51:50,0.505678014921121
2018-01-11 04:52:00,0.5086399922427256
2018-01-11 04:52:10,0.511957858145503
2018-01-11 04:52:20,0.5156337900327632
2018-01-11 04:52:30,0.5196471724691923
2018-01-11 04:52:40,0.5239461716578016
2018-01-11 04:52:50,0.5284460215885259
2018-01-11 04:53:00,0.5330329275544174
2018-01-11 04:53:10,0.5375690516054448
2018-01-11 04:53:20,0.5418999158428051
2018-01-11 04:53:30,0.5458657461500742
2018-01-11 04:53:40,0.5493143270551898
2018-01-11 04:53:50,0.5521118924398869
2018-01-11 04:54:00,0.5541481333097475
2018-01-11 04:54:10,0.5553327886754256
2018-01-11 04:54:20,0.5555865102553932
2018-01-11 04:54:30,0.554832960239245
2018-01-11 04:54:40,0.5529978824822365
2018-01-11 04:54:50,0.5500138104345528
2018-01-11 04:55:00,0.5458243274319313
2018-01-11 04:55:10,0.5403862987119141
2018-01-11 04:55:20,0.5336730905839998
2018-01-11 04:55:30,0.5256802746599465
2018-01-11 04:55:40,0.5164315056165224
2018-01-11 04:55:50,0.5059809777434074
2018-01-11 04:56:00,0.4944114348242664
2018-01-11 04:56:10,0.48182828638278874
2018-01-11 04:56:20,0.4683520692187572
2018-01-11 04:56:30,0.4541132288976613
2018-01-11 04:56:40,0.43924982082717895
2018-01-11 04:56:50,0.4239047070364711
2018-01-11 04:57:00,0.4082202013221136
2018-01-11 04:57:10,0.39233167244987044
2018-01-11 04:57:20,0.37636227980774484
2018-01-11 04:57:30,0.3604208442779954
2018-01-11 04:57:40,0.34460316023241266
2018-01-11 04:57:50,0.3289923570447205
2018-01-11 04:58:00,0.31365553113228606
2018-01-11 04:58:10,0.29863996398444387
2018-01-11 04:58:20,0.283973199904521
2018-01-11 04:58:30,0.26966758825767084
2018-01-11 04:58:40,0.25572412334392675
2018-01-11 04:58:50,0.24213183864487248
2018-01-11 04:59:00,0.2288670395029226
2018-01-11 04:59:10,0.2158965163227094
2018-01-11 04:59:20,0.20318275828405116
2018-01-11 04:59:30,0.19068696501843374
2018-01-11 04:59:40,0.17836825878247625
2018-01-11 04:59:50,0.16618169596257254
2018-01-11 05:00:00,0.1540792141705487
2018-01-11 05:00:10,0.14201557542984913
2018-01-11 05:00:20,0.12995847154080473
2018-01-11 05:00:30,0.11789884265619067
2018-01-11 05:00:40,0.1058552441691598
2018-01-11 05:00:50,0.09386917621087533
2018-01-11 05:01:00,0.08199351489792657
2018-01-11 05:01:10,0.07027913074266204
2018-01-11 05:01:20,0.058766366848624824
2018-01-11 05:01:30,0.04748372809269281
2018-01-11 05:01:40,0.036448717060466804
2018-01-11 05:01:50,0.025667827499759908
2018-01-11 05:02:00,0.015137758720432559
2018-01-11 05:02:10,0.004848966617426063
2018-01-11 05:02:20,-0.005206880619319206
2018-01-11 05:02:30,-0.015025568368819594
2018-01-11 05:02:40,-0.02458123122947053
2018-01-11 05:02:50,-0.03382557088254719
2018-01-11 05:03:00,-0.04269571372481609
2018-01-11 05:03:10,-0.05112540812671492
2018-01-11 05:03:20,-0.05905335472370643
2018-01-11 05:03:30,-0.06642798387409578
2018-01-11 05:03:40,-0.07321064167520898
2018-01-11 05:03:50,-0.07937678909086428
2018-01-11 05:04:00,-0.08491578886512349
2018-01-11 05:04:10,-0.08983150797587698
2018-01-11 05:04:20,-0.09414305515456209
2018-01-11 05:04:30,-0.09788398392136431
2018-01-11 05:04:40,-0.10110105959772264
2018-01-11 05:04:50,-0.10385235002835722
2018-01-11 05:05:00,-0.10620327475824136
2018-01-11 05:05:10,-0.10822241331224398
2018-01-11 05:05:20,-0.10997781940288458
2018-01-11 05:05:30,-0.11153215572320953
2018-01-11 05:05:40,-0.11293642799642796
2018-01-11 05:05:50,-0.11422413600473372
2018-01-11 05:06:00,-0.1154083645500842
2018-01-11 05:06:10,-0.11648227361794113
2018-01-11 05:06:20,-0.11742176157020912
2018-01-11 05:06:30,-0.11818891684349915
2018-01-11 05:06:40,-0.11873430373124709
2018-01-11 05:06:50,-0.11899789523248926
2018-01-11 05:07:00,-0.1189112660815649
2018-01-11 05:07:10,-0.11840391393057977
2018-01-11 05:07:20,-0.11741257639523114
2018-01-11 05:07:30,-0.11588806340064697
2018-01-11 05:07:40,-0.11379774846938089
2018-01-11 05:07:50,-0.11112692403386057
2018-01-11 05:08:00,-0.10787972904766041
2018-01-11 05:08:10,-0.10407860567502156
2018-01-11 05:08:20,-0.09976256369211513
2018-01-11 05:08:30,-0.09498456954977615
2018-01-11 05:08:40,-0.08980904103529196
2018-01-11 05:08:50,-0.08430953041011938
2018-01-11 05:09:00,-0.07856658818330005
2018-01-11 05:09:10,-0.07266619261217264
2018-01-11 05:09:20,-0.06669700196144572
2018-01-11 05:09:30,-0.060746777048603824
2018-01-11 05:09:40,-0.05489953234576878
2018-01-11 05:09:50,-0.04923289905789746
2018-01-11 05:10:00,-0.04381627882083735
2018-01-11 05:10:10,-0.03871018945776771
2018-01-11 05:10:20,-0.033965766387397636
2018-01-11 05:10:30,-0.02962297693747862
2018-01-11 05:10:40,-0.025707795546168782
2018-01-11 05:10:50,-0.02223190759339722
2018-01-11 05:11:00,-0.019195785489378073
2018-01-11 05:11:10,-0.016592337394428166
2018-01-11 05:11:20,-0.014408567493933773
2018-01-11 05:11:30,-0.01262339712649522
2018-01-11 05:11:40,-0.011205283327036068
2018-01-11 05:11:50,-0.010115308896440139
2018-01-11 05:12:00,-0.009314599452778002
2018-01-11 05:12:10,-0.008771720211147962
2018-01-11 05:12:20,-0.00846725477507016
2018-01-11 05:12:30,-0.008393420135652516
2018-01-11 05:12:40,-0.008547380277135344
2018-01-11 05:12:50,-0.008920636978753874
2018-01-11 05:13:00,-0.009491005747033428
2018-01-11 05:13:10,-0.010222001084192231
2018-01-11 05:13:20,-0.01106936652963786
2018-01-11 05:13:30,-0.011990273220726275
2018-01-11 05:13:40,-0.012947363151084466
2018-01-11 05:13:50,-0.013904351787753356
2018-01-11 05:14:00,-0.014820915971789849
2018-01-11 05:14:10,-0.015654105940851728
2018-01-11 05:14:20,-0.016362671989757775
2018-01-11 05:14:30,-0.016909172250530517
2018-01-11 05:14:40,-0.017260994538039143
2018-01-11 05:14:50,-0.01739188518370024
2018-01-11 05:15:00,-0.017283362592274268
2018-01-11 05:15:10,-0.01692559257531855
2018-01-11 05:15:20,-0.0163168950691893
2018-01-11 05:15:30,-0.015462168809240165
2018-01-11 05:15:40,-0.01437273210637516
2018-01-11 05:15:50,-0.013068203468454132
2018-01-11 05:16:00,-0.01157879263200797
2018-01-11 05:16:10,-0.009947639911943923
2018-01-11 05:16:20,-0.00823248879667245
2018-01-11 05:16:30,-0.006503360262261914
2018-01-11 05:16:40,-0.004836021006766652
2018-01-11 05:16:50,-0.0033062790127991537
2018-01-11 05:17:00,-0.0019873576027896285
2018-01-11 05:17:10,-0.0009480249552682684
2018-01-11 05:17:20,-0.0002492405130616978
2018-01-11 05:17:30,6.072954633143157e-05
2018-01-11 05:17:40,-4.956499370255916e-05
2018-01-11 05:17:50,-0.0005935310847421416
2018-01-11 05:18:00,-0.0015699477222887491
2018-01-11 05:18:10,-0.0029720848447052574
2018-01-11 05:18:20,-0.004799177822953691
2018-01-11 05:18:30,-0.0070634302457466954
2018-01-11 05:18:40,-0.009786673738455072
2018-01-11 05:18:50,-0.01298667255593799
2018-01-11 05:19:00,-0.016660624957358178
2018-01-11 05:19:10,-0.020774662992303912
2018-01-11 05:19:20,-0.025263220843082555
2018-01-11 05:19:30,-0.030035830373068794
2018-01-11 05:19:40,-0.034985508132555
2018-01-11 05:19:50,-0.03999537076248493
2018-01-11 05:20:00,-0.0449432484308349
2018-01-11 05:20:10,-0.04970594474292532
2018-01-11 05:20:20,-0.05416558191092071
2018-01-11 05:20:30,-0.05821640072898289
2018-01-11 05:20:40,-0.06176881481289985
2018-01-11 05:20:50,-0.06474976037046504
2018-01-11 05:21:00,-0.06709798318174424
2018-01-11 05:21:10,-0.06875893087708668
2018-01-11 05:21:20,-0.06968896509169144
2018-01-11 05:21:30,-0.06986606882712279
2018-01-11 05:21:40,-0.06929358029968258
2018-01-11 05:21:50,-0.06799332020599896
2018-01-11 05:22:00,-0.0659976828514216
2018-01-11 05:22:10,-0.06334763719838563
2018-01-11 05:22:20,-0.060094316494599544
2018-01-11 05:22:30,-0.056299320105527725
2018-01-11 05:22:40,-0.05203051927379729
2018-01-11 05:22:50,-0.04735660026832161
2018-01-11 05:23:00,-0.04234603092226535
2018-01-11 05:23:10,-0.037067381438392305
2018-01-11 05:23:20,-0.03158592572613483
2018-01-11 05:23:30,-0.02595861536055257
2018-01-11 05:23:40,-0.020231261279299757
2018-01-11 05:23:50,-0.014438637533599993
2018-01-11 05:24:00,-0.008606187098805803
2018-01-11 05:24:10,-0.002751815769278959
2018-01-11 05:24:20,0.003113074186188523
2018-01-11 05:24:30,0.00898306769012511
2018-01-11 05:24:40,0.01485812672043905
2018-01-11 05:24:50,0.02074365148392534
2018-01-11 05:25:00,0.0266525501788454
2018-01-11 05:25:10,0.032607014423406036
2018-01-11 05:25:20,0.03863573171587607
2018-01-11 05:25:30,0.044768458007745704
2018-01-11 05:25:40,0.051031776614863536
2018-01-11 05:25:50,0.057443831516356375
2018-01-11 05:26:00,0.06400776932821002
2018-01-11 05:26:10,0.07070759813361377
2018-01-11 05:26:20,0.0775064240882673
2018-01-11 05:26:30,0.08434863340698413
2018-01-11 05:26:40,0.09116904045560402
2018-01-11 05:26:50,0.0979029194271269
2018-01-11 05:27:00,0.1044899689723045
2018-01-11 05:27:10,0.11087453934010823
2018-01-11 05:27:20,0.11700666216597427
2018-01-11 05:27:30,0.12284506364759851
2018-01-11 05:27:40,0.12836100573750137
2018-01-11 05:27:50,0.1335408248651151
2018-01-11 05:28:00,0.13838572045043637
2018-01-11 05:28:10,0.14290922827103564
2018-01-11 05:28:20,0.14713466488149113
2018-01-11 05:28:30,0.15109564153252608
2018-01-11 05:28:40,0.15483808544774622
2018-01-11 05:28:50,0.15841655097082735
2018-01-11 05:29:00,0.16188513582250383
2018-01-11 05:29:10,0.16529178935887057
2018-01-11 05:29:20,0.1686773279453936
2018-01-11 05:29:30,0.17207480827926
2018-01-11 05:29:40,0.1755104842422818
2018-01-11 05:29:50,0.1790080890494586
2018-01-11 05:30:00,0.1825923274384338
2018-01-11 05:30:10,0.1862881404443307
2018-01-11 05:30:20,0.19011596352890836
2018-01-11 05:30:30,0.19408284319312702
2018-01-11 05:30:40,0.19817206139851531
2018-01-11 05:30:50,0.20233792121820232
2018-01-11 05:31:00,0.20650828396487736
2018-01-11 05:31:10,0.210590906118926
2018-01-11 05:31:20,0.214479603299182
2018-01-11 05:31:30,0.21805875228137547
2018-01-11 05:31:40,0.22120481584793686
2018-01-11 05:31:50,0.22378595880611815
2018-01-11 05:32:00,0.22566381300213478
2018-01-11 05:32:10,0.22669913738475309
2018-01-11 05:32:20,0.22675997332955572
2018-01-11 05:32:30,0.2257302700752011
2018-01-11 05:32:40,0.22351738126381002
2018-01-11 05:32:50,0.2200585076556002
2018-01-11 05:33:00,0.21532545542264234
2018-01-11 05:33:10,0.20932509433957217
2018-01-11 05:33:20,0.20209574309414918
2018-01-11 05:33:30,0.19370225392304805
2018-01-11 05:33:40,0.18423101958781568
2018-01-11 05:33:50,0.1737855295191225
2018-01-11 05:34:00,0.16248278172235395
2018-01-11 05:34:10,0.15044909027899758
2018-01-11 05:34:20,0.13781388636330646
2018-01-11 05:34:30,0.12470378656916797
2018-01-11 05:34:40,0.11124035543021384
2018-01-11 05:34:50,0.09754058801714476
2018-01-11 05:35:00,0.0837192189698011
2018-01-11 05:35:10,0.06989376167984057
2018-01-11 05:35:20,0.05618782079912772
2018-01-11 05:35:30,0.04272812334327396
2018-01-11 05:35:40,0.029638188650031098
2018-01-11 05:35:50,0.017033304885753088
2018-01-11 05:36:00,0.005019445652992088
2018-01-11 05:36:10,-0.006304000363233913
2018-01-11 05:36:20,-0.01684249014319298
2018-01-11 05:36:30,-0.02650951653453059
2018-01-11 05:36:40,-0.035231999342436496
2018-01-11 05:36:50,-0.04295405251840515
2018-01-11 05:37:00,-0.0496389100137656
2018-01-11 05:37:10,-0.0552677590502204
2018-01-11 05:37:20,-0.0598345774870489
2018-01-11 05:37:30,-0.06334378015997344
2018-01-11 05:37:40,-0.06581833591204987
2018-01-11 05:37:50,-0.0673117191492294
2018-01-11 05:38:00,-0.06790944983583062
2018-01-11 05:38:10,-0.06771902293851924
2018-01-11 05:38:20,-0.06685915602637091
2018-01-11 05:38:30,-0.06545494934802973
2018-01-11 05:38:40,-0.06363695532697863
2018-01-11 05:38:50,-0.0615415525449981
2018-01-11 05:39:00,-0.05931166638290578
2018-01-11 05:39:10,-0.05709516154548607
2018-01-11 05:39:20,-0.055037813216687374
2018-01-11 05:39:30,-0.05327005621567388
2018-01-11 05:39:40,-0.051892433831623085
2018-01-11 05:39:50,-0.05096786011531532
2018-01-11 05:40:00,-0.05052263748564197
2018-01-11 05:40:10,-0.05055341469016329
2018-01-11 05:40:20,-0.05103723203439544
2018-01-11 05:40:30,-0.05194068724242643
2018-01-11 05:40:40,-0.053225870822797824
2018-01-11 05:40:50,-0.05485393696586838
2018-01-11 05:41:00,-0.056787238720519904
2018-01-11 05:41:10,-0.05898906072011877
2018-01-11 05:41:20,-0.061420610877268716
2018-01-11 05:41:30,-0.06403816102149366
2018-01-11 05:41:40,-0.06679244070776767
2018-01-11 05:41:50,-0.06962830112886273
2018-01-11 05:42:00,-0.07248258598318057
2018-01-11 05:42:10,-0.07528262287804637
2018-01-11 05:42:20,-0.07794863449829185
2018-01-11 05:42:30,-0.0803991500007129
2018-01-11 05:42:40,-0.08255799014573302
2018-01-11 05:42:50,-0.0843626986947466
2018-01-11 05:43:00,-0.08577155877877321
2018-01-11 05:43:10,-0.08676527858275934
2018-01-11 05:43:20,-0.08734369898707214
2018-01-11 05:43:30,-0.08752097454292529
2018-01-11 05:43:40,-0.08732081441877325
2018-01-11 05:43:50,-0.0867721179783784
2018-01-11 05:44:00,-0.08590592988826302
2018-01-11 05:44:10,-0.08475368430663328
2018-01-11 05:44:20,-0.08334636616429328
2018-01-11 05:44:30,-0.08171678138968769
2018-01-11 05:44:40,-0.07990809973059258
2018-01-11 05:44:50,-0.07798465497279387
2018-01-11 05:45:00,-0.07603506509040932
2018-01-11 05:45:10,-0.07416539020678255
2018-01-11 05:45:20,-0.07248833094523265
2018-01-11 05:45:30,-0.07111269320698958
2018-01-11 05:45:40,-0.07013507277811416
2018-01-11 05:45:50,-0.06963569968567937
2018-01-11 05:46:00,-0.06967870192011802
2018-01-11 05:46:10,-0.07031458952556824
2018-01-11 05:46:20,-0.07158057348593905
2018-01-11 05:46:30,-0.07349601501483968
2018-01-11 05:46:40,-0.07605649833935217
2018-01-11 05:46:50,-0.079231558086319
2018-01-11 05:47:00,-0.0829651322902827
2018-01-11 05:47:10,-0.08717553257067992
2018-01-11 05:47:20,-0.09175792696933906
2018-01-11 05:47:30,-0.0965941514630805
2018-01-11 05:47:40,-0.10156662860832584
2018-01-11 05:47:50,-0.10657001228615892
2018-01-11 05:48:00,-0.11151907744511146
2018-01-11 05:48:10,-0.11635348681501437
2018-01-11 05:48:20,-0.12103911539246186
2018-01-11 05:48:30,-0.12556477243264655
2018-01-11 05:48:40,-0.12993489912922546
2018-01-11 05:48:50,-0.13416183942438795
2018-01-11 05:49:00,-0.13826039426656664
2018-01-11 05:49:10,-0.1422452674074793
2018-01-11 05:49:20,-0.14612971167768615
2018-01-11 05:49:30,-0.14992243060163277
2018-01-11 05:49:40,-0.15362351145396266
2018-01-11 05:49:50,-0.15722396066102268
2018-01-11 05:50:00,-0.16071075286131858
2018-01-11 05:50:10,-0.16407189278685563
2018-01-11 05:50:20,-0.16729637288106433
2018-01-11 05:50:30,-0.17037329380113245
2018-01-11 05:50:40,-0.17329435430328494
2018-01-11 05:50:50,-0.17605613925261365
2018-01-11 05:51:00,-0.17865944930848085
2018-01-11 05:51:10,-0.1811067059937544
2018-01-11 05:51:20,-0.1833986768245126
2018-01-11 05:51:30,-0.18553197961478982
2018-01-11 05:51:40,-0.1874973492421187
2018-01-11 05:51:50,-0.1892776928506496
2018-01-11 05:52:00,-0.19084684084646708
2018-01-11 05:52:10,-0.1921699693492378
2018-01-11 05:52:20,-0.19320514648353174
2018-01-11 05:52:30,-0.1939054815621441
2018-01-11 05:52:40,-0.194220879830656
2018-01-11 05:52:50,-0.19409867494295413
2018-01-11 05:53:00,-0.1934851754790026
2018-01-11 05:53:10,-0.19233148768992342
2018-01-11 05:53:20,-0.19060521516630313
2018-01-11 05:53:30,-0.18830224221649344
2018-01-11 05:53:40,-0.1854477580736588
2018-01-11 05:53:50,-0.1820864654536217
2018-01-11 05:54:00,-0.17827332643768568
2018-01-11 05:54:10,-0.17407089275592916
2018-01-11 05:54:20,-0.16954991487882892
2018-01-11 05:54:30,-0.16478984556620865
2018-01-11 05:54:40,-0.1598798129304436
2018-01-11 05:54:50,-0.1549191150928627
2018-01-11 05:55:00,-0.15001384926578898
2018-01-11 05:55:10,-0.14527036501357743
2018-01-11 05:55:20,-0.14078933586748632
2018-01-11 05:55:30,-0.13666194705779122
2018-01-11 05:55:40,-0.13296680917869474
2018-01-11 05:55:50,-0.12976635812389398
2018-01-11 05:56:00,-0.1271047441606993
2018-01-11 05:56:10,-0.1250093750552338
2018-01-11 05:56:20,-0.12349301592005213
2018-01-11 05:56:30,-0.12255220490089692
2018-01-11 05:56:40,-0.12216569240943712
2018-01-11 05:56:50,-0.1222992012837851
2018-01-11 05:57:00,-0.12291315030160568
2018-01-11 05:57:10,-0.12396628453935156
2018-01-11 05:57:20,-0.12541497883012137
2018-01-11 05:57:30,-0.12721127130801196
2018-01-11 05:57:40,-0.12930038067908986
2018-01-11 05:57:50,-0.13161723813098897
2018-01-11 05:58:00,-0.13408507680970702
2018-01-11 05:58:10,-0.13661960723420583
2018-01-11 05:58:20,-0.13913625014058797
2018-01-11 05:58:30,-0.14155750514396268
2018-01-11 05:58:40,-0.14381879827246236
2018-01-11 05:58:50,-0.14586815931304975
2018-01-11 05:59:00,-0.14765985936428222
2018-01-11 05:59:10,-0.1491492917253692
2018-01-11 05:59:20,-0.15029389373977725
2018-01-11 05:59:30,-0.15105880833900467
2018-01-11 05:59:40,-0.1514231571295736
2018-01-11 05:59:50,-0.15138339793688077
2018-01-11 06:00:00,-0.1509515970191739
2018-01-11 06:00:10,-0.15015010296101336
2018-01-11 06:00:20,-0.14900853591437752
2018-01-11 06:00:30,-0.14756469850919152
2018-01-11 06:00:40,-0.14586394653828513
2018-01-11 06:00:50,-0.14395305384026086
2018-01-11 06:01:00,-0.14187057325789915
2018-01-11 06:01:10,-0.13964053555067837
2018-01-11 06:01:20,-0.13727490093957795
2018-01-11 06:01:30,-0.13478242885308966
2018-01-11 06:01:40,-0.13217727241414565
2018-01-11 06:01:50,-0.12948220422515364
2018-01-11 06:02:00,-0.12672585578303663
2018-01-11 06:02:10,-0.12393835643461143
2018-01-11 06:02:20,-0.12114980493428337
2018-01-11 06:02:30,-0.11839167078200799
2018-01-11 06:02:40,-0.11569834529781742
2018-01-11 06:02:50,-0.11310616336280023
2018-01-11 06:03:00,-0.1106516992313659
2018-01-11 06:03:10,-0.10837172316201583
2018-01-11 06:03:20,-0.10630027585091328
2018-01-11 06:03:30,-0.10446152179944461
2018-01-11 06:03:40,-0.10286526650200718
2018-01-11 06:03:50,-0.10150780090976906
2018-01-11 06:04:00,-0.10037372727225825
2018-01-11 06:04:10,-0.09943580606193667
2018-01-11 06:04:20,-0.09865524831019237
2018-01-11 06:04:30,-0.09798404892753115
2018-01-11 06:04:40,-0.09736792640468375
2018-01-11 06:04:50,-0.0967504783450552
2018-01-11 06:05:00,-0.09607780543214203
2018-01-11 06:05:10,-0.09530134876135835
2018-01-11 06:05:20,-0.09438076265461046
2018-01-11 06:05:30,-0.09328638597752549
2018-01-11 06:05:40,-0.09199666713515942
2018-01-11 06:05:50,-0.09049334427848493
2018-01-11 06:06:00,-0.08876121797939926
2018-01-11 06:06:10,-0.08679135043716958
2018-01-11 06:06:20,-0.08458317346860969
2018-01-11 06:06:30,-0.08214502794073447
2018-01-11 06:06:40,-0.07949506770343726
2018-01-11 06:06:50,-0.07666131799217303
2018-01-11 06:07:00,-0.07367706787267982
2018-01-11 06:07:10,-0.0705731982020462
2018-01-11 06:07:20,-0.06737329537419615
2018-01-11 06:07:30,-0.06409487045827506
2018-01-11 06:07:40,-0.060755765579257805
2018-01-11 06:07:50,-0.05737943939799557
2018-01-11 06:08:00,-0.05399291509941852
2018-01-11 06:08:10,-0.050620081779782035
2018-01-11 06:08:20,-0.047277543122693604
2018-01-11 06:08:30,-0.04397558589602686
2018-01-11 06:08:40,-0.04072256464123365
2018-01-11 06:08:50,-0.037528714424044686
2018-01-11 06:09:00,-0.034405722769943116
2018-01-11 06:09:10,-0.03136462416335299
2018-01-11 06:09:20,-0.02841665986499999
2018-01-11 06:09:30,-0.025576091777409854
2018-01-11 06:09:40,-0.0228625876525429
2018-01-11 06:09:50,-0.020301970339678788
2018-01-11 06:10:00,-0.01792256965839652
2018-01-11 06:10:10,-0.015748692201103504
2018-01-11 06:10:20,-0.013798020025471792
2018-01-11 06:10:30,-0.012084157109298123
2018-01-11 06:10:40,-0.010619023171148247
2018-01-11 06:10:50,-0.009413203360618487
2018-01-11 06:11:00,-0.008476355808829224
2018-01-11 06:11:10,-0.007815621903667169
2018-01-11 06:11:20,-0.007428993897059407
2018-01-11 06:11:30,-0.007299588866458983
2018-01-11 06:11:40,-0.007397978754791334
2018-01-11 06:11:50,-0.00768833292872555
2018-01-11 06:12:00,-0.008131158481909904
2018-01-11 06:12:10,-0.008683793442076496
2018-01-11 06:12:20,-0.009303032202595946
2018-01-11 06:12:30,-0.009949726893235549
2018-01-11 06:12:40,-0.010592557804946633
2018-01-11 06:12:50,-0.011209651615750401
2018-01-11 06:13:00,-0.011788652721633389
2018-01-11 06:13:10,-0.012328121146507916
2018-01-11 06:13:20,-0.012841253445356152
2018-01-11 06:13:30,-0.013357895602977909
2018-01-11 06:13:40,-0.013922531919757803
2018-01-11 06:13:50,-0.014589087856695413
2018-01-11 06:14:00,-0.015413292906971899
2018-01-11 06:14:10,-0.016445967013646135
2018-01-11 06:14:20,-0.01772902301393282
2018-01-11 06:14:30,-0.019291952951895477
2018-01-11 06:14:40,-0.021151212536753613
2018-01-11 06:14:50,-0.023315934740209175
2018-01-11 06:15:00,-0.025795155309323494
2018-01-11 06:15:10,-0.0285998143450502
2018-01-11 06:15:20,-0.031739091512031345
2018-01-11 06:15:30,-0.0352147452537965
2018-01-11 06:15:40,-0.03901789184284809
2018-01-11 06:15:50,-0.04313095858935285
2018-01-11 06:16:00,-0.047532849674634614
2018-01-11 06:16:10,-0.05220239437419809
2018-01-11 06:16:20,-0.05711698053827848
2018-01-11 06:16:30,-0.06225048305088699
2018-01-11 06:16:40,-0.06757793588712638
2018-01-11 06:16:50,-0.07308438152241313
2018-01-11 06:17:00,-0.07876837418801935
2018-01-11 06:17:10,-0.0846378567928296
2018-01-11 06:17:20,-0.09070292892198782
2018-01-11 06:17:30,-0.09697023204052903
2018-01-11 06:17:40,-0.10343937286179179
2018-01-11 06:17:50,-0.11009851432015233
2018-01-11 06:18:00,-0.11692130530963445
2018-01-11 06:18:10,-0.12386813758665566
2018-01-11 06:18:20,-0.13088845142194103
2018-01-11 06:18:30,-0.137921217300252
2018-01-11 06:18:40,-0.14489387934210074
2018-01-11 06:18:50,-0.15172134821506705
2018-01-11 06:19:00,-0.15830697018465717
2018-01-11 06:19:10,-0.1645450751429348
2018-01-11 06:19:20,-0.1703247682543606
2018-01-11 06:19:30,-0.17553531199533381
2018-01-11 06:19:40,-0.18007056461421114
2018-01-11 06:19:50,-0.18383081686915154
2018-01-11 06:20:00,-0.18672263975658387
2018-01-11 06:20:10,-0.1886573365887326
2018-01-11 06:20:20,-0.18955197774999416
2018-01-11 06:20:30,-0.18933475139965403
2018-01-11 06:20:40,-0.18794873084962713
2018-01-11 06:20:50,-0.18535247004303004
2018-01-11 06:21:00,-0.18152191290658867
2018-01-11 06:21:10,-0.17645238696621574
2018-01-11 06:21:20,-0.17015704241469115
2018-01-11 06:21:30,-0.1626645009357532
2018-01-11 06:21:40,-0.15401911529135853
2018-01-11 06:21:50,-0.14427985146551156
2018-01-11 06:22:00,-0.13351259847237737
2018-01-11 06:22:10,-0.12177900317811775
2018-01-11 06:22:20,-0.1091295751744262
2018-01-11 06:22:30,-0.09560501608186318
2018-01-11 06:22:40,-0.0812434869479217
2018-01-11 06:22:50,-0.06608757725721
2018-01-11 06:23:00,-0.05018624839525632
2018-01-11 06:23:10,-0.03359162800826877
2018-01-11 06:23:20,-0.016354928456415594
2018-01-11 06:23:30,0.0014728325425244677
2018-01-11 06:23:40,0.0198353445481466
2018-01-11 06:23:50,0.03866428705232967
2018-01-11 06:24:00,0.05787173065833343
2018-01-11 06:24:10,0.0773440209694048
2018-01-11 06:24:20,0.09694389243699733
2018-01-11 06:24:30,0.11652296435011779
2018-01-11 06:24:40,0.1359363943512472
2018-01-11 06:24:50,0.1550497416457834
2018-01-11 06:25:00,0.1737387234004738
2018-01-11 06:25:10,0.19188822117412588
2018-01-11 06:25:20,0.20939235535920803
2018-01-11 06:25:30,0.22615584690025237
2018-01-11 06:25:40,0.24209698049240672
2018-01-11 06:25:50,0.2571500730270049
2018-01-11 06:26:00,0.27126665514728066
2018-01-11 06:26:10,0.2844167909480335
2018-01-11 06:26:20,0.29659036837153496
2018-01-11 06:26:30,0.30779583330191235
2018-01-11 06:26:40,0.3180540036149085
2018-01-11 06:26:50,0.327388320712534
2018-01-11 06:27:00,0.33581677548778077
2018-01-11 06:27:10,0.34334963363599136
2018-01-11 06:27:20,0.34999250850910785
2018-01-11 06:27:30,0.35575241330021135
2018-01-11 06:27:40,0.3606441653718772
2018-01-11 06:27:50,0.3646938266627678
2018-01-11 06:28:00,0.3679370499865904
2018-01-11 06:28:10,0.37041382953609164
2018-01-11 06:28:20,0.3721650776921058
2018-01-11 06:28:30,0.37323416175210405
2018-01-11 06:28:40,0.3736696850728212
2018-01-11 06:28:50,0.3735245464444507
2018-01-11 06:29:00,0.3728499610095597
2018-01-11 06:29:10,0.37168763328301374
2018-01-11 06:29:20,0.37006624449416603
2018-01-11 06:29:30,0.36800440935371526
2018-01-11 06:29:40,0.36551609196988244
2018-01-11 06:29:50,0.36261452554361095
2018-01-11 06:30:00,0.35931339910820287
2018-01-11 06:30:10,0.35562581695121
2018-01-11 06:30:20,0.35156373550766645
2018-01-11 06:30:30,0.3471404826937878
2018-01-11 06:30:40,0.3423749535239582
2018-01-11 06:30:50,0.33729247155845926
2018-01-11 06:31:00,0.3319194193150093
2018-01-11 06:31:10,0.32627643477271506
2018-01-11 06:31:20,0.32037533143051466
2018-01-11 06:31:30,0.31421744036257726
2018-01-11 06:31:40,0.30779190214549423
2018-01-11 06:31:50,0.3010763081963763
2018-01-11 06:32:00,0.2940405874568227
2018-01-11 06:32:10,0.2866537930690592
2018-01-11 06:32:20,0.27889110839575976
2018-01-11 06:32:30,0.27073714800073556
2018-01-11 06:32:40,0.2621872359958086
2018-01-11 06:32:50,0.2532507470506092
2018-01-11 06:33:00,0.24395490215008175
2018-01-11 06:33:10,0.234345350515721
2018-01-11 06:33:20,0.2244828798243561
2018-01-11 06:33:30,0.21443837196261784
2018-01-11 06:33:40,0.20428780634333973
2018-01-11 06:33:50,0.19410517482776524
2018-01-11 06:34:00,0.18395312269351063
2018-01-11 06:34:10,0.1738771259981623
2018-01-11 06:34:20,0.1639064993967009
2018-01-11 06:34:30,0.1540597905531703
2018-01-11 06:34:40,0.1443495777381667
2018-01-11 06:34:50,0.1347807323923528
2018-01-11 06:35:00,0.12534300105477658
2018-01-11 06:35:10,0.11600689690389843
2018-01-11 06:35:20,0.10672593484744364
2018-01-11 06:35:30,0.09743937696149596
2018-01-11 06:35:40,0.08807334605380256
2018-01-11 06:35:50,0.07854416256673963
2018-01-11 06:36:00,0.06876660999086141
2018-01-11 06:36:10,0.05866574979967909
2018-01-11 06:36:20,0.04818640245619297
2018-01-11 06:36:30,0.03729462986444022
2018-01-11 06:36:40,0.02597366710365195
2018-01-11 06:36:50,0.014220881702074908
2018-01-11 06:37:00,0.002046136417203352
2018-01-11 06:37:10,-0.01053132282074786
2018-01-11 06:37:20,-0.023485389522944402
2018-01-11 06:37:30,-0.036782007640602424
2018-01-11 06:37:40,-0.05037635514492887
2018-01-11 06:37:50,-0.06421157042677474
2018-01-11 06:38:00,-0.07821967722588721
2018-01-11 06:38:10,-0.09232299864900186
2018-01-11 06:38:20,-0.10643240174487645
2018-01-11 06:38:30,-0.12044122395848078
2018-01-11 06:38:40,-0.13422136878597146
2018-01-11 06:38:50,-0.14762739427543778
2018-01-11 06:39:00,-0.1605055141643397
2018-01-11 06:39:10,-0.17270166783239632
2018-01-11 06:39:20,-0.18406648477068563
2018-01-11 06:39:30,-0.19445947268984512
2018-01-11 06:39:40,-0.20375540300618625
2018-01-11 06:39:50,-0.21185141873413105
2018-01-11 06:40:00,-0.21867097007189076
2018-01-11 06:40:10,-0.2241638512826552
2018-01-11 06:40:20,-0.22830540678405323
2018-01-11 06:40:30,-0.23109687846347926
2018-01-11 06:40:40,-0.2325664289543997
2018-01-11 06:40:50,-0.2327694619002085
2018-01-11 06:41:00,-0.23178446601020414
2018-01-11 06:41:10,-0.2297037607447079
2018-01-11 06:41:20,-0.2266262320254375
2018-01-11 06:41:30,-0.22265495831424353
2018-01-11 06:41:40,-0.2178952163217702
2018-01-11 06:41:50,-0.21245280848438802
2018-01-11 06:42:00,-0.20643336697901524
2018-01-11 06:42:10,-0.19993903870186758
2018-01-11 06:42:20,-0.19306550606473724
2018-01-11 06:42:30,-0.18590481800283074
2018-01-11 06:42:40,-0.17854945050186474
2018-01-11 06:42:50,-0.17109164602847918
2018-01-11 06:43:00,-0.1636198712636846
2018-01-11 06:43:10,-0.15621546479673298
2018-01-11 06:43:20,-0.148950966925689
2018-01-11 06:43:30,-0.14189168051912873
2018-01-11 06:43:40,-0.13509767039860218
2018-01-11 06:43:50,-0.12862131293721518
2018-01-11 06:44:00,-0.12250272866007497
2018-01-11 06:44:10,-0.11676943499604545
2018-01-11 06:44:20,-0.1114415083164379
2018-01-11 06:44:30,-0.10653751975675214
2018-01-11 06:44:40,-0.10207620404923935
2018-01-11 06:44:50,-0.09807417783786104
2018-01-11 06:45:00,-0.09454239516824753
2018-01-11 06:45:10,-0.09148273426077967
2018-01-11 06:45:20,-0.08888628571783119
2018-01-11 06:45:30,-0.08673465202753491
2018-01-11 06:45:40,-0.08500351339971847
2018-01-11 06:45:50,-0.08366582776948357
2018-01-11 06:46:00,-0.08269321221273591
2018-01-11 06:46:10,-0.08205677798439294
2018-01-11 06:46:20,-0.08172801185440348
2018-01-11 06:46:30,-0.08167820604225642
2018-01-11 06:46:40,-0.08187789840736893
2018-01-11 06:46:50,-0.08229951073902479
2018-01-11 06:47:00,-0.08291858590688696
2018-01-11 06:47:10,-0.0837081733128854
2018-01-11 06:47:20,-0.08463232039624233
2018-01-11 06:47:30,-0.08564459691624833
2018-01-11 06:47:40,-0.08668874305959896
2018-01-11 06:47:50,-0.08769848155737733
2018-01-11 06:48:00,-0.08859637456060192
2018-01-11 06:48:10,-0.0892931086877751
2018-01-11 06:48:20,-0.08968977525622172
2018-01-11 06:48:30,-0.08968370926160349
2018-01-11 06:48:40,-0.08917635887446738
2018-01-11 06:48:50,-0.08808146488061108
2018-01-11 06:49:00,-0.08633186047717342
2018-01-11 06:49:10,-0.08388398470315783
2018-01-11 06:49:20,-0.08071870240459882
2018-01-11 06:49:30,-0.07683708773111102
2018-01-11 06:49:40,-0.07225486450576722
2018-01-11 06:49:50,-0.06699995464437805
2018-01-11 06:50:00,-0.061111270226445934
2018-01-11 06:50:10,-0.05463616718185396
2018-01-11 06:50:20,-0.04762757089245579
2018-01-11 06:50:30,-0.040141170219909435
2018-01-11 06:50:40,-0.032233041026754616
2018-01-11 06:50:50,-0.023960174267043156
2018-01-11 06:51:00,-0.015382641214368288
2018-01-11 06:51:10,-0.006563199955328279
2018-01-11 06:51:20,0.002433682664416775
2018-01-11 06:51:30,0.011540102640293365
2018-01-11 06:51:40,0.020682882277345233
2018-01-11 06:51:50,0.02978382116509548
2018-01-11 06:52:00,0.03876291513686556
2018-01-11 06:52:10,0.04754610897137713
2018-01-11 06:52:20,0.056072160147315635
2018-01-11 06:52:30,0.06429058372119532
2018-01-11 06:52:40,0.07215444679284215
2018-01-11 06:52:50,0.07961686628375704
2018-01-11 06:53:00,0.08663201461902519
2018-01-11 06:53:10,0.09315726668541341
2018-01-11 06:53:20,0.09915378276726465
2018-01-11 06:53:30,0.1045843960927446
2018-01-11 06:53:40,0.10941152678199263
2018-01-11 06:53:50,0.1136000466364951
2018-01-11 06:54:00,0.11712640949929569
2018-01-11 06:54:10,0.11998704134495586
2018-01-11 06:54:20,0.1221994691995907
2018-01-11 06:54:30,0.12380017119597266
2018-01-11 06:54:40,0.12484389633510623
2018-01-11 06:54:50,0.12540300897214493
2018-01-11 06:55:00,0.1255648204342036
2018-01-11 06:55:10,0.12542546684908218
2018-01-11 06:55:20,0.1250811790290416
2018-01-11 06:55:30,0.12462053717478391
2018-01-11 06:55:40,0.12411978921544874
2018-01-11 06:55:50,0.12364191185466215
2018-01-11 06:56:00,0.12323771892440337
2018-01-11 06:56:10,0.12294623301715121
2018-01-11 06:56:20,0.12279448741990938
2018-01-11 06:56:30,0.12279736677697187
2018-01-11 06:56:40,0.12295844689675725
2018-01-11 06:56:50,0.12327332360638028
2018-01-11 06:57:00,0.12373482554250072
2018-01-11 06:57:10,0.12433877274202898
2018-01-11 06:57:20,0.12508787019608364
2018-01-11 06:57:30,0.1259904131565866
2018-01-11 06:57:40,0.12705348722170132
2018-01-11 06:57:50,0.1282758943421117
2018-01-11 06:58:00,0.12964973421402812
2018-01-11 06:58:10,0.13117124284975906
2018-01-11 06:58:20,0.13284795562255008
2018-01-11 06:58:30,0.13469448507706214
2018-01-11 06:58:40,0.13672517004949233
2018-01-11 06:58:50,0.13895256184184987
2018-01-11 06:59:00,0.14139049257513248
2018-01-11 06:59:10,0.1440563763816629
2018-01-11 06:59:20,0.14697087738131392
2018-01-11 06:59:30,0.1501569331623118
2018-01-11 06:59:40,0.1536381524060445
2018-01-11 06:59:50,0.15743260331103823
2018-01-11 07:00:00,0.1615418514978608
2018-01-11 07:00:10,0.16594070707542216
2018-01-11 07:00:20,0.1705729559418448
2018-01-11 07:00:30,0.17535669728189274
2018-01-11 07:00:40,0.18019576672960647
2018-01-11 07:00:50,0.18498767082220174
2018-01-11 07:01:00,0.18962652684974501
2018-01-11 07:01:10,0.19400614305581027
2018-01-11 07:01:20,0.1980241489192178
2018-01-11 07:01:30,0.2015870146660821
2018-01-11 07:01:40,0.20461715288612967
2018-01-11 07:01:50,0.20705886150873531
2018-01-11 07:02:00,0.2088788476538884
2018-01-11 07:02:10,0.210062974451285
2018-01-11 07:02:20,0.21061270442971014
2018-01-11 07:02:30,0.2105413941094058
2018-01-11 07:02:40,0.20986930191878392
2018-01-11 07:02:50,0.2086190377494099
2018-01-11 07:03:00,0.20681545489987246
2018-01-11 07:03:10,0.20448988942110477
2018-01-11 07:03:20,0.20168281441128005
2018-01-11 07:03:30,0.19844153576399853
2018-01-11 07:03:40,0.19481498753478818
2018-01-11 07:03:50,0.19084687054501656
2018-01-11 07:04:00,0.1865683057837773
2018-01-11 07:04:10,0.18199447669031324
2018-01-11 07:04:20,0.17712950503797606
2018-01-11 07:04:30,0.17197629248226753
2018-01-11 07:04:40,0.16654125699401898
2018-01-11 07:04:50,0.1608315015606062
2018-01-11 07:05:00,0.1548541552299263
2018-01-11 07:05:10,0.14862360050797357
2018-01-11 07:05:20,0.14216774248338906
2018-01-11 07:05:30,0.13552510052246683
2018-01-11 07:05:40,0.1287407361251982
2018-01-11 07:05:50,0.12186935211863445
2018-01-11 07:06:00,0.11497989191340299
2018-01-11 07:06:10,0.10815521530800076
2018-01-11 07:06:20,0.10148630443372969
2018-01-11 07:06:30,0.0950639709623172
2018-01-11 07:06:40,0.08897497821243837
2018-01-11 07:06:50,0.08330475910658974
2018-01-11 07:07:00,0.07814062174285609
2018-01-11 07:07:10,0.07357109907492701
2018-01-11 07:07:20,0.06968288209554223
2018-01-11 07:07:30,0.06655762474452961
2018-01-11 07:07:40,0.06426863836539704
2018-01-11 07:07:50,0.06287620273139603
2018-01-11 07:08:00,0.06242191198336606
2018-01-11 07:08:10,0.06292560564322609
2018-01-11 07:08:20,0.0643873354412195
2018-01-11 07:08:30,0.06679119849064094
2018-01-11 07:08:40,0.0701058703222848
2018-01-11 07:08:50,0.07427994951015532
2018-01-11 07:09:00,0.07923436476224194
2018-01-11 07:09:10,0.08485793706424558
2018-01-11 07:09:20,0.09101058513595076
2018-01-11 07:09:30,0.09753024950164435
2018-01-11 07:09:40,0.10423850608426168
2018-01-11 07:09:50,0.11094643113524287
2018-01-11 07:10:00,0.11746195260760721
2018-01-11 07:10:10,0.12359774300875818
2018-01-11 07:10:20,0.1291790689030899
2018-01-11 07:10:30,0.13404927866514862
2018-01-11 07:10:40,0.1380723476513885
2018-01-11 07:10:50,0.1411362399852776
2018-01-11 07:11:00,0.14315891636756067
2018-01-11 07:11:10,0.14409202436918778
2018-01-11 07:11:20,0.14391722579082725
2018-01-11 07:11:30,0.1426378914785575
2018-01-11 07:11:40,0.1402715227667979
2018-01-11 07:11:50,0.13684551866334613
2018-01-11 07:12:00,0.13239775275314292
2018-01-11 07:12:10,0.126979972991613
2018-01-11 07:12:20,0.12065976365320134
2018-01-11 07:12:30,0.11352152672547701
2018-01-11 07:12:40,0.10566811942847787
2018-01-11 07:12:50,0.09721919682636293
2018-01-11 07:13:00,0.08830441273698902
2018-01-11 07:13:10,0.0790585511175358
2018-01-11 07:13:20,0.06962402294509928
2018-01-11 07:13:30,0.0601552596593421
2018-01-11 07:13:40,0.05081744725210665
2018-01-11 07:13:50,0.041781687705133165
2018-01-11 07:14:00,0.033221665143813445
2018-01-11 07:14:10,0.025309899676828063
2018-01-11 07:14:20,0.01821181661462083
2018-01-11 07:14:30,0.012080584240927495
2018-01-11 07:14:40,0.007052538729778786
2018-01-11 07:14:50,0.003240071434603669
2018-01-11 07:15:00,0.0007256400426331297
2018-01-11 07:15:10,-0.00043588978781606966
2018-01-11 07:15:20,-0.00020930278668366816
2018-01-11 07:15:30,0.0014248885605007238
2018-01-11 07:15:40,0.0044679692997598814
2018-01-11 07:15:50,0.0088996958436826
2018-01-11 07:16:00,0.014678439415002886
2018-01-11 07:16:10,0.021743825978268145
2018-01-11 07:16:20,0.0300178151400768
2018-01-11 07:16:30,0.03940280668627481
2018-01-11 07:16:40,0.049780700842104536
2018-01-11 07:16:50,0.06101663715383738
2018-01-11 07:17:00,0.07296606259336887
2018-01-11 07:17:10,0.08548114806295909
2018-01-11 07:17:20,0.09841491355297718
2018-01-11 07:17:30,0.11162491177566902
2018-01-11 07:17:40,0.12497670435837939
2018-01-11 07:17:50,0.13834435105515747
2018-01-11 07:18:00,0.15160950900950293
2018-01-11 07:18:10,0.16466289216934196
2018-01-11 07:18:20,0.1774050012152262
2018-01-11 07:18:30,0.18974229328845374
2018-01-11 07:18:40,0.20158193819092968
2018-01-11 07:18:50,0.21282924147785534
2018-01-11 07:19:00,0.22338729208992547
2018-01-11 07:19:10,0.23315787472132946
2018-01-11 07:19:20,0.24204569942090426
2018-01-11 07:19:30,0.24996622064695115
2018-01-11 07:19:40,0.25685298319276323
2018-01-11 07:19:50,0.262661480129782
2018-01-11 07:20:00,0.2673690826036179
2018-01-11 07:20:10,0.2709734737639736
2018-01-11 07:20:20,0.2734947701843363
2018-01-11 07:20:30,0.27498023114975684
2018-01-11 07:20:40,0.2755041775153826
2018-01-11 07:20:50,0.2751613229080154
2018-01-11 07:21:00,0.27405715430704164
2018-01-11 07:21:10,0.2722980570475002
2018-01-11 07:21:20,0.26998233520572096
2018-01-11 07:21:30,0.2671918597846226
2018-01-11 07:21:40,0.26398551427559164
2018-01-11 07:21:50,0.2603972463218191
2018-01-11 07:22:00,0.25643773382256224
2018-01-11 07:22:10,0.25209803594569763
2018-01-11 07:22:20,0.24735648097572002
2018-01-11 07:22:30,0.2421871027110179
2018-01-11 07:22:40,0.23656558727293286
2018-01-11 07:22:50,0.23047193353812193
2018-01-11 07:23:00,0.2238912124868183
2018-01-11 07:23:10,0.21681437829104142
2018-01-11 07:23:20,0.20924131893250353
2018-01-11 07:23:30,0.20118500738475664
2018-01-11 07:23:40,0.19267221624284425
2018-01-11 07:23:50,0.1837396713738393
2018-01-11 07:24:00,0.17443008901186458
2018-01-11 07:24:10,0.16479079224170468
2018-01-11 07:24:20,0.15487299228348747
2018-01-11 07:24:30,0.14473028685654973
2018-01-11 07:24:40,0.13441719908634484
2018-01-11 07:24:50,0.12398838183573545
2018-01-11 07:25:00,0.11349908560012831
2018-01-11 07:25:10,0.1030080877985332
2018-01-11 07:25:20,0.09258163780660303
2018-01-11 07:25:30,0.08229667095600152
2018-01-11 07:25:40,0.07224424943900355
2018-01-11 07:25:50,0.06253174020308308
2018-01-11 07:26:00,0.0532797819933057
2018-01-11 07:26:10,0.04461392824611755
2018-01-11 07:26:20,0.03665556084419282
2018-01-11 07:26:30,0.029515194608430235
2018-01-11 07:26:40,0.023287780146534317
2018-01-11 07:26:50,0.018050653241899643
2018-01-11 07:27:00,0.013864915597002958
2018-01-11 07:27:10,0.010777872718337526
2018-01-11 07:27:20,0.008824170044486369
2018-01-11 07:27:30,0.008027128083651894
2018-01-11 07:27:40,0.008402267102358104
2018-01-11 07:27:50,0.009961804745454775
2018-01-11 07:28:00,0.012717445808651213
2018-01-11 07:28:10,0.016679281816370184
2018-01-11 07:28:20,0.021852771044589242
2018-01-11 07:28:30,0.028237925032912302
2018-01-11 07:28:40,0.03582856464560891
2018-01-11 07:28:50,0.044608051507187156
2018-01-11 07:29:00,0.05454386679487814
2018-01-11 07:29:10,0.06558380401228875
2018-01-11 07:29:20,0.07765458471883456
2018-01-11 07:29:30,0.09066469445519665
2018-01-11 07:29:40,0.10450999194666764
2018-01-11 07:29:50,0.11907570359885641
2018-01-11 07:30:00,0.13423395850698888
2018-01-11 07:30:10,0.14984354132109728
2018-01-11 07:30:20,0.1657538653713339
2018-01-11 07:30:30,0.18181067797807807
2018-01-11 07:30:40,0.19786420032904184
2018-01-11 07:30:50,0.21377891370061738
2018-01-11 07:31:00,0.22944061219153328
2018-01-11 07:31:10,0.2447597343901902
2018-01-11 07:31:20,0.2596726348546674
2018-01-11 07:31:30,0.27414028643698696
2018-01-11 07:31:40,0.28814495178490035
2018-01-11 07:31:50,0.30168806770055157
2018-01-11 07:32:00,0.31479004390998444
2018-01-11 07:32:10,0.3274910625035186
2018-01-11 07:32:20,0.3398522560734207
2018-01-11 07:32:30,0.35195356177021414
2018-01-11 07:32:40,0.3638858602298723
2018-01-11 07:32:50,0.3757397342885569
2018-01-11 07:33:00,0.3875953810724791
2018-01-11 07:33:10,0.39951788816064815
2018-01-11 07:33:20,0.41155576750506684
2018-01-11 07:33:30,0.42373918488927453
2018-01-11 07:33:40,0.43608051796606057
2018-01-11 07:33:50,0.4485761786571192
2018-01-11 07:34:00,0.46120403381426983
2018-01-11 07:34:10,0.47392032216356283
2018-01-11 07:34:20,0.4866636519290685
2018-01-11 07:34:30,0.49936273204985837
2018-01-11 07:34:40,0.5119420123494127
2018-01-11 07:34:50,0.524325848512309
2018-01-11 07:35:00,0.5364399058948661
2018-01-11 07:35:10,0.5482075507395868
2018-01-11 07:35:20,0.5595468923123472
2018-01-11 07:35:30,0.5703746188094937
2018-01-11 07:35:40,0.5806125160192168
2018-01-11 07:35:50,0.5901898999178212
2018-01-11 07:36:00,0.599043619574901
2018-01-11 07:36:10,0.6071184907162671
2018-01-11 07:36:20,0.6143654361962466
2018-01-11 07:36:30,0.6207383941620839
2018-01-11 07:36:40,0.6261958162662361
2018-01-11 07:36:50,0.6307070336611494
2018-01-11 07:37:00,0.6342585121115871
2018-01-11 07:37:10,0.6368572624458207
2018-01-11 07:37:20,0.6385321954999902
2018-01-11 07:37:30,0.6393331302395443
2018-01-11 07:37:40,0.6393241882018555
2018-01-11 07:37:50,0.6385724600742233
2018-01-11 07:38:00,0.6371385527871043
2018-01-11 07:38:10,0.6350708198681584
2018-01-11 07:38:20,0.6324008965605493
2018-01-11 07:38:30,0.6291420019334469
2018-01-11 07:38:40,0.6252934033360438
2018-01-11 07:38:50,0.6208505037708917
2018-01-11 07:39:00,0.6158138467761728
2018-01-11 07:39:10,0.610191664663687
2018-01-11 07:39:20,0.6039981605800607
2018-01-11 07:39:30,0.5972511686968022
2018-01-11 07:39:40,0.5899699876778728
2018-01-11 07:39:50,0.5821722157799959
2018-01-11 07:40:00,0.5738685770134181
2018-01-11 07:40:10,0.565059040847971
2018-01-11 07:40:20,0.555733631162006
2018-01-11 07:40:30,0.5458751621464902
2018-01-11 07:40:40,0.5354610524349876
2018-01-11 07:40:50,0.5244647701659263
2018-01-11 07:41:00,0.5128576369579836
2018-01-11 07:41:10,0.5006123489204709
2018-01-11 07:41:20,0.4877083221645118
2018-01-11 07:41:30,0.47413650619638165
2018-01-11 07:41:40,0.4599019923997456
2018-01-11 07:41:50,0.445024460878562
2018-01-11 07:42:00,0.4295374341289231
2018-01-11 07:42:10,0.4134868282871458
2018-01-11 07:42:20,0.39692832053529664
2018-01-11 07:42:30,0.37992277289172616
2018-01-11 07:42:40,0.3625304805127077
2018-01-11 07:42:50,0.34480717076745254
2018-01-11 07:43:00,0.32680303436904107
2018-01-11 07:43:10,0.3085634413140859
2018-01-11 07:43:20,0.2901308918024199
2018-01-11 07:43:30,0.271549566966433
2018-01-11 07:43:40,0.25287265280506976
2018-01-11 07:43:50,0.23416836669868468
2018-01-11 07:44:00,0.21551986543949025
2018-01-11 07:44:10,0.1970199252535016
2018-01-11 07:44:20,0.17876542552059857
2018-01-11 07:44:30,0.1608542882508392
2018-01-11 07:44:40,0.14338310357125994
2018-01-11 07:44:50,0.12644293173840956
2018-01-11 07:45:00,0.11011461237388157
2018-01-11 07:45:10,0.09446773226751613
2018-01-11 07:45:20,0.07956432763645074
2018-01-11 07:45:30,0.06546336965951095
2018-01-11 07:45:40,0.05222198115645318
2018-01-11 07:45:50,0.039893447256298044
2018-01-11 07:46:00,0.028524463527849292
2018-01-11 07:46:10,0.018153306719119938
2018-01-11 07:46:20,0.008808822674721831
2018-01-11 07:46:30,0.0005079530314428262
2018-01-11 07:46:40,-0.006748913617914364
2018-01-11 07:46:50,-0.012980708855532496
2018-01-11 07:47:00,-0.018222350814501728
2018-01-11 07:47:10,-0.0225142157502233
2018-01-11 07:47:20,-0.025888895728989753
2018-01-11 07:47:30,-0.028364151132530126
2018-01-11 07:47:40,-0.029944952069065885
2018-01-11 07:47:50,-0.030630668800907146
2018-01-11 07:48:00,-0.030423606466449957
2018-01-11 07:48:10,-0.029335583384164116
2018-01-11 07:48:20,-0.027390536221890555
2018-01-11 07:48:30,-0.024624787996580612
2018-01-11 07:48:40,-0.021088431142234205
2018-01-11 07:48:50,-0.016847725971161805
2018-01-11 07:49:00,-0.011984574279799876
2018-01-11 07:49:10,-0.006591782311289946
2018-01-11 07:49:20,-0.0007656911147057351
2018-01-11 07:49:30,0.005402764503788967
2018-01-11 07:49:40,0.011836111949954943
2018-01-11 07:49:50,0.018475284347199684
2018-01-11 07:50:00,0.025280888163841192
2018-01-11 07:50:10,0.03222880437396724
2018-01-11 07:50:20,0.03930157306313054
2018-01-11 07:50:30,0.04648266861374449
2018-01-11 07:50:40,0.05375489098100101
2018-01-11 07:50:50,0.06109650634047128
2018-01-11 07:51:00,0.0684750760361162
2018-01-11 07:51:10,0.07584696023378737
2018-01-11 07:51:20,0.0831645332085501
2018-01-11 07:51:30,0.09038426426476756
2018-01-11 07:51:40,0.09747120937684539
2018-01-11 07:51:50,0.10439926372723711
2018-01-11 07:52:00,0.11114485616512827
2018-01-11 07:52:10,0.11767622114056323
2018-01-11 07:52:20,0.12394693939171876
2018-01-11 07:52:30,0.12989591842487583
2018-01-11 07:52:40,0.1354472711765075
2018-01-11 07:52:50,0.14050844136398472
2018-01-11 07:53:00,0.14497281159585643
2018-01-11 07:53:10,0.14873083963565964
2018-01-11 07:53:20,0.1516860023052216
2018-01-11 07:53:30,0.15376776863737726
2018-01-11 07:53:40,0.15493641899878002
2018-01-11 07:53:50,0.15518097277682433
2018-01-11 07:54:00,0.1545159372920359
2018-01-11 07:54:10,0.15297964637649297
2018-01-11 07:54:20,0.15063183954898585
2018-01-11 07:54:30,0.14754876531412955
2018-01-11 07:54:40,0.14381637478048923
2018-01-11 07:54:50,0.13952270213208295
2018-01-11 07:55:00,0.134750636950615
2018-01-11 07:55:10,0.12957170040889443
2018-01-11 07:55:20,0.12404165372130264
2018-01-11 07:55:30,0.11819899181940084
2018-01-11 07:55:40,0.11206483390324033
2018-01-11 07:55:50,0.10564303575131574
2018-01-11 07:56:00,0.098922982594914
2018-01-11 07:56:10,0.09188394089589634
2018-01-11 07:56:20,0.08449581149557381
2018-01-11 07:56:30,0.07671741114040442
2018-01-11 07:56:40,0.0684982728174339
2018-01-11 07:56:50,0.05978428417819402
2018-01-11 07:57:00,0.05052227181552603
2018-01-11 07:57:10,0.04066170758496342
2018-01-11 07:57:20,0.030154965590265932
2018-01-11 07:57:30,0.01895820848268108
2018-01-11 07:57:40,0.007034857489028536
2018-01-11 07:57:50,-0.005640425852308751
2018-01-11 07:58:00,-0.019081488431051057
2018-01-11 07:58:10,-0.03329365825970774
2018-01-11 07:58:20,-0.04827426961415735
2018-01-11 07:58:30,-0.06400707349979523
2018-01-11 07:58:40,-0.08045415990483187
2018-01-11 07:58:50,-0.09755122194173964
2018-01-11 07:59:00,-0.11520864354380067
2018-01-11 07:59:10,-0.1333165555024023
2018-01-11 07:59:20,-0.15174880699439097
2018-01-11 07:59:30,-0.17036455251100396
2018-01-11 07:59:40,-0.1890106389427317
2018-01-11 07:59:50,-0.20752461202998032
2018-01-11 08:00:00,-0.2257349487414918
2018-01-11 08:00:10,-0.24345935877168537
2018-01-11 08:00:20,-0.26050776113441076
2018-01-11 08:00:30,-0.27669292205439827
2018-01-11 08:00:40,-0.29184169057597603
2018-01-11 08:00:50,-0.30580051916371825
2018-01-11 08:01:00,-0.31843980473612155
2018-01-11 08:01:10,-0.3296614775997103
2018-01-11 08:01:20,-0.33940441770912305
2018-01-11 08:01:30,-0.3476423654988759
2018-01-11 08:01:40,-0.3543772618230323
2018-01-11 08:01:50,-0.35963312400671527
2018-01-11 08:02:00,-0.36345290793701723
2018-01-11 08:02:10,-0.36590003265813914
2018-01-11 08:02:20,-0.3670621155328974
2018-01-11 08:02:30,-0.3670508534302473
2018-01-11 08:02:40,-0.36599506577713153
2018-01-11 08:02:50,-0.36402727438164617
2018-01-11 08:03:00,-0.3612700753220529
2018-01-11 08:03:10,-0.3578288695795076
2018-01-11 08:03:20,-0.35378841113612186
2018-01-11 08:03:30,-0.34921016558194273
2018-01-11 08:03:40,-0.34413154510137967
2018-01-11 08:03:50,-0.3385675741255847
2018-01-11 08:04:00,-0.3325145085802601
2018-01-11 08:04:10,-0.32595421084976717
2018-01-11 08:04:20,-0.3188590810791476
2018-01-11 08:04:30,-0.31119689645781273
2018-01-11 08:04:40,-0.30293457998591294
2018-01-11 08:04:50,-0.29404340906914056
2018-01-11 08:05:00,-0.28450586343179196
2018-01-11 08:05:10,-0.2743191429370914
2018-01-11 08:05:20,-0.26349480084203286
2018-01-11 08:05:30,-0.25205907887548645
2018-01-11 08:05:40,-0.24005542642507832
2018-01-11 08:05:50,-0.22754641045546609
2018-01-11 08:06:00,-0.2146114934880892
2018-01-11 08:06:10,-0.2013402229902763
2018-01-11 08:06:20,-0.1878250010154598
2018-01-11 08:06:30,-0.1741572545762963
2018-01-11 08:06:40,-0.1604257318945886
2018-01-11 08:06:50,-0.1467144116839365
2018-01-11 08:07:00,-0.13310105531662422
2018-01-11 08:07:10,-0.11965779606171306
2018-01-11 08:07:20,-0.10645288459485718
2018-01-11 08:07:30,-0.09355316465849874
2018-01-11 08:07:40,-0.08102698918144371
2018-01-11 08:07:50,-0.068946529326216
2018-01-11 08:08:00,-0.05738961095107403
2018-01-11 08:08:10,-0.046440591459674975
2018-01-11 08:08:20,-0.036187391094101976
2018-01-11 08:08:30,-0.026713942039607863
2018-01-11 08:08:40,-0.018092270340187837
2018-01-11 08:08:50,-0.010379508931828506
2018-01-11 08:09:00,-0.0036207575229102985
2018-01-11 08:09:10,0.0021478060235943165
2018-01-11 08:09:20,0.006901658134542192
2018-01-11 08:09:30,0.010635440181996194
2018-01-11 08:09:40,0.013368724761758845
2018-01-11 08:09:50,0.015145171207498214
2018-01-11 08:10:00,0.01602527508287637
2018-01-11 08:10:10,0.01607762455201378
2018-01-11 08:10:20,0.015374722492919832
2018-01-11 08:10:30,0.013993892878425795
2018-01-11 08:10:40,0.012019461240854724
2018-01-11 08:10:50,0.0095446583125213
2018-01-11 08:11:00,0.006672687340516605
2018-01-11 08:11:10,0.003515355759037907
2018-01-11 08:11:20,0.00018794522683435232
2018-01-11 08:11:30,-0.0032008352839653764
2018-01-11 08:11:40,-0.0065622714582320345
2018-01-11 08:11:50,-0.009839005092112201
2018-01-11 08:12:00,-0.013009258891516832
2018-01-11 08:12:10,-0.016082911489506014
2018-01-11 08:12:20,-0.01909280530095343
2018-01-11 08:12:30,-0.02208547622257459
2018-01-11 08:12:40,-0.02511368958301329
2018-01-11 08:12:50,-0.02822968318008141
2018-01-11 08:13:00,-0.03147648852889053
2018-01-11 08:13:10,-0.034879228475944525
2018-01-11 08:13:20,-0.03843938623713989
2018-01-11 08:13:30,-0.04213309895390212
2018-01-11 08:13:40,-0.04591468071585141
2018-01-11 08:13:50,-0.04972341971654793
2018-01-11 08:14:00,-0.05349029724928238
2018-01-11 08:14:10,-0.0571434144273834
2018-01-11 08:14:20,-0.06060998731178577
2018-01-11 08:14:30,-0.06381406811668539
2018-01-11 08:14:40,-0.06667350248871089
2018-01-11 08:14:50,-0.06910029729288761
2018-01-11 08:15:00,-0.07100611560114502
2018-01-11 08:15:10,-0.07231078900754111
2018-01-11 08:15:20,-0.07295104765387897
2018-01-11 08:15:30,-0.07288924386484769
2018-01-11 08:15:40,-0.07212040720023163
2018-01-11 08:15:50,-0.07067282444553853
2018-01-11 08:16:00,-0.06860091035085858
2018-01-11 08:16:10,-0.06597588659547284
2018-01-11 08:16:20,-0.06287891237147503
2018-01-11 08:16:30,-0.05939739679517222
2018-01-11 08:16:40,-0.055623914628500554
2018-01-11 08:16:50,-0.05165540758291995
2018-01-11 08:17:00,-0.04759068455370642
2018-01-11 08:17:10,-0.04352537650056494
2018-01-11 08:17:20,-0.0395447081551093
2018-01-11 08:17:30,-0.035718284237794294
2018-01-11 08:17:40,-0.03210227161978602
2018-01-11 08:17:50,-0.02874852549354978
2018-01-11 08:18:00,-0.02571390811855852
2018-01-11 08:18:10,-0.02306574415715993
2018-01-11 08:18:20,-0.020884456415033857
2018-01-11 08:18:30,-0.019260932337261717
2018-01-11 08:18:40,-0.018285652626489922
2018-01-11 08:18:50,-0.018035509244204988
2018-01-11 08:19:00,-0.0185659507767417
2018-01-11 08:19:10,-0.019909516053057547
2018-01-11 08:19:20,-0.022078692093287104
2018-01-11 08:19:30,-0.025069760815484263
2018-01-11 08:19:40,-0.028864944413147294
2018-01-11 08:19:50,-0.033434294328552404
2018-01-11 08:20:00,-0.038738320596840875
2018-01-11 08:20:10,-0.04473044145072429
2018-01-11 08:20:20,-0.05136197796512319
2018-01-11 08:20:30,-0.058591139204052047
2018-01-11 08:20:40,-0.06638980191786613
2018-01-11 08:20:50,-0.07474128485732957
2018-01-11 08:21:00,-0.08363162070569134
2018-01-11 08:21:10,-0.09304351183269066
2018-01-11 08:21:20,-0.10295634873734913
2018-01-11 08:21:30,-0.11334842034326813
2018-01-11 08:21:40,-0.12419749507844996
2018-01-11 08:21:50,-0.13547880076844257
2018-01-11 08:22:00,-0.14716147160215556
2018-01-11 08:22:10,-0.15920371838333117
2018-01-11 08:22:20,-0.17154932970614606
2018-01-11 08:22:30,-0.18413033351142083
2018-01-11 08:22:40,-0.19687277818655866
2018-01-11 08:22:50,-0.20969847973679245
2018-01-11 08:23:00,-0.22252578081173044
2018-01-11 08:23:10,-0.23527761758139923
2018-01-11 08:23:20,-0.24789349516295756
2018-01-11 08:23:30,-0.26033381052004456
2018-01-11 08:23:40,-0.27257389923920755
2018-01-11 08:23:50,-0.2845956672141847
2018-01-11 08:24:00,-0.29638243684294735
2018-01-11 08:24:10,-0.30791552719018656
2018-01-11 08:24:20,-0.31917270495190003
2018-01-11 08:24:30,-0.3301302797812141
2018-01-11 08:24:40,-0.34076458958398526
2018-01-11 08:24:50,-0.351049163412386
2018-01-11 08:25:00,-0.36095057758901294
2018-01-11 08:25:10,-0.3704274431022487
2018-01-11 08:25:20,-0.3794352610776673
2018-01-11 08:25:30,-0.38793501517138734
2018-01-11 08:25:40,-0.3958987709478991
2018-01-11 08:25:50,-0.4033107555563671
2018-01-11 08:26:00,-0.4101670428582517
2018-01-11 08:26:10,-0.41647375321172836
2018-01-11 08:26:20,-0.42224376265171265
2018-01-11 08:26:30,-0.42749439147239654
2018-01-11 08:26:40,-0.432247575237368
2018-01-11 08:26:50,-0.4365312934956698
2018-01-11 08:27:00,-0.4403788465271696
2018-01-11 08:27:10,-0.4438253852448274
2018-01-11 08:27:20,-0.4469051541487494
2018-01-11 08:27:30,-0.4496500163557596
2018-01-11 08:27:40,-0.45208764881958263
2018-01-11 08:27:50,-0.45424145727103704
2018-01-11 08:28:00,-0.4561322327629114
2018-01-11 08:28:10,-0.45777751696056024
2018-01-11 08:28:20,-0.4591877148701126
2018-01-11 08:28:30,-0.46036074062869964
2018-01-11 08:28:40,-0.46127908929174316
2018-01-11 08:28:50,-0.4619127298237353
2018-01-11 08:29:00,-0.4622249626095303
2018-01-11 08:29:10,-0.4621761666527881
2018-01-11 08:29:20,-0.4617229598080202
2018-01-11 08:29:30,-0.46081510419772204
2018-01-11 08:29:40,-0.45939524893984235
2018-01-11 08:29:50,-0.4574017666271319
2018-01-11 08:30:00,-0.45477280431457257
2018-01-11 08:30:10,-0.451451223953777
2018-01-11 08:30:20,-0.4473881892106176
2018-01-11 08:30:30,-0.4425443736236306
2018-01-11 08:30:40,-0.43689116137185563
2018-01-11 08:30:50,-0.4304141872841537
2018-01-11 08:31:00,-0.4231200332273649
2018-01-11 08:31:10,-0.4150421559386107
2018-01-11 08:31:20,-0.4062397935223505
2018-01-11 08:31:30,-0.396791545940764
2018-01-11 08:31:40,-0.38679026858900206
2018-01-11 08:31:50,-0.376341144606188
2018-01-11 08:32:00,-0.3655619490879795
2018-01-11 08:32:10,-0.3545829794741288
2018-01-11 08:32:20,-0.3435431254648328
2018-01-11 08:32:30,-0.33258316683493483
2018-01-11 08:32:40,-0.321840098773318
2018-01-11 08:32:50,-0.3114420686216556
2018-01-11 08:33:00,-0.3015013914026479
2018-01-11 08:33:10,-0.2921073246162668
2018-01-11 08:33:20,-0.28332200993948264
2018-01-11 08:33:30,-0.2751792671499629
2018-01-11 08:33:40,-0.26768304329290876
2018-01-11 08:33:50,-0.2608056765144709
2018-01-11 08:34:00,-0.25449186289142395
2018-01-11 08:34:10,-0.24866994683353047
2018-01-11 08:34:20,-0.24326309100245477
2018-01-11 08:34:30,-0.23819449236485116
2018-01-11 08:34:40,-0.2333874890535307
2018-01-11 08:34:50,-0.22876380803349605
2018-01-11 08:35:00,-0.2242444120704713
2018-01-11 08:35:10,-0.21975561513568226
2018-01-11 08:35:20,-0.21523789251821288
2018-01-11 08:35:30,-0.21065265009748374
2018-01-11 08:35:40,-0.20598434381599198
2018-01-11 08:35:50,-0.2012399054276987
2018-01-11 08:36:00,-0.19644870652011984
2018-01-11 08:36:10,-0.19166131102609324
2018-01-11 08:36:20,-0.1869436501865288
2018-01-11 08:36:30,-0.18236902540497416
2018-01-11 08:36:40,-0.17801268179069019
2018-01-11 08:36:50,-0.17394965030107698
2018-01-11 08:37:00,-0.170254349284164
2018-01-11 08:37:10,-0.16699915021536957
2018-01-11 08:37:20,-0.16424779057187816
2018-01-11 08:37:30,-0.1620449651569312
2018-01-11 08:37:40,-0.1604091759806453
2018-01-11 08:37:50,-0.15933201523524373
2018-01-11 08:38:00,-0.1587813629179137
2018-01-11 08:38:10,-0.1587044351472208
2018-01-11 08:38:20,-0.15902874591916438
2018-01-11 08:38:30,-0.15966530474369017
2018-01-11 08:38:40,-0.16051764658197631
2018-01-11 08:38:50,-0.1614918128714352
2018-01-11 08:39:00,-0.16250293411077824
2018-01-11 08:39:10,-0.16348030873943756
2018-01-11 08:39:20,-0.16437132950088237
2018-01-11 08:39:30,-0.165142037916246
2018-01-11 08:39:40,-0.1657761270565425
2018-01-11 08:39:50,-0.16627537567945475
2018-01-11 08:40:00,-0.16665839691516696
2018-01-11 08:40:10,-0.16695374405617538
2018-01-11 08:40:20,-0.16719202367647754
2018-01-11 08:40:30,-0.16740351748845486
2018-01-11 08:40:40,-0.16761932221138115
2018-01-11 08:40:50,-0.16787195175411126
2018-01-11 08:41:00,-0.16819529499102792
2018-01-11 08:41:10,-0.16862464132189547
2018-01-11 08:41:20,-0.1691980838256086
2018-01-11 08:41:30,-0.16995821419446225
2018-01-11 08:41:40,-0.17095093985929763
2018-01-11 08:41:50,-0.1722234721551114
2018-01-11 08:42:00,-0.17382451460827367
2018-01-11 08:42:10,-0.17580622308481028
2018-01-11 08:42:20,-0.17822770293887866
2018-01-11 08:42:30,-0.18115714361593882
2018-01-11 08:42:40,-0.1846689411826682
2018-01-11 08:42:50,-0.188837607326049
2018-01-11 08:43:00,-0.19373166464758484
2018-01-11 08:43:10,-0.19940958467943426
2018-01-11 08:43:20,-0.2059183854107679
2018-01-11 08:43:30,-0.21329221399448156
2018-01-11 08:43:40,-0.22155001877552252
2018-01-11 08:43:50,-0.23069615285792458
2018-01-11 08:44:00,-0.24072513344169003
2018-01-11 08:44:10,-0.25162583641417785
2018-01-11 08:44:20,-0.2633811568296039
2018-01-11 08:44:30,-0.2759639217892632
2018-01-11 08:44:40,-0.28933317896798827
2018-01-11 08:44:50,-0.3034338622521971
2018-01-11 08:45:00,-0.31819831292509115
2018-01-11 08:45:10,-0.33354689008246163
2018-01-11 08:45:20,-0.3493860602606568
2018-01-11 08:45:30,-0.3656059824710498
2018-01-11 08:45:40,-0.3820838424414976
2018-01-11 08:45:50,-0.3986930059357554
2018-01-11 08:46:00,-0.41531158228538984
2018-01-11 08:46:10,-0.4318297263852201
2018-01-11 08:46:20,-0.44815733321005374
2018-01-11 08:46:30,-0.46422763043609333
2018-01-11 08:46:40,-0.47999201422025317
2018-01-11 08:46:50,-0.49540948033717414
2018-01-11 08:47:00,-0.5104378741011592
2018-01-11 08:47:10,-0.5250286680330264
2018-01-11 08:47:20,-0.5391233467776927
2018-01-11 08:47:30,-0.5526523057390592
2018-01-11 08:47:40,-0.5655382017983032
2018-01-11 08:47:50,-0.5777031874665187
2018-01-11 08:48:00,-0.5890759731822935
2018-01-11 08:48:10,-0.5995940668371195
2018-01-11 08:48:20,-0.6092015680171451
2018-01-11 08:48:30,-0.6178470217460996
2018-01-11 08:48:40,-0.6254834876441896
2018-01-11 08:48:50,-0.6320691085665976
2018-01-11 08:49:00,-0.6375670421697356
2018-01-11 08:49:10,-0.6419451452568823
2018-01-11 08:49:20,-0.6451762218277342
2018-01-11 08:49:30,-0.6472411927668227
2018-01-11 08:49:40,-0.6481361632814259
2018-01-11 08:49:50,-0.6478795177117924
2018-01-11 08:50:00,-0.64651340223382
2018-01-11 08:50:10,-0.6440982999094576
2018-01-11 08:50:20,-0.6407042178112305
2018-01-11 08:50:30,-0.6364029268178988
2018-01-11 08:50:40,-0.631265306835088
2018-01-11 08:50:50,-0.625364675186842
2018-01-11 08:51:00,-0.6187816579105585
2018-01-11 08:51:10,-0.6116060531239438
2018-01-11 08:51:20,-0.6039364162451446
2018-01-11 08:51:30,-0.5958790094775491
2018-01-11 08:51:40,-0.5875432049465946
2018-01-11 08:51:50,-0.5790320969260093
2018-01-11 08:52:00,-0.5704333847825444
2018-01-11 08:52:10,-0.561812865703288
2018-01-11 08:52:20,-0.5532066280058633
2018-01-11 08:52:30,-0.544613926837472
2018-01-11 08:52:40,-0.535999611125813
2018-01-11 08:52:50,-0.527306214328649
2018-01-11 08:53:00,-0.5184665370589062
2018-01-11 08:53:10,-0.5094131857540902
2018-01-11 08:53:20,-0.5000871945326166
2018-01-11 08:53:30,-0.4904437596482047
2018-01-11 08:53:40,-0.48045291848984534
2018-01-11 08:53:50,-0.4700976266895644
2018-01-11 08:54:00,-0.45937096065029676
2018-01-11 08:54:10,-0.44827246074522836
2018-01-11 08:54:20,-0.4368065748895768
2018-01-11 08:54:30,-0.42498687902232296
2018-01-11 08:54:40,-0.41284374646724675
2018-01-11 08:54:50,-0.4004288309525573
2018-01-11 08:55:00,-0.3878133073524494
2018-01-11 08:55:10,-0.37508239711163394
2018-01-11 08:55:20,-0.36233019255600313
2018-01-11 08:55:30,-0.3496572475677182
2018-01-11 08:55:40,-0.33716853393424706
2018-01-11 08:55:50,-0.3249667085015452
2018-01-11 08:56:00,-0.3131413487636268
2018-01-11 08:56:10,-0.3017594113060241
2018-01-11 08:56:20,-0.2908622308519797
2018-01-11 08:56:30,-0.28047118894530904
2018-01-11 08:56:40,-0.2705968136449089
2018-01-11 08:56:50,-0.2612450705546252
2018-01-11 08:57:00,-0.2524209563766364
2018-01-11 08:57:10,-0.2441300400413688
2018-01-11 08:57:20,-0.23637515929242967
2018-01-11 08:57:30,-0.22914897264624856
2018-01-11 08:57:40,-0.2224283025125696
2018-01-11 08:57:50,-0.2161748379465142
2018-01-11 08:58:00,-0.21034064465325983
2018-01-11 08:58:10,-0.20487131781733686
2018-01-11 08:58:20,-0.1997028238687372
2018-01-11 08:58:30,-0.19475691254912011
2018-01-11 08:58:40,-0.18994179234674421
2018-01-11 08:58:50,-0.1851605163809377
2018-01-11 08:59:00,-0.18032276077175954
2018-01-11 08:59:10,-0.1753513200015244
2018-01-11 08:59:20,-0.17018261655299927
2018-01-11 08:59:30,-0.16476695889294454
2018-01-11 08:59:40,-0.15906882751170243
2018-01-11 08:59:50,-0.15306724082448925
2018-01-11 09:00:00,-0.14675776647246033
2018-01-11 09:00:10,-0.14015291757227175
2018-01-11 09:00:20,-0.13327779561545183
2018-01-11 09:00:30,-0.1261619592792687
2018-01-11 09:00:40,-0.11883229102749429
2018-01-11 09:00:50,-0.11131076898571009
2018-01-11 09:01:00,-0.10361429705524237
2018-01-11 09:01:10,-0.09575296260905392
2018-01-11 09:01:20,-0.08772771863620009
2018-01-11 09:01:30,-0.07953029192943067
2018-01-11 09:01:40,-0.07114697652393108
2018-01-11 09:01:50,-0.06256592401322005
2018-01-11 09:02:00,-0.05378463561391458
2018-01-11 09:02:10,-0.04481306016408819
2018-01-11 09:02:20,-0.035671527975264176
2018-01-11 09:02:30,-0.02638589073373819
2018-01-11 09:02:40,-0.016982374684805207
2018-01-11 09:02:50,-0.007485265798420444
2018-01-11 09:03:00,0.0020801938242078805
2018-01-11 09:03:10,0.011681402405350398
2018-01-11 09:03:20,0.02127507157204273
2018-01-11 09:03:30,0.030810896782214346
2018-01-11 09:03:40,0.040237092606052675
2018-01-11 09:03:50,0.04950116301241055
2018-01-11 09:04:00,0.05854630138567125
2018-01-11 09:04:10,0.06730889746190177
2018-01-11 09:04:20,0.07572163158005937
2018-01-11 09:04:30,0.08372104066177946
2018-01-11 09:04:40,0.09125299822669884
2018-01-11 09:04:50,0.09827166635181994
2018-01-11 09:05:00,0.10473575463528191
2018-01-11 09:05:10,0.11060738045516941
2018-01-11 09:05:20,0.11585195434408933
2018-01-11 09:05:30,0.12043564823269247
2018-01-11 09:05:40,0.12432295033271022
2018-01-11 09:05:50,0.1274776078001357
2018-01-11 09:06:00,0.1298644796126753
2018-01-11 09:06:10,0.1314516732909199
2018-01-11 09:06:20,0.13221631631535916
2018-01-11 09:06:30,0.1321519075047269
2018-01-11 09:06:40,0.13127280550104214
2018-01-11 09:06:50,0.12961605757653155
2018-01-11 09:07:00,0.1272412656924442
2018-01-11 09:07:10,0.12422709301624564
2018-01-11 09:07:20,0.1206642482459421
2018-01-11 09:07:30,0.11664785023193978
2018-01-11 09:07:40,0.11227247593283395
2018-01-11 09:07:50,0.10763124913074783
2018-01-11 09:08:00,0.10281804267521798
2018-01-11 09:08:10,0.09792897889889321
2018-01-11 09:08:20,0.09306067328871843
2018-01-11 09:08:30,0.08830799284514887
2018-01-11 09:08:40,0.08376414730434154
2018-01-11 09:08:50,0.0795203048018953
2018-01-11 09:09:00,0.07566371854550921
2018-01-11 09:09:10,0.07227808288225905
2018-01-11 09:09:20,0.0694434423809539
2018-01-11 09:09:30,0.06723195545526284
2018-01-11 09:09:40,0.065704959436756
2018-01-11 09:09:50,0.06491315484327129
2018-01-11 09:10:00,0.06489450785451853
2018-01-11 09:10:10,0.06567157696205979
2018-01-11 09:10:20,0.06725260435281823
2018-01-11 09:10:30,0.06963254106701644
2018-01-11 09:10:40,0.07279035856753019
2018-01-11 09:10:50,0.07668495626201662
2018-01-11 09:11:00,0.08125385067636515
2018-01-11 09:11:10,0.08641726153569769
2018-01-11 09:11:20,0.09208517953234675
2018-01-11 09:11:30,0.09816387405464966
2018-01-11 09:11:40,0.10456264090075126
2018-01-11 09:11:50,0.11119966229586883
2018-01-11 09:12:00,0.11800215244909323
2018-01-11 09:12:10,0.12490333749668112
2018-01-11 09:12:20,0.13184396029406628
2018-01-11 09:12:30,0.1387760315094176
2018-01-11 09:12:40,0.1456617653205103
2018-01-11 09:12:50,0.1524696705134367
2018-01-11 09:13:00,0.1591715989365599
2018-01-11 09:13:10,0.16573937538042868
2018-01-11 09:13:20,0.1721434558299444
2018-01-11 09:13:30,0.1783591153025013
2018-01-11 09:13:40,0.18437602782375206
2018-01-11 09:13:50,0.19020042775052892
2018-01-11 09:14:00,0.19584737855759016
2018-01-11 09:14:10,0.20133158472098422
2018-01-11 09:14:20,0.2066650191835199
2018-01-11 09:14:30,0.2118604509508787
2018-01-11 09:14:40,0.2169342331088049
2018-01-11 09:14:50,0.22190409903540498
2018-01-11 09:15:00,0.22678285015841987
2018-01-11 09:15:10,0.23157343315211146
2018-01-11 09:15:20,0.23626868120861305
2018-01-11 09:15:30,0.24085172813695974
2018-01-11 09:15:40,0.2452957648706375
2018-01-11 09:15:50,0.24956774242116003
2018-01-11 09:16:00,0.25363513223443446
2018-01-11 09:16:10,0.25746794957954466
2018-01-11 09:16:20,0.26103199370860636
2018-01-11 09:16:30,0.26427898884233486
2018-01-11 09:16:40,0.2671425298297586
2018-01-11 09:16:50,0.269542807044886
2018-01-11 09:17:00,0.2713956096977956
2018-01-11 09:17:10,0.27261777502967094
2018-01-11 09:17:20,0.273126208241607
2018-01-11 09:17:30,0.27283520500986597
2018-01-11 09:17:40,0.2716561836718952
2018-01-11 09:17:50,0.2695000047268256
2018-01-11 09:18:00,0.26628169125355416
2018-01-11 09:18:10,0.26192756975455944
2018-01-11 09:18:20,0.2563837770370549
2018-01-11 09:18:30,0.24962259035709575
2018-01-11 09:18:40,0.24164358784422296
2018-01-11 09:18:50,0.2324717470700549
2018-01-11 09:19:00,0.222156861196985
2018-01-11 09:19:10,0.2107752149656812
2018-01-11 09:19:20,0.19843080266783655
2018-01-11 09:19:30,0.18525499824785174
2018-01-11 09:19:40,0.17140534993200254
2018-01-11 09:19:50,0.15706210147496288
2018-01-11 09:20:00,0.14242296993876197
2018-01-11 09:20:10,0.1276988142970068
2018-01-11 09:20:20,0.11310829762877617
2018-01-11 09:20:30,0.09886830644706608
2018-01-11 09:20:40,0.08518087539501673
2018-01-11 09:20:50,0.07221982259074007
2018-01-11 09:21:00,0.06012208902994018
2018-01-11 09:21:10,0.04898826585258615
2018-01-11 09:21:20,0.03888954159541817
2018-01-11 09:21:30,0.02987400635080627
2018-01-11 09:21:40,0.02197103670718746
2018-01-11 09:21:50,0.015195653182292577
2018-01-11 09:22:00,0.009551247215051144
2018-01-11 09:22:10,0.00502936594143948
2018-01-11 09:22:20,0.0016113472258981743
2018-01-11 09:22:30,-0.000724163092133741
2018-01-11 09:22:40,-0.001995179038570512
2018-01-11 09:22:50,-0.002219770978341938
2018-01-11 09:23:00,-0.0014246565573819855
2018-01-11 09:23:10,0.00034761679506418384
2018-01-11 09:23:20,0.003034126211335789
2018-01-11 09:23:30,0.00655005851692957
2018-01-11 09:23:40,0.010792643398677897
2018-01-11 09:23:50,0.015650921757534842
2018-01-11 09:24:00,0.02101616787746389
2018-01-11 09:24:10,0.02678965546753552
2018-01-11 09:24:20,0.03288929162889345
2018-01-11 09:24:30,0.03925324624894652
2018-01-11 09:24:40,0.04583736892017206
2018-01-11 09:24:50,0.0526100146212183
2018-01-11 09:25:00,0.05955029005445011
2018-01-11 09:25:10,0.06664856078886498
2018-01-11 09:25:20,0.0739025748599436
2018-01-11 09:25:30,0.08130777733803027
2018-01-11 09:25:40,0.08884764626793733
2018-01-11 09:25:50,0.09648933240639511
2018-01-11 09:26:00,0.10418503906091256
2018-01-11 09:26:10,0.11187433704788342
2018-01-11 09:26:20,0.11948412355856683
2018-01-11 09:26:30,0.12693172439842285
2018-01-11 09:26:40,0.13413509677406577
2018-01-11 09:26:50,0.1410234323447732
2018-01-11 09:27:00,0.14754210611367605
2018-01-11 09:27:10,0.15365452505586147
2018-01-11 09:27:20,0.15934375202125264
2018-01-11 09:27:30,0.16461306315105834
2018-01-11 09:27:40,0.16948387873878773
2018-01-11 09:27:50,0.17398907768292995
2018-01-11 09:28:00,0.1781639914953481
2018-01-11 09:28:10,0.18204119599375002
2018-01-11 09:28:20,0.18565044105393894
2018-01-11 09:28:30,0.18902219224579309
2018-01-11 09:28:40,0.19219190325777394
2018-01-11 09:28:50,0.19520151441220532
2018-01-11 09:29:00,0.19810082107042756
2018-01-11 09:29:10,0.20095002110989627
2018-01-11 09:29:20,0.2038185023772659
2018-01-11 09:29:30,0.20678053591489365
2018-01-11 09:29:40,0.2099137271266201
2018-01-11 09:29:50,0.21330000865276136
2018-01-11 09:30:00,0.21702341016689491
2018-01-11 09:30:10,0.22116266239026217
2018-01-11 09:30:20,0.22578253893263764
2018-01-11 09:30:30,0.23092767965226937
2018-01-11 09:30:40,0.2366201578244854
2018-01-11 09:30:50,0.24285884745581998
2018-01-11 09:31:00,0.24961632746632856
2018-01-11 09:31:10,0.2568342214968144
2018-01-11 09:31:20,0.26442258817154296
2018-01-11 09:31:30,0.2722645114161191
2018-01-11 09:31:40,0.2802227527703869
2018-01-11 09:31:50,0.28814630332206304
2018-01-11 09:32:00,0.29587658961607927
2018-01-11 09:32:10,0.30325399500390543
2018-01-11 09:32:20,0.3101239937147691
2018-01-11 09:32:30,0.3163418273340803
2018-01-11 09:32:40,0.321778565718769
2018-01-11 09:32:50,0.32633067304881985
2018-01-11 09:33:00,0.3299279339178169
2018-01-11 09:33:10,0.3325330889044202
2018-01-11 09:33:20,0.33413345471006284
2018-01-11 09:33:30,0.334731777586355
2018-01-11 09:33:40,0.33434163342148376
2018-01-11 09:33:50,0.3329852428235463
2018-01-11 09:34:00,0.33069216239399946
2018-01-11 09:34:10,0.32750244482615104
2018-01-11 09:34:20,0.32347374195431466
2018-01-11 09:34:30,0.3186851024191643
2018-01-11 09:34:40,0.31323438648129204
2018-01-11 09:34:50,0.30723292239212263
2018-01-11 09:35:00,0.3008002330594013
2018-01-11 09:35:10,0.2940593653179708
2018-01-11 09:35:20,0.28713224435155194
2018-01-11 09:35:30,0.28013378212714823
2018-01-11 09:35:40,0.2731655218075069
2018-01-11 09:35:50,0.2663090384139584
2018-01-11 09:36:00,0.2596171510306679
2018-01-11 09:36:10,0.2531080158014787
2018-01-11 09:36:20,0.24676915660631452
2018-01-11 09:36:30,0.24056568976762502
2018-01-11 09:36:40,0.2344435324808797
2018-01-11 09:36:50,0.22832827847809253
2018-01-11 09:37:00,0.22212721717178946
2018-01-11 09:37:10,0.21573938322961578
2018-01-11 09:37:20,0.20906918383694056
2018-01-11 09:37:30,0.20203714970263872
2018-01-11 09:37:40,0.19458629973101316
2018-01-11 09:37:50,0.18668281880976548
2018-01-11 09:38:00,0.17831188408794946
2018-01-11 09:38:10,0.1694738259097173
2018-01-11 09:38:20,0.1601827168129654
2018-01-11 09:38:30,0.15046555101973746
2018-01-11 09:38:40,0.14036165582776733
2018-01-11 09:38:50,0.12992311209794152
2018-01-11 09:39:00,0.11921544390447687
2018-01-11 09:39:10,0.1083162894591709
2018-01-11 09:39:20,0.09731058141942663
2018-01-11 09:39:30,0.08628432058505887
2018-01-11 09:39:40,0.07532037064620362
2018-01-11 09:39:50,0.06449606485189914
2018-01-11 09:40:00,0.0538830436191396
2018-01-11 09:40:10,0.04355297722480237
2018-01-11 09:40:20,0.03358475444506047
2018-01-11 09:40:30,0.024062844540491717
2018-01-11 09:40:40,0.015068142723381073
2018-01-11 09:40:50,0.006670711084601313
2018-01-11 09:41:00,-0.001074032718155954
2018-01-11 09:41:10,-0.008128013412471945
2018-01-11 09:41:20,-0.014468719461300197
2018-01-11 09:41:30,-0.020082020561498402
2018-01-11 09:41:40,-0.024957610324807682
2018-01-11 09:41:50,-0.02909301306887972
2018-01-11 09:42:00,-0.032501814673383526
2018-01-11 09:42:10,-0.03521894106454196
2018-01-11 09:42:20,-0.03730139701865843
2018-01-11 09:42:30,-0.03882719974320998
2018-01-11 09:42:40,-0.03989287025213563
2018-01-11 09:42:50,-0.04060606010856377
2018-01-11 09:43:00,-0.041074071967352306
2018-01-11 09:43:10,-0.04139498749082404
2018-01-11 09:43:20,-0.04165498609906307
2018-01-11 09:43:30,-0.04192879288010694
2018-01-11 09:43:40,-0.04227885779536992
2018-01-11 09:43:50,-0.042753301497789255
2018-01-11 09:44:00,-0.04338533231841197
2018-01-11 09:44:10,-0.044194115980780865
2018-01-11 09:44:20,-0.045187058724431364
2018-01-11 09:44:30,-0.046364999049342756
2018-01-11 09:44:40,-0.04772799693833079
2018-01-11 09:44:50,-0.049277531897437846
2018-01-11 09:45:00,-0.05101537711731629
2018-01-11 09:45:10,-0.05294166109300546
2018-01-11 09:45:20,-0.05505250756093817
2018-01-11 09:45:30,-0.05733687112511088
2018-01-11 09:45:40,-0.05977315598382491
2018-01-11 09:45:50,-0.06232768359147191
2018-01-11 09:46:00,-0.06495565119684853
2018-01-11 09:46:10,-0.06760154954927305
2018-01-11 09:46:20,-0.07019843932251703
2018-01-11 09:46:30,-0.07266691870991472
2018-01-11 09:46:40,-0.07491262325520268
2018-01-11 09:46:50,-0.07682548353688616
2018-01-11 09:47:00,-0.07828474936213836
2018-01-11 09:47:10,-0.07916894977269823
2018-01-11 09:47:20,-0.07936713762440963
2018-01-11 09:47:30,-0.07878471414138415
2018-01-11 09:47:40,-0.07734312101348753
2018-01-11 09:47:50,-0.07498158593130833
2018-01-11 09:48:00,-0.07166151692550432
2018-01-11 09:48:10,-0.06736673722343574
2018-01-11 09:48:20,-0.062102551295708845
2018-01-11 09:48:30,-0.05590025961309116
2018-01-11 09:48:40,-0.04882059292205646
2018-01-11 09:48:50,-0.04094791067460678
2018-01-11 09:49:00,-0.03238188408497026
2018-01-11 09:49:10,-0.023235541444242096
2018-01-11 09:49:20,-0.013634510095325826
2018-01-11 09:49:30,-0.0037092865826082854
2018-01-11 09:49:40,0.00641500825563314
2018-01-11 09:49:50,0.01662234405866976
2018-01-11 09:50:00,0.02680251852281138
2018-01-11 09:50:10,0.036846358858960995
2018-01-11 09:50:20,0.0466436383900676
2018-01-11 09:50:30,0.056085865575764726
2018-01-11 09:50:40,0.06507200530987606
2018-01-11 09:50:50,0.07351162073433508
2018-01-11 09:51:00,0.08132526859665214
2018-01-11 09:51:10,0.08844665420741771
2018-01-11 09:51:20,0.09482743281850943
2018-01-11 09:51:30,0.10044277883163052
2018-01-11 09:51:40,0.10529427816743281
2018-01-11 09:51:50,0.10940744991013644
2018-01-11 09:52:00,0.11282535139942194
2018-01-11 09:52:10,0.11560006901749882
2018-01-11 09:52:20,0.11778627796469338
2018-01-11 09:52:30,0.11944254759652079
2018-01-11 09:52:40,0.12063548196143828
2018-01-11 09:52:50,0.12143879373589243
2018-01-11 09:53:00,0.12193099921740432
2018-01-11 09:53:10,0.12219634238885713
2018-01-11 09:53:20,0.12232528768920639
2018-01-11 09:53:30,0.1224109946436375
2018-01-11 09:53:40,0.12254353858569447
2018-01-11 09:53:50,0.12280340352562119
2018-01-11 09:54:00,0.12325277236651902
2018-01-11 09:54:10,0.12392841093420362
2018-01-11 09:54:20,0.12484249811712048
2018-01-11 09:54:30,0.12598827865175122
2018-01-11 09:54:40,0.12734462438187946
2018-01-11 09:54:50,0.128880310693781
2018-01-11 09:55:00,0.1305596498739568
2018-01-11 09:55:10,0.13234800399143024
2018-01-11 09:55:20,0.13421607333895308
2018-01-11 09:55:30,0.1361441816465882
2018-01-11 09:55:40,0.1381274640962761
2018-01-11 09:55:50,0.14017917163024365
2018-01-11 09:56:00,0.14232891606004539
2018-01-11 09:56:10,0.14461741632188702
2018-01-11 09:56:20,0.1470906430597475
2018-01-11 09:56:30,0.14979306834055608
2018-01-11 09:56:40,0.152759097780201
2018-01-11 09:56:50,0.15600505293089229
2018-01-11 09:57:00,0.1595278799499457
2018-01-11 09:57:10,0.1633141780099362
2018-01-11 09:57:20,0.16735376283483214
2018-01-11 09:57:30,0.17164780331380325
2018-01-11 09:57:40,0.17620769995287028
2018-01-11 09:57:50,0.18104777011069864
2018-01-11 09:58:00,0.18617523776601233
2018-01-11 09:58:10,0.19158070831740215
2018-01-11 09:58:20,0.19723317019924533
2018-01-11 09:58:30,0.2030800802511525
2018-01-11 09:58:40,0.2090500672028808
2018-01-11 09:58:50,0.21505841273255602
2018-01-11 09:59:00,0.22101543910218036
2018-01-11 09:59:10,0.22683304151005684
2018-01-11 09:59:20,0.2324274249762105
2018-01-11 09:59:30,0.23772212252302938
2018-01-11 09:59:40,0.24265102110525286
2018-01-11 09:59:50,0.2471592704475672
2018-01-11 10:00:00,0.2512042892042106
2018-01-11 10:00:10,0.25475612729636354
2018-01-11 10:00:20,0.2577936307540174
2018-01-11 10:00:30,0.2602985190370104
2018-01-11 10:00:40,0.2622541678586708
2018-01-11 10:00:50,0.263650619268547
2018-01-11 10:01:00,0.2644899682082575
2018-01-11 10:01:10,0.26478709050016075
2018-01-11 10:01:20,0.26456614065505296
2018-01-11 10:01:30,0.2638569280361037
2018-01-11 10:01:40,0.2626920316003
2018-01-11 10:01:50,0.2611020786757653
2018-01-11 10:02:00,0.2591109280173069
2018-01-11 10:02:10,0.25673372497965113
2018-01-11 10:02:20,0.25397684245870406
2018-01-11 10:02:30,0.25083901371694345
2018-01-11 10:02:40,0.24731498251138498
2018-01-11 10:02:50,0.24340073033559126
2018-01-11 10:03:00,0.2390959436257812
2018-01-11 10:03:10,0.2344028007405528
2018-01-11 10:03:20,0.2293268936559291
2018-01-11 10:03:30,0.22388263004215941
2018-01-11 10:03:40,0.2180969808110596
2018-01-11 10:03:50,0.21200738138995448
2018-01-11 10:04:00,0.20565548737868108
2018-01-11 10:04:10,0.19908148985888538
2018-01-11 10:04:20,0.19232472073899737
2018-01-11 10:04:30,0.18542810832645606
2018-01-11 10:04:40,0.1784388749817012
2018-01-11 10:04:50,0.1714060636320101
2018-01-11 10:05:00,0.16437737422445453
2018-01-11 10:05:10,0.15739439674713993
2018-01-11 10:05:20,0.15048893344200892
2018-01-11 10:05:30,0.14368218928510512
2018-01-11 10:05:40,0.13698465564761234
2018-01-11 10:05:50,0.13039753756004593
2018-01-11 10:06:00,0.12391739630987789
2018-01-11 10:06:10,0.11754151712117498
2018-01-11 10:06:20,0.11127121925991632
2018-01-11 10:06:30,0.10511361452466506
2018-01-11 10:06:40,0.09908352794705438
2018-01-11 10:06:50,0.09320581740310295
2018-01-11 10:07:00,0.08751678731242571
2018-01-11 10:07:10,0.08206323760497274
2018-01-11 10:07:20,0.07689904083560539
2018-01-11 10:07:30,0.07208069679267627
2018-01-11 10:07:40,0.06766247235612194
2018-01-11 10:07:50,0.06369051537468516
2018-01-11 10:08:00,0.06019793751727642
2018-01-11 10:08:10,0.05720432536937678
2018-01-11 10:08:20,0.0547191835366219
2018-01-11 10:08:30,0.0527456285097452
2018-01-11 10:08:40,0.05128288022414566
2018-01-11 10:08:50,0.05032942673143448
2018-01-11 10:09:00,0.049886914859066246
2018-01-11 10:09:10,0.04996162801192445
2018-01-11 10:09:20,0.05056326530182015
2018-01-11 10:09:30,0.05170438994677686
2018-01-11 10:09:40,0.05340001837681734
2018-01-11 10:09:50,0.05566273255550654
2018-01-11 10:10:00,0.05849585341348348
2018-01-11 10:10:10,0.061893547696411755
2018-01-11 10:10:20,0.06584655621200224
2018-01-11 10:10:30,0.07034410467282637
2018-01-11 10:10:40,0.07537152924446443
2018-01-11 10:10:50,0.08090994012832399
2018-01-11 10:11:00,0.0869389462474975
2018-01-11 10:11:10,0.09343808260410756
2018-01-11 10:11:20,0.10038577322461302
2018-01-11 10:11:30,0.10775933066962164
2018-01-11 10:11:40,0.1155363195369217
2018-01-11 10:11:50,0.12369554192765592
2018-01-11 10:12:00,0.1322195266152068
2018-01-11 10:12:10,0.14109869431702615
2018-01-11 10:12:20,0.15033280541627214
2018-01-11 10:12:30,0.15992886483621788
2018-01-11 10:12:40,0.1698990428849797
2018-01-11 10:12:50,0.18025923058886906
2018-01-11 10:13:00,0.19102683438939247
2018-01-11 10:13:10,0.20221854790617652
2018-01-11 10:13:20,0.2138499690930383
2018-01-11 10:13:30,0.22593577702607562
2018-01-11 10:13:40,0.23848576904073168
2018-01-11 10:13:50,0.25149640859396116
2018-01-11 10:14:00,0.2649438494704917
2018-01-11 10:14:10,0.2787828776937181
2018-01-11 10:14:20,0.29294934255584376
2018-01-11 10:14:30,0.3073614475790638
2018-01-11 10:14:40,0.32192155313799564
2018-01-11 10:14:50,0.3365217153489419
2018-01-11 10:15:00,0.35104989569792283
2018-01-11 10:15:10,0.36539302141359903
2018-01-11 10:15:20,0.37943750338393933
2018-01-11 10:15:30,0.3930704447343277
2018-01-11 10:15:40,0.4061839164275192
2018-01-11 10:15:50,0.41868152112003215
2018-01-11 10:16:00,0.4304842625754501
2018-01-11 10:16:10,0.4415321683976075
2018-01-11 10:16:20,0.4517805375590031
2018-01-11 10:16:30,0.4611948602320933
2018-01-11 10:16:40,0.46974896937208876
2018-01-11 10:16:50,0.4774258423196899
2018-01-11 10:17:00,0.4842198748033138
2018-01-11 10:17:10,0.4901412768437785
2018-01-11 10:17:20,0.4952185485219582
2018-01-11 10:17:30,0.49949413619530453
2018-01-11 10:17:40,0.5030166971672569
2018-01-11 10:17:50,0.5058357133167829
2018-01-11 10:18:00,0.5079991050268454
2018-01-11 10:18:10,0.5095537868312944
2018-01-11 10:18:20,0.5105492656908022
2018-01-11 10:18:30,0.5110400623406995
2018-01-11 10:18:40,0.5110815447733033
2018-01-11 10:18:50,0.5107196891906245
2018-01-11 10:19:00,0.5099799814039602
2018-01-11 10:19:10,0.5088579345607923
2018-01-11 10:19:20,0.507312120278968
2018-01-11 10:19:30,0.5052638058166511
2018-01-11 10:19:40,0.5026073819867466
2018-01-11 10:19:50,0.4992293517340934
2018-01-11 10:20:00,0.49502522255824916
2018-01-11 10:20:10,0.48990705212583674
2018-01-11 10:20:20,0.48380753652167363
2018-01-11 10:20:30,0.476686935243542
2018-01-11 10:20:40,0.46853695266275286
2018-01-11 10:20:50,0.45937435587184444
2018-01-11 10:21:00,0.44922974164518276
2018-01-11 10:21:10,0.4381419429003778
2018-01-11 10:21:20,0.4261608369398304
2018-01-11 10:21:30,0.41335409203821744
2018-01-11 10:21:40,0.3998101164655552
2018-01-11 10:21:50,0.3856326380243574
2018-01-11 10:22:00,0.37093272224554935
2018-01-11 10:22:10,0.35582401493513166
2018-01-11 10:22:20,0.3404174324222903
2018-01-11 10:22:30,0.3248150926046523
2018-01-11 10:22:40,0.30910996270842767
2018-01-11 10:22:50,0.29339056448360196
2018-01-11 10:23:00,0.2777444961178283
2018-01-11 10:23:10,0.26225923161822545
2018-01-11 10:23:20,0.24702138749735825
2018-01-11 10:23:30,0.2321135078846091
2018-01-11 10:23:40,0.21760907580124236
2018-01-11 10:23:50,0.2035705166016717
2018-01-11 10:24:00,0.19005257222471278
2018-01-11 10:24:10,0.17710731845286617
2018-01-11 10:24:20,0.16478611869542545
2018-01-11 10:24:30,0.15313703793264427
2018-01-11 10:24:40,0.14219841177089454
2018-01-11 10:24:50,0.13199287698621537
2018-01-11 10:25:00,0.12252743242464942
2018-01-11 10:25:10,0.11379618333670306
2018-01-11 10:25:20,0.10577912465006142
2018-01-11 10:25:30,0.09844047514293133
2018-01-11 10:25:40,0.09173236351255093
2018-01-11 10:25:50,0.08560038283525721
2018-01-11 10:26:00,0.07998365249211868
2018-01-11 10:26:10,0.07480774692103527
2018-01-11 10:26:20,0.06997750940519273
2018-01-11 10:26:30,0.06537866844151347
2018-01-11 10:26:40,0.06088698488250601
2018-01-11 10:26:50,0.05637617258574927
2018-01-11 10:27:00,0.05172176013628376
2018-01-11 10:27:10,0.046802883530560266
2018-01-11 10:27:20,0.041502425418238884
2018-01-11 10:27:30,0.035707330354333225
2018-01-11 10:27:40,0.029311507627158645
2018-01-11 10:27:50,0.02221906609563791
2018-01-11 10:28:00,0.014345186049324513
2018-01-11 10:28:10,0.005617906617879137
2018-01-11 10:28:20,-0.004016031309110932
2018-01-11 10:28:30,-0.01458451177017113
2018-01-11 10:28:40,-0.026085123292593975
2018-01-11 10:28:50,-0.03848169541238346
2018-01-11 10:29:00,-0.051704063447747084
2018-01-11 10:29:10,-0.0656523598211445
2018-01-11 10:29:20,-0.08020393485531452
2018-01-11 10:29:30,-0.0952197232958173
2018-01-11 10:29:40,-0.1105498066766265
2018-01-11 10:29:50,-0.1260416667795778
2018-01-11 10:30:00,-0.1415514475566453
2018-01-11 10:30:10,-0.15695305418272637
2018-01-11 10:30:20,-0.1721412312020612
2018-01-11 10:30:30,-0.1870310154554097
2018-01-11 10:30:40,-0.20155877222947577
2018-01-11 10:30:50,-0.21568591946871649
2018-01-11 10:31:00,-0.22940150839722434
2018-01-11 10:31:10,-0.24272119910323442
2018-01-11 10:31:20,-0.25568456035336323
2018-01-11 10:31:30,-0.2683531074265424
2018-01-11 10:31:40,-0.28080798709168797
2018-01-11 10:31:50,-0.2931435192952044
2018-01-11 10:32:00,-0.3054568208064156
2018-01-11 10:32:10,-0.3178389295909239
2018-01-11 10:32:20,-0.33036974428306126
2018-01-11 10:32:30,-0.3431146121762413
2018-01-11 10:32:40,-0.356121321209771
2018-01-11 10:32:50,-0.3694177162833191
2018-01-11 10:33:00,-0.3830095703513137
2018-01-11 10:33:10,-0.39687825112829556
2018-01-11 10:33:20,-0.41097984182678227
2018-01-11 10:33:30,-0.4252482396210441
2018-01-11 10:33:40,-0.43960237374945793
2018-01-11 10:33:50,-0.45395597314744796
2018-01-11 10:34:00,-0.4682270954191668
2018-01-11 10:34:10,-0.48234378941110007
2018-01-11 10:34:20,-0.49624510949549355
2018-01-11 10:34:30,-0.5098789332203171
2018-01-11 10:34:40,-0.5231986794054758
2018-01-11 10:34:50,-0.5361625810038432
2018-01-11 10:35:00,-0.5487342774096502
2018-01-11 10:35:10,-0.5608793603161468
2018-01-11 10:35:20,-0.5725595755321748
2018-01-11 10:35:30,-0.5837293198574737
2018-01-11 10:35:40,-0.5943341035271721
2018-01-11 10:35:50,-0.604310041888713
2018-01-11 10:36:00,-0.6135861298867605
2018-01-11 10:36:10,-0.6220909034141925
2018-01-11 10:36:20,-0.6297603766142117
2018-01-11 10:36:30,-0.6365421894811027
2018-01-11 10:36:40,-0.6423966708631204
2018-01-11 10:36:50,-0.6472991444777488
2018-01-11 10:37:00,-0.6512436061410296
2018-01-11 10:37:10,-0.6542441234781555
2018-01-11 10:37:20,-0.6563328452131082
2018-01-11 10:37:30,-0.6575571527243511
2018-01-11 10:37:40,-0.6579775936640078
2018-01-11 10:37:50,-0.6576657090733593
2018-01-11 10:38:00,-0.6567019846531187
2018-01-11 10:38:10,-0.6551741546078349
2018-01-11 10:38:20,-0.6531726420512146
2018-01-11 10:38:30,-0.6507828230692723
2018-01-11 10:38:40,-0.6480793976636205
2018-01-11 10:38:50,-0.6451249360766556
2018-01-11 10:39:00,-0.6419695995235344
2018-01-11 10:39:10,-0.6386522738385386
2018-01-11 10:39:20,-0.6352060969719927
2018-01-11 10:39:30,-0.6316650801661973
2018-01-11 10:39:40,-0.6280649856727903
2018-01-11 10:39:50,-0.6244389797092764
2018-01-11 10:40:00,-0.6208152208579574
2018-01-11 10:40:10,-0.6172195891652886
2018-01-11 10:40:20,-0.6136808363341323
2018-01-11 10:40:30,-0.610235169099306
2018-01-11 10:40:40,-0.6069285713079292
2018-01-11 10:40:50,-0.603817045722416
2018-01-11 10:41:00,-0.6009643303988578
2018-01-11 10:41:10,-0.5984346621980281
2018-01-11 10:41:20,-0.5962825956491
2018-01-11 10:41:30,-0.5945458668862078
2018-01-11 10:41:40,-0.5932443743901493
2018-01-11 10:41:50,-0.5923846751604883
2018-01-11 10:42:00,-0.5919665932561949
2018-01-11 10:42:10,-0.5919859385379451
2018-01-11 10:42:20,-0.5924308349195277
2018-01-11 10:42:30,-0.5932773533390484
2018-01-11 10:42:40,-0.5944898153194162
2018-01-11 10:42:50,-0.5960241982510216
2018-01-11 10:43:00,-0.5978321848371826
2018-01-11 10:43:10,-0.5998645726930859
2018-01-11 10:43:20,-0.6020729398240359
2018-01-11 10:43:30,-0.6044107804678165
2018-01-11 10:43:40,-0.6068355699035729
2018-01-11 10:43:50,-0.6093116527788027
2018-01-11 10:44:00,-0.6118128050078886
2018-01-11 10:44:10,-0.6143233344111011
2018-01-11 10:44:20,-0.6168387793788889
2018-01-11 10:44:30,-0.6193675138606699
2018-01-11 10:44:40,-0.6219306039989406
2018-01-11 10:44:50,-0.6245558986392213
2018-01-11 10:45:00,-0.6272676802992562
2018-01-11 10:45:10,-0.6300775181419215
2018-01-11 10:45:20,-0.6329803027638435
2018-01-11 10:45:30,-0.635955333604123
2018-01-11 10:45:40,-0.6389706079713394
2018-01-11 10:45:50,-0.6419900846845207
2018-01-11 10:46:00,-0.6449814442405001
2018-01-11 10:46:10,-0.6479175961205665
2018-01-11 10:46:20,-0.6507697433801989
2018-01-11 10:46:30,-0.6534988980638388
2018-01-11 10:46:40,-0.6560536016601559
2018-01-11 10:46:50,-0.6583730129748556
2018-01-11 10:47:00,-0.6603886030065883
2018-01-11 10:47:10,-0.6620231636330753
2018-01-11 10:47:20,-0.6631929706531945
2018-01-11 10:47:30,-0.6638150672620944
2018-01-11 10:47:40,-0.6638136267863721
2018-01-11 10:47:50,-0.6631220511554252
2018-01-11 10:48:00,-0.6616859007149383
2018-01-11 10:48:10,-0.659469156089926
2018-01-11 10:48:20,-0.6564580372465946
2018-01-11 10:48:30,-0.6526582956236818
2018-01-11 10:48:40,-0.6480881747906219
2018-01-11 10:48:50,-0.6427713972787672
2018-01-11 10:49:00,-0.6367352971604798
2018-01-11 10:49:10,-0.6300171413659821
2018-01-11 10:49:20,-0.6226738432500168
2018-01-11 10:49:30,-0.6147855219218438
2018-01-11 10:49:40,-0.6064496087159092
2018-01-11 10:49:50,-0.5977708239088656
2018-01-11 10:50:00,-0.5888529438524165
2018-01-11 10:50:10,-0.5797942413517577
2018-01-11 10:50:20,-0.5706867143578742
2018-01-11 10:50:30,-0.5616171297499546
2018-01-11 10:50:40,-0.552665831929205
2018-01-11 10:50:50,-0.5439030973418537
2018-01-11 10:51:00,-0.535385354088777
2018-01-11 10:51:10,-0.5271510132681556
2018-01-11 10:51:20,-0.5192164029754158
2018-01-11 10:51:30,-0.5115745589310255
2018-01-11 10:51:40,-0.5041974128666025
2018-01-11 10:51:50,-0.4970401319019891
2018-01-11 10:52:00,-0.49004791934490666
2018-01-11 10:52:10,-0.4831627410667875
2018-01-11 10:52:20,-0.4763251857090649
2018-01-11 10:52:30,-0.46947458907266587
2018-01-11 10:52:40,-0.4625542509946741
2018-01-11 10:52:50,-0.4555199397353895
2018-01-11 10:53:00,-0.4483452221377198
2018-01-11 10:53:10,-0.4410214211182811
2018-01-11 10:53:20,-0.43355368531423705
2018-01-11 10:53:30,-0.42595523875087815
2018-01-11 10:53:40,-0.41824024617633354
2018-01-11 10:53:50,-0.4104162887634583
2018-01-11 10:54:00,-0.40248147631300185
2018-01-11 10:54:10,-0.39442956455513045
2018-01-11 10:54:20,-0.38625924264833567
2018-01-11 10:54:30,-0.37798103823935186
2018-01-11 10:54:40,-0.36961854734409133
2018-01-11 10:54:50,-0.36120618712743596
2018-01-11 10:55:00,-0.35278909717726425
2018-01-11 10:55:10,-0.3444262057963485
2018-01-11 10:55:20,-0.336190654896266
2018-01-11 10:55:30,-0.32816378291294446
2018-01-11 10:55:40,-0.32042524152166746
2018-01-11 10:55:50,-0.3130439391880778
2018-01-11 10:56:00,-0.3060723591173659
2018-01-11 10:56:10,-0.299543010734812
2018-01-11 10:56:20,-0.2934649009350643
2018-01-11 10:56:30,-0.2878223575184127
2018-01-11 10:56:40,-0.2825793127858983
2018-01-11 10:56:50,-0.2776862262934005
2018-01-11 10:57:00,-0.2730839716963656
2018-01-11 10:57:10,-0.26870236110790624
2018-01-11 10:57:20,-0.26445849809608385
2018-01-11 10:57:30,-0.2602629366764033
2018-01-11 10:57:40,-0.2560311423594423
2018-01-11 10:57:50,-0.25168957505329687
2018-01-11 10:58:00,-0.24717331874162957
2018-01-11 10:58:10,-0.2424211531118719
2018-01-11 10:58:20,-0.23737387837102636
2018-01-11 10:58:30,-0.2319776306390984
2018-01-11 10:58:40,-0.22618934782844807
2018-01-11 10:58:50,-0.21997979457128466
2018-01-11 10:59:00,-0.21333090203828697
2018-01-11 10:59:10,-0.20622859509308797
2018-01-11 10:59:20,-0.1986582416399199
2018-01-11 10:59:30,-0.19060699239169207
2018-01-11 10:59:40,-0.18206925307757058
2018-01-11 10:59:50,-0.17305048107962326
2018-01-11 11:00:00,-0.16356726530876653
2018-01-11 11:00:10,-0.15364523028025273
2018-01-11 11:00:20,-0.1433180128707673
2018-01-11 11:00:30,-0.1326258599122864
2018-01-11 11:00:40,-0.12161133813005838
2018-01-11 11:00:50,-0.11031518746849188
2018-01-11 11:01:00,-0.0987756731478168
2018-01-11 11:01:10,-0.08703033229341291
2018-01-11 11:01:20,-0.07511871685153164
2018-01-11 11:01:30,-0.06308701304208619
2018-01-11 11:01:40,-0.050991028527879324
2018-01-11 11:01:50,-0.038892466428237356
2018-01-11 11:02:00,-0.026854192123930504
2018-01-11 11:02:10,-0.014942659622199945
2018-01-11 11:02:20,-0.0032344917212859606
2018-01-11 11:02:30,0.00817931462196458
2018-01-11 11:02:40,0.0191922455716218
2018-01-11 11:02:50,0.029682318604960598
2018-01-11 11:03:00,0.03951357455119342
2018-01-11 11:03:10,0.048540620381618015
2018-01-11 11:03:20,0.056614351087117855
2018-01-11 11:03:30,0.06358424474663854
2018-01-11 11:03:40,0.06929926148437947
2018-01-11 11:03:50,0.0736155691884367
2018-01-11 11:04:00,0.07641223035522893
2018-01-11 11:04:10,0.07760494432710749
2018-01-11 11:04:20,0.07714909026282614
2018-01-11 11:04:30,0.07503364129804536
2018-01-11 11:04:40,0.07127330449243714
2018-01-11 11:04:50,0.06590516565724533
2018-01-11 11:05:00,0.05899172014111246
2018-01-11 11:05:10,0.05062519576440799
2018-01-11 11:05:20,0.0409255852149635
2018-01-11 11:05:30,0.030032028752729062
2018-01-11 11:05:40,0.01809305678168177
2018-01-11 11:05:50,0.00525929205904183
2018-01-11 11:06:00,-0.00832187337920071
2018-01-11 11:06:10,-0.022512121885550684
2018-01-11 11:06:20,-0.03718955995755062
2018-01-11 11:06:30,-0.05225451386846288
2018-01-11 11:06:40,-0.06762782679399254
2018-01-11 11:06:50,-0.08324204982022447
2018-01-11 11:07:00,-0.09903405480295151
2018-01-11 11:07:10,-0.11494243696029811
2018-01-11 11:07:20,-0.13090522008452926
2018-01-11 11:07:30,-0.14685591006026513
2018-01-11 11:07:40,-0.16272064310493806
2018-01-11 11:07:50,-0.17841845079174376
2018-01-11 11:08:00,-0.19386573053912598
2018-01-11 11:08:10,-0.20898428102896513
2018-01-11 11:08:20,-0.22370731814652214
2018-01-11 11:08:30,-0.23797890777449493
2018-01-11 11:08:40,-0.25174975202353206
2018-01-11 11:08:50,-0.26497601474368615
2018-01-11 11:09:00,-0.2776229893668655
2018-01-11 11:09:10,-0.28966838757457075
2018-01-11 11:09:20,-0.30110182770516236
2018-01-11 11:09:30,-0.31192337479636856
2018-01-11 11:09:40,-0.3221431334483269
2018-01-11 11:09:50,-0.3317797492379231
2018-01-11 11:10:00,-0.34085734050771566
2018-01-11 11:10:10,-0.34940156848516185
2018-01-11 11:10:20,-0.35743293454124314
2018-01-11 11:10:30,-0.36496076223786195
2018-01-11 11:10:40,-0.37198489268042256
2018-01-11 11:10:50,-0.3785012541727225
2018-01-11 11:11:00,-0.38450409704662636
2018-01-11 11:11:10,-0.38998675079963
2018-01-11 11:11:20,-0.394944093609402
2018-01-11 11:11:30,-0.39937433901543984
2018-01-11 11:11:40,-0.4032753374506472
2018-01-11 11:11:50,-0.406634522802695
2018-01-11 11:12:00,-0.4094183141134146
2018-01-11 11:12:10,-0.4115683773776167
2018-01-11 11:12:20,-0.41300809036702724
2018-01-11 11:12:30,-0.41365732209910117
2018-01-11 11:12:40,-0.413448223787823
2018-01-11 11:12:50,-0.4123327416147411
2018-01-11 11:13:00,-0.41028045786026485
2018-01-11 11:13:10,-0.4072741811289252
2018-01-11 11:13:20,-0.4033087147505679
2018-01-11 11:13:30,-0.3983925607381925
2018-01-11 11:13:40,-0.392549721642444
2018-01-11 11:13:50,-0.3858198694174013
2018-01-11 11:14:00,-0.3782596575794049
2018-01-11 11:14:10,-0.36994618390846257
2018-01-11 11:14:20,-0.36097813607517787
2018-01-11 11:14:30,-0.3514738889338664
2018-01-11 11:14:40,-0.3415678196090909
2018-01-11 11:14:50,-0.33140176904939617
2018-01-11 11:15:00,-0.3211135932108406
2018-01-11 11:15:10,-0.310830700161264
2018-01-11 11:15:20,-0.30067058207938563
2018-01-11 11:15:30,-0.29074390570119785
2018-01-11 11:15:40,-0.28115598895334626
2018-01-11 11:15:50,-0.2720069182818725
2018-01-11 11:16:00,-0.2633937580549625
2018-01-11 11:16:10,-0.25541394130324063
2018-01-11 11:16:20,-0.24816430127056305
2018-01-11 11:16:30,-0.24173478886632796
2018-01-11 11:16:40,-0.2362014005018806
2018-01-11 11:16:50,-0.23162137184731058
2018-01-11 11:17:00,-0.2280300204452266
2018-01-11 11:17:10,-0.22543839232360083
2018-01-11 11:17:20,-0.22383321411358262
2018-01-11 11:17:30,-0.2231796507630987
2018-01-11 11:17:40,-0.22342559094941786
2018-01-11 11:17:50,-0.22450684280848185
2018-01-11 11:18:00,-0.22635099014692905
2018-01-11 11:18:10,-0.22887829884146865
2018-01-11 11:18:20,-0.2320020213203051
2018-01-11 11:18:30,-0.23562796561525692
2018-01-11 11:18:40,-0.23965093267595003
2018-01-11 11:18:50,-0.24395196514045453
2018-01-11 11:19:00,-0.2484017834494655
2018-01-11 11:19:10,-0.2528676977987482
2018-01-11 11:19:20,-0.2572183090625559
2018-01-11 11:19:30,-0.26132498062413534
2018-01-11 11:19:40,-0.26506331729490995
2018-01-11 11:19:50,-0.2683186486470408
2018-01-11 11:20:00,-0.27099467913631753
2018-01-11 11:20:10,-0.27301950769538325
2018-01-11 11:20:20,-0.27434648749670526
2018-01-11 11:20:30,-0.27495210186818064
2018-01-11 11:20:40,-0.2748328365124603
2018-01-11 11:20:50,-0.27400311215523665
2018-01-11 11:21:00,-0.2724947729098678
2018-01-11 11:21:10,-0.2703552072230232
2018-01-11 11:21:20,-0.26764319823699795
2018-01-11 11:21:30,-0.26442394686851944
2018-01-11 11:21:40,-0.26076373001264447
2018-01-11 11:21:50,-0.25672643045237387
2018-01-11 11:22:00,-0.252374289313262
2018-01-11 11:22:10,-0.247769276564222
2018-01-11 11:22:20,-0.24297120104031852
2018-01-11 11:22:30,-0.23803421645190995
2018-01-11 11:22:40,-0.23300330175547473
2018-01-11 11:22:50,-0.2279118736346628
2018-01-11 11:23:00,-0.22278208458850865
2018-01-11 11:23:10,-0.21762688381038509
2018-01-11 11:23:20,-0.21245264383601803
2018-01-11 11:23:30,-0.2072625386162916
2018-01-11 11:23:40,-0.20206240097240805
2018-01-11 11:23:50,-0.19686866030862665
2018-01-11 11:24:00,-0.1917119643244951
2018-01-11 11:24:10,-0.18663315735738878
2018-01-11 11:24:20,-0.18167730189418874
2018-01-11 11:24:30,-0.17689095010195305
2018-01-11 11:24:40,-0.172321398185331
2018-01-11 11:24:50,-0.16801450291785544
2018-01-11 11:25:00,-0.1640109484314554
2018-01-11 11:25:10,-0.16034292362049005
2018-01-11 11:25:20,-0.15703093755972236
2018-01-11 11:25:30,-0.1540803919379051
2018-01-11 11:25:40,-0.15147891692433443
2018-01-11 11:25:50,-0.14919497615508154
2018-01-11 11:26:00,-0.14717672938996332
2018-01-11 11:26:10,-0.1453501202225573
2018-01-11 11:26:20,-0.1436193482287359
2018-01-11 11:26:30,-0.14187352197313635
2018-01-11 11:26:40,-0.13999742008403773
2018-01-11 11:26:50,-0.13788198871965868
2018-01-11 11:27:00,-0.13543289231081068
2018-01-11 11:27:10,-0.1325758932045617
2018-01-11 11:27:20,-0.1292571368579027
2018-01-11 11:27:30,-0.12543950129695586
2018-01-11 11:27:40,-0.12109954493515898
2018-01-11 11:27:50,-0.11622914129624289
2018-01-11 11:28:00,-0.11084076660802517
2018-01-11 11:28:10,-0.10497020289176619
2018-01-11 11:28:20,-0.09867409594687586
2018-01-11 11:28:30,-0.09202537752493029
2018-01-11 11:28:40,-0.08510916272214016
2018-01-11 11:28:50,-0.07802035319427408
2018-01-11 11:29:00,-0.07086084705299962
2018-01-11 11:29:10,-0.06373351933044193
2018-01-11 11:29:20,-0.05673635284583661
2018-01-11 11:29:30,-0.04996149774458449
2018-01-11 11:29:40,-0.043497884009487994
2018-01-11 11:29:50,-0.037432669450676206
2018-01-11 11:30:00,-0.03184941182169629
2018-01-11 11:30:10,-0.026824627257109976
2018-01-11 11:30:20,-0.022423763321282795
2018-01-11 11:30:30,-0.01869471578253322
2018-01-11 11:30:40,-0.015659519920415622
2018-01-11 11:30:50,-0.013309318001714096
2018-01-11 11:31:00,-0.011607897324984025
2018-01-11 11:31:10,-0.010504446583162923
2018-01-11 11:31:20,-0.009947696772131235
2018-01-11 11:31:30,-0.009893373463385317
2018-01-11 11:31:40,-0.010306617347105529
2018-01-11 11:31:50,-0.011163380179495907
2018-01-11 11:32:00,-0.012450095866143197
2018-01-11 11:32:10,-0.014160203328123936
2018-01-11 11:32:20,-0.016289464772443838
2018-01-11 11:32:30,-0.0188335136077082
2018-01-11 11:32:40,-0.02178682659429088
2018-01-11 11:32:50,-0.02514027194235233
2018-01-11 11:33:00,-0.028878004889017535
2018-01-11 11:33:10,-0.03297618981237922
2018-01-11 11:33:20,-0.03740447448775737
2018-01-11 11:33:30,-0.042128324053470556
2018-01-11 11:33:40,-0.04710928708048483
2018-01-11 11:33:50,-0.05230284216914577
2018-01-11 11:34:00,-0.057657075502510355
2018-01-11 11:34:10,-0.06311641079965097
2018-01-11 11:34:20,-0.06862868645226805
2018-01-11 11:34:30,-0.07414860004956961
2018-01-11 11:34:40,-0.07963630334623159
2018-01-11 11:34:50,-0.08505518524722343
2018-01-11 11:35:00,-0.09036940053399996
2018-01-11 11:35:10,-0.09554217930062477
2018-01-11 11:35:20,-0.10053899182145647
2018-01-11 11:35:30,-0.10533430848262604
2018-01-11 11:35:40,-0.10991731296981878
2018-01-11 11:35:50,-0.11429650155255086
2018-01-11 11:36:00,-0.11850358267387208
2018-01-11 11:36:10,-0.12259422865436698
2018-01-11 11:36:20,-0.12664547684500307
2018-01-11 11:36:30,-0.13075099569381043
2018-01-11 11:36:40,-0.13501340484474636
2018-01-11 11:36:50,-0.1395354327633648
2018-01-11 11:37:00,-0.14441441943407707
2018-01-11 11:37:10,-0.14974144195838213
2018-01-11 11:37:20,-0.15560405035566438
2018-01-11 11:37:30,-0.16209114674582661
2018-01-11 11:37:40,-0.16929719845477947
2018-01-11 11:37:50,-0.17732172248067343
2018-01-11 11:38:00,-0.186261416989769
2018-01-11 11:38:10,-0.19619982944177375
2018-01-11 11:38:20,-0.20720230898212452
2018-01-11 11:38:30,-0.2193151946798018
2018-01-11 11:38:40,-0.23256340155175265
2018-01-11 11:38:50,-0.24694438042638053
2018-01-11 11:39:00,-0.262420633663185
2018-01-11 11:39:10,-0.27891789868471806
2018-01-11 11:39:20,-0.29633402195943415
2018-01-11 11:39:30,-0.314550441477244
2018-01-11 11:39:40,-0.33343552008311966
2018-01-11 11:39:50,-0.35284418144362667
2018-01-11 11:40:00,-0.37262402276559353
2018-01-11 11:40:10,-0.3926237017772116
2018-01-11 11:40:20,-0.4126940795371599
2018-01-11 11:40:30,-0.4326854148406265
2018-01-11 11:40:40,-0.4524480965793037
2018-01-11 11:40:50,-0.47183596521538096
2018-01-11 11:41:00,-0.4907077424044156
2018-01-11 11:41:10,-0.5089252351262377
2018-01-11 11:41:20,-0.526350930510203
2018-01-11 11:41:30,-0.542850147240369
2018-01-11 11:41:40,-0.5582991403414369
2018-01-11 11:41:50,-0.5725936462916121
2018-01-11 11:42:00,-0.5856533608841858
2018-01-11 11:42:10,-0.5974223350164823
2018-01-11 11:42:20,-0.6078667983673502
2018-01-11 11:42:30,-0.6169739447728222
2018-01-11 11:42:40,-0.6247528853059862
2018-01-11 11:42:50,-0.6312321952234604
2018-01-11 11:43:00,-0.6364504396572507
2018-01-11 11:43:10,-0.6404449399718974
2018-01-11 11:43:20,-0.643245831214529
2018-01-11 11:43:30,-0.6448787890957549
2018-01-11 11:43:40,-0.6453754437940754
2018-01-11 11:43:50,-0.6447833934495368
2018-01-11 11:44:00,-0.6431678086161904
2018-01-11 11:44:10,-0.6406069172826884
2018-01-11 11:44:20,-0.6371887191932918
2018-01-11 11:44:30,-0.6330096625152359
2018-01-11 11:44:40,-0.6281693130230026
2018-01-11 11:44:50,-0.6227604321111824
2018-01-11 11:45:00,-0.6168608472056061
2018-01-11 11:45:10,-0.6105309313970447
2018-01-11 11:45:20,-0.6038159861432226
2018-01-11 11:45:30,-0.5967493675341037
2018-01-11 11:45:40,-0.5893528448927559
2018-01-11 11:45:50,-0.5816365750835203
2018-01-11 11:46:00,-0.5736033191732924
2018-01-11 11:46:10,-0.5652566054255215
2018-01-11 11:46:20,-0.5566063291754507
2018-01-11 11:46:30,-0.5476677627003127
2018-01-11 11:46:40,-0.5384567440268843
2018-01-11 11:46:50,-0.528986088547245
2018-01-11 11:47:00,-0.5192675882014357
2018-01-11 11:47:10,-0.509317760095288
2018-01-11 11:47:20,-0.4991614775072698
2018-01-11 11:47:30,-0.4888324320094192
2018-01-11 11:47:40,-0.4783734806515137
2018-01-11 11:47:50,-0.46784038796926364
2018-01-11 11:48:00,-0.45730690612074915
2018-01-11 11:48:10,-0.4468632842541315
2018-01-11 11:48:20,-0.4366080067614818
2018-01-11 11:48:30,-0.42664059796060666
2018-01-11 11:48:40,-0.4170574590970087
2018-01-11 11:48:50,-0.40794808413316547
2018-01-11 11:49:00,-0.39939293892306876
2018-01-11 11:49:10,-0.3914654608376841
2018-01-11 11:49:20,-0.3842356596311698
2018-01-11 11:49:30,-0.3777707914309918
2018-01-11 11:49:40,-0.3721334514602027
2018-01-11 11:49:50,-0.3673789532284647
2018-01-11 11:50:00,-0.3635525313424756
2018-01-11 11:50:10,-0.3606885434015221
2018-01-11 11:50:20,-0.3588110287748466
2018-01-11 11:50:30,-0.3579323299964896
2018-01-11 11:50:40,-0.3580500225344345
2018-01-11 11:50:50,-0.35914427105628866
2018-01-11 11:51:00,-0.3611762665995251
2018-01-11 11:51:10,-0.3640862721823625
2018-01-11 11:51:20,-0.36779138551948276
2018-01-11 11:51:30,-0.3721878551886786
2018-01-11 11:51:40,-0.37715885865298904
2018-01-11 11:51:50,-0.3825799707446029
2018-01-11 11:52:00,-0.3883184316441131
2018-01-11 11:52:10,-0.39423209126478564
2018-01-11 11:52:20,-0.40017340618779296
2018-01-11 11:52:30,-0.4059983771625849
2018-01-11 11:52:40,-0.4115780115392285
2018-01-11 11:52:50,-0.4168084598414347
2018-01-11 11:53:00,-0.42161726296981994
2018-01-11 11:53:10,-0.4259674582008572
2018-01-11 11:53:20,-0.42986055182122224
2018-01-11 11:53:30,-0.43333491710086575
2018-01-11 11:53:40,-0.43645814453803045
2018-01-11 11:53:50,-0.43931871422900626
2018-01-11 11:54:00,-0.44202038144763145
2018-01-11 11:54:10,-0.44467610791424383
2018-01-11 11:54:20,-0.4474021284312697
2018-01-11 11:54:30,-0.4503156710757199
2018-01-11 11:54:40,-0.4535349039737371
2018-01-11 11:54:50,-0.457177405174635
2018-01-11 11:55:00,-0.46135411623145234
2018-01-11 11:55:10,-0.4661590969283522
2018-01-11 11:55:20,-0.4716597887918451
2018-01-11 11:55:30,-0.47789239660319405
2018-01-11 11:55:40,-0.48486379195442425
2018-01-11 11:55:50,-0.4925556730922377
2018-01-11 11:56:00,-0.5009248228392624
2018-01-11 11:56:10,-0.5099017676701224
2018-01-11 11:56:20,-0.519393582510924
2018-01-11 11:56:30,-0.5292885714807831
2018-01-11 11:56:40,-0.5394594087187767
2018-01-11 11:56:50,-0.5497663481793787
2018-01-11 11:57:00,-0.5600613727982586
2018-01-11 11:57:10,-0.5701932599257533
2018-01-11 11:57:20,-0.5800130738481398
2018-01-11 11:57:30,-0.5893771551521317
2018-01-11 11:57:40,-0.598148542546819
2018-01-11 11:57:50,-0.6062019505753544
2018-01-11 11:58:00,-0.6134307621754977
2018-01-11 11:58:10,-0.6197492786438803
2018-01-11 11:58:20,-0.6250898866627701
2018-01-11 11:58:30,-0.6294002720242006
2018-01-11 11:58:40,-0.6326433954922029
2018-01-11 11:58:50,-0.6348003212877312
2018-01-11 11:59:00,-0.6358733540954373
2018-01-11 11:59:10,-0.6358856577309367
2018-01-11 11:59:20,-0.6348779362640065
2018-01-11 11:59:30,-0.632905027010936
2018-01-11 11:59:40,-0.6300335031017122
2018-01-11 11:59:50,-0.6263394647498891
2018-01-11 12:00:00,-0.621905211785861
2018-01-11 12:00:10,-0.6168165668423122
2018-01-11 12:00:20,-0.6111627180930659
2018-01-11 12:00:30,-0.6050362783861314
2018-01-11 12:00:40,-0.5985312941177969
2018-01-11 12:00:50,-0.5917420417329206
2018-01-11 12:01:00,-0.5847656612287252
2018-01-11 12:01:10,-0.5777051284392744
2018-01-11 12:01:20,-0.5706690737822502
2018-01-11 12:01:30,-0.5637686019917759
2018-01-11 12:01:40,-0.5571105487517215
2018-01-11 12:01:50,-0.5507895575532465
2018-01-11 12:02:00,-0.5448838509392243
2018-01-11 12:02:10,-0.5394553919010471
2018-01-11 12:02:20,-0.5345511052031202
2018-01-11 12:02:30,-0.5302017925108918
2018-01-11 12:02:40,-0.5264192937595772
2018-01-11 12:02:50,-0.5231963611434742
2018-01-11 12:03:00,-0.5205118529487356
2018-01-11 12:03:10,-0.5183385835689021
2018-01-11 12:03:20,-0.5166514516776612
2018-01-11 12:03:30,-0.5154350383315948
2018-01-11 12:03:40,-0.5146865167588309
2018-01-11 12:03:50,-0.5144111762931926
2018-01-11 12:04:00,-0.5146122145818783
2018-01-11 12:04:10,-0.5152782014060145
2018-01-11 12:04:20,-0.5163741269213189
2018-01-11 12:04:30,-0.5178387435685946
2018-01-11 12:04:40,-0.5195854636811349
2018-01-11 12:04:50,-0.5215064634975526
2018-01-11 12:05:00,-0.5234806432464575
2018-01-11 12:05:10,-0.52538302746002
2018-01-11 12:05:20,-0.527094396668579
2018-01-11 12:05:30,-0.5285099268064403
2018-01-11 12:05:40,-0.5295448339384489
2018-01-11 12:05:50,-0.5301390433010724
2018-01-11 12:06:00,-0.5302612426698092
2018-01-11 12:06:10,-0.5299081202543102
2018-01-11 12:06:20,-0.5290995061122349
2018-01-11 12:06:30,-0.5278742843730585
2018-01-11 12:06:40,-0.5262872686488228
2018-01-11 12:06:50,-0.5244043351874351
2018-01-11 12:07:00,-0.5222970082871187
2018-01-11 12:07:10,-0.5200401425817073
2018-01-11 12:07:20,-0.5177116267890424
2018-01-11 12:07:30,-0.5153897096006902
2018-01-11 12:07:40,-0.5131474650282845
2018-01-11 12:07:50,-0.5110458471575043
2018-01-11 12:08:00,-0.509126814044636
2018-01-11 12:08:10,-0.5074100219403125
2018-01-11 12:08:20,-0.5058938181312138
2018-01-11 12:08:30,-0.5045582077965433
2018-01-11 12:08:40,-0.5033701456423197
2018-01-11 12:08:50,-0.5022918912271325
2018-01-11 12:09:00,-0.5012897512691983
2018-01-11 12:09:10,-0.5003391241319344
2018-01-11 12:09:20,-0.49942308778588645
2018-01-11 12:09:30,-0.49852754335072713
2018-01-11 12:09:40,-0.4976398320623455
2018-01-11 12:09:50,-0.4967492075165279
2018-01-11 12:10:00,-0.4958432503299179
2018-01-11 12:10:10,-0.494903779793555
2018-01-11 12:10:20,-0.49390635732839183
2018-01-11 12:10:30,-0.4928206156651096
2018-01-11 12:10:40,-0.49161042033320673
2018-01-11 12:10:50,-0.49023499634648166
2018-01-11 12:11:00,-0.48865087665531387
2018-01-11 12:11:10,-0.4868150138604069
2018-01-11 12:11:20,-0.4846899497995845
2018-01-11 12:11:30,-0.48225108663706295
2018-01-11 12:11:40,-0.4794930491343154
2018-01-11 12:11:50,-0.47643073849629286
2018-01-11 12:12:00,-0.4730949055167949
2018-01-11 12:12:10,-0.46952539322934334
2018-01-11 12:12:20,-0.46576509686131246
2018-01-11 12:12:30,-0.4618566694450043
2018-01-11 12:12:40,-0.4578416980579303
2018-01-11 12:12:50,-0.4537626493752156
2018-01-11 12:13:00,-0.44966941315257125
2018-01-11 12:13:10,-0.4456277528698156
2018-01-11 12:13:20,-0.44172276367408075
2018-01-11 12:13:30,-0.4380545525755764
2018-01-11 12:13:40,-0.4347298502379871
2018-01-11 12:13:50,-0.43185423016647645
2018-01-11 12:14:00,-0.4295277229811158
2018-01-11 12:14:10,-0.42784400676207834
2018-01-11 12:14:20,-0.4268899995046431
2018-01-11 12:14:30,-0.426743246513869
2018-01-11 12:14:40,-0.4274684495676283
2018-01-11 12:14:50,-0.42911552738940756
2018-01-11 12:15:00,-0.43171778688282836
2018-01-11 12:15:10,-0.43528764707044243
2018-01-11 12:15:20,-0.43981224953240117
2018-01-11 12:15:30,-0.44525262552835265
2018-01-11 12:15:40,-0.45154777551931174
2018-01-11 12:15:50,-0.45862397750740347
2018-01-11 12:16:00,-0.46640432778351965
2018-01-11 12:16:10,-0.4748107376958757
2018-01-11 12:16:20,-0.48376017729626813
2018-01-11 12:16:30,-0.4931641534739959
2018-01-11 12:16:40,-0.5029345987828828
2018-01-11 12:16:50,-0.5129919160963841
2018-01-11 12:17:00,-0.5232695360271945
2018-01-11 12:17:10,-0.5337128124158174
2018-01-11 12:17:20,-0.5442732526618994
2018-01-11 12:17:30,-0.5548995455678699
2018-01-11 12:17:40,-0.5655303552491877
2018-01-11 12:17:50,-0.5760935046507081
2018-01-11 12:18:00,-0.5865080775535374
2018-01-11 12:18:10,-0.5966849441481115
2018-01-11 12:18:20,-0.6065261226763641
2018-01-11 12:18:30,-0.6159250288442502
2018-01-11 12:18:40,-0.6247712118997392
2018-01-11 12:18:50,-0.632960884202899
2018-01-11 12:19:00,-0.6404070778350538
2018-01-11 12:19:10,-0.6470441006523737
2018-01-11 12:19:20,-0.6528281065195668
2018-01-11 12:19:30,-0.6577345822083434
2018-01-11 12:19:40,-0.661751191781028
2018-01-11 12:19:50,-0.6648695345354325
2018-01-11 12:20:00,-0.6670805356464227
2018-01-11 12:20:10,-0.6683729390439959
2018-01-11 12:20:20,-0.6687337376157279
2018-01-11 12:20:30,-0.6681496330396065
2018-01-11 12:20:40,-0.6666057844131478
2018-01-11 12:20:50,-0.6640818814301189
2018-01-11 12:21:00,-0.6605522981044606
2018-01-11 12:21:10,-0.6559934308842452
2018-01-11 12:21:20,-0.6503930958535548
2018-01-11 12:21:30,-0.6437562657198372
2018-01-11 12:21:40,-0.6361048664680518
2018-01-11 12:21:50,-0.6274723445020267
2018-01-11 12:22:00,-0.6178981336698025
2018-01-11 12:22:10,-0.6074264031983154
2018-01-11 12:22:20,-0.5961059057929747
2018-01-11 12:22:30,-0.5839864035853203
2018-01-11 12:22:40,-0.5711124167652258
2018-01-11 12:22:50,-0.5575181416465272
2018-01-11 12:23:00,-0.5432285814625544
2018-01-11 12:23:10,-0.5282693457134398
2018-01-11 12:23:20,-0.5126809326601169
2018-01-11 12:23:30,-0.4965290743883941
2018-01-11 12:23:40,-0.4799050462701835
2018-01-11 12:23:50,-0.46291708381922636
2018-01-11 12:24:00,-0.4456789511433751
2018-01-11 12:24:10,-0.4283010047876084
2018-01-11 12:24:20,-0.41088752324632827
2018-01-11 12:24:30,-0.39354121845371093
2018-01-11 12:24:40,-0.3763694533314405
2018-01-11 12:24:50,-0.3594864065543911
2018-01-11 12:25:00,-0.34301258584875727
2018-01-11 12:25:10,-0.32707467296202775
2018-01-11 12:25:20,-0.31180482967514206
2018-01-11 12:25:30,-0.29733702918475424
2018-01-11 12:25:40,-0.28379986667119794
2018-01-11 12:25:50,-0.2713085073755922
2018-01-11 12:26:00,-0.2599582913597403
2018-01-11 12:26:10,-0.24982052842612612
2018-01-11 12:26:20,-0.24094093042573472
2018-01-11 12:26:30,-0.233340592775266
2018-01-11 12:26:40,-0.2270187596275016
2018-01-11 12:26:50,-0.22195625490109552
2018-01-11 12:27:00,-0.21811872128951604
2018-01-11 12:27:10,-0.2154602428793794
2018-01-11 12:27:20,-0.2139271709527211
2018-01-11 12:27:30,-0.2134603481607859
2018-01-11 12:27:40,-0.21399606533664017
2018-01-11 12:27:50,-0.21546896569889074
2018-01-11 12:28:00,-0.2178168655839374
2018-01-11 12:28:10,-0.22098344987105384
2018-01-11 12:28:20,-0.2249170274043516
2018-01-11 12:28:30,-0.22956662336330586
2018-01-11 12:28:40,-0.23487805754858102
2018-01-11 12:28:50,-0.2407930720659148
2018-01-11 12:29:00,-0.24725221771371397
2018-01-11 12:29:10,-0.2541982020791914
2018-01-11 12:29:20,-0.2615743370783523
2018-01-11 12:29:30,-0.26931639512968153
2018-01-11 12:29:40,-0.2773428916891409
2018-01-11 12:29:50,-0.2855494175732448
2018-01-11 12:30:00,-0.2938095741227097
2018-01-11 12:30:10,-0.3019827866142955
2018-01-11 12:30:20,-0.30992518213957754
2018-01-11 12:30:30,-0.31750018360661
2018-01-11 12:30:40,-0.3245886112030843
2018-01-11 12:30:50,-0.3310956255555344
2018-01-11 12:31:00,-0.3369517975410588
2018-01-11 12:31:10,-0.3421097847872647
2018-01-11 12:31:20,-0.34653857428532636
2018-01-11 12:31:30,-0.3502163844150367
2018-01-11 12:31:40,-0.35312371901652717
2018-01-11 12:31:50,-0.3552387347444014
2018-01-11 12:32:00,-0.3565365144138981
2018-01-11 12:32:10,-0.35698981476633884
2018-01-11 12:32:20,-0.35656910382116297
2018-01-11 12:32:30,-0.3552445940454711
2018-01-11 12:32:40,-0.35299125825547406
2018-01-11 12:32:50,-0.34979465083230327
2018-01-11 12:33:00,-0.3456562185234217
2018-01-11 12:33:10,-0.34059620586036266
2018-01-11 12:33:20,-0.3346536773828993
2018-01-11 12:33:30,-0.3278874587267108
2018-01-11 12:33:40,-0.3203796593886954
2018-01-11 12:33:50,-0.31223725202169117
2018-01-11 12:34:00,-0.3035877379826108
2018-01-11 12:34:10,-0.2945692194097771
2018-01-11 12:34:20,-0.2853172695982317
2018-01-11 12:34:30,-0.27595360716507705
2018-01-11 12:34:40,-0.2665818464348202
2018-01-11 12:34:50,-0.25728904150145737
2018-01-11 12:35:00,-0.24814793069750118
2018-01-11 12:35:10,-0.239219231201393
2018-01-11 12:35:20,-0.23055420127071843
2018-01-11 12:35:30,-0.22219433293854413
2018-01-11 12:35:40,-0.21416838321846696
2018-01-11 12:35:50,-0.20649122774310802
2018-01-11 12:36:00,-0.19916548123325273
2018-01-11 12:36:10,-0.19218364475921287
2018-01-11 12:36:20,-0.18553035213991795
2018-01-11 12:36:30,-0.17918504628796283
2018-01-11 12:36:40,-0.17312440268384333
2018-01-11 12:36:50,-0.1673237133092023
2018-01-11 12:37:00,-0.16175719695758797
2018-01-11 12:37:10,-0.15639733757365754
2018-01-11 12:37:20,-0.15121565005225263
2018-01-11 12:37:30,-0.14618785636250795
2018-01-11 12:37:40,-0.14129941937355975
2018-01-11 12:37:50,-0.1365461978257497
2018-01-11 12:38:00,-0.13193258479501274
2018-01-11 12:38:10,-0.12747075187932172
2018-01-11 12:38:20,-0.12318057645228829
2018-01-11 12:38:30,-0.11908862892877027
2018-01-11 12:38:40,-0.11522443184872663
2018-01-11 12:38:50,-0.11161302808417857
2018-01-11 12:39:00,-0.10826701862010159
2018-01-11 12:39:10,-0.10518325787732538
2018-01-11 12:39:20,-0.10234501283455548
2018-01-11 12:39:30,-0.0997264690264423
2018-01-11 12:39:40,-0.09729786319974358
2018-01-11 12:39:50,-0.09503028980458411
2018-01-11 12:40:00,-0.09289855882497977
2018-01-11 12:40:10,-0.09088235839733115
2018-01-11 12:40:20,-0.08896682357521388
2018-01-11 12:40:30,-0.08714168303341957
2018-01-11 12:40:40,-0.08539925943202624
2018-01-11 12:40:50,-0.08373329902627558
2018-01-11 12:41:00,-0.08213783088909979
2018-01-11 12:41:10,-0.08060517517271973
2018-01-11 12:41:20,-0.0791247399004475
2018-01-11 12:41:30,-0.07768315768089012
2018-01-11 12:41:40,-0.07626365126845146
2018-01-11 12:41:50,-0.07484349512244211
2018-01-11 12:42:00,-0.07339293845228914
2018-01-11 12:42:10,-0.0718771385764863
2018-01-11 12:42:20,-0.07025745082291637
2018-01-11 12:42:30,-0.06849172126320366
2018-01-11 12:42:40,-0.06653714646762211
2018-01-11 12:42:50,-0.06435604725500467
2018-01-11 12:43:00,-0.06192144030425206
2018-01-11 12:43:10,-0.059218688030710044
2018-01-11 12:43:20,-0.05624278402123744
2018-01-11 12:43:30,-0.05299460181513282
2018-01-11 12:43:40,-0.04947850093375538
2018-01-11 12:43:50,-0.04570295163880989
2018-01-11 12:44:00,-0.041683624692528946
2018-01-11 12:44:10,-0.03744472706994026
2018-01-11 12:44:20,-0.0330170509511881
2018-01-11 12:44:30,-0.028433636851329942
2018-01-11 12:44:40,-0.023722567647369432
2018-01-11 12:44:50,-0.018898714481903823
2018-01-11 12:45:00,-0.013959697498664875
2018-01-11 12:45:10,-0.008889265028641824
2018-01-11 12:45:20,-0.0036651793086506386
2018-01-11 12:45:30,0.0017346363346729169
2018-01-11 12:45:40,0.007329190156321847
2018-01-11 12:45:50,0.013129527336858482
2018-01-11 12:46:00,0.01913026153106397
2018-01-11 12:46:10,0.025302943309516254
2018-01-11 12:46:20,0.03159399601163853
2018-01-11 12:46:30,0.03792641093813613
2018-01-11 12:46:40,0.04420492517700455
2018-01-11 12:46:50,0.05032291275918774
2018-01-11 12:47:00,0.05616817343187052
2018-01-11 12:47:10,0.06162790492106045
2018-01-11 12:47:20,0.06659649441731645
2018-01-11 12:47:30,0.07098572704376906
2018-01-11 12:47:40,0.07473042764204864
2018-01-11 12:47:50,0.077786240490448
2018-01-11 12:48:00,0.08012458263855017
2018-01-11 12:48:10,0.08173046579933226
2018-01-11 12:48:20,0.08260371151350608
2018-01-11 12:48:30,0.08275981338401034
2018-01-11 12:48:40,0.0822269254486114
2018-01-11 12:48:50,0.08103944358797695
2018-01-11 12:49:00,0.07923281369659166
2018-01-11 12:49:10,0.07684265957774487
2018-01-11 12:49:20,0.07390538801763451
2018-01-11 12:49:30,0.07045829563591907
2018-01-11 12:49:40,0.06653979384456102
2018-01-11 12:49:50,0.062186207271931956
2018-01-11 12:50:00,0.05742383773672426
2018-01-11 12:50:10,0.05226240371103759
2018-01-11 12:50:20,0.04669375935321714
2018-01-11 12:50:30,0.04069511660637017
2018-01-11 12:50:40,0.03423424436683175
2018-01-11 12:50:50,0.027274003724757048
2018-01-11 12:51:00,0.01977759276903119
2018-01-11 12:51:10,0.011716055202438463
2018-01-11 12:51:20,0.003074277149551889
2018-01-11 12:51:30,-0.006147507781496357
2018-01-11 12:51:40,-0.01593244194459355
2018-01-11 12:51:50,-0.02624282771792944
2018-01-11 12:52:00,-0.037018255491853516
2018-01-11 12:52:10,-0.04817881293366636
2018-01-11 12:52:20,-0.05962701786211639
2018-01-11 12:52:30,-0.0712442814715854
2018-01-11 12:52:40,-0.08288790788009331
2018-01-11 12:52:50,-0.09439607029017691
2018-01-11 12:53:00,-0.10559744298059208
2018-01-11 12:53:10,-0.11631912544911704
2018-01-11 12:53:20,-0.12639652664643278
2018-01-11 12:53:30,-0.13568859610474948
2018-01-11 12:53:40,-0.1440902817780117
2018-01-11 12:53:50,-0.15153509111658284
2018-01-11 12:54:00,-0.15799116918920256
2018-01-11 12:54:10,-0.16345460237206919
2018-01-11 12:54:20,-0.16793926322159802
2018-01-11 12:54:30,-0.17146529907562771
2018-01-11 12:54:40,-0.17405214907174757
2018-01-11 12:54:50,-0.17571931173136704
2018-01-11 12:55:00,-0.17649262975369348
2018-01-11 12:55:10,-0.17641177415131187
2018-01-11 12:55:20,-0.17553506919831802
2018-01-11 12:55:30,-0.1739399080859373
2018-01-11 12:55:40,-0.17172011126332834
2018-01-11 12:55:50,-0.16898188025791705
2018-01-11 12:56:00,-0.1658373928206237
2018-01-11 12:56:10,-0.16239485305097442
2018-01-11 12:56:20,-0.15874935739382126
2018-01-11 12:56:30,-0.15498085560511765
2018-01-11 12:56:40,-0.1511579198870988
2018-01-11 12:56:50,-0.14734135543318747
2018-01-11 12:57:00,-0.14358428594970304
2018-01-11 12:57:10,-0.13992998188346406
2018-01-11 12:57:20,-0.13641209409570093
2018-01-11 12:57:30,-0.1330581800999408
2018-01-11 12:57:40,-0.12989212196360553
2018-01-11 12:57:50,-0.12693429813271045
2018-01-11 12:58:00,-0.12420173716960857
2018-01-11 12:58:10,-0.1217072216117279
2018-01-11 12:58:20,-0.11945711300596713
2018-01-11 12:58:30,-0.1174506325275549
2018-01-11 12:58:40,-0.11568061026263401
2018-01-11 12:58:50,-0.11413570941247206
2018-01-11 12:59:00,-0.11280489122988129
2018-01-11 12:59:10,-0.11168185877416834
2018-01-11 12:59:20,-0.11076759911185641
2018-01-11 12:59:30,-0.11007166841395134
2018-01-11 12:59:40,-0.10961186223329131
2018-01-11 12:59:50,-0.10940973394113268
2018-01-11 13:00:00,-0.10948223437121962
2018-01-11 13:00:10,-0.10983410238894803
2018-01-11 13:00:20,-0.11045465277995813
2018-01-11 13:00:30,-0.11131784464904053
2018-01-11 13:00:40,-0.11238133244924649
2018-01-11 13:00:50,-0.11358451988593847
2018-01-11 13:01:00,-0.11484984101514464
2018-01-11 13:01:10,-0.11608622854707999
2018-01-11 13:01:20,-0.11719206231825517
2018-01-11 13:01:30,-0.11806039291914638
2018-01-11 13:01:40,-0.11858824791823411
2018-01-11 13:01:50,-0.11868643837591054
2018-01-11 13:02:00,-0.1182855940775294
2018-01-11 13:02:10,-0.11733700318905123
2018-01-11 13:02:20,-0.1158088916581757
2018-01-11 13:02:30,-0.11368048839664852
2018-01-11 13:02:40,-0.11093782579908401
2018-01-11 13:02:50,-0.10757285219853598
2018-01-11 13:03:00,-0.10358253872516612
2018-01-11 13:03:10,-0.09896450800609458
2018-01-11 13:03:20,-0.09371137313379352
2018-01-11 13:03:30,-0.08780936813520027
2018-01-11 13:03:40,-0.08124387494737012
2018-01-11 13:03:50,-0.07400936969015084
2018-01-11 13:04:00,-0.06611745607529187
2018-01-11 13:04:10,-0.057598262684720285
2018-01-11 13:04:20,-0.048497447034137296
2018-01-11 13:04:30,-0.03887309000994491
2018-01-11 13:04:40,-0.02879283791142343
2018-01-11 13:04:50,-0.018331047634424884
2018-01-11 13:05:00,-0.007566871724622014
2018-01-11 13:05:10,0.003416209087366462
2018-01-11 13:05:20,0.014528604083890473
2018-01-11 13:05:30,0.025671867356664258
2018-01-11 13:05:40,0.03673804663163092
2018-01-11 13:05:50,0.047610793210156245
2018-01-11 13:06:00,0.058165732067539395
2018-01-11 13:06:10,0.06827078391071895
2018-01-11 13:06:20,0.07779101311255515
2018-01-11 13:06:30,0.0865992699397055
2018-01-11 13:06:40,0.0945867823276081
2018-01-11 13:06:50,0.10166926663235609
2018-01-11 13:07:00,0.10779071199182823
2018-01-11 13:07:10,0.11292734251827104
2018-01-11 13:07:20,0.11709023254881192
2018-01-11 13:07:30,0.12032467472841632
2018-01-11 13:07:40,0.12270530348432877
2018-01-11 13:07:50,0.12432510575616704
2018-01-11 13:08:00,0.12528126809564993
2018-01-11 13:08:10,0.1256663684382273
2018-01-11 13:08:20,0.12556858789067543
2018-01-11 13:08:30,0.12507582132613143
2018-01-11 13:08:40,0.12427614858677413
2018-01-11 13:08:50,0.12325306632102856
2018-01-11 13:09:00,0.12207947083270453
2018-01-11 13:09:10,0.1208139650389017
2018-01-11 13:09:20,0.11950143497812485
2018-01-11 13:09:30,0.11817695969895038
2018-01-11 13:09:40,0.11686876739088922
2018-01-11 13:09:50,0.11559704704464337
2018-01-11 13:10:00,0.11436945913844021
2018-01-11 13:10:10,0.11317752396618953
2018-01-11 13:10:20,0.11199768037148855
2018-01-11 13:10:30,0.1107958296990303
2018-01-11 13:10:40,0.10953158858774913
2018-01-11 13:10:50,0.10816224001113865
2018-01-11 13:11:00,0.10664892366192738
2018-01-11 13:11:10,0.10496357775643446
2018-01-11 13:11:20,0.10309200552345182
2018-01-11 13:11:30,0.10103121406125402
2018-01-11 13:11:40,0.09878297807519022
2018-01-11 13:11:50,0.0963486685348041
2018-01-11 13:12:00,0.09372965773463789
2018-01-11 13:12:10,0.09093094399184651
2018-01-11 13:12:20,0.08796259138402644
2018-01-11 13:12:30,0.08483774716670643
2018-01-11 13:12:40,0.08156938739010776
2018-01-11 13:12:50,0.07816720649749981
2018-01-11 13:13:00,0.07463451823941616
2018-01-11 13:13:10,0.07096631286712335
2018-01-11 13:13:20,0.0671500300475827
2018-01-11 13:13:30,0.06316717768582514
2018-01-11 13:13:40,0.058993150993052176
2018-01-11 13:13:50,0.054596707218515866
2018-01-11 13:14:00,0.04994272916143987
2018-01-11 13:14:10,0.04499722321133571
2018-01-11 13:14:20,0.03972961201823015
2018-01-11 13:14:30,0.034111122070244373
2018-01-11 13:14:40,0.028111161846955897
2018-01-11 13:14:50,0.021693840992252154
2018-01-11 13:15:00,0.014818678837776593
2018-01-11 13:15:10,0.007447007868757267
2018-01-11 13:15:20,-0.0004511871635847398
2018-01-11 13:15:30,-0.008894865057893853
2018-01-11 13:15:40,-0.01789172315956396
2018-01-11 13:15:50,-0.027437747207314046
2018-01-11 13:16:00,-0.03751965930407523
2018-01-11 13:16:10,-0.04811942179505414
2018-01-11 13:16:20,-0.05921406192028125
2018-01-11 13:16:30,-0.07077005183391834
2018-01-11 13:16:40,-0.08274032032949377
2018-01-11 13:16:50,-0.09507097827895754
2018-01-11 13:17:00,-0.10771231149439804
2018-01-11 13:17:10,-0.12062402207023294
2018-01-11 13:17:20,-0.13377720252509678
2018-01-11 13:17:30,-0.14715740793234555
2018-01-11 13:17:40,-0.16076204700009802
2018-01-11 13:17:50,-0.17458956604460124
2018-01-11 13:18:00,-0.18862861965116273
2018-01-11 13:18:10,-0.20285350887169856
2018-01-11 13:18:20,-0.21722703303406943
2018-01-11 13:18:30,-0.23170697420121733
2018-01-11 13:18:40,-0.2462498360645771
2018-01-11 13:18:50,-0.2608108267543026
2018-01-11 13:19:00,-0.2753422692781151
2018-01-11 13:19:10,-0.28979051561696856
2018-01-11 13:19:20,-0.30409252002125775
2018-01-11 13:19:30,-0.31817472103582906
2018-01-11 13:19:40,-0.331954229351868
2018-01-11 13:19:50,-0.3453428673904848
2018-01-11 13:20:00,-0.35825548991475176
2018-01-11 13:20:10,-0.3706167131813181
2018-01-11 13:20:20,-0.3823592883094926
2018-01-11 13:20:30,-0.3934184996239395
2018-01-11 13:20:40,-0.40373092130303784
2018-01-11 13:20:50,-0.4132382711499238
2018-01-11 13:21:00,-0.42189229186944105
2018-01-11 13:21:10,-0.4296600233459555
2018-01-11 13:21:20,-0.43652969093212846
2018-01-11 13:21:30,-0.442512281659545
2018-01-11 13:21:40,-0.4476354129684788
2018-01-11 13:21:50,-0.45193418455771195
2018-01-11 13:22:00,-0.45544539651624993
2018-01-11 13:22:10,-0.45820719277840666
2018-01-11 13:22:20,-0.46026182116714637
2018-01-11 13:22:30,-0.4616577394056698
2018-01-11 13:22:40,-0.4624500246962354
2018-01-11 13:22:50,-0.46269909186166797
2018-01-11 13:23:00,-0.4624670543135232
2018-01-11 13:23:10,-0.4618135650942235
2018-01-11 13:23:20,-0.4607934062873711
2018-01-11 13:23:30,-0.4594553610068954
2018-01-11 13:23:40,-0.45784198072418186
2018-01-11 13:23:50,-0.45599089805421444
2018-01-11 13:24:00,-0.45393781347654644
2018-01-11 13:24:10,-0.4517199710728794
2018-01-11 13:24:20,-0.44937801679013956
2018-01-11 13:24:30,-0.4469555674996416
2018-01-11 13:24:40,-0.44449710121895425
2018-01-11 13:24:50,-0.44204373022761034
2018-01-11 13:25:00,-0.4396273540010271
2018-01-11 13:25:10,-0.43726658220791453
2018-01-11 13:25:20,-0.43496607654486436
2018-01-11 13:25:30,-0.43271771608831977
2018-01-11 13:25:40,-0.43050140492166583
2018-01-11 13:25:50,-0.4282845559963193
2018-01-11 13:26:00,-0.42602352804780275
2018-01-11 13:26:10,-0.42366898976123046
2018-01-11 13:26:20,-0.42117165453954036
2018-01-11 13:26:30,-0.4184859176659817
2018-01-11 13:26:40,-0.4155704941639928
2018-01-11 13:26:50,-0.41238723736363414
2018-01-11 13:27:00,-0.4089024684494179
2018-01-11 13:27:10,-0.4050901800425421
2018-01-11 13:27:20,-0.40093239501751077
2018-01-11 13:27:30,-0.39641621363441115
2018-01-11 13:27:40,-0.3915289911959897
2018-01-11 13:27:50,-0.3862537328324524
2018-01-11 13:28:00,-0.3805704412096526
2018-01-11 13:28:10,-0.3744649357738213
2018-01-11 13:28:20,-0.3679381494917282
2018-01-11 13:28:30,-0.36101224312269187
2018-01-11 13:28:40,-0.35373642318449167
2018-01-11 13:28:50,-0.3461899900723346
2018-01-11 13:29:00,-0.33847788793089206
2018-01-11 13:29:10,-0.3307230153544977
2018-01-11 13:29:20,-0.32305860229954986
2018-01-11 13:29:30,-0.31561675996312377
2018-01-11 13:29:40,-0.30851382929591975
2018-01-11 13:29:50,-0.30183831328518834
2018-01-11 13:30:00,-0.29564413589655
2018-01-11 13:30:10,-0.28994894074834904
2018-01-11 13:30:20,-0.2847367050467833
2018-01-11 13:30:30,-0.279963714987381
2018-01-11 13:30:40,-0.2755669554794562
2018-01-11 13:30:50,-0.27147386069167884
2018-01-11 13:31:00,-0.26761207855229946
2018-01-11 13:31:10,-0.2639186854980941
2018-01-11 13:31:20,-0.2603478714436922
2018-01-11 13:31:30,-0.25687489039468464
2018-01-11 13:31:40,-0.2534968465208891
2018-01-11 13:31:50,-0.2502314365731432
2018-01-11 13:32:00,-0.24710949703504892
2018-01-11 13:32:10,-0.24416110459117663
2018-01-11 13:32:20,-0.24140551034393049
2018-01-11 13:32:30,-0.23885047365145656
2018-01-11 13:32:40,-0.23649631569309845
2018-01-11 13:32:50,-0.23434238197939866
2018-01-11 13:33:00,-0.23239599853378268
2018-01-11 13:33:10,-0.23068024343985616
2018-01-11 13:33:20,-0.22923746126428587
2018-01-11 13:33:30,-0.228128161249824
2018-01-11 13:33:40,-0.22742466453785967
2018-01-11 13:33:50,-0.22720140348212992
2018-01-11 13:34:00,-0.22752761061278867
2018-01-11 13:34:10,-0.22846424431597104
2018-01-11 13:34:20,-0.23006150888872212
2018-01-11 13:34:30,-0.23235671722050436
2018-01-11 13:34:40,-0.23537436606126402
2018-01-11 13:34:50,-0.23912462363789955
2018-01-11 13:35:00,-0.24359700930549386
2018-01-11 13:35:10,-0.24875319765479917
2018-01-11 13:35:20,-0.2545243822664628
2018-01-11 13:35:30,-0.260814855952339
2018-01-11 13:35:40,-0.2675086060297985
2018-01-11 13:35:50,-0.2744745584566047
2018-01-11 13:36:00,-0.28157019110761483
2018-01-11 13:36:10,-0.2886454802934185
2018-01-11 13:36:20,-0.29554887528508633
2018-01-11 13:36:30,-0.30213504344484254
2018-01-11 13:36:40,-0.30826929081958027
2018-01-11 13:36:50,-0.31382519778431184
2018-01-11 13:37:00,-0.31868053755884934
2018-01-11 13:37:10,-0.32271806594992025
2018-01-11 13:37:20,-0.32583131734475335
2018-01-11 13:37:30,-0.32793048221820875
2018-01-11 13:37:40,-0.328943305208316
2018-01-11 13:37:50,-0.3288105325066981
2018-01-11 13:38:00,-0.32748162198563496
2018-01-11 13:38:10,-0.3249159115083769
2018-01-11 13:38:20,-0.32108728970453465
2018-01-11 13:38:30,-0.315988851402719
2018-01-11 13:38:40,-0.30963678443545645
2018-01-11 13:38:50,-0.30207065227063973
2018-01-11 13:39:00,-0.2933482407483483
2018-01-11 13:39:10,-0.2835403800999589
2018-01-11 13:39:20,-0.2727317960011262
2018-01-11 13:39:30,-0.26102559869897907
2018-01-11 13:39:40,-0.24854497768760542
2018-01-11 13:39:50,-0.23543135935730425
2018-01-11 13:40:00,-0.22184070672526698
2018-01-11 13:40:10,-0.20793626677805332
2018-01-11 13:40:20,-0.19387800202999492
2018-01-11 13:40:30,-0.1798132077143852
2018-01-11 13:40:40,-0.165870517328908
2018-01-11 13:40:50,-0.15215470219838828
2018-01-11 13:41:00,-0.1387415878433546
2018-01-11 13:41:10,-0.1256770211971036
2018-01-11 13:41:20,-0.11298109844700635
2018-01-11 13:41:30,-0.10065447748489849
2018-01-11 13:41:40,-0.08868563947729928
2018-01-11 13:41:50,-0.07705838619897042
2018-01-11 13:42:00,-0.06575709424625838
2018-01-11 13:42:10,-0.054771136445858674
2018-01-11 13:42:20,-0.04409861825310663
2018-01-11 13:42:30,-0.03374515659317312
2018-01-11 13:42:40,-0.02372004240593813
2018-01-11 13:42:50,-0.014035049492221518
2018-01-11 13:43:00,-0.0047043162963068446
2018-01-11 13:43:10,0.004258429701104145
2018-01-11 13:43:20,0.012844595422389707
2018-01-11 13:43:30,0.021052320865198038
2018-01-11 13:43:40,0.028883473730779992
2018-01-11 13:43:50,0.0363402492242259
2018-01-11 13:44:00,0.043422655286430085
2018-01-11 13:44:10,0.05012594817070889
2018-01-11 13:44:20,0.05644133656589248
2018-01-11 13:44:30,0.06236167732488296
2018-01-11 13:44:40,0.06788525831567556
2018-01-11 13:44:50,0.0730112118340458
2018-01-11 13:45:00,0.07773048155622322
2018-01-11 13:45:10,0.08202008574314569
2018-01-11 13:45:20,0.0858431701080452
2018-01-11 13:45:30,0.08915364813226073
2018-01-11 13:45:40,0.09190390432960181
2018-01-11 13:45:50,0.09405331860377927
2018-01-11 13:46:00,0.09557410358697008
2018-01-11 13:46:10,0.09645096724114748
2018-01-11 13:46:20,0.096676435396539
2018-01-11 13:46:30,0.0962487846289521
2018-01-11 13:46:40,0.09517467945215478
2018-01-11 13:46:50,0.09347258223908682
2018-01-11 13:47:00,0.09117368424119193
2018-01-11 13:47:10,0.08831909646844138
2018-01-11 13:47:20,0.08495523617419616
2018-01-11 13:47:30,0.08113111666199066
2018-01-11 13:47:40,0.07689719600890393
2018-01-11 13:47:50,0.07230289192157073
2018-01-11 13:48:00,0.06739311130988514
2018-01-11 13:48:10,0.06220715282814597
2018-01-11 13:48:20,0.05678179512903404
2018-01-11 13:48:30,0.051158562792034734
2018-01-11 13:48:40,0.04539475936857794
2018-01-11 13:48:50,0.03957354982334813
2018-01-11 13:49:00,0.03380562180303429
2018-01-11 13:49:10,0.02822030970920645
2018-01-11 13:49:20,0.022950575744385752
2018-01-11 13:49:30,0.01811918318810227
2018-01-11 13:49:40,0.01383285073224571
2018-01-11 13:49:50,0.01018497243722502
2018-01-11 13:50:00,0.007259548732697078
2018-01-11 13:50:10,0.005128130437534224
2018-01-11 13:50:20,0.0038401071954390093
2018-01-11 13:50:30,0.003415407093677653
2018-01-11 13:50:40,0.0038445963598802498
2018-01-11 13:50:50,0.005091965953617574
2018-01-11 13:51:00,0.007099051995118476
2018-01-11 13:51:10,0.009790862758511225
2018-01-11 13:51:20,0.013083001486606783
2018-01-11 13:51:30,0.016885261877471542
2018-01-11 13:51:40,0.02110373419400013
2018-01-11 13:51:50,0.025645691514929698
2018-01-11 13:52:00,0.030423501277440982
2018-01-11 13:52:10,0.035353211247203684
2018-01-11 13:52:20,0.040352011323073186
2018-01-11 13:52:30,0.04533793380111054
2018-01-11 13:52:40,0.05022911639040355
2018-01-11 13:52:50,0.05494156314011779
2018-01-11 13:53:00,0.05939023232222098
2018-01-11 13:53:10,0.06349897038440555
2018-01-11 13:53:20,0.06721524859275159
2018-01-11 13:53:30,0.07051830100989363
2018-01-11 13:53:40,0.07341708152692847
2018-01-11 13:53:50,0.0759430370091812
2018-01-11 13:54:00,0.07814031583426262
2018-01-11 13:54:10,0.08005560368298115
2018-01-11 13:54:20,0.08173194322345338
2018-01-11 13:54:30,0.0832061857508109
2018-01-11 13:54:40,0.0845081475128443
2018-01-11 13:54:50,0.08566218839698782
2018-01-11 13:55:00,0.0866885613190617
2018-01-11 13:55:10,0.08760266191109364
2018-01-11 13:55:20,0.08841715182844789
2018-01-11 13:55:30,0.08914908444763855
2018-01-11 13:55:40,0.0898264535314966
2018-01-11 13:55:50,0.09049014457808668
2018-01-11 13:56:00,0.09119278951461442
2018-01-11 13:56:10,0.0919950873918483
2018-01-11 13:56:20,0.09295894680019885
2018-01-11 13:56:30,0.09414276491445044
2018-01-11 13:56:40,0.09560387783156668
2018-01-11 13:56:50,0.09740375637175824
2018-01-11 13:57:00,0.09961007649511291
2018-01-11 13:57:10,0.1022947567931262
2018-01-11 13:57:20,0.10552862718192028
2018-01-11 13:57:30,0.10937491369267743
2018-01-11 13:57:40,0.11388604219037651
2018-01-11 13:57:50,0.11910322318391423
2018-01-11 13:58:00,0.12505210253834032
2018-01-11 13:58:10,0.13173498913674947
2018-01-11 13:58:20,0.13912734645490488
2018-01-11 13:58:30,0.14717857492898023
2018-01-11 13:58:40,0.15581080748732046
2018-01-11 13:58:50,0.16491657082395036
2018-01-11 13:59:00,0.17436061505933925
2018-01-11 13:59:10,0.18398494869766702
2018-01-11 13:59:20,0.19361481857472004
2018-01-11 13:59:30,0.20306879934993194
2018-01-11 13:59:40,0.21217340131227566
2018-01-11 13:59:50,0.22077516150454876
2018-01-11 14:00:00,0.2287470138948076
2018-01-11 14:00:10,0.23599288706637636
2018-01-11 14:00:20,0.24245049762932297
2018-01-11 14:00:30,0.2480880634079562
2018-01-11 14:00:40,0.252895501129272
2018-01-11 14:00:50,0.25687559704569735
2018-01-11 14:01:00,0.2600400806742662
2018-01-11 14:01:10,0.2624104031786442
2018-01-11 14:01:20,0.26401657456762373
2018-01-11 14:01:30,0.26489154053539316
2018-01-11 14:01:40,0.2650679894331349
2018-01-11 14:01:50,0.26458050663458027
2018-01-11 14:02:00,0.26346927174798235
2018-01-11 14:02:10,0.26178380519130356
2018-01-11 14:02:20,0.2595864529959516
2018-01-11 14:02:30,0.25695324804933767
2018-01-11 14:02:40,0.2539696421316106
2018-01-11 14:02:50,0.25072239683794695
2018-01-11 14:03:00,0.2472935464405441
2018-01-11 14:03:10,0.24375955947838304
2018-01-11 14:03:20,0.24019215730856325
2018-01-11 14:03:30,0.23665720287977998
2018-01-11 14:03:40,0.2332128036815131
2018-01-11 14:03:50,0.22990975666431507
2018-01-11 14:04:00,0.22679316883438058
2018-01-11 14:04:10,0.22390086002887824
2018-01-11 14:04:20,0.2212598398132994
2018-01-11 14:04:30,0.2188851653916633
2018-01-11 14:04:40,0.2167815667788102
2018-01-11 14:04:50,0.21494795660376295
2018-01-11 14:05:00,0.21338402785441618
2018-01-11 14:05:10,0.2120943896959383
2018-01-11 14:05:20,0.2110872043363406
2018-01-11 14:05:30,0.21036971341309196
2018-01-11 14:05:40,0.20994464933427964
2018-01-11 14:05:50,0.2098069104396394
2018-01-11 14:06:00,0.20993899161795535
2018-01-11 14:06:10,0.21030790806847938
2018-01-11 14:06:20,0.21086547130597413
2018-01-11 14:06:30,0.21155139347553856
2018-01-11 14:06:40,0.2122989936724219
2018-01-11 14:06:50,0.21304203660773177
2018-01-11 14:07:00,0.21371898125804695
2018-01-11 14:07:10,0.21427280399805368
2018-01-11 14:07:20,0.21464859302433612
2018-01-11 14:07:30,0.21479062092099452
2018-01-11 14:07:40,0.21464183346180082
2018-01-11 14:07:50,0.21415056908760643
2018-01-11 14:08:00,0.21328154511104527
2018-01-11 14:08:10,0.21202352200179206
2018-01-11 14:08:20,0.2103920252508514
2018-01-11 14:08:30,0.2084273599587773
2018-01-11 14:08:40,0.20618648687491656
2018-01-11 14:08:50,0.20373068966480895
2018-01-11 14:09:00,0.2011146637989401
2018-01-11 14:09:10,0.19838239025243576
2018-01-11 14:09:20,0.19556946934729091
2018-01-11 14:09:30,0.1927062068182746
2018-01-11 14:09:40,0.18981891723288133
2018-01-11 14:09:50,0.18692919551168197
2018-01-11 14:10:00,0.18404976601175133
2018-01-11 14:10:10,0.18118012637403366
2018-01-11 14:10:20,0.17830746165502345
2018-01-11 14:10:30,0.1754123461709295
2018-01-11 14:10:40,0.1724746209310731
2018-01-11 14:10:50,0.16947718235159961
2018-01-11 14:11:00,0.16640875714699616
2018-01-11 14:11:10,0.1632659775773061
2018-01-11 14:11:20,0.16005281179430042
2018-01-11 14:11:30,0.1567768679748994
2018-01-11 14:11:40,0.15344441515147925
2018-01-11 14:11:50,0.1500557554300386
2018-01-11 14:12:00,0.14660356723170245
2018-01-11 14:12:10,0.1430777885888151
2018-01-11 14:12:20,0.1394740853144961
2018-01-11 14:12:30,0.13579676329811186
2018-01-11 14:12:40,0.1320550981598071
2018-01-11 14:12:50,0.12826199097073962
2018-01-11 14:13:00,0.12443940575966347
2018-01-11 14:13:10,0.12062428947027151
2018-01-11 14:13:20,0.11686777873931153
2018-01-11 14:13:30,0.11323006304423136
2018-01-11 14:13:40,0.10977550590356099
2018-01-11 14:13:50,0.10656737255481527
2018-01-11 14:14:00,0.10366269397542265
2018-01-11 14:14:10,0.10110993939490376
2018-01-11 14:14:20,0.0989496480567264
2018-01-11 14:14:30,0.09721524599313212
2018-01-11 14:14:40,0.09593166118188994
2018-01-11 14:14:50,0.09511312912669223
2018-01-11 14:15:00,0.09476255143672681
2018-01-11 14:15:10,0.0948724782392895
2018-01-11 14:15:20,0.09542756308172133
2018-01-11 14:15:30,0.09640901675986328
2018-01-11 14:15:40,0.09780025793983517
2018-01-11 14:15:50,0.0995906911871135
2018-01-11 14:16:00,0.1017742504155758
2018-01-11 14:16:10,0.10434416515774297
2018-01-11 14:16:20,0.10729015953473088
2018-01-11 14:16:30,0.11060006347981956
2018-01-11 14:16:40,0.11426076354597996
2018-01-11 14:16:50,0.11825440001340146
2018-01-11 14:17:00,0.12255195112902534
2018-01-11 14:17:10,0.12710959903299365
2018-01-11 14:17:20,0.1318701673708855
2018-01-11 14:17:30,0.13676653703515307
2018-01-11 14:17:40,0.14172424421668364
2018-01-11 14:17:50,0.14666349379030322
2018-01-11 14:18:00,0.1514997995024127
2018-01-11 14:18:10,0.15614278848472485
2018-01-11 14:18:20,0.16049578313856783
2018-01-11 14:18:30,0.16445908153589728
2018-01-11 14:18:40,0.1679372434122672
2018-01-11 14:18:50,0.17084627726242363
2018-01-11 14:19:00,0.17311617175651617
2018-01-11 14:19:10,0.17468889738154084
2018-01-11 14:19:20,0.17551358765744546
2018-01-11 14:19:30,0.17554107448058626
2018-01-11 14:19:40,0.17472279021925016
2018-01-11 14:19:50,0.1730179811534049
2018-01-11 14:20:00,0.17040428692282536
2018-01-11 14:20:10,0.16688187295903584
2018-01-11 14:20:20,0.16246962423067193
2018-01-11 14:20:30,0.1571976432789958
2018-01-11 14:20:40,0.15109912192571323
2018-01-11 14:20:50,0.14420597586461545
2018-01-11 14:21:00,0.13655117232875694
2018-01-11 14:21:10,0.12817551813326614
2018-01-11 14:21:20,0.1191337369340022
2018-01-11 14:21:30,0.10949624760122179
2018-01-11 14:21:40,0.0993467664751261
2018-01-11 14:21:50,0.08877756029821707
2018-01-11 14:22:00,0.07788482209579535
2018-01-11 14:22:10,0.06676495876602305
2018-01-11 14:22:20,0.055510175644201645
2018-01-11 14:22:30,0.04420383917799777
2018-01-11 14:22:40,0.03291986382574267
2018-01-11 14:22:50,0.021728701462847447
2018-01-11 14:23:00,0.010703392428261212
2018-01-11 14:23:10,-8.290641920818875e-05
2018-01-11 14:23:20,-0.01056438820820594
2018-01-11 14:23:30,-0.02068608723997608
2018-01-11 14:23:40,-0.030402421123849874
2018-01-11 14:23:50,-0.039675071850048545
2018-01-11 14:24:00,-0.04847196687793742
2018-01-11 14:24:10,-0.05676503175869048
2018-01-11 14:24:20,-0.06452575037194427
2018-01-11 14:24:30,-0.07172346589892
2018-01-11 14:24:40,-0.07832906719684118
2018-01-11 14:24:50,-0.08431916019852781
2018-01-11 14:25:00,-0.089676974280934
2018-01-11 14:25:10,-0.0943897809447727
2018-01-11 14:25:20,-0.09844440346881768
2018-01-11 14:25:30,-0.10182410840210536
2018-01-11 14:25:40,-0.10450703888008224
2018-01-11 14:25:50,-0.10646634254083552
2018-01-11 14:26:00,-0.10767552999992448
2018-01-11 14:26:10,-0.10811692026164815
2018-01-11 14:26:20,-0.10778559030140833
2018-01-11 14:26:30,-0.1066886197239613
2018-01-11 14:26:40,-0.10484535336664999
2018-01-11 14:26:50,-0.10228868443089684
2018-01-11 14:27:00,-0.09906514738774265
2018-01-11 14:27:10,-0.09523587862177857
2018-01-11 14:27:20,-0.09087846156797097
2018-01-11 14:27:30,-0.08608480729287284
2018-01-11 14:27:40,-0.08095171993529246
2018-01-11 14:27:50,-0.07556700149580826
2018-01-11 14:28:00,-0.06999754673630691
2018-01-11 14:28:10,-0.06428424683016234
2018-01-11 14:28:20,-0.05844457390421146
2018-01-11 14:28:30,-0.052478603001604056
2018-01-11 14:28:40,-0.04637382220528923
2018-01-11 14:28:50,-0.040109765407458566
2018-01-11 14:29:00,-0.03366376937819815
2018-01-11 14:29:10,-0.02701471666326661
2018-01-11 14:29:20,-0.020142844639728992
2018-01-11 14:29:30,-0.013027375398778783
2018-01-11 14:29:40,-0.005644491069797066
2018-01-11 14:29:50,0.002031931016999195
2018-01-11 14:30:00,0.010025313681486972
2018-01-11 14:30:10,0.018349171453198223
2018-01-11 14:30:20,0.027003405443957643
2018-01-11 14:30:30,0.03597582044216504
2018-01-11 14:30:40,0.04524282587747154
2018-01-11 14:30:50,0.05476700394642316
2018-01-11 14:31:00,0.06449764540718782
2018-01-11 14:31:10,0.07437439431931255
2018-01-11 14:31:20,0.08432681470538146
2018-01-11 14:31:30,0.09427070136028276
2018-01-11 14:31:40,0.10410757991265757
2018-01-11 14:31:50,0.1137291927312035
2018-01-11 14:32:00,0.12302587559958926
2018-01-11 14:32:10,0.1318948433310294
2018-01-11 14:32:20,0.1402420353317357
2018-01-11 14:32:30,0.14797729717747007
2018-01-11 14:32:40,0.1550105716412771
2018-01-11 14:32:50,0.16125406427083824
2018-01-11 14:33:00,0.16662613456964365
2018-01-11 14:33:10,0.17105275555582355
2018-01-11 14:33:20,0.1744692051041458
2018-01-11 14:33:30,0.17682364450740432
2018-01-11 14:33:40,0.17807952316133954
2018-01-11 14:33:50,0.17821457110183306
2018-01-11 14:34:00,0.17721921397793713
2018-01-11 14:34:10,0.17509905345504806
2018-01-11 14:34:20,0.17188120796080691
2018-01-11 14:34:30,0.16761991688072572
2018-01-11 14:34:40,0.16239693664993068
2018-01-11 14:34:50,0.15631639359342886
2018-01-11 14:35:00,0.14949995864768845
2018-01-11 14:35:10,0.1420869366745301
2018-01-11 14:35:20,0.13423526050789372
2018-01-11 14:35:30,0.12611875041666037
2018-01-11 14:35:40,0.11792174641121721
2018-01-11 14:35:50,0.10983209032032595
2018-01-11 14:36:00,0.1020321673735259
2018-01-11 14:36:10,0.09468966390684622
2018-01-11 14:36:20,0.08794992416642733
2018-01-11 14:36:30,0.08192932757413915
2018-01-11 14:36:40,0.07670908108363572
2018-01-11 14:36:50,0.07233425708714519
2018-01-11 14:37:00,0.06882137161213467
2018-01-11 14:37:10,0.06616705152064872
2018-01-11 14:37:20,0.06435150573183317
2018-01-11 14:37:30,0.06334092452757609
2018-01-11 14:37:40,0.0630924402804756
2018-01-11 14:37:50,0.06355894058395983
2018-01-11 14:38:00,0.06469174467667646
2018-01-11 14:38:10,0.06644094925975429
2018-01-11 14:38:20,0.06875202622399859
2018-01-11 14:38:30,0.07156191262183674
2018-01-11 14:38:40,0.07480250958867446
2018-01-11 14:38:50,0.07841228673414541
2018-01-11 14:39:00,0.0823468835491234
2018-01-11 14:39:10,0.0865824248780728
2018-01-11 14:39:20,0.0911148605687927
2018-01-11 14:39:30,0.0959590035196444
2018-01-11 14:39:40,0.10114466510568092
2018-01-11 14:39:50,0.10670697241810974
2018-01-11 14:40:00,0.11267413676693586
2018-01-11 14:40:10,0.11905807135409663
2018-01-11 14:40:20,0.1258488397312135
2018-01-11 14:40:30,0.133012522249717
2018-01-11 14:40:40,0.1404935920414187
2018-01-11 14:40:50,0.14822120777711348
2018-01-11 14:41:00,0.1561174279570986
2018-01-11 14:41:10,0.16410413573552274
2018-01-11 14:41:20,0.17210475775476164
2018-01-11 14:41:30,0.1800423886447321
2018-01-11 14:41:40,0.18783884863344488
2018-01-11 14:41:50,0.19541617844983927
2018-01-11 14:42:00,0.20270173650251044
2018-01-11 14:42:10,0.20963439542791226
2018-01-11 14:42:20,0.21616413683448035
2018-01-11 14:42:30,0.2222443147828878
2018-01-11 14:42:40,0.227825437457876
2018-01-11 14:42:50,0.23285456574474103
2018-01-11 14:43:00,0.23727635678233455
2018-01-11 14:43:10,0.24103450544414914
2018-01-11 14:43:20,0.24407527608518123
2018-01-11 14:43:30,0.2463514463598438
2018-01-11 14:43:40,0.2478235936768508
2018-01-11 14:43:50,0.24845891750922175
2018-01-11 14:44:00,0.2482312044629835
2018-01-11 14:44:10,0.24712376092126326
2018-01-11 14:44:20,0.24513310250813947
2018-01-11 14:44:30,0.24227230943785177
2018-01-11 14:44:40,0.23857384240148197
2018-01-11 14:44:50,0.23408882637586637
2018-01-11 14:45:00,0.22888136566964604
2018-01-11 14:45:10,0.223020610750925
2018-01-11 14:45:20,0.2165748921946009
2018-01-11 14:45:30,0.2096111103068204
2018-01-11 14:45:40,0.20219731671266677
2018-01-11 14:45:50,0.1944038142013113
2018-01-11 14:46:00,0.18630189687684753
2018-01-11 14:46:10,0.17796082664638396
2018-01-11 14:46:20,0.16944242715574812
2018-01-11 14:46:30,0.16079475098937482
2018-01-11 14:46:40,0.15204856086582674
2018-01-11 14:46:50,0.14321841644588723
2018-01-11 14:47:00,0.13430589862284834
2018-01-11 14:47:10,0.1253012643987664
2018-01-11 14:47:20,0.11618458428055074
2018-01-11 14:47:30,0.1069297394581458
2018-01-11 14:47:40,0.09750992228947573
2018-01-11 14:47:50,0.08790136864640824
2018-01-11 14:48:00,0.07808477778165526
2018-01-11 14:48:10,0.06804632018850724
2018-01-11 14:48:20,0.057779372553312607
2018-01-11 14:48:30,0.047283816243543865
2018-01-11 14:48:40,0.03656106945688878
2018-01-11 14:48:50,0.025609429447526616
2018-01-11 14:49:00,0.014424468794537756
2018-01-11 14:49:10,0.003004367985796803
2018-01-11 14:49:20,-0.008644473531780888
2018-01-11 14:49:30,-0.020506150258924896
2018-01-11 14:49:40,-0.03255769032692961
2018-01-11 14:49:50,-0.04477250895902817
2018-01-11 14:50:00,-0.05712279415497089
2018-01-11 14:50:10,-0.06957896066719135
2018-01-11 14:50:20,-0.08210741202155211
2018-01-11 14:50:30,-0.09466976959002874
2018-01-11 14:50:40,-0.1072252122146784
2018-01-11 14:50:50,-0.11973537338595684
2018-01-11 14:51:00,-0.132167311346938
2018-01-11 14:51:10,-0.14448975208068662
2018-01-11 14:51:20,-0.156666408902922
2018-01-11 14:51:30,-0.1686567584908974
2018-01-11 14:51:40,-0.18042661002842816
2018-01-11 14:51:50,-0.19195840176765283
2018-01-11 14:52:00,-0.20325253404756996
2018-01-11 14:52:10,-0.21432152728935575
2018-01-11 14:52:20,-0.22518218509471055
2018-01-11 14:52:30,-0.2358474204373235
2018-01-11 14:52:40,-0.24631850890653192
2018-01-11 14:52:50,-0.25657962229732745
2018-01-11 14:53:00,-0.2665968867103873
2018-01-11 14:53:10,-0.27632363420477823
2018-01-11 14:53:20,-0.28570995018721507
2018-01-11 14:53:30,-0.29471127835883626
2018-01-11 14:53:40,-0.3032920140347025
2018-01-11 14:53:50,-0.3114242819375259
2018-01-11 14:54:00,-0.31908531614198055
2018-01-11 14:54:10,-0.32625675452602754
2018-01-11 14:54:20,-0.33292696907542674
2018-01-11 14:54:30,-0.3390947946997905
2018-01-11 14:54:40,-0.344770699750312
2018-01-11 14:54:50,-0.3499741241930956
2018-01-11 14:55:00,-0.3547299580901311
2018-01-11 14:55:10,-0.35906477957744026
2018-01-11 14:55:20,-0.36300400496925056
2018-01-11 14:55:30,-0.36657480750452787
2018-01-11 14:55:40,-0.3698140907224411
2018-01-11 14:55:50,-0.3727748267632968
2018-01-11 14:56:00,-0.37552652395385433
2018-01-11 14:56:10,-0.3781488614092861
2018-01-11 14:56:20,-0.3807204477445222
2018-01-11 14:56:30,-0.38331021657185455
2018-01-11 14:56:40,-0.3859763567890335
2018-01-11 14:56:50,-0.3887686168789125
2018-01-11 14:57:00,-0.3917309222659015
2018-01-11 14:57:10,-0.39490555117925136
2018-01-11 14:57:20,-0.39833725022569294
2018-01-11 14:57:30,-0.4020720946807124
2018-01-11 14:57:40,-0.40614941443944536
2018-01-11 14:57:50,-0.41059163639886986
2018-01-11 14:58:00,-0.4153963239475971
2018-01-11 14:58:10,-0.42053320869241717
2018-01-11 14:58:20,-0.4259497994596478
2018-01-11 14:58:30,-0.431584231189025
2018-01-11 14:58:40,-0.4373782036217357
2018-01-11 14:58:50,-0.44328361350492346
2018-01-11 14:59:00,-0.44926228495468373
2018-01-11 14:59:10,-0.4552835019127356
2018-01-11 14:59:20,-0.4613236390616673
2018-01-11 14:59:30,-0.46736640576349364
2018-01-11 14:59:40,-0.47339946944214045
2018-01-11 14:59:50,-0.47940889381650476
2018-01-11 15:00:00,-0.48537725063179255
2018-01-11 15:00:10,-0.4912864847228418
2018-01-11 15:00:20,-0.49712208961505017
2018-01-11 15:00:30,-0.5028763706552465
2018-01-11 15:00:40,-0.5085488208052957
2018-01-11 15:00:50,-0.5141434351269046
2018-01-11 15:01:00,-0.5196667698744728
2018-01-11 15:01:10,-0.525129133492214
2018-01-11 15:01:20,-0.5305474811053453
2018-01-11 15:01:30,-0.5359465030980899
2018-01-11 15:01:40,-0.5413551773225208
2018-01-11 15:01:50,-0.5468001696991676
2018-01-11 15:02:00,-0.5523002130793271
2018-01-11 15:02:10,-0.5578646782679133
2018-01-11 15:02:20,-0.5634952115986612
2018-01-11 15:02:30,-0.5691860453882801
2018-01-11 15:02:40,-0.5749216470656048
2018-01-11 15:02:50,-0.5806735563356186
2018-01-11 15:03:00,-0.5863987688523823
2018-01-11 15:03:10,-0.5920430470610799
2018-01-11 15:03:20,-0.5975491201221218
2018-01-11 15:03:30,-0.6028649360397754
2018-01-11 15:03:40,-0.6079491484512086
2018-01-11 15:03:50,-0.6127742404825967
2018-01-11 15:04:00,-0.6173267269624492
2018-01-11 15:04:10,-0.621604125049466
2018-01-11 15:04:20,-0.625610912267359
2018-01-11 15:04:30,-0.6293537911962657
2018-01-11 15:04:40,-0.6328344354021774
2018-01-11 15:04:50,-0.6360420889740369
2018-01-11 15:05:00,-0.6389515937889122
2018-01-11 15:05:10,-0.6415289620166511
2018-01-11 15:05:20,-0.6437407302753566
2018-01-11 15:05:30,-0.6455614298439072
2018-01-11 15:05:40,-0.6469768768106616
2018-01-11 15:05:50,-0.6479841905559754
2018-01-11 15:06:00,-0.6485898259161649
2018-01-11 15:06:10,-0.6488074079318944
2018-01-11 15:06:20,-0.6486561314044906
2018-01-11 15:06:30,-0.648157052766179
2018-01-11 15:06:40,-0.6473264067040003
2018-01-11 15:06:50,-0.6461702132954783
2018-01-11 15:07:00,-0.6446835726490416
2018-01-11 15:07:10,-0.6428541310624453
2018-01-11 15:07:20,-0.6406678382561748
2018-01-11 15:07:30,-0.6381143563907046
2018-01-11 15:07:40,-0.6351890215700567
2018-01-11 15:07:50,-0.6318923425535797
2018-01-11 15:08:00,-0.6282307932249209
2018-01-11 15:08:10,-0.6242165879807624
2018-01-11 15:08:20,-0.6198637116603622
2018-01-11 15:08:30,-0.6151863058365514
2018-01-11 15:08:40,-0.6102029868263229
2018-01-11 15:08:50,-0.604940375630873
2018-01-11 15:09:00,-0.5994305968720806
2018-01-11 15:09:10,-0.5937064736925107
2018-01-11 15:09:20,-0.5877976480419673
2018-01-11 15:09:30,-0.5817251110877244
2018-01-11 15:09:40,-0.5754956453856303
2018-01-11 15:09:50,-0.5691016081971868
2018-01-11 15:10:00,-0.5625260279359194
2018-01-11 15:10:10,-0.5557488404066968
2018-01-11 15:10:20,-0.5487506428129592
2018-01-11 15:10:30,-0.5415118944075038
2018-01-11 15:10:40,-0.5340084434785409
2018-01-11 15:10:50,-0.5262092276972158
2018-01-11 15:11:00,-0.5180818737907885
2018-01-11 15:11:10,-0.5096024780948422
2018-01-11 15:11:20,-0.5007612210954747
2018-01-11 15:11:30,-0.49156283440264803
2018-01-11 15:11:40,-0.48202643911368054
2018-01-11 15:11:50,-0.47218557792006083
2018-01-11 15:12:00,-0.4620851201959806
2018-01-11 15:12:10,-0.4517754052291772
2018-01-11 15:12:20,-0.44130918935062113
2018-01-11 15:12:30,-0.43074400091738746
2018-01-11 15:12:40,-0.42014574246378955
2018-01-11 15:12:50,-0.4095881717262098
2018-01-11 15:13:00,-0.39914910229221434
2018-01-11 15:13:10,-0.38890879912248305
2018-01-11 15:13:20,-0.378951600352825
2018-01-11 15:13:30,-0.36936530829764513
2018-01-11 15:13:40,-0.36023396931957175
2018-01-11 15:13:50,-0.3516275376859432
2018-01-11 15:14:00,-0.3435952993132065
2018-01-11 15:14:10,-0.3361659970620504
2018-01-11 15:14:20,-0.3293544576296335
2018-01-11 15:14:30,-0.32317016362546397
2018-01-11 15:14:40,-0.31762094911949224
2018-01-11 15:14:50,-0.3127121525542445
2018-01-11 15:15:00,-0.3084468373351322
2018-01-11 15:15:10,-0.3048292332246406
2018-01-11 15:15:20,-0.301868653396311
2018-01-11 15:15:30,-0.2995802911675091
2018-01-11 15:15:40,-0.2979820207440928
2018-01-11 15:15:50,-0.2970873589821106
2018-01-11 15:16:00,-0.29689678781895057
2018-01-11 15:16:10,-0.2973938152745453
2018-01-11 15:16:20,-0.29854786944567513
2018-01-11 15:16:30,-0.30032052395820746
2018-01-11 15:16:40,-0.3026732740150726
2018-01-11 15:16:50,-0.3055723244952804
2018-01-11 15:17:00,-0.3089848678899142
2018-01-11 15:17:10,-0.3128703916865418
2018-01-11 15:17:20,-0.3171745227446918
2018-01-11 15:17:30,-0.3218289329523315
2018-01-11 15:17:40,-0.32675518746660764
2018-01-11 15:17:50,-0.3318669442135514
2018-01-11 15:18:00,-0.3370714141090166
2018-01-11 15:18:10,-0.34227667222667574
2018-01-11 15:18:20,-0.34740279228217585
2018-01-11 15:18:30,-0.3523883788868449
2018-01-11 15:18:40,-0.3571903211646956
2018-01-11 15:18:50,-0.36177912015330427
2018-01-11 15:19:00,-0.36613158815478397
2018-01-11 15:19:10,-0.3702226323036064
2018-01-11 15:19:20,-0.37401785084353567
2018-01-11 15:19:30,-0.3774695128524443
2018-01-11 15:19:40,-0.3805158180584204
2018-01-11 15:19:50,-0.3830796742814289
2018-01-11 15:20:00,-0.38506867303515646
2018-01-11 15:20:10,-0.3863812432164917
2018-01-11 15:20:20,-0.38691680406674767
2018-01-11 15:20:30,-0.38658370320139906
2018-01-11 15:20:40,-0.3853021609467585
2018-01-11 15:20:50,-0.38300478758715945
2018-01-11 15:21:00,-0.37963948314379176
2018-01-11 15:21:10,-0.3751744532409551
2018-01-11 15:21:20,-0.3696001055255772
2018-01-11 15:21:30,-0.36292681830600865
2018-01-11 15:21:40,-0.3551831314791649
2018-01-11 15:21:50,-0.3464157053087667
2018-01-11 15:22:00,-0.3366881396452443
2018-01-11 15:22:10,-0.3260784609547545
2018-01-11 15:22:20,-0.3146765011756555
2018-01-11 15:22:30,-0.3025809836021661
2018-01-11 15:22:40,-0.2898963454645394
2018-01-11 15:22:50,-0.2767281010730665
2018-01-11 15:23:00,-0.2631785269159318
2018-01-11 15:23:10,-0.2493487098674216
2018-01-11 15:23:20,-0.23534656469163737
2018-01-11 15:23:30,-0.2212925424164613
2018-01-11 15:23:40,-0.20731643161863825
2018-01-11 15:23:50,-0.1935463017416965
2018-01-11 15:24:00,-0.1800963504866619
2018-01-11 15:24:10,-0.16706017000152165
2018-01-11 15:24:20,-0.1545123456580228
2018-01-11 15:24:30,-0.14251581297391325
2018-01-11 15:24:40,-0.1311268023779361
2018-01-11 15:24:50,-0.12039313343151276
2018-01-11 15:25:00,-0.11035098930004489
2018-01-11 15:25:10,-0.10102384831023822
2018-01-11 15:25:20,-0.09242284354654114
2018-01-11 15:25:30,-0.08454868587433108
2018-01-11 15:25:40,-0.07739382391695888
2018-01-11 15:25:50,-0.07094288099514268
2018-01-11 15:26:00,-0.06517310775527874
2018-01-11 15:26:10,-0.060058432734701635
2018-01-11 15:26:20,-0.05557550697719369
2018-01-11 15:26:30,-0.05170567550463155
2018-01-11 15:26:40,-0.04843202395795306
2018-01-11 15:26:50,-0.04573607732313121
2018-01-11 15:27:00,-0.043597616171044094
2018-01-11 15:27:10,-0.04199793977064608
2018-01-11 15:27:20,-0.04092389770773798
2018-01-11 15:27:30,-0.040369430566557604
2018-01-11 15:27:40,-0.040333826587363245
2018-01-11 15:27:50,-0.04081741949101092
2018-01-11 15:28:00,-0.041814733069925177
2018-01-11 15:28:10,-0.043306011290533825
2018-01-11 15:28:20,-0.04525077900422767
2018-01-11 15:28:30,-0.04758659998559627
2018-01-11 15:28:40,-0.050231949273618945
2018-01-11 15:28:50,-0.05308994418728913
2018-01-11 15:29:00,-0.056051785036268974
2018-01-11 15:29:10,-0.0590005883617831
2018-01-11 15:29:20,-0.0618174150931836
2018-01-11 15:29:30,-0.06439140998365098
2018-01-11 15:29:40,-0.06663141576795849
2018-01-11 15:29:50,-0.06847406351877798
2018-01-11 15:30:00,-0.06988878736517186
2018-01-11 15:30:10,-0.07088097150003587
2018-01-11 15:30:20,-0.07148872469377898
2018-01-11 15:30:30,-0.07177146054573624
2018-01-11 15:30:40,-0.07179539689283808
2018-01-11 15:30:50,-0.07162072011778646
2018-01-11 15:31:00,-0.07129211224697354
2018-01-11 15:31:10,-0.07083429594292115
2018-01-11 15:31:20,-0.07025527412890924
2018-01-11 15:31:30,-0.06955683932000035
2018-01-11 15:31:40,-0.0687437185200428
2018-01-11 15:31:50,-0.06782281933992265
2018-01-11 15:32:00,-0.06679734565623849
2018-01-11 15:32:10,-0.06566540397856419
2018-01-11 15:32:20,-0.06442343703259784
2018-01-11 15:32:30,-0.06306871269100874
2018-01-11 15:32:40,-0.061598294780393394
2018-01-11 15:32:50,-0.06000860826511283
2018-01-11 15:33:00,-0.05829853631336562
2018-01-11 15:33:10,-0.056472634187652894
2018-01-11 15:33:20,-0.05454196147467973
2018-01-11 15:33:30,-0.052523262224433286
2018-01-11 15:33:40,-0.050437883985422885
2018-01-11 15:33:50,-0.048312004670315926
2018-01-11 15:34:00,-0.04617754820201809
2018-01-11 15:34:10,-0.04407093568136022
2018-01-11 15:34:20,-0.04202892358247107
2018-01-11 15:34:30,-0.04008513464147468
2018-01-11 15:34:40,-0.038271530142827206
2018-01-11 15:34:50,-0.03662352468623731
2018-01-11 15:35:00,-0.035182700967140344
2018-01-11 15:35:10,-0.033994789044948195
2018-01-11 15:35:20,-0.03310462729639225
2018-01-11 15:35:30,-0.03254756057266024
2018-01-11 15:35:40,-0.03233787630598935
2018-01-11 15:35:50,-0.03245977751821912
2018-01-11 15:36:00,-0.03286642127659103
2018-01-11 15:36:10,-0.03348828383349501
2018-01-11 15:36:20,-0.0342455815234445
2018-01-11 15:36:30,-0.035056718694656465
2018-01-11 15:36:40,-0.035840626324754044
2018-01-11 15:36:50,-0.036516558077202936
2018-01-11 15:37:00,-0.03700570405316994
2018-01-11 15:37:10,-0.037237846300237375
2018-01-11 15:37:20,-0.0371614951143638
2018-01-11 15:37:30,-0.03674997557208219
2018-01-11 15:37:40,-0.03599838605687281
2018-01-11 15:37:50,-0.03491586741523598
2018-01-11 15:38:00,-0.03351950607980238
2018-01-11 15:38:10,-0.03183022282569341
2018-01-11 15:38:20,-0.02987029543163684
2018-01-11 15:38:30,-0.027663718416314785
2018-01-11 15:38:40,-0.025238106882653752
2018-01-11 15:38:50,-0.022625289842114364
2018-01-11 15:39:00,-0.01985947771055349
2018-01-11 15:39:10,-0.01697513591571767
2018-01-11 15:39:20,-0.014007085031062138
2018-01-11 15:39:30,-0.010990147311763378
2018-01-11 15:39:40,-0.007953979301332025
2018-01-11 15:39:50,-0.004917003595505949
2018-01-11 15:40:00,-0.0018860252401414728
2018-01-11 15:40:10,0.0011413418379193276
2018-01-11 15:40:20,0.004176885370246022
2018-01-11 15:40:30,0.007241067262197913
2018-01-11 15:40:40,0.010355416516926449
2018-01-11 15:40:50,0.013533430974078582
2018-01-11 15:41:00,0.016778176031350973
2018-01-11 15:41:10,0.020081251680349924
2018-01-11 15:41:20,0.023417355088619026
2018-01-11 15:41:30,0.02674210503874335
2018-01-11 15:41:40,0.029999392731471217
2018-01-11 15:41:50,0.03313268124813978
2018-01-11 15:42:00,0.0360924472929738
2018-01-11 15:42:10,0.03883815508556267
2018-01-11 15:42:20,0.04133821331085785
2018-01-11 15:42:30,0.04357110542292303
2018-01-11 15:42:40,0.04552589532449869
2018-01-11 15:42:50,0.04719934119093562
2018-01-11 15:43:00,0.04859301543187818
2018-01-11 15:43:10,0.04971482282671117
2018-01-11 15:43:20,0.0505837059209436
2018-01-11 15:43:30,0.05123338877498548
2018-01-11 15:43:40,0.051712048866189006
2018-01-11 15:43:50,0.05207825141732242
2018-01-11 15:44:00,0.05239523919600124
2018-01-11 15:44:10,0.052723801933949946
2018-01-11 15:44:20,0.05311317065759183
2018-01-11 15:44:30,0.053591506189186275
2018-01-11 15:44:40,0.05416006661209724
2018-01-11 15:44:50,0.05479255749312755
2018-01-11 15:45:00,0.05543513299337472
2018-01-11 15:45:10,0.05600703090210894
2018-01-11 15:45:20,0.056408506064440665
2018-01-11 15:45:30,0.05653295431449356
2018-01-11 15:45:40,0.056274723022838424
2018-01-11 15:45:50,0.055534855709459874
2018-01-11 15:46:00,0.05422711621475986
2018-01-11 15:46:10,0.05227990825861657
2018-01-11 15:46:20,0.04963611123358588
2018-01-11 15:46:30,0.04625702607162606
2018-01-11 15:46:40,0.042129273853618775
2018-01-11 15:46:50,0.03726845387158481
2018-01-11 15:47:00,0.03171679680191641
2018-01-11 15:47:10,0.02553741285444399
2018-01-11 15:47:20,0.018808362938811763
2018-01-11 15:47:30,0.011618039287846287
2018-01-11 15:47:40,0.00406135134401146
2018-01-11 15:47:50,-0.003764653313117416
2018-01-11 15:48:00,-0.011763481488221194
2018-01-11 15:48:10,-0.019838815734081774
2018-01-11 15:48:20,-0.027895718253864957
2018-01-11 15:48:30,-0.03584465137267483
2018-01-11 15:48:40,-0.043604836639042105
2018-01-11 15:48:50,-0.051107675593848836
2018-01-11 15:49:00,-0.05830145085242855
2018-01-11 15:49:10,-0.06515420818016705
2018-01-11 15:49:20,-0.07165121844841973
2018-01-11 15:49:30,-0.07778750839590487
2018-01-11 15:49:40,-0.08356155557281406
2018-01-11 15:49:50,-0.08897470507022961
2018-01-11 15:50:00,-0.09403314814715995
2018-01-11 15:50:10,-0.0987474123751934
2018-01-11 15:50:20,-0.10312938201971095
2018-01-11 15:50:30,-0.1071899681149192
2018-01-11 15:50:40,-0.11093859162470358
2018-01-11 15:50:50,-0.1143841860446082
2018-01-11 15:51:00,-0.11753879800291163
2018-01-11 15:51:10,-0.12042440421595042
2018-01-11 15:51:20,-0.12307871891535523
2018-01-11 15:51:30,-0.1255556848066156
2018-01-11 15:51:40,-0.12792274815053592
2018-01-11 15:51:50,-0.13025630489462503
2018-01-11 15:52:00,-0.1326353905427493
2018-01-11 15:52:10,-0.13513803631416327
2018-01-11 15:52:20,-0.1378404800458857
2018-01-11 15:52:30,-0.14081417825466397
2018-01-11 15:52:40,-0.14412086036255978
2018-01-11 15:52:50,-0.1478091569834358
2018-01-11 15:53:00,-0.15191292879240348
2018-01-11 15:53:10,-0.15644954951202344
2018-01-11 15:53:20,-0.16141862047974223
2018-01-11 15:53:30,-0.1668042528263496
2018-01-11 15:53:40,-0.1725800213497453
2018-01-11 15:53:50,-0.17870974687210406
2018-01-11 15:54:00,-0.1851437287481503
2018-01-11 15:54:10,-0.19181763474063118
2018-01-11 15:54:20,-0.19865601350410056
2018-01-11 15:54:30,-0.20557904642059946
2018-01-11 15:54:40,-0.21251309670379165
2018-01-11 15:54:50,-0.2194015156834938
2018-01-11 15:55:00,-0.22620964696522078
2018-01-11 15:55:10,-0.23292418957980704
2018-01-11 15:55:20,-0.23955112882092083
2018-01-11 15:55:30,-0.2461131583666012
2018-01-11 15:55:40,-0.2526449201982886
2018-01-11 15:55:50,-0.25918741186369204
2018-01-11 15:56:00,-0.26578541953976437
2018-01-11 15:56:10,-0.27248775360619815
2018-01-11 15:56:20,-0.27934523396590283
2018-01-11 15:56:30,-0.28640376445159527
2018-01-11 15:56:40,-0.29369654565641645
2018-01-11 15:56:50,-0.3012396084912377
2018-01-11 15:57:00,-0.3090295717717136
2018-01-11 15:57:10,-0.3170426977118715
2018-01-11 15:57:20,-0.32523639970393964
2018-01-11 15:57:30,-0.333554208445342
2018-01-11 15:57:40,-0.34193418425432337
2018-01-11 15:57:50,-0.350316491735642
2018-01-11 15:58:00,-0.35864566536056935
2018-01-11 15:58:10,-0.36686887447666566
2018-01-11 15:58:20,-0.3749336502648833
2018-01-11 15:58:30,-0.38278741632959457
2018-01-11 15:58:40,-0.39037941162771705
2018-01-11 15:58:50,-0.3976630280644439
2018-01-11 15:59:00,-0.4045958830581589
2018-01-11 15:59:10,-0.4111385339693923
2018-01-11 15:59:20,-0.4172555555311088
2018-01-11 15:59:30,-0.42291883017573184
2018-01-11 15:59:40,-0.42810929932213804
2018-01-11 15:59:50,-0.43281632683328153
2018-01-11 16:00:00,-0.43703662126981474
2018-01-11 16:00:10,-0.4407722329321275
2018-01-11 16:00:20,-0.444026134017457
2018-01-11 16:00:30,-0.44679740804386087
2018-01-11 16:00:40,-0.4490802545793829
2018-01-11 16:00:50,-0.4508685475133894
2018-01-11 16:01:00,-0.45216209919147426
2018-01-11 16:01:10,-0.45296952256737055
2018-01-11 16:01:20,-0.45330703660864663
2018-01-11 16:01:30,-0.4531954174118836
2018-01-11 16:01:40,-0.45265815575688034
2018-01-11 16:01:50,-0.4517224256929153
2018-01-11 16:02:00,-0.4504191661552786
2018-01-11 16:02:10,-0.4487787446043099
2018-01-11 16:02:20,-0.4468255324822215
2018-01-11 16:02:30,-0.4445756734221569
2018-01-11 16:02:40,-0.44203822556438443
2018-01-11 16:02:50,-0.4392184629016467
2018-01-11 16:03:00,-0.43612149909095393
2018-01-11 16:03:10,-0.43275434354529446
2018-01-11 16:03:20,-0.4291261435405062
2018-01-11 16:03:30,-0.42524743373371665
2018-01-11 16:03:40,-0.42113110624463274
2018-01-11 16:03:50,-0.4167969450390708
2018-01-11 16:04:00,-0.4122745342350231
2018-01-11 16:04:10,-0.40759847910486763
2018-01-11 16:04:20,-0.4027991795923961
2018-01-11 16:04:30,-0.39789610464188524
2018-01-11 16:04:40,-0.39289365647755314
2018-01-11 16:04:50,-0.38777644160613745
2018-01-11 16:05:00,-0.3825064404407762
2018-01-11 16:05:10,-0.37702631819870636
2018-01-11 16:05:20,-0.3712691142927382
2018-01-11 16:05:30,-0.36517287211826693
2018-01-11 16:05:40,-0.35869471029508493
2018-01-11 16:05:50,-0.3518177467970715
2018-01-11 16:06:00,-0.3445527503443782
2018-01-11 16:06:10,-0.33693749502013925
2018-01-11 16:06:20,-0.3290303747780331
2018-01-11 16:06:30,-0.3208995549664454
2018-01-11 16:06:40,-0.3126158525404876
2018-01-11 16:06:50,-0.3042520437950843
2018-01-11 16:07:00,-0.29588493420856626
2018-01-11 16:07:10,-0.2875977908880525
2018-01-11 16:07:20,-0.27948212467224415
2018-01-11 16:07:30,-0.2716353684509863
2018-01-11 16:07:40,-0.2641527866849443
2018-01-11 16:07:50,-0.2571205715484403
2018-01-11 16:08:00,-0.25061865796269117
2018-01-11 16:08:10,-0.24472923035458125
2018-01-11 16:08:20,-0.23953815892330158
2018-01-11 16:08:30,-0.23512729599830706
2018-01-11 16:08:40,-0.23156515629855307
2018-01-11 16:08:50,-0.22889787086613345
2018-01-11 16:09:00,-0.2271410574801371
2018-01-11 16:09:10,-0.2262786385926609
2018-01-11 16:09:20,-0.22627101983414724
2018-01-11 16:09:30,-0.22706570234872872
2018-01-11 16:09:40,-0.2286033413597218
2018-01-11 16:09:50,-0.23082055470400184
2018-01-11 16:10:00,-0.23365362941515044
2018-01-11 16:10:10,-0.23704326848436377
2018-01-11 16:10:20,-0.24093735771628236
2018-01-11 16:10:30,-0.2452909504997408
2018-01-11 16:10:40,-0.25006586872978237
2018-01-11 16:10:50,-0.2552299179948378
2018-01-11 16:11:00,-0.2607557781799574
2018-01-11 16:11:10,-0.26662360488453096
2018-01-11 16:11:20,-0.27282682380780054
2018-01-11 16:11:30,-0.27937507382292814
2018-01-11 16:11:40,-0.2862917878934758
2018-01-11 16:11:50,-0.2936075742602097
2018-01-11 16:12:00,-0.30135248759543287
2018-01-11 16:12:10,-0.3095517534531547
2018-01-11 16:12:20,-0.31822579919320054
2018-01-11 16:12:30,-0.3273901342669577
2018-01-11 16:12:40,-0.3370520041381925
2018-01-11 16:12:50,-0.34720761447962667
2018-01-11 16:13:00,-0.3578438516129453
2018-01-11 16:13:10,-0.3689406740463838
2018-01-11 16:13:20,-0.38047097279346476
2018-01-11 16:13:30,-0.3924007141708623
2018-01-11 16:13:40,-0.40468980775265695
2018-01-11 16:13:50,-0.4172934754938305
2018-01-11 16:14:00,-0.4301680189227658
2018-01-11 16:14:10,-0.443280960651838
2018-01-11 16:14:20,-0.45661856155271374
2018-01-11 16:14:30,-0.4701846238163204
2018-01-11 16:14:40,-0.48399035832850446
2018-01-11 16:14:50,-0.4980422358229533
2018-01-11 16:15:00,-0.5123367904456569
2018-01-11 16:15:10,-0.5268618223042714
2018-01-11 16:15:20,-0.541596799731942
2018-01-11 16:15:30,-0.5565100751806625
2018-01-11 16:15:40,-0.5715546580168167
2018-01-11 16:15:50,-0.586665513415632
2018-01-11 16:16:00,-0.6017621914924153
2018-01-11 16:16:10,-0.6167579867552634
2018-01-11 16:16:20,-0.6315728190737858
2018-01-11 16:16:30,-0.6461443407803706
2018-01-11 16:16:40,-0.6604330976743275
2018-01-11 16:16:50,-0.6744220892480618
2018-01-11 16:17:00,-0.6881109142080564
2018-01-11 16:17:10,-0.7015042608286123
2018-01-11 16:17:20,-0.7146009797503244
2018-01-11 16:17:30,-0.7273915232357739
2018-01-11 16:17:40,-0.7398623001863583
2018-01-11 16:17:50,-0.752000184455933
2018-01-11 16:18:00,-0.7637950138226017
2018-01-11 16:18:10,-0.775241688671345
2018-01-11 16:18:20,-0.7863423464398432
2018-01-11 16:18:30,-0.7971079875420277
2018-01-11 16:18:40,-0.8075590715282424
2018-01-11 16:18:50,-0.8177240390676885
2018-01-11 16:19:00,-0.8276354214439083
2018-01-11 16:19:10,-0.8373252668717593
2018-01-11 16:19:20,-0.8468204470248618
2018-01-11 16:19:30,-0.8561390434907129
2018-01-11 16:19:40,-0.8652912531659834
2018-01-11 16:19:50,-0.87428290686609
2018-01-11 16:20:00,-0.8831165852786246
2018-01-11 16:20:10,-0.8917913932891991
2018-01-11 16:20:20,-0.9003048233908505
2018-01-11 16:20:30,-0.9086536252941495
2018-01-11 16:20:40,-0.9168293111788807
2018-01-11 16:20:50,-0.9248140847825498
2018-01-11 16:21:00,-0.9325828310638775
2018-01-11 16:21:10,-0.9401044976741596
2018-01-11 16:21:20,-0.9473387152292467
2018-01-11 16:21:30,-0.954234959530697
2018-01-11 16:21:40,-0.9607391210596549
2018-01-11 16:21:50,-0.9668025085155431
2018-01-11 16:22:00,-0.9723860483150312
2018-01-11 16:22:10,-0.9774587126952756
2018-01-11 16:22:20,-0.9819964137440433
2018-01-11 16:22:30,-0.9859859526650253
2018-01-11 16:22:40,-0.9894289156567677
2018-01-11 16:22:50,-0.99233966558153
2018-01-11 16:23:00,-0.9947411574497147
2018-01-11 16:23:10,-0.9966620711774925
2018-01-11 16:23:20,-0.998132041576073
2018-01-11 16:23:30,-0.9991737941572407
2018-01-11 16:23:40,-0.9997970196507919
2018-01-11 16:23:50,-1.0
2018-01-11 16:24:00,-0.9997764604725978
2018-01-11 16:24:10,-0.9991183089564236
2018-01-11 16:24:20,-0.9980137348675536
2018-01-11 16:24:30,-0.9964469690510864
2018-01-11 16:24:40,-0.9944018353981006
2018-01-11 16:24:50,-0.991868748787924
2018-01-11 16:25:00,-0.9888512776967231
2018-01-11 16:25:10,-0.9853674617040672
2018-01-11 16:25:20,-0.9814477589674675
2018-01-11 16:25:30,-0.9771319914967023
2018-01-11 16:25:40,-0.9724637196665108
2018-01-11 16:25:50,-0.9674827187444943
2018-01-11 16:26:00,-0.9622200245102583
2018-01-11 16:26:10,-0.9566977438514038
2018-01-11 16:26:20,-0.9509311606108818
2018-01-11 16:26:30,-0.9449317722327599
2018-01-11 16:26:40,-0.9387114438097435
2018-01-11 16:26:50,-0.9322855850481793
2018-01-11 16:27:00,-0.9256728211763805
2018-01-11 16:27:10,-0.9188908414904601
2018-01-11 16:27:20,-0.9119506760192626
2018-01-11 16:27:30,-0.9048532482612573
2018-01-11 16:27:40,-0.8975920806530417
2018-01-11 16:27:50,-0.8901612094567448
2018-01-11 16:28:00,-0.8825610022891559
2018-01-11 16:28:10,-0.8747972798671312
2018-01-11 16:28:20,-0.866875600131131
2018-01-11 16:28:30,-0.8587949067347812
2018-01-11 16:28:40,-0.8505456370944575
2018-01-11 16:28:50,-0.8421138061617935
2018-01-11 16:29:00,-0.8334878494459224
2018-01-11 16:29:10,-0.8246661211423286
2018-01-11 16:29:20,-0.8156616973022127
2018-01-11 16:29:30,-0.8064997650121516
2018-01-11 16:29:40,-0.7972107325485939
2018-01-11 16:29:50,-0.7878265970391708
2018-01-11 16:30:00,-0.7783791909520905
2018-01-11 16:30:10,-0.7688938349887315
2018-01-11 16:30:20,-0.7593815438583987
2018-01-11 16:30:30,-0.7498360311531862
2018-01-11 16:30:40,-0.7402343513866522
2018-01-11 16:30:50,-0.7305402360359826
2018-01-11 16:31:00,-0.7207086321367969
2018-01-11 16:31:10,-0.710686734164512
2018-01-11 16:31:20,-0.7004119089846983
2018-01-11 16:31:30,-0.6898103717664915
2018-01-11 16:31:40,-0.6787999845245921
2018-01-11 16:31:50,-0.66729923965916
2018-01-11 16:32:00,-0.6552377120145713
2018-01-11 16:32:10,-0.6425621974144707
2018-01-11 16:32:20,-0.6292398599289418
2018-01-11 16:32:30,-0.6152598008474623
2018-01-11 16:32:40,-0.6006312321575954
2018-01-11 16:32:50,-0.5853791517654205
2018-01-11 16:33:00,-0.5695408141575774
2018-01-11 16:33:10,-0.5531644546070758
2018-01-11 16:33:20,-0.5363088423922773
2018-01-11 16:33:30,-0.5190411461707777
2018-01-11 16:33:40,-0.5014329679224525
2018-01-11 16:33:50,-0.48355564858516586
2018-01-11 16:34:00,-0.46547652611714097
2018-01-11 16:34:10,-0.44725974092359067
2018-01-11 16:34:20,-0.4289698923971301
2018-01-11 16:34:30,-0.41067269700818226
2018-01-11 16:34:40,-0.3924320690321515
2018-01-11 16:34:50,-0.37430543471871813
2018-01-11 16:35:00,-0.35633951635754246
2018-01-11 16:35:10,-0.33856972207312663
2018-01-11 16:35:20,-0.3210218804815255
2018-01-11 16:35:30,-0.30371288427179516
2018-01-11 16:35:40,-0.286651727276252
2018-01-11 16:35:50,-0.26984522700674696
2018-01-11 16:36:00,-0.2533076909703399
2018-01-11 16:36:10,-0.23706851987200395
2018-01-11 16:36:20,-0.2211735062223706
2018-01-11 16:36:30,-0.20568101819372137
2018-01-11 16:36:40,-0.1906577598446057
2018-01-11 16:36:50,-0.1761776349956966
2018-01-11 16:37:00,-0.16232351385553767
2018-01-11 16:37:10,-0.14918716171350357
2018-01-11 16:37:20,-0.13686235615849388
2018-01-11 16:37:30,-0.12543386785456398
2018-01-11 16:37:40,-0.11496831668005998
2018-01-11 16:37:50,-0.105510129860436
2018-01-11 16:38:00,-0.09708397221654212
2018-01-11 16:38:10,-0.08970034531365843
2018-01-11 16:38:20,-0.08335907219752323
2018-01-11 16:38:30,-0.07805041296979444
2018-01-11 16:38:40,-0.07375529569896884
2018-01-11 16:38:50,-0.0704450071737163
2018-01-11 16:39:00,-0.06808212672032958
2018-01-11 16:39:10,-0.06662216663940958
2018-01-11 16:39:20,-0.0660120389382245
2018-01-11 16:39:30,-0.06618491270012275
2018-01-11 16:39:40,-0.06705471390647416
2018-01-11 16:39:50,-0.06851341161209742
2018-01-11 16:40:00,-0.07043213098950132
2018-01-11 16:40:10,-0.07266540462909547
2018-01-11 16:40:20,-0.07505847088692398
2018-01-11 16:40:30,-0.07745638043885043
2018-01-11 16:40:40,-0.07971253769607091
2018-01-11 16:40:50,-0.08169577705625088
2018-01-11 16:41:00,-0.0832947031182456
2018-01-11 16:41:10,-0.08441778525063416
2018-01-11 16:41:20,-0.08499209603584673
2018-01-11 16:41:30,-0.08496537690207354
2018-01-11 16:41:40,-0.08430972946290273
2018-01-11 16:41:50,-0.08302338597578503
2018-01-11 16:42:00,-0.08113167556996202
2018-01-11 16:42:10,-0.07868728573377888
2018-01-11 16:42:20,-0.07576792226840794
2018-01-11 16:42:30,-0.07247124309805504
2018-01-11 16:42:40,-0.06890923367381435
2018-01-11 16:42:50,-0.06520454834005206
2018-01-11 16:43:00,-0.0614865786967624
2018-01-11 16:43:10,-0.05788491563508404
2018-01-11 16:43:20,-0.05452379477910536
2018-01-11 16:43:30,-0.05151874927836434
2018-01-11 16:43:40,-0.048972834966475136
2018-01-11 16:43:50,-0.04697112054498661
2018-01-11 16:44:00,-0.045571916763332956
2018-01-11 16:44:10,-0.04479706842444432
2018-01-11 16:44:20,-0.04462747939325527
2018-01-11 16:44:30,-0.04500294881573545
2018-01-11 16:44:40,-0.04582125020419209
2018-01-11 16:44:50,-0.04693934800374259
2018-01-11 16:45:00,-0.04818237377619777
2018-01-11 16:45:10,-0.04935759957435736
2018-01-11 16:45:20,-0.05026764702353866
2018-01-11 16:45:30,-0.0507205161474303
2018-01-11 16:45:40,-0.05053501277692864
2018-01-11 16:45:50,-0.049544042879947
2018-01-11 16:46:00,-0.04760079152075371
2018-01-11 16:46:10,-0.044585771957050144
2018-01-11 16:46:20,-0.04040995527066665
2018-01-11 16:46:30,-0.03501645583635943
2018-01-11 16:46:40,-0.028382911860755963
2018-01-11 16:46:50,-0.020520252456763966
2018-01-11 16:47:00,-0.011466196637149725
2018-01-11 16:47:10,-0.0012755171273693465
2018-01-11 16:47:20,0.009991649217890553
2018-01-11 16:47:30,0.022279264160957105
2018-01-11 16:47:40,0.03553783628586111
2018-01-11 16:47:50,0.04972106506868191
2018-01-11 16:48:00,0.0647818072732775
2018-01-11 16:48:10,0.0806705983359148
2018-01-11 16:48:20,0.09733346453109616
2018-01-11 16:48:30,0.11470509023596785
2018-01-11 16:48:40,0.13270284639945204
2018-01-11 16:48:50,0.15122719256095665
2018-01-11 16:49:00,0.1701638873078222
2018-01-11 16:49:10,0.1893838871012055
2018-01-11 16:49:20,0.2087434504536562
2018-01-11 16:49:30,0.2280865669407624
2018-01-11 16:49:40,0.2472482033351312
2018-01-11 16:49:50,0.26605814199347044
2018-01-11 16:50:00,0.2843485481438905
2018-01-11 16:50:10,0.3019637645332408
2018-01-11 16:50:20,0.3187657909631368
2018-01-11 16:50:30,0.33463426360239396
2018-01-11 16:50:40,0.34946537854988774
2018-01-11 16:50:50,0.36317400127992694
2018-01-11 16:51:00,0.3756983740932769
2018-01-11 16:51:10,0.38700117248660226
2018-01-11 16:51:20,0.3970646582146727
2018-01-11 16:51:30,0.4058862242227053
2018-01-11 16:51:40,0.41347872549506715
2018-01-11 16:51:50,0.41987203867519446
2018-01-11 16:52:00,0.42511153906059873
2018-01-11 16:52:10,0.4292528954237552
2018-01-11 16:52:20,0.4323554759595163
2018-01-11 16:52:30,0.43447960572297906
2018-01-11 16:52:40,0.435690065580141
2018-01-11 16:52:50,0.43605970662411864
2018-01-11 16:53:00,0.43566567081650237
2018-01-11 16:53:10,0.43457869299841917
2018-01-11 16:53:20,0.43285182220298835
2018-01-11 16:53:30,0.43051569805681106
2018-01-11 16:53:40,0.42758367740246084
2018-01-11 16:53:50,0.4240621387843446
2018-01-11 16:54:00,0.4199599406111625
2018-01-11 16:54:10,0.41529532483593984
2018-01-11 16:54:20,0.4100993257300365
2018-01-11 16:54:30,0.4044154117922289
2018-01-11 16:54:40,0.3982961843996219
2018-01-11 16:54:50,0.3917974204397131
2018-01-11 16:55:00,0.38497187341381295
2018-01-11 16:55:10,0.377866968374894
2018-01-11 16:55:20,0.37052712382073844
2018-01-11 16:55:30,0.3629977877207376
2018-01-11 16:55:40,0.3553276154999689
2018-01-11 16:55:50,0.34756714819260065
2018-01-11 16:56:00,0.3397665531538763
2018-01-11 16:56:10,0.33197569224819207
2018-01-11 16:56:20,0.3242447358306698
2018-01-11 16:56:30,0.31662302386057994
2018-01-11 16:56:40,0.30915804813956227
2018-01-11 16:56:50,0.3018945994770896
2018-01-11 16:57:00,0.2948721793589424
2018-01-11 16:57:10,0.2881217530537082
2018-01-11 16:57:20,0.281662836723726
2018-01-11 16:57:30,0.2755005023725614
2018-01-11 16:57:40,0.2696231950387389
2018-01-11 16:57:50,0.2640047044343204
2018-01-11 16:58:00,0.25861291583886115
2018-01-11 16:58:10,0.253420339773895
2018-01-11 16:58:20,0.2484092183212194
2018-01-11 16:58:30,0.2435722054440276
2018-01-11 16:58:40,0.23891272335154598
2018-01-11 16:58:50,0.23444493075380213
2018-01-11 16:59:00,0.2301920393041868
2018-01-11 16:59:10,0.2261834413469914
2018-01-11 16:59:20,0.22245074000497264
2018-01-11 16:59:30,0.21902301530243265
2018-01-11 16:59:40,0.21592351003776417
2018-01-11 16:59:50,0.21316847055345603
2018-01-11 17:00:00,0.21076679916473837
2018-01-11 17:00:10,0.20871976407304368
2018-01-11 17:00:20,0.20702042949343488
2018-01-11 17:00:30,0.2056525518311111
2018-01-11 17:00:40,0.20458868357608764
2018-01-11 17:00:50,0.203788913860667
2018-01-11 17:01:00,0.20320321465701868
2018-01-11 17:01:10,0.20277614153499252
2018-01-11 17:01:20,0.20245179248495604
2018-01-11 17:01:30,0.20218055316929093
2018-01-11 17:01:40,0.20192409760429034
2018-01-11 17:01:50,0.20165261039046445
2018-01-11 17:02:00,0.20133758752000386
2018-01-11 17:02:10,0.20094787973068384
2018-01-11 17:02:20,0.20045194553668208
2018-01-11 17:02:30,0.19982326262993708
2018-01-11 17:02:40,0.1990417424564236
2018-01-11 17:02:50,0.19808903271158856
2018-01-11 17:03:00,0.19694393052745737
2018-01-11 17:03:10,0.19558138070794603
2018-01-11 17:03:20,0.1939728910390042
2018-01-11 17:03:30,0.1920880074551685
2018-01-11 17:03:40,0.1898964803043944
2018-01-11 17:03:50,0.187368730808344
2018-01-11 17:04:00,0.18447544876100827
2018-01-11 17:04:10,0.18118944160572412
2018-01-11 17:04:20,0.17748997517340043
2018-01-11 17:04:30,0.17336671274277077
2018-01-11 17:04:40,0.16882113605246196
2018-01-11 17:04:50,0.16386504148853417
2018-01-11 17:05:00,0.15851580708877155
2018-01-11 17:05:10,0.15279214614926334
2018-01-11 17:05:20,0.14671630167688285
2018-01-11 17:05:30,0.14031946418442628
2018-01-11 17:05:40,0.13364181194179292
2018-01-11 17:05:50,0.12672751510292599
2018-01-11 17:06:00,0.11962202610308287
2018-01-11 17:06:10,0.11237458973630597
2018-01-11 17:06:20,0.10504176443271229
2018-01-11 17:06:30,0.09768746507340526
2018-01-11 17:06:40,0.09037975232382815
2018-01-11 17:06:50,0.08318598804066077
2018-01-11 17:07:00,0.07616865365410816
2018-01-11 17:07:10,0.06938485938489729
2018-01-11 17:07:20,0.06288635357839699
2018-01-11 17:07:30,0.05671535437540489
2018-01-11 17:07:40,0.050900913677652274
2018-01-11 17:07:50,0.045460927744014154
2018-01-11 17:08:00,0.04040724126263871
2018-01-11 17:08:10,0.03575039615436546
2018-01-11 17:08:20,0.031502649074767755
2018-01-11 17:08:30,0.02767926469160969
2018-01-11 17:08:40,0.02429835967477043
2018-01-11 17:08:50,0.021379309593382675
2018-01-11 17:09:00,0.018940000183023806
2018-01-11 17:09:10,0.016992353051078966
2018-01-11 17:09:20,0.015537350312209527
2018-01-11 17:09:30,0.014562275351875683
2018-01-11 17:09:40,0.014038849886621388
2018-01-11 17:09:50,0.013920249993966221
2018-01-11 17:10:00,0.014140741593926979
2018-01-11 17:10:10,0.014621925790784009
2018-01-11 17:10:20,0.0152821767010606
2018-01-11 17:10:30,0.016041846104716508
2018-01-11 17:10:40,0.0168216229424453
2018-01-11 17:10:50,0.01754032987167666
2018-01-11 17:11:00,0.018117044631551373
2018-01-11 17:11:10,0.018472967490630297
2018-01-11 17:11:20,0.018531219624437833
2018-01-11 17:11:30,0.01821942419072059
2018-01-11 17:11:40,0.017475721700591508
2018-01-11 17:11:50,0.016256191448882597
2018-01-11 17:12:00,0.014542884562291762
2018-01-11 17:12:10,0.012348255032096777
2018-01-11 17:12:20,0.009713462688671425
2018-01-11 17:12:30,0.0067044098740169115
2018-01-11 17:12:40,0.0034059874555484736
2018-01-11 17:12:50,-8.765582986182657e-05
2018-01-11 17:13:00,-0.0036839109571634
2018-01-11 17:13:10,-0.007300390819385949
2018-01-11 17:13:20,-0.010870914960228038
2018-01-11 17:13:30,-0.014349278414700168
2018-01-11 17:13:40,-0.017712991186238553
2018-01-11 17:13:50,-0.020967001380859353
2018-01-11 17:14:00,-0.024141304516090735
2018-01-11 17:14:10,-0.027279660090089336
2018-01-11 17:14:20,-0.030427694816118494
2018-01-11 17:14:30,-0.03362618184497167
2018-01-11 17:14:40,-0.03690672316901814
2018-01-11 17:14:50,-0.04028881935427523
2018-01-11 17:15:00,-0.043779220631689014
2018-01-11 17:15:10,-0.04737244309245622
2018-01-11 17:15:20,-0.0510499655521127
2018-01-11 17:15:30,-0.05477720852803745
2018-01-11 17:15:40,-0.05850214048795262
2018-01-11 17:15:50,-0.06215948380663393
2018-01-11 17:16:00,-0.06567982594940913
2018-01-11 17:16:10,-0.0690005284043581
2018-01-11 17:16:20,-0.07207537998104069
2018-01-11 17:16:30,-0.07488187282908625
2018-01-11 17:16:40,-0.07742577406400802
2018-01-11 17:16:50,-0.07973978358102257
2018-01-11 17:17:00,-0.08187523077502637
2018-01-11 17:17:10,-0.08389291238803032
2018-01-11 17:17:20,-0.0858572249455418
2018-01-11 17:17:30,-0.08782964864542776
2018-01-11 17:17:40,-0.089859560527679
2018-01-11 17:17:50,-0.09197839703619161
2018-01-11 17:18:00,-0.09420137311892268
2018-01-11 17:18:10,-0.09653160739183463
2018-01-11 17:18:20,-0.09896015397091242
2018-01-11 17:18:30,-0.1014633887565834
2018-01-11 17:18:40,-0.1040018562914587
2018-01-11 17:18:50,-0.10652066519957994
2018-01-11 17:19:00,-0.10895208313681673
2018-01-11 17:19:10,-0.11122321450874187
2018-01-11 17:19:20,-0.11326598295750027
2018-01-11 17:19:30,-0.11502183359698342
2018-01-11 17:19:40,-0.11644091169962983
2018-01-11 17:19:50,-0.1174817519380578
2018-01-11 17:20:00,-0.11811322723074091
2018-01-11 17:20:10,-0.11831645155207206
2018-01-11 17:20:20,-0.11808600771796454
2018-01-11 17:20:30,-0.11743155304941602
2018-01-11 17:20:40,-0.11637738515473797
2018-01-11 17:20:50,-0.1149573822266356
2018-01-11 17:21:00,-0.1132094802450948
2018-01-11 17:21:10,-0.1111730635394743
2018-01-11 17:21:20,-0.10888623708247502
2018-01-11 17:21:30,-0.10638239444388481
2018-01-11 17:21:40,-0.1036900979974971
2018-01-11 17:21:50,-0.10083594580620381
2018-01-11 17:22:00,-0.09784687599107182
2018-01-11 17:22:10,-0.09475057003613563
2018-01-11 17:22:20,-0.09157095617211007
2018-01-11 17:22:30,-0.08831892363026433
2018-01-11 17:22:40,-0.08498747533597828
2018-01-11 17:22:50,-0.08155651428354015
2018-01-11 17:23:00,-0.07800055297316548
2018-01-11 17:23:10,-0.07429434925849841
2018-01-11 17:23:20,-0.07041974712311598
2018-01-11 17:23:30,-0.06637307398730072
2018-01-11 17:23:40,-0.062166430317773344
2018-01-11 17:23:50,-0.05782225849558084
2018-01-11 17:24:00,-0.05336764642632843
2018-01-11 17:24:10,-0.04883241501320156
2018-01-11 17:24:20,-0.04425027707769839
2018-01-11 17:24:30,-0.039661112270654865
2018-01-11 17:24:40,-0.035111957819974
2018-01-11 17:24:50,-0.030654468917463307
2018-01-11 17:25:00,-0.02633878207765413
2018-01-11 17:25:10,-0.022206917617016098
2018-01-11 17:25:20,-0.01828910779109407
2018-01-11 17:25:30,-0.014602456191696573
2018-01-11 17:25:40,-0.011150647902858163
2018-01-11 17:25:50,-0.007926804478923771
2018-01-11 17:26:00,-0.00491961569224799
2018-01-11 17:26:10,-0.0021179748217235598
2018-01-11 17:26:20,0.0004891094553814184
2018-01-11 17:26:30,0.0029141180531863523
2018-01-11 17:26:40,0.005168866142381834
2018-01-11 17:26:50,0.007259315135997903
2018-01-11 17:27:00,0.009182295330442828
2018-01-11 17:27:10,0.010925944293159087
2018-01-11 17:27:20,0.012473528230490362
2018-01-11 17:27:30,0.013809651021479463
2018-01-11 17:27:40,0.014924507438570477
2018-01-11 17:27:50,0.01581202655875854
2018-01-11 17:28:00,0.01646373686634254
2018-01-11 17:28:10,0.01686508328808853
2018-01-11 17:28:20,0.016998556340397365
2018-01-11 17:28:30,0.016849585295292846
2018-01-11 17:28:40,0.016409845163271104
2018-01-11 17:28:50,0.015680605664680627
2018-01-11 17:29:00,0.014679403166106874
2018-01-11 17:29:10,0.013446200964540583
2018-01-11 17:29:20,0.012044700829399853
2018-01-11 17:29:30,0.010560235846090489
2018-01-11 17:29:40,0.009096379249322184
2018-01-11 17:29:50,0.007769025158412111
2018-01-11 17:30:00,0.0066985806181105905
2018-01-11 17:30:10,0.006003354792443021
2018-01-11 17:30:20,0.005794132779199978
2018-01-11 17:30:30,0.006168401654771327
2018-01-11 17:30:40,0.007206992620058495
2018-01-11 17:30:50,0.008975665921753188
2018-01-11 17:31:00,0.011526526873756264
2018-01-11 17:31:10,0.014895557773604254
2018-01-11 17:31:20,0.019099932144974904
2018-01-11 17:31:30,0.02413760287479991
2018-01-11 17:31:40,0.029988144033286653
2018-01-11 17:31:50,0.03661303202298056
2018-01-11 17:32:00,0.04395509615760784
2018-01-11 17:32:10,0.051938657595768385
2018-01-11 17:32:20,0.06046924720128255
2018-01-11 17:32:30,0.0694321693160745
2018-01-11 17:32:40,0.07869380353215803
2018-01-11 17:32:50,0.08810814414091818
2018-01-11 17:33:00,0.09752661513716246
2018-01-11 17:33:10,0.10680683194431746
2018-01-11 17:33:20,0.1158170708271655
2018-01-11 17:33:30,0.12443813661472457
2018-01-11 17:33:40,0.13256581357305067
2018-01-11 17:33:50,0.14011331444349595
2018-01-11 17:34:00,0.14701179433650335
2018-01-11 17:34:10,0.1532103561154125
2018-01-11 17:34:20,0.15867571818890058
2018-01-11 17:34:30,0.1633871958434151
2018-01-11 17:34:40,0.16732764417373047
2018-01-11 17:34:50,0.1704781828626896
2018-01-11 17:35:00,0.17282077531322085
2018-01-11 17:35:10,0.1743451286197224
2018-01-11 17:35:20,0.1750548369151777
2018-01-11 17:35:30,0.17496900411784488
2018-01-11 17:35:40,0.17411817874428864
2018-01-11 17:35:50,0.17253835464402467
2018-01-11 17:36:00,0.17026711711814793
2018-01-11 17:36:10,0.1673426981601858
2018-01-11 17:36:20,0.16380546889703307
2018-01-11 17:36:30,0.15970002530611951
2018-01-11 17:36:40,0.15507603834080186
2018-01-11 17:36:50,0.14998786214233822
2018-01-11 17:37:00,0.14449251991605538
2018-01-11 17:37:10,0.13864634003413112
2018-01-11 17:37:20,0.13250243230641331
2018-01-11 17:37:30,0.12610984358685712
2018-01-11 17:37:40,0.11951375317971642
2018-01-11 17:37:50,0.11275623926448737
2018-01-11 17:38:00,0.10587757925383565
2018-01-11 17:38:10,0.09891874352646729
2018-01-11 17:38:20,0.09192318362904904
2018-01-11 17:38:30,0.08493658344453366
2018-01-11 17:38:40,0.0780098879828438
2018-01-11 17:38:50,0.07120553611149011
2018-01-11 17:39:00,0.06459848150342001
2018-01-11 17:39:10,0.058271704639980534
2018-01-11 17:39:20,0.052310415786505485
2018-01-11 17:39:30,0.046796880200147065
2018-01-11 17:39:40,0.04181043500315167
2018-01-11 17:39:50,0.03742986740594268
2018-01-11 17:40:00,0.03372752135419299
2018-01-11 17:40:10,0.03075611852531327
2018-01-11 17:40:20,0.02854046466297537
2018-01-11 17:40:30,0.027079292977017107
2018-01-11 17:40:40,0.026351012843557352
2018-01-11 17:40:50,0.02631852424160798
2018-01-11 17:41:00,0.02693655794477203
2018-01-11 17:41:10,0.02816345715390221
2018-01-11 17:41:20,0.029970124172721158
2018-01-11 17:41:30,0.03233748545437962
2018-01-11 17:41:40,0.03524454977538986
2018-01-11 17:41:50,0.038656693115708886
2018-01-11 17:42:00,0.042518628790786564
2018-01-11 17:42:10,0.04675113383822792
2018-01-11 17:42:20,0.05125233022413585
2018-01-11 17:42:30,0.05590389499173811
2018-01-11 17:42:40,0.060578291537480004
2018-01-11 17:42:50,0.06514425556119456
2018-01-11 17:43:00,0.06947135594963412
2018-01-11 17:43:10,0.0734337554068107
2018-01-11 17:43:20,0.07691336170938183
2018-01-11 17:43:30,0.07980423355359738
2018-01-11 17:43:40,0.08201874985959376
2018-01-11 17:43:50,0.08349139477334862
2018-01-11 17:44:00,0.08417605772208325
2018-01-11 17:44:10,0.08404060951172578
2018-01-11 17:44:20,0.0830655190078578
2018-01-11 17:44:30,0.08124801533297676
2018-01-11 17:44:40,0.07860713020047541
2018-01-11 17:44:50,0.07518404023090833
2018-01-11 17:45:00,0.07104007837707797
2018-01-11 17:45:10,0.06625743433095817
2018-01-11 17:45:20,0.060938877980152344
2018-01-11 17:45:30,0.055202185611566305
2018-01-11 17:45:40,0.04917161638916388
2018-01-11 17:45:50,0.04296891705531837
2018-01-11 17:46:00,0.036705790728209585
2018-01-11 17:46:10,0.030481119090204314
2018-01-11 17:46:20,0.02438234388210388
2018-01-11 17:46:30,0.018486174717828544
2018-01-11 17:46:40,0.012857166785393863
2018-01-11 17:46:50,0.007545738870256448
2018-01-11 17:47:00,0.0025856804563094264
2018-01-11 17:47:10,-0.002008807994418466
2018-01-11 17:47:20,-0.006245752788432117
2018-01-11 17:47:30,-0.010155817097647745
2018-01-11 17:47:40,-0.013788223863862747
2018-01-11 17:47:50,-0.01720282345194897
2018-01-11 17:48:00,-0.020461932109070515
2018-01-11 17:48:10,-0.023625284322715108
2018-01-11 17:48:20,-0.026748364478371922
2018-01-11 17:48:30,-0.029881846852829155
2018-01-11 17:48:40,-0.033069948718176874
2018-01-11 17:48:50,-0.03634917964877851
2018-01-11 17:49:00,-0.0397513106247846
2018-01-11 17:49:10,-0.04330868099221604
2018-01-11 17:49:20,-0.04705634912537113
2018-01-11 17:49:30,-0.05103265444621346
2018-01-11 17:49:40,-0.055282185497109906
2018-01-11 17:49:50,-0.05985710808167646
2018-01-11 17:50:00,-0.06481270248885483
2018-01-11 17:50:10,-0.07020235303857794
2018-01-11 17:50:20,-0.07607843261626318
2018-01-11 17:50:30,-0.08249705923998941
2018-01-11 17:50:40,-0.08951938070822581
2018-01-11 17:50:50,-0.09720746278539219
2018-01-11 17:51:00,-0.10561996276891865
2018-01-11 17:51:10,-0.11481019192369013
2018-01-11 17:51:20,-0.12482435974623972
2018-01-11 17:51:30,-0.1356964337183485
2018-01-11 17:51:40,-0.14743793277944162
2018-01-11 17:51:50,-0.16002784937708792
2018-01-11 17:52:00,-0.17341041708499827
2018-01-11 17:52:10,-0.18750293590175587
2018-01-11 17:52:20,-0.20220985091451166
2018-01-11 17:52:30,-0.21743597920556754
2018-01-11 17:52:40,-0.23309344375396854
2018-01-11 17:52:50,-0.24910318067887344
2018-01-11 17:53:00,-0.26539610863892255
2018-01-11 17:53:10,-0.2819151314861197
2018-01-11 17:53:20,-0.2986136227589098
2018-01-11 17:53:30,-0.31545003368921565
2018-01-11 17:53:40,-0.33238489372162355
2018-01-11 17:53:50,-0.3493830685249312
2018-01-11 17:54:00,-0.36641713921888236
2018-01-11 17:54:10,-0.38346653708255635
2018-01-11 17:54:20,-0.4005110259084558
2018-01-11 17:54:30,-0.41752380945327994
2018-01-11 17:54:40,-0.43446969292118437
2018-01-11 17:54:50,-0.4513077022205528
2018-01-11 17:55:00,-0.46799628638635393
2018-01-11 17:55:10,-0.48449821764942036
2018-01-11 17:55:20,-0.5007803889397268
2018-01-11 17:55:30,-0.5168083433658793
2018-01-11 17:55:40,-0.5325409961428782
2018-01-11 17:55:50,-0.5479301705631806
2018-01-11 17:56:00,-0.5629250353954792
2018-01-11 17:56:10,-0.5774790050719804
2018-01-11 17:56:20,-0.591555678739352
2018-01-11 17:56:30,-0.6051300173855402
2018-01-11 17:56:40,-0.6181849303181376
2018-01-11 17:56:50,-0.6307072068204134
2018-01-11 17:57:00,-0.6426853208578229
2018-01-11 17:57:10,-0.6541099825736401
2018-01-11 17:57:20,-0.6649757053124618
2018-01-11 17:57:30,-0.6752798934792277
2018-01-11 17:57:40,-0.68502008652734
2018-01-11 17:57:50,-0.6941915206960002
2018-01-11 17:58:00,-0.7027852544763112
2018-01-11 17:58:10,-0.7107872494498463
2018-01-11 17:58:20,-0.7181772841036334
2018-01-11 17:58:30,-0.7249267812072158
2018-01-11 17:58:40,-0.7309969881195927
2018-01-11 17:58:50,-0.736337670828506
2018-01-11 17:59:00,-0.7408868112410478
2018-01-11 17:59:10,-0.7445755615157104
2018-01-11 17:59:20,-0.7473394008975935
2018-01-11 17:59:30,-0.7491267430089094
2018-01-11 17:59:40,-0.7498981571395489
2018-01-11 17:59:50,-0.7496219614435826
2018-01-11 18:00:00,-0.748273046341807
2018-01-11 18:00:10,-0.7458325212099248
2018-01-11 18:00:20,-0.7422857274265208
2018-01-11 18:00:30,-0.737623605220545
2018-01-11 18:00:40,-0.7318504536126853
2018-01-11 18:00:50,-0.72499215992098
2018-01-11 18:01:00,-0.7170971388770899
2018-01-11 18:01:10,-0.7082280794546479
2018-01-11 18:01:20,-0.6984517656923271
2018-01-11 18:01:30,-0.6878367203232287
2018-01-11 18:01:40,-0.6764565406095137
2018-01-11 18:01:50,-0.6643894691860371
2018-01-11 18:02:00,-0.6517143368852996
2018-01-11 18:02:10,-0.6385094384018934
2018-01-11 18:02:20,-0.6248535303553545
2018-01-11 18:02:30,-0.6108249258541337
2018-01-11 18:02:40,-0.5965011990344117
2018-01-11 18:02:50,-0.581961183609402
2018-01-11 18:03:00,-0.5672843332846086
2018-01-11 18:03:10,-0.5525453687480597
2018-01-11 18:03:20,-0.5378092562368711
2018-01-11 18:03:30,-0.5231301486872573
2018-01-11 18:03:40,-0.5085521667882976
2018-01-11 18:03:50,-0.4941108735878258
2018-01-11 18:04:00,-0.4798373040300159
2018-01-11 18:04:10,-0.46576402989812626
2018-01-11 18:04:20,-0.4519299942812788
2018-01-11 18:04:30,-0.43838173215332926
2018-01-11 18:04:40,-0.42517096082998107
2018-01-11 18:04:50,-0.41235115908948095
2018-01-11 18:05:00,-0.399976890736519
2018-01-11 18:05:10,-0.388103847327641
2018-01-11 18:05:20,-0.37678335071374774
2018-01-11 18:05:30,-0.3660532276042523
2018-01-11 18:05:40,-0.3559333793221468
2018-01-11 18:05:50,-0.346428122073089
2018-01-11 18:06:00,-0.3375307788608399
2018-01-11 18:06:10,-0.32922682472259635
2018-01-11 18:06:20,-0.32149336110902177
2018-01-11 18:06:30,-0.3142968558963231
2018-01-11 18:06:40,-0.30759679334664985
2018-01-11 18:06:50,-0.3013555174253911
2018-01-11 18:07:00,-0.295545952511542
2018-01-11 18:07:10,-0.29015509924342064
2018-01-11 18:07:20,-0.2851860963736568
2018-01-11 18:07:30,-0.2806577000773736
2018-01-11 18:07:40,-0.2765992419674631
2018-01-11 18:07:50,-0.2730439749450144
2018-01-11 18:08:00,-0.27002560852036406
2018-01-11 18:08:10,-0.26757848550331187
2018-01-11 18:08:20,-0.2657390597822602
2018-01-11 18:08:30,-0.2645478792186203
2018-01-11 18:08:40,-0.2640507160891785
2018-01-11 18:08:50,-0.26429570320224144
2018-01-11 18:09:00,-0.2653249093686656
2018-01-11 18:09:10,-0.2671629079253681
2018-01-11 18:09:20,-0.2698078065331279
2018-01-11 18:09:30,-0.2732271957204813
2018-01-11 18:09:40,-0.27735693962641894
2018-01-11 18:09:50,-0.2821005715828461
2018-01-11 18:10:00,-0.28732922504675396
2018-01-11 18:10:10,-0.2928835531745317
2018-01-11 18:10:20,-0.29857818927371554
2018-01-11 18:10:30,-0.3042103334208454
2018-01-11 18:10:40,-0.30957343998266873
2018-01-11 18:10:50,-0.31446970369794863
2018-01-11 18:11:00,-0.3187152045726634
2018-01-11 18:11:10,-0.3221412154457777
2018-01-11 18:11:20,-0.3245984646431633
2018-01-11 18:11:30,-0.3259646215212636
2018-01-11 18:11:40,-0.32614903302304993
2018-01-11 18:11:50,-0.32509142932493146
2018-01-11 18:12:00,-0.3227572039205831
2018-01-11 18:12:10,-0.3191314852494396
2018-01-11 18:12:20,-0.3142131462061561
2018-01-11 18:12:30,-0.3080122894765773
2018-01-11 18:12:40,-0.3005534818692375
2018-01-11 18:12:50,-0.2918831573053065
2018-01-11 18:13:00,-0.28207701204610036
2018-01-11 18:13:10,-0.2712421096478631
2018-01-11 18:13:20,-0.25951225578038656
2018-01-11 18:13:30,-0.24704047394518752
2018-01-11 18:13:40,-0.23399272153070436
2018-01-11 18:13:50,-0.22054372689862473
2018-01-11 18:14:00,-0.20687351607121776
2018-01-11 18:14:10,-0.19316355256417297
2018-01-11 18:14:20,-0.17959284526691424
2018-01-11 18:14:30,-0.16633424503634445
2018-01-11 18:14:40,-0.15354978700477787
2018-01-11 18:14:50,-0.14138619308252157
2018-01-11 18:15:00,-0.1299726932249084
2018-01-11 18:15:10,-0.11941913526408227
2018-01-11 18:15:20,-0.10981427817013165
2018-01-11 18:15:30,-0.10122737739109004
2018-01-11 18:15:40,-0.09370988382012033
2018-01-11 18:15:50,-0.08729366531887747
2018-01-11 18:16:00,-0.08198866273431624
2018-01-11 18:16:10,-0.07778098414333956
2018-01-11 18:16:20,-0.07463182013124312
2018-01-11 18:16:30,-0.07248036739712997
2018-01-11 18:16:40,-0.07125015485844924
2018-01-11 18:16:50,-0.0708567365727551
2018-01-11 18:17:00,-0.07121581242192046
2018-01-11 18:17:10,-0.07224854853858027
2018-01-11 18:17:20,-0.07388406560325445
2018-01-11 18:17:30,-0.07606268290388409
2018-01-11 18:17:40,-0.07873769793953475
2018-01-11 18:17:50,-0.08187121369834488
2018-01-11 18:18:00,-0.08542585882511726
2018-01-11 18:18:10,-0.08935798360691564
2018-01-11 18:18:20,-0.09361598056609371
2018-01-11 18:18:30,-0.09814192485962422
2018-01-11 18:18:40,-0.10287322758558702
2018-01-11 18:18:50,-0.10774428539116405
2018-01-11 18:19:00,-0.11268674468588731
2018-01-11 18:19:10,-0.11762838956606471
2018-01-11 18:19:20,-0.1224951349923378
2018-01-11 18:19:30,-0.12721446465599956
2018-01-11 18:19:40,-0.13171572686421484
2018-01-11 18:19:50,-0.13593120181126309
2018-01-11 18:20:00,-0.13980118761701105
2018-01-11 18:20:10,-0.14327787795698
2018-01-11 18:20:20,-0.14632554250229518
2018-01-11 18:20:30,-0.14892016449275236
2018-01-11 18:20:40,-0.15104756069576808
2018-01-11 18:20:50,-0.15269822199467992
2018-01-11 18:21:00,-0.15386349572615626
2018-01-11 18:21:10,-0.15453845006140313
2018-01-11 18:21:20,-0.15473002645731024
2018-01-11 18:21:30,-0.15446433988040828
2018-01-11 18:21:40,-0.15379064706471943
2018-01-11 18:21:50,-0.15278304222287484
2018-01-11 18:22:00,-0.15153870186779247
2018-01-11 18:22:10,-0.15017299512180018
2018-01-11 18:22:20,-0.14881520410286128
2018-01-11 18:22:30,-0.14760382502507993
2018-01-11 18:22:40,-0.14667815185906408
2018-01-11 18:22:50,-0.14616927466952864
2018-01-11 18:23:00,-0.1461919562241119
2018-01-11 18:23:10,-0.1468342344384594
2018-01-11 18:23:20,-0.14814885763553529
2018-01-11 18:23:30,-0.15015405669699416
2018-01-11 18:23:40,-0.15284271708966055
2018-01-11 18:23:50,-0.15619223917433137
2018-01-11 18:24:00,-0.16016851376945995
2018-01-11 18:24:10,-0.16472500656723219
2018-01-11 18:24:20,-0.16980372747269046
2018-01-11 18:24:30,-0.17534163516325896
2018-01-11 18:24:40,-0.18127714771135553
2018-01-11 18:24:50,-0.18754928887099478
2018-01-11 18:25:00,-0.1940915764859594
2018-01-11 18:25:10,-0.20082817658202734
2018-01-11 18:25:20,-0.20767468803002495
2018-01-11 18:25:30,-0.21454069177561874
2018-01-11 18:25:40,-0.22133130018116395
2018-01-11 18:25:50,-0.22794899649155123
2018-01-11 18:26:00,-0.23429762901997994
2018-01-11 18:26:10,-0.24028643983320888
2018-01-11 18:26:20,-0.24583191019592499
2018-01-11 18:26:30,-0.25085948420713333
2018-01-11 18:26:40,-0.25530717985087426
2018-01-11 18:26:50,-0.25912937763571753
2018-01-11 18:27:00,-0.26229883583756247
2018-01-11 18:27:10,-0.26480550470976755
2018-01-11 18:27:20,-0.26665342344573667
2018-01-11 18:27:30,-0.267861144752829
2018-01-11 18:27:40,-0.26846572721878936
2018-01-11 18:27:50,-0.26852272753474005
2018-01-11 18:28:00,-0.2681001707925014
2018-01-11 18:28:10,-0.2672731136735657
2018-01-11 18:28:20,-0.2661209979030021
2018-01-11 18:28:30,-0.264724127720915
2018-01-11 18:28:40,-0.2631596765972051
2018-01-11 18:28:50,-0.2615005334022172
2018-01-11 18:29:00,-0.2598174610942474
2018-01-11 18:29:10,-0.2581821486877065
2018-01-11 18:29:20,-0.2566681285335982
2018-01-11 18:29:30,-0.2553482959624932
2018-01-11 18:29:40,-0.25429095045639705
2018-01-11 18:29:50,-0.2535560867857625
2018-01-11 18:30:00,-0.2531912088787751
2018-01-11 18:30:10,-0.2532268209109933
2018-01-11 18:30:20,-0.2536723128220401
2018-01-11 18:30:30,-0.25451257347871403
2018-01-11 18:30:40,-0.2557071215201418
2018-01-11 18:30:50,-0.2571949882305726
2018-01-11 18:31:00,-0.25890565303968177
2018-01-11 18:31:10,-0.2607711532455356
2018-01-11 18:31:20,-0.2627360723648802
2018-01-11 18:31:30,-0.26476471809425395
2018-01-11 18:31:40,-0.26684318179492583
2018-01-11 18:31:50,-0.2689757952841488
2018-01-11 18:32:00,-0.27117985555779917
2018-01-11 18:32:10,-0.27348274024643404
2018-01-11 18:32:20,-0.2759211033581211
2018-01-11 18:32:30,-0.2785387292666391
2018-01-11 18:32:40,-0.28138109249397936
2018-01-11 18:32:50,-0.2844875287387672
2018-01-11 18:33:00,-0.2878846815124919
2018-01-11 18:33:10,-0.2915851873254976
2018-01-11 18:33:20,-0.29559144597178116
2018-01-11 18:33:30,-0.29990085228116586
2018-01-11 18:33:40,-0.30450941210544674
2018-01-11 18:33:50,-0.30941196627061995
2018-01-11 18:34:00,-0.3145985713866466
2018-01-11 18:34:10,-0.3200493116979736
2018-01-11 18:34:20,-0.3257303156885944
2018-01-11 18:34:30,-0.33159133150145487
2018-01-11 18:34:40,-0.3375651341898231
2018-01-11 18:34:50,-0.34357082863640337
2018-01-11 18:35:00,-0.34952195614123993
2018-01-11 18:35:10,-0.3553357586599194
2018-01-11 18:35:20,-0.36093821147539207
2018-01-11 18:35:30,-0.3662648513814866
2018-01-11 18:35:40,-0.3712607956844483
2018-01-11 18:35:50,-0.3758793800075629
2018-01-11 18:36:00,-0.380078497850804
2018-01-11 18:36:10,-0.38381754208015556
2018-01-11 18:36:20,-0.3870546347381078
2018-01-11 18:36:30,-0.3897410351789712
2018-01-11 18:36:40,-0.3918165550453185
2018-01-11 18:36:50,-0.39321035237886226
2018-01-11 18:37:00,-0.3938420955512071
2018-01-11 18:37:10,-0.39362083112101737
2018-01-11 18:37:20,-0.392448867116497
2018-01-11 18:37:30,-0.39023348767585475
2018-01-11 18:37:40,-0.38689947842050115
2018-01-11 18:37:50,-0.38239827612984056
2018-01-11 18:38:00,-0.37671502571845056
2018-01-11 18:38:10,-0.3698723490675185
2018-01-11 18:38:20,-0.3619284887473316
2018-01-11 18:38:30,-0.3529720823659262
2018-01-11 18:38:40,-0.3431162948794114
2018-01-11 18:38:50,-0.33249056162826557
2018-01-11 18:39:00,-0.3212294809483125
2018-01-11 18:39:10,-0.30946475169973225
2018-01-11 18:39:20,-0.29732621121470637
2018-01-11 18:39:30,-0.2849482803182318
2018-01-11 18:39:40,-0.27247267031070876
2018-01-11 18:39:50,-0.26004556213668134
2018-01-11 18:40:00,-0.24781188810502874
2018-01-11 18:40:10,-0.23590753457458402
2018-01-11 18:40:20,-0.2244514600888491
2018-01-11 18:40:30,-0.21353928911422165
2018-01-11 18:40:40,-0.20324011696334385
2018-01-11 18:40:50,-0.19360137479887216
2018-01-11 18:41:00,-0.18466012380953936
2018-01-11 18:41:10,-0.17645093573436607
2018-01-11 18:41:20,-0.16900821745647854
2018-01-11 18:41:30,-0.16236952204434857
2018-01-11 18:41:40,-0.1565808651129539
2018-01-11 18:41:50,-0.15169733813200267
2018-01-11 18:42:00,-0.14777589308118136
2018-01-11 18:42:10,-0.14486754862139783
2018-01-11 18:42:20,-0.14301597740395322
2018-01-11 18:42:30,-0.1422600442294679
2018-01-11 18:42:40,-0.142634935146248
2018-01-11 18:42:50,-0.14416937847767425
2018-01-11 18:43:00,-0.1468796086090371
2018-01-11 18:43:10,-0.15076082471820124
2018-01-11 18:43:20,-0.15577528350640502
2018-01-11 18:43:30,-0.16184192403064732
2018-01-11 18:43:40,-0.16883610777495395
2018-01-11 18:43:50,-0.17659803479732594
2018-01-11 18:44:00,-0.18494313634875997
2018-01-11 18:44:10,-0.19367328329310693
2018-01-11 18:44:20,-0.2025883162391854
2018-01-11 18:44:30,-0.21149575167243362
2018-01-11 18:44:40,-0.22021771794221323
2018-01-11 18:44:50,-0.22859410085101356
2018-01-11 18:45:00,-0.23648229451024017
2018-01-11 18:45:10,-0.24375560474433275
2018-01-11 18:45:20,-0.25030043849100375
2018-01-11 18:45:30,-0.25601325976765127
2018-01-11 18:45:40,-0.2607995647115027
2018-01-11 18:45:50,-0.2645746401720409
2018-01-11 18:46:00,-0.26726827391833236
2018-01-11 18:46:10,-0.26883631524283164
2018-01-11 18:46:20,-0.26927250601766106
2018-01-11 18:46:30,-0.2686107028293068
2018-01-11 18:46:40,-0.2669167279793425
2018-01-11 18:46:50,-0.2642766672171138
2018-01-11 18:47:00,-0.26078781747172075
2018-01-11 18:47:10,-0.2565537791376371
2018-01-11 18:47:20,-0.25168117266015205
2018-01-11 18:47:30,-0.24627574204040958
2018-01-11 18:47:40,-0.24044099781497366
2018-01-11 18:47:50,-0.23428032856497075
2018-01-11 18:48:00,-0.22789484848901542
2018-01-11 18:48:10,-0.22137417739439424
2018-01-11 18:48:20,-0.21478637448495114
2018-01-11 18:48:30,-0.20817207730474396
2018-01-11 18:48:40,-0.2015438684272984
2018-01-11 18:48:50,-0.19488983068991936
2018-01-11 18:49:00,-0.18818212059202566
2018-01-11 18:49:10,-0.1813911363942635
2018-01-11 18:49:20,-0.1744998707514211
2018-01-11 18:49:30,-0.16751133834052595
2018-01-11 18:49:40,-0.1604475310616456
2018-01-11 18:49:50,-0.15334413321667276
2018-01-11 18:50:00,-0.14624543042433105
2018-01-11 18:50:10,-0.13920046296704364
2018-01-11 18:50:20,-0.13225937275645572
2018-01-11 18:50:30,-0.12546977742311993
2018-01-11 18:50:40,-0.11887506924657243
2018-01-11 18:50:50,-0.11251504366495906
2018-01-11 18:51:00,-0.10642665412546974
2018-01-11 18:51:10,-0.10064375178062464
2018-01-11 18:51:20,-0.0951965567667756
2018-01-11 18:51:30,-0.09011342816813867
2018-01-11 18:51:40,-0.08542676376328084
2018-01-11 18:51:50,-0.08117907845062243
2018-01-11 18:52:00,-0.07742537454835807
2018-01-11 18:52:10,-0.07423376487652084
2018-01-11 18:52:20,-0.07168572573695468
2018-01-11 18:52:30,-0.06987604932696126
2018-01-11 18:52:40,-0.0689131449389547
2018-01-11 18:52:50,-0.06891623072296889
2018-01-11 18:53:00,-0.070005378042903
2018-01-11 18:53:10,-0.07228741753344482
2018-01-11 18:53:20,-0.07584410932472757
2018-01-11 18:53:30,-0.08072484601926479
2018-01-11 18:53:40,-0.08694382183202126
2018-01-11 18:53:50,-0.0944837491843957
2018-01-11 18:54:00,-0.10330506980292406
2018-01-11 18:54:10,-0.11335278331640798
2018-01-11 18:54:20,-0.12455679590051388
2018-01-11 18:54:30,-0.13683086146192838
2018-01-11 18:54:40,-0.150073400086768
2018-01-11 18:54:50,-0.16416729759671725
2018-01-11 18:55:00,-0.17897807022388781
2018-01-11 18:55:10,-0.19435366423824052
2018-01-11 18:55:20,-0.21012616594769293
2018-01-11 18:55:30,-0.2261141374410775
2018-01-11 18:55:40,-0.2421275467037289
2018-01-11 18:55:50,-0.25797699237600324
2018-01-11 18:56:00,-0.27348466159418733
2018-01-11 18:56:10,-0.2884925570713291
2018-01-11 18:56:20,-0.3028686684967756
2018-01-11 18:56:30,-0.3165147539605464
2018-01-11 18:56:40,-0.3293732797566388
2018-01-11 18:56:50,-0.3414283349368327
2018-01-11 18:57:00,-0.3526978283418636
2018-01-11 18:57:10,-0.36321837315463346
2018-01-11 18:57:20,-0.37303097950687825
2018-01-11 18:57:30,-0.3821727294754565
2018-01-11 18:57:40,-0.3906707072948887
2018-01-11 18:57:50,-0.3985375753711398
2018-01-11 18:58:00,-0.40577273202146824
2018-01-11 18:58:10,-0.41236684350714364
2018-01-11 18:58:20,-0.4183044081280536
2018-01-11 18:58:30,-0.42356380685419737
2018-01-11 18:58:40,-0.42811643388861037
2018-01-11 18:58:50,-0.43192674604695613
2018-01-11 18:59:00,-0.4349553472163946
2018-01-11 18:59:10,-0.43716287900715173
2018-01-11 18:59:20,-0.4385111474788579
2018-01-11 18:59:30,-0.43896297964925235
2018-01-11 18:59:40,-0.4384831597393174
2018-01-11 18:59:50,-0.43704156647159503
2018-01-11 19:00:00,-0.4346193765419476
2018-01-11 19:00:10,-0.431215874348395
2018-01-11 19:00:20,-0.426853719673975
2018-01-11 19:00:30,-0.42158243794321704
2018-01-11 19:00:40,-0.41547789769164356
2018-01-11 19:00:50,-0.40863735266480194
2018-01-11 19:01:00,-0.40117161523297273
2018-01-11 19:01:10,-0.39319552190699564
2018-01-11 19:01:20,-0.38482040501356163
2018-01-11 19:01:30,-0.37614894948288613
2018-01-11 19:01:40,-0.3672677839668764
2018-01-11 19:01:50,-0.35824072051243566
2018-01-11 19:02:00,-0.34911070054068283
2018-01-11 19:02:10,-0.3399089054144702
2018-01-11 19:02:20,-0.3306641277444193
2018-01-11 19:02:30,-0.3214115677462979
2018-01-11 19:02:40,-0.31220047455631755
2018-01-11 19:02:50,-0.3030953984379448
2018-01-11 19:03:00,-0.29417160313851354
2018-01-11 19:03:10,-0.28551249138566864
2018-01-11 19:03:20,-0.27721172170432573
2018-01-11 19:03:30,-0.2693758857800266
2018-01-11 19:03:40,-0.2621249771897238
2018-01-11 19:03:50,-0.2555885924552896
2018-01-11 19:04:00,-0.24989574811490478
2018-01-11 19:04:10,-0.2451629432313599
2018-01-11 19:04:20,-0.24148692016005557
2018-01-11 19:04:30,-0.2389399710972048
2018-01-11 19:04:40,-0.23756378653702478
2018-01-11 19:04:50,-0.23736514612346946
2018-01-11 19:05:00,-0.23831797404142024
2018-01-11 19:05:10,-0.24037002327522405
2018-01-11 19:05:20,-0.24344811103163888
2018-01-11 19:05:30,-0.24745864011653995
2018-01-11 19:05:40,-0.25228751536725513
2018-01-11 19:05:50,-0.25780431143180416
2018-01-11 19:06:00,-0.26386993889496346
2018-01-11 19:06:10,-0.27034441922016855
2018-01-11 19:06:20,-0.27709137172219767
2018-01-11 19:06:30,-0.28397903336082514
2018-01-11 19:06:40,-0.2908818956095211
2018-01-11 19:06:50,-0.2976853662668845
2018-01-11 19:07:00,-0.30429069098237127
2018-01-11 19:07:10,-0.31061685946208356
2018-01-11 19:07:20,-0.3166009407003962
2018-01-11 19:07:30,-0.3221989317154226
2018-01-11 19:07:40,-0.32738615797868476
2018-01-11 19:07:50,-0.3321583912471902
2018-01-11 19:08:00,-0.33653528195684296
2018-01-11 19:08:10,-0.34056174690089636
2018-01-11 19:08:20,-0.34430481579094757
2018-01-11 19:08:30,-0.34784984999692825
2018-01-11 19:08:40,-0.3512943641268017
2018-01-11 19:08:50,-0.35473408285107544
2018-01-11 19:09:00,-0.3582473470385068
2018-01-11 19:09:10,-0.3618876630595709
2018-01-11 19:09:20,-0.36568364034693385
2018-01-11 19:09:30,-0.3696418936552771
2018-01-11 19:09:40,-0.37375193215870434
2018-01-11 19:09:50,-0.37799237467755525
2018-01-11 19:10:00,-0.3823371137629603
2018-01-11 19:10:10,-0.3867604365376579
2018-01-11 19:10:20,-0.391239272369825
2018-01-11 19:10:30,-0.3957508784624804
2018-01-11 19:10:40,-0.4002681730174495
2018-01-11 19:10:50,-0.40475671405223174
2018-01-11 19:11:00,-0.4091741962454732
2018-01-11 19:11:10,-0.4134709120708498
2018-01-11 19:11:20,-0.41759127188098444
2018-01-11 19:11:30,-0.4214775353704928
2018-01-11 19:11:40,-0.42507512762326544
2018-01-11 19:11:50,-0.428339691663352
2018-01-11 19:12:00,-0.4312460313888341
2018-01-11 19:12:10,-0.43379445213007645
2018-01-11 19:12:20,-0.43601068121338343
2018-01-11 19:12:30,-0.43794065266925114
2018-01-11 19:12:40,-0.4396429127743074
2018-01-11 19:12:50,-0.44118414641750564
2018-01-11 19:13:00,-0.44264034642994143
2018-01-11 19:13:10,-0.44409432202166355
2018-01-11 19:13:20,-0.44562291555582945
2018-01-11 19:13:30,-0.44728225565450147
2018-01-11 19:13:40,-0.4490998991935441
2018-01-11 19:13:50,-0.45107288835772935
2018-01-11 19:14:00,-0.45316771279887236
2018-01-11 19:14:10,-0.4553221212226306
2018-01-11 19:14:20,-0.4574523387081368
2018-01-11 19:14:30,-0.4594650815219401
2018-01-11 19:14:40,-0.46126805447155445
2018-01-11 19:14:50,-0.46277629102770335
2018-01-11 19:15:00,-0.4639168458446698
2018-01-11 19:15:10,-0.46463392714346985
2018-01-11 19:15:20,-0.464894156276662
2018-01-11 19:15:30,-0.46468868623003035
2018-01-11 19:15:40,-0.46403048446451234
2018-01-11 19:15:50,-0.46294969058076835
2018-01-11 19:16:00,-0.4614885746492899
2018-01-11 19:16:10,-0.45969457971186684
2018-01-11 19:16:20,-0.4576115975816653
2018-01-11 19:16:30,-0.4552731099354959
2018-01-11 19:16:40,-0.4527013646388452
2018-01-11 19:16:50,-0.44991276814224973
2018-01-11 19:17:00,-0.4469247281626538
2018-01-11 19:17:10,-0.4437572996680087
2018-01-11 19:17:20,-0.4404267840554984
2018-01-11 19:17:30,-0.4369365122311672
2018-01-11 19:17:40,-0.4332727950620315
2018-01-11 19:17:50,-0.4294070147354668
2018-01-11 19:18:00,-0.42529980379409266
2018-01-11 19:18:10,-0.420904632382734
2018-01-11 19:18:20,-0.4161689891715467
2018-01-11 19:18:30,-0.41103382762607177
2018-01-11 19:18:40,-0.4054341554934897
2018-01-11 19:18:50,-0.39930095716831454
2018-01-11 19:19:00,-0.3925644390095634
2018-01-11 19:19:10,-0.38516075229445645
2018-01-11 19:19:20,-0.37704241708813674
2018-01-11 19:19:30,-0.36819058163210594
2018-01-11 19:19:40,-0.35862462117195265
2018-01-11 19:19:50,-0.34840141453507484
2018-01-11 19:20:00,-0.33760282163297584
2018-01-11 19:20:10,-0.3263203664042202
2018-01-11 19:20:20,-0.3146450138266685
2018-01-11 19:20:30,-0.3026616339683813
2018-01-11 19:20:40,-0.2904460606238878
2018-01-11 19:20:50,-0.27806481473966993
2018-01-11 19:21:00,-0.2655765212369398
2018-01-11 19:21:10,-0.2530331284396706
2018-01-11 19:21:20,-0.2404815792855223
2018-01-11 19:21:30,-0.22796737846544507
2018-01-11 19:21:40,-0.21553826176836485
2018-01-11 19:21:50,-0.2032460622860808
2018-01-11 19:22:00,-0.1911490190184247
2018-01-11 19:22:10,-0.17931525628490602
2018-01-11 19:22:20,-0.16782181584315442
2018-01-11 19:22:30,-0.1567461422214163
2018-01-11 19:22:40,-0.1461550346101614
2018-01-11 19:22:50,-0.13609695551391793
2018-01-11 19:23:00,-0.12659843452227074
2018-01-11 19:23:10,-0.11766043842508438
2018-01-11 19:23:20,-0.10925286405641839
2018-01-11 19:23:30,-0.10131372649751652
2018-01-11 19:23:40,-0.09375701596053318
2018-01-11 19:23:50,-0.08648089532435985
2018-01-11 19:24:00,-0.07937031352443695
2018-01-11 19:24:10,-0.07229991043950504
2018-01-11 19:24:20,-0.06514208193563029
2018-01-11 19:24:30,-0.057778152421827544
2018-01-11 19:24:40,-0.05010841169220806
2018-01-11 19:24:50,-0.04205605030726025
2018-01-11 19:25:00,-0.03356454591425773
2018-01-11 19:25:10,-0.02459454763112902
2018-01-11 19:25:20,-0.015122415145838909
2018-01-11 19:25:30,-0.005136818439581881
2018-01-11 19:25:40,0.005367759508685944
2018-01-11 19:25:50,0.016397877605923716
2018-01-11 19:26:00,0.027964115935540927
2018-01-11 19:26:10,0.04007891655390915
2018-01-11 19:26:20,0.05275312185274139
2018-01-11 19:26:30,0.06599330288346018
2018-01-11 19:26:40,0.07979848197716899
2018-01-11 19:26:50,0.09415740177307774
2018-01-11 19:27:00,0.10904713217584237
2018-01-11 19:27:10,0.12442928995196653
2018-01-11 19:27:20,0.14024315471931287
2018-01-11 19:27:30,0.15640020570768162
2018-01-11 19:27:40,0.17278231632608243
2018-01-11 19:27:50,0.18924352672688632
2018-01-11 19:28:00,0.20561595959015788
2018-01-11 19:28:10,0.22171911544771009
2018-01-11 19:28:20,0.23737036477548337
2018-01-11 19:28:30,0.25239469248500235
2018-01-11 19:28:40,0.26663133393061045
2018-01-11 19:28:50,0.27993591926415484
2018-01-11 19:29:00,0.2921808336197555
2018-01-11 19:29:10,0.30325661391360287
2018-01-11 19:29:20,0.3130727573961729
2018-01-11 19:29:30,0.3215563836163692
2018-01-11 19:29:40,0.3286494403358623
2018-01-11 19:29:50,0.3343049247079111
2018-01-11 19:30:00,0.3384844021182946
2018-01-11 19:30:10,0.3411600788088966
2018-01-11 19:30:20,0.34232034504155145
2018-01-11 19:30:30,0.3419726143496031
2018-01-11 19:30:40,0.34013945675967205
2018-01-11 19:30:50,0.33685323458787586
2018-01-11 19:31:00,0.33215644114909343
2018-01-11 19:31:10,0.3261071381922429
2018-01-11 19:31:20,0.31878388015426834
2018-01-11 19:31:30,0.3102854283434404
2018-01-11 19:31:40,0.30072515716169784
2018-01-11 19:31:50,0.2902246211541879
2018-01-11 19:32:00,0.27890842176096936
2018-01-11 19:32:10,0.26689947239049033
2018-01-11 19:32:20,0.25431614434920746
2018-01-11 19:32:30,0.2412726770545473
2018-01-11 19:32:40,0.22788383104881108
2018-01-11 19:32:50,0.21427389695003998
2018-01-11 19:33:00,0.20058305695162176
2018-01-11 19:33:10,0.18696397710209645
2018-01-11 19:33:20,0.17357063001533457
2018-01-11 19:33:30,0.16054670676588365
2018-01-11 19:33:40,0.14802037392288198
2018-01-11 19:33:50,0.13610584780818147
2018-01-11 19:34:00,0.124906302312808
2018-01-11 19:34:10,0.11451423996642816
2018-01-11 19:34:20,0.10501059594043385
2018-01-11 19:34:30,0.09646504079825405
2018-01-11 19:34:40,0.08893699184683768
2018-01-11 19:34:50,0.08247553035955424
2018-01-11 19:35:00,0.07711617764132721
2018-01-11 19:35:10,0.0728745335853566
2018-01-11 19:35:20,0.069742290099173
2018-01-11 19:35:30,0.06769003811327395
2018-01-11 19:35:40,0.06667455259611024
2018-01-11 19:35:50,0.06664619503221102
2018-01-11 19:36:00,0.0675526719873716
2018-01-11 19:36:10,0.06933619299627855
2018-01-11 19:36:20,0.07192596801478114
2018-01-11 19:36:30,0.07523327877759821
2018-01-11 19:36:40,0.07915454059820619
2018-01-11 19:36:50,0.08358096329118277
2018-01-11 19:37:00,0.08840999657709608
2018-01-11 19:37:10,0.09355446354482516
2018-01-11 19:37:20,0.09894615119559798
2018-01-11 19:37:30,0.10453432711629512
2018-01-11 19:37:40,0.11028290995780834
2018-01-11 19:37:50,0.11616664024954104
2018-01-11 19:38:00,0.12216497289303561
2018-01-11 19:38:10,0.1282568405210997
2018-01-11 19:38:20,0.1344192561870285
2018-01-11 19:38:30,0.14062634992363332
2018-01-11 19:38:40,0.14684589137356427
2018-01-11 19:38:50,0.15303432258091743
2018-01-11 19:39:00,0.1591300784160102
2018-01-11 19:39:10,0.1650482268111861
2018-01-11 19:39:20,0.1706820305128264
2018-01-11 19:39:30,0.17591041209915764
2018-01-11 19:39:40,0.18060765684463975
2018-01-11 19:39:50,0.18465476391210991
2018-01-11 19:40:00,0.18795049459385366
2018-01-11 19:40:10,0.19041787907614918
2018-01-11 19:40:20,0.19200669002436319
2018-01-11 19:40:30,0.19269623189567353
2018-01-11 19:40:40,0.1924974499786532
2018-01-11 19:40:50,0.19145038759111327
2018-01-11 19:41:00,0.18961726237930301
2018-01-11 19:41:10,0.18707285544508462
2018-01-11 19:41:20,0.18389362314117302
2018-01-11 19:41:30,0.18014741000990564
2018-01-11 19:41:40,0.17588586025314287
2018-01-11 19:41:50,0.1711422463336639
2018-01-11 19:42:00,0.16593444919325598
2018-01-11 19:42:10,0.16026980616906195
2018-01-11 19:42:20,0.15414900643419344
2018-01-11 19:42:30,0.14756908972904573
2018-01-11 19:42:40,0.1405272585506767
2018-01-11 19:42:50,0.1330242661529077
2018-01-11 19:43:00,0.12506869429683903
2018-01-11 19:43:10,0.11668440407096185
2018-01-11 19:43:20,0.1079145894768465
2018-01-11 19:43:30,0.09881748800749762
2018-01-11 19:43:40,0.0894593026441066
2018-01-11 19:43:50,0.07991053134811081
2018-01-11 19:44:00,0.07024599440748225
2018-01-11 19:44:10,0.06054646239318557
2018-01-11 19:44:20,0.05090120649804103
2018-01-11 19:44:30,0.04140959917704401
2018-01-11 19:44:40,0.0321778445960581
2018-01-11 19:44:50,0.023310655791210784
2018-01-11 19:45:00,0.014901186506852711
2018-01-11 19:45:10,0.00702223763681778
2018-01-11 19:45:20,-0.0002791290550312852
2018-01-11 19:45:30,-0.0069827190131862196
2018-01-11 19:45:40,-0.013091998574547292
2018-01-11 19:45:50,-0.018628956442349073
2018-01-11 19:46:00,-0.023630014478509733
2018-01-11 19:46:10,-0.028141857677815137
2018-01-11 19:46:20,-0.032215104788773784
2018-01-11 19:46:30,-0.03589801529338736
2018-01-11 19:46:40,-0.03923429479544207
2018-01-11 19:46:50,-0.042263812390705834
2018-01-11 19:47:00,-0.04502322093876851
2018-01-11 19:47:10,-0.047548234107393346
2018-01-11 19:47:20,-0.049878310531817995
2018-01-11 19:47:30,-0.052059617357635396
2018-01-11 19:47:40,-0.05414401043796958
2018-01-11 19:47:50,-0.05618854859169054
2018-01-11 19:48:00,-0.05825857236547469
2018-01-11 19:48:10,-0.06042940528709939
2018-01-11 19:48:20,-0.06278292635820061
2018-01-11 19:48:30,-0.06540086685101204
2018-01-11 19:48:40,-0.06835817178304109
2018-01-11 19:48:50,-0.07171901245771195
2018-01-11 19:49:00,-0.07553441382732659
2018-01-11 19:49:10,-0.07983954581395257
2018-01-11 19:49:20,-0.08465160511666546
2018-01-11 19:49:30,-0.08996871936251737
2018-01-11 19:49:40,-0.0957698377147377
2018-01-11 19:49:50,-0.10201693450298885
2018-01-11 19:50:00,-0.10865794001836727
2018-01-11 19:50:10,-0.11562786642193969
2018-01-11 19:50:20,-0.12285184767291436
2018-01-11 19:50:30,-0.13025192033065233
2018-01-11 19:50:40,-0.13775222219996527
2018-01-11 19:50:50,-0.14528214982787074
2018-01-11 19:51:00,-0.15277943419961773
2018-01-11 19:51:10,-0.16018944621855158
2018-01-11 19:51:20,-0.16746148876492525
2018-01-11 19:51:30,-0.17454891498699873
2018-01-11 19:51:40,-0.1814125404483181
2018-01-11 19:51:50,-0.18802116937367813
2018-01-11 19:52:00,-0.1943481311233474
2018-01-11 19:52:10,-0.200366042734243
2018-01-11 19:52:20,-0.20604236231321837
2018-01-11 19:52:30,-0.21133704828102726
2018-01-11 19:52:40,-0.21620238129497832
2018-01-11 19:52:50,-0.22058641366064216
2018-01-11 19:53:00,-0.22443765927710638
2018-01-11 19:53:10,-0.227707283775656
2018-01-11 19:53:20,-0.23035156549264318
2018-01-11 19:53:30,-0.2323361735988324
2018-01-11 19:53:40,-0.2336386476040782
2018-01-11 19:53:50,-0.2342475902309088
2018-01-11 19:54:00,-0.23416087918855152
2018-01-11 19:54:10,-0.23338674184757777
2018-01-11 19:54:20,-0.2319491883451907
2018-01-11 19:54:30,-0.22989277982317785
2018-01-11 19:54:40,-0.2272805600907872
2018-01-11 19:54:50,-0.22418653606036715
2018-01-11 19:55:00,-0.22068813260212805
2018-01-11 19:55:10,-0.21686124427461717
2018-01-11 19:55:20,-0.21277905530462307
2018-01-11 19:55:30,-0.20851440176121594
2018-01-11 19:55:40,-0.20414260797853748
2018-01-11 19:55:50,-0.19974114084959999
2018-01-11 19:56:00,-0.19538441002379048
2018-01-11 19:56:10,-0.19113556076794064
2018-01-11 19:56:20,-0.1870390762914364
2018-01-11 19:56:30,-0.1831177478162213
2018-01-11 19:56:40,-0.17937553982377047
2018-01-11 19:56:50,-0.17580355370077774
2018-01-11 19:57:00,-0.17238476946761935
2018-01-11 19:57:10,-0.1690960489582896
2018-01-11 19:57:20,-0.16590840345084734
2018-01-11 19:57:30,-0.16278776964010294
2018-01-11 19:57:40,-0.1596969380659533
2018-01-11 19:57:50,-0.15659737762813875
2018-01-11 19:58:00,-0.15345153070819145
2018-01-11 19:58:10,-0.15022416415690185
2018-01-11 19:58:20,-0.1468814337612937
2018-01-11 19:58:30,-0.1433935080932143
2018-01-11 19:58:40,-0.13974211371886508
2018-01-11 19:58:50,-0.13592594736930858
2018-01-11 19:59:00,-0.1319614548417685
2018-01-11 19:59:10,-0.12788024761002978
2018-01-11 19:59:20,-0.12372360122967045
2018-01-11 19:59:30,-0.11953632544704063
2018-01-11 19:59:40,-0.11536244192942306
2018-01-11 19:59:50,-0.11124191327930026
2018-01-11 20:00:00,-0.10720667175982077
2018-01-11 20:00:10,-0.103278161717137
2018-01-11 20:00:20,-0.09946905646578014
2018-01-11 20:00:30,-0.09578560128009028
2018-01-11 20:00:40,-0.092227140205196
2018-01-11 20:00:50,-0.08878678648089547
2018-01-11 20:01:00,-0.08545795308580258
2018-01-11 20:01:10,-0.08224319539875827
2018-01-11 20:01:20,-0.07915764449295451
2018-01-11 20:01:30,-0.07622595684376712
2018-01-11 20:01:40,-0.0734785713513539
2018-01-11 20:01:50,-0.07094843723658155
2018-01-11 20:02:00,-0.06866312888239877
2018-01-11 20:02:10,-0.0666354247718178
2018-01-11 20:02:20,-0.06486200303052833
2018-01-11 20:02:30,-0.06332971404719988
2018-01-11 20:02:40,-0.06202096370156917
2018-01-11 20:02:50,-0.060914807388759006
2018-01-11 20:03:00,-0.0599856914528601
2018-01-11 20:03:10,-0.059201076487495924
2018-01-11 20:03:20,-0.058520727814804066
2018-01-11 20:03:30,-0.05790154214111915
2018-01-11 20:03:40,-0.05730518985506087
2018-01-11 20:03:50,-0.05670536147219541
2018-01-11 20:04:00,-0.05609353551307488
2018-01-11 20:04:10,-0.05547665567282053
2018-01-11 20:04:20,-0.05486727119882983
2018-01-11 20:04:30,-0.05427836264044105
2018-01-11 20:04:40,-0.053726041740209673
2018-01-11 20:04:50,-0.053232859240856814
2018-01-11 20:05:00,-0.0528280121634581
2018-01-11 20:05:10,-0.0525457368252644
2018-01-11 20:05:20,-0.05242384266389538
2018-01-11 20:05:30,-0.05250123566645665
2018-01-11 20:05:40,-0.05281220847699856
2018-01-11 20:05:50,-0.053379980837669594
2018-01-11 20:06:00,-0.05421271652993847
2018-01-11 20:06:10,-0.055300550060018334
2018-01-11 20:06:20,-0.05661196325925391
2018-01-11 20:06:30,-0.058091504829764884
2018-01-11 20:06:40,-0.05966149862805783
2018-01-11 20:06:50,-0.0612272286949035
2018-01-11 20:07:00,-0.06268142880236793
2018-01-11 20:07:10,-0.06390622344222167
2018-01-11 20:07:20,-0.06477611735409353
2018-01-11 20:07:30,-0.06516311525150476
2018-01-11 20:07:40,-0.0649401678122708
2018-01-11 20:07:50,-0.063982215035304
2018-01-11 20:08:00,-0.062167513123282
2018-01-11 20:08:10,-0.05938068728902453
2018-01-11 20:08:20,-0.05551986506522078
2018-01-11 20:08:30,-0.05050868286718641
2018-01-11 20:08:40,-0.044307610783789426
2018-01-11 20:08:50,-0.03691992437164759
2018-01-11 20:09:00,-0.02839230553014157
2018-01-11 20:09:10,-0.01881056809875337
2018-01-11 20:09:20,-0.008291896749703228
2018-01-11 20:09:30,0.0030242071884893115
2018-01-11 20:09:40,0.01498371790044755
2018-01-11 20:09:50,0.027421816805578418
2018-01-11 20:10:00,0.040163688478171464
2018-01-11 20:10:10,0.0530287400886882
2018-01-11 20:10:20,0.0658415388700054
2018-01-11 20:10:30,0.0784429745939979
2018-01-11 20:10:40,0.09069575637300824
2018-01-11 20:10:50,0.10248735973100127
2018-01-11 20:11:00,0.11373220605563351
2018-01-11 20:11:10,0.12437033765143059
2018-01-11 20:11:20,0.1343643318918933
2018-01-11 20:11:30,0.14369809650175572
2018-01-11 20:11:40,0.1523759714848591
2018-01-11 20:11:50,0.1604179436658596
2018-01-11 20:12:00,0.16784960716860894
2018-01-11 20:12:10,0.17469183415395498
2018-01-11 20:12:20,0.18095656588937584
2018-01-11 20:12:30,0.18664823277956485
2018-01-11 20:12:40,0.19176687706393145
2018-01-11 20:12:50,0.19630948750519236
2018-01-11 20:13:00,0.20026622628573457
2018-01-11 20:13:10,0.20361340426372454
2018-01-11 20:13:20,0.20630880511040814
2018-01-11 20:13:30,0.2082908277058916
2018-01-11 20:13:40,0.20947914777701038
2018-01-11 20:13:50,0.20977777244491838
2018-01-11 20:14:00,0.20908360655506142
2018-01-11 20:14:10,0.20729777666986082
2018-01-11 20:14:20,0.20433395160642223
2018-01-11 20:14:30,0.20012227357864643
2018-01-11 20:14:40,0.19461207030393887
2018-01-11 20:14:50,0.18777793504246099
2018-01-11 20:15:00,0.17962907488217675
2018-01-11 20:15:10,0.17021516893360147
2018-01-11 20:15:20,0.15962206090412756
2018-01-11 20:15:30,0.1479596831265336
2018-01-11 20:15:40,0.13535106021872303
2018-01-11 20:15:50,0.12192583127323589
2018-01-11 20:16:00,0.10781688497729308
2018-01-11 20:16:10,0.09315904542744058
2018-01-11 20:16:20,0.0780872640286855
2018-01-11 20:16:30,0.06273224037252825
2018-01-11 20:16:40,0.04721598561310543
2018-01-11 20:16:50,0.03165178083431483
2018-01-11 20:17:00,0.01614771016878122
2018-01-11 20:17:10,0.0008086161884715857
2018-01-11 20:17:20,-0.014264226882045164
2018-01-11 20:17:30,-0.02897178424265699
2018-01-11 20:17:40,-0.04321454113659929
2018-01-11 20:17:50,-0.056893909759845866
2018-01-11 20:18:00,-0.06991576780833413
2018-01-11 20:18:10,-0.08218753020390375
2018-01-11 20:18:20,-0.09361174614669689
2018-01-11 20:18:30,-0.10408555964642394
2018-01-11 20:18:40,-0.11350527310589117
2018-01-11 20:18:50,-0.1217705930307351
2018-01-11 20:19:00,-0.12878766641052186
2018-01-11 20:19:10,-0.1344741571658709
2018-01-11 20:19:20,-0.1387668828195204
2018-01-11 20:19:30,-0.14162602268668711
2018-01-11 20:19:40,-0.14303327893000373
2018-01-11 20:19:50,-0.14298739748202477
2018-01-11 20:20:00,-0.141500020681016
2018-01-11 20:20:10,-0.13859553365943425
2018-01-11 20:20:20,-0.1343148786162344
2018-01-11 20:20:30,-0.12871849219795292
2018-01-11 20:20:40,-0.12188791287985289
2018-01-11 20:20:50,-0.11392741501211376
2018-01-11 20:21:00,-0.10496375323568563
2018-01-11 20:21:10,-0.09514266687974976
2018-01-11 20:21:20,-0.0846229008610152
2018-01-11 20:21:30,-0.07357111513438327
2018-01-11 20:21:40,-0.0621629418917692
2018-01-11 20:21:50,-0.05058843483679125
2018-01-11 20:22:00,-0.039051534400197714
2018-01-11 20:22:10,-0.027759417569037586
2018-01-11 20:22:20,-0.0169073407943199
2018-01-11 20:22:30,-0.006664033778439431
2018-01-11 20:22:40,0.002838764349471712
2018-01-11 20:22:50,0.011510526624627801
2018-01-11 20:23:00,0.01930068093511967
2018-01-11 20:23:10,0.026192150178834566
2018-01-11 20:23:20,0.03219293568338928
2018-01-11 20:23:30,0.03733227530104852
2018-01-11 20:23:40,0.041661260835371555
2018-01-11 20:23:50,0.04525374899916137
2018-01-11 20:24:00,0.048207462892413365
2018-01-11 20:24:10,0.05064409700184965
2018-01-11 20:24:20,0.052705161010598835
2018-01-11 20:24:30,0.054543984794875704
2018-01-11 20:24:40,0.056315858093552655
2018-01-11 20:24:50,0.058166895866361146
2018-01-11 20:25:00,0.06022390040707409
2018-01-11 20:25:10,0.06258943386576131
2018-01-11 20:25:20,0.06534141239752148
2018-01-11 20:25:30,0.06853208185854012
2018-01-11 20:25:40,0.07218582150681564
2018-01-11 20:25:50,0.07630017457131953
2018-01-11 20:26:00,0.08085261831733032
2018-01-11 20:26:10,0.08581021222989142
2018-01-11 20:26:20,0.0911368435339229
2018-01-11 20:26:30,0.09679481126988508
2018-01-11 20:26:40,0.10274182818970513
2018-01-11 20:26:50,0.10892887943834255
2018-01-11 20:27:00,0.11530142056958688
2018-01-11 20:27:10,0.12180146853409826
2018-01-11 20:27:20,0.12837017140405527
2018-01-11 20:27:30,0.13495064180561822
2018-01-11 20:27:40,0.14149033501296124
2018-01-11 20:27:50,0.14794565463951267
2018-01-11 20:28:00,0.15428972686227363
2018-01-11 20:28:10,0.16051785514090053
2018-01-11 20:28:20,0.16664476972333256
2018-01-11 20:28:30,0.17269591548895277
2018-01-11 20:28:40,0.1787001350875652
2018-01-11 20:28:50,0.18468616577484703
2018-01-11 20:29:00,0.19067877064144603
2018-01-11 20:29:10,0.19669065850721218
2018-01-11 20:29:20,0.20271444837079955
2018-01-11 20:29:30,0.20872297420070682
2018-01-11 20:29:40,0.21467708158429805
2018-01-11 20:29:50,0.22053325662741863
2018-01-11 20:30:00,0.22624848897291325
2018-01-11 20:30:10,0.2317842077267952
2018-01-11 20:30:20,0.2371105680169527
2018-01-11 20:30:30,0.24221046525737272
2018-01-11 20:30:40,0.2470804614421374
2018-01-11 20:30:50,0.25172685347744006
2018-01-11 20:31:00,0.2561594503543766
2018-01-11 20:31:10,0.2603869834652915
2018-01-11 20:31:20,0.26441476011730425
2018-01-11 20:31:30,0.2682435048604159
2018-01-11 20:31:40,0.27187008713380934
2018-01-11 20:31:50,0.27529143151025937
2018-01-11 20:32:00,0.2785111889852968
2018-01-11 20:32:10,0.2815451638135093
2018-01-11 20:32:20,0.2844202352461399
2018-01-11 20:32:30,0.2871676271958941
2018-01-11 20:32:40,0.289815402695732
2018-01-11 20:32:50,0.2923813994534277
2018-01-11 20:33:00,0.2948682073419369
2018-01-11 20:33:10,0.2972632542899886
2018-01-11 20:33:20,0.2995426057957862
2018-01-11 20:33:30,0.3016758342114868
2018-01-11 20:33:40,0.3036300775883483
2018-01-11 20:33:50,0.305371614975683
2018-01-11 20:34:00,0.3068657219508038
2018-01-11 20:34:10,0.30807511321646863
2018-01-11 20:34:20,0.3089571821027026
2018-01-11 20:34:30,0.3094634964490318
2018-01-11 20:34:40,0.30954282903636443
2018-01-11 20:34:50,0.30914333335429106
2018-01-11 20:35:00,0.3082104027142233
2018-01-11 20:35:10,0.3066839313057076
2018-01-11 20:35:20,0.30450089590199864
2018-01-11 20:35:30,0.301601259682101
2018-01-11 20:35:40,0.2979313827838147
2018-01-11 20:35:50,0.2934465729422841
2018-01-11 20:36:00,0.28811719335750186
2018-01-11 20:36:10,0.28193482211187293
2018-01-11 20:36:20,0.2749134115531928
2018-01-11 20:36:30,0.2670873323192488
2018-01-11 20:36:40,0.25850919172161746
2018-01-11 20:36:50,0.2492479102336647
2018-01-11 20:37:00,0.23938715924828188
2018-01-11 20:37:10,0.22902363060487327
2018-01-11 20:37:20,0.21826497268083736
2018-01-11 20:37:30,0.20722828708654806
2018-01-11 20:37:40,0.19603872613605333
2018-01-11 20:37:50,0.18482756473895076
2018-01-11 20:38:00,0.17373073727972294
2018-01-11 20:38:10,0.1628869562695676
2018-01-11 20:38:20,0.15243418572169337
2018-01-11 20:38:30,0.14250513893930322
2018-01-11 20:38:40,0.1332220873881932
2018-01-11 20:38:50,0.12469158361730855
2018-01-11 20:39:00,0.11700045357093707
2018-01-11 20:39:10,0.11021300381423774
2018-01-11 20:39:20,0.10436833944154499
2018-01-11 20:39:30,0.09947824381552874
2018-01-11 20:39:40,0.0955258261746844
2018-01-11 20:39:50,0.0924629199331681
2018-01-11 20:40:00,0.09020532233121326
2018-01-11 20:40:10,0.08862974258978937
2018-01-11 20:40:20,0.08757958426394548
2018-01-11 20:40:30,0.08688086012043805
2018-01-11 20:40:40,0.08635967029032915
2018-01-11 20:40:50,0.08585216838879328
2018-01-11 20:41:00,0.08520588823054784
2018-01-11 20:41:10,0.08427908365015974
2018-01-11 20:41:20,0.08294412991782012
2018-01-11 20:41:30,0.08109290956564784
2018-01-11 20:41:40,0.07864103789755039
2018-01-11 20:41:50,0.07553108898596168
2018-01-11 20:42:00,0.07173377697559358
2018-01-11 20:42:10,0.06724708459795269
2018-01-11 20:42:20,0.0620950536821238
2018-01-11 20:42:30,0.056327144868167096
2018-01-11 20:42:40,0.05001709271258933
2018-01-11 20:42:50,0.04325822370888283
2018-01-11 20:43:00,0.03615629647527608
2018-01-11 20:43:10,0.028825300128120835
2018-01-11 20:43:20,0.02138633013674014
2018-01-11 20:43:30,0.01396410402816215
2018-01-11 20:43:40,0.00668039755350861
2018-01-11 20:43:50,-0.00035156245400129704
2018-01-11 20:44:00,-0.007031912778505979
2018-01-11 20:44:10,-0.013279285375180735
2018-01-11 20:44:20,-0.01903174817983972
2018-01-11 20:44:30,-0.024242968558402585
2018-01-11 20:44:40,-0.02888030639304396
2018-01-11 20:44:50,-0.03292684623661776
2018-01-11 20:45:00,-0.03638371399426174
2018-01-11 20:45:10,-0.03926944447559958
2018-01-11 20:45:20,-0.04161540794178579
2018-01-11 20:45:30,-0.04346132713572869
2018-01-11 20:45:40,-0.04485527658784588
2018-01-11 20:45:50,-0.04585487952038506
2018-01-11 20:46:00,-0.04652425600288723
2018-01-11 20:46:10,-0.04692824679084455
2018-01-11 20:46:20,-0.047130471912574044
2018-01-11 20:46:30,-0.047195817489755175
2018-01-11 20:46:40,-0.047189444509841506
2018-01-11 20:46:50,-0.04717100310874651
2018-01-11 20:47:00,-0.047191127230659664
2018-01-11 20:47:10,-0.047291591792323694
2018-01-11 20:47:20,-0.04750667825172713
2018-01-11 20:47:30,-0.047865825424037355
2018-01-11 20:47:40,-0.048397446076420755
2018-01-11 20:47:50,-0.04913221250792139
2018-01-11 20:48:00,-0.050102846996989116
2018-01-11 20:48:10,-0.05133935824381938
2018-01-11 20:48:20,-0.05286274942168001
2018-01-11 20:48:30,-0.0546796112706665
2018-01-11 20:48:40,-0.0567787638688111
2018-01-11 20:48:50,-0.05913209854640611
2018-01-11 20:49:00,-0.06169905212723771
2018-01-11 20:49:10,-0.06443145923193866
2018-01-11 20:49:20,-0.06727821803972744
2018-01-11 20:49:30,-0.07019091275674359
2018-01-11 20:49:40,-0.07312779739087846
2018-01-11 20:49:50,-0.07605316305974358
2018-01-11 20:50:00,-0.0789371428686614
2018-01-11 20:50:10,-0.08175994244563539
2018-01-11 20:50:20,-0.08451290490162905
2018-01-11 20:50:30,-0.0871920615249728
2018-01-11 20:50:40,-0.08979009291389232
2018-01-11 20:50:50,-0.09229115148334717
2018-01-11 20:51:00,-0.09467090900637529
2018-01-11 20:51:10,-0.09690366732559831
2018-01-11 20:51:20,-0.09897236617122855
2018-01-11 20:51:30,-0.10087604364961682
2018-01-11 20:51:40,-0.10263554726273072
2018-01-11 20:51:50,-0.1042979900750924
2018-01-11 20:52:00,-0.10593419503153523
2018-01-11 20:52:10,-0.10762599191789149
2018-01-11 20:52:20,-0.10945107452635562
2018-01-11 20:52:30,-0.11147587722365773
2018-01-11 20:52:40,-0.11375752226188107
2018-01-11 20:52:50,-0.11634656673374552
2018-01-11 20:53:00,-0.1192831936070812
2018-01-11 20:53:10,-0.12259099400303794
2018-01-11 20:53:20,-0.1262779802276642
2018-01-11 20:53:30,-0.13034227256881753
2018-01-11 20:53:40,-0.13477328851235573
2018-01-11 20:53:50,-0.13955049940364034
2018-01-11 20:54:00,-0.14464465893057737
2018-01-11 20:54:10,-0.15001812673693046
2018-01-11 20:54:20,-0.1556228631821734
2018-01-11 20:54:30,-0.16139927305371826
2018-01-11 20:54:40,-0.16727520761927486
2018-01-11 20:54:50,-0.1731644580463594
2018-01-11 20:55:00,-0.178969882619864
2018-01-11 20:55:10,-0.1845927691409692
2018-01-11 20:55:20,-0.18993977150933244
2018-01-11 20:55:30,-0.19492075076411788
2018-01-11 20:55:40,-0.19944252850291247
2018-01-11 20:55:50,-0.203405913793279
2018-01-11 20:56:00,-0.20670747360146177
2018-01-11 20:56:10,-0.20924459858141845
2018-01-11 20:56:20,-0.21092288487920668
2018-01-11 20:56:30,-0.21166617640085283
2018-01-11 20:56:40,-0.21142815804410328
2018-01-11 20:56:50,-0.2102008092641708
2018-01-11 20:57:00,-0.20801664611865986
2018-01-11 20:57:10,-0.20494656401816486
2018-01-11 20:57:20,-0.20109517049620687
2018-01-11 20:57:30,-0.19659283971504518
2018-01-11 20:57:40,-0.19158516886948307
2018-01-11 20:57:50,-0.18622372556747963
2018-01-11 20:58:00,-0.1806617246866578
2018-01-11 20:58:10,-0.17505500856207282
2018-01-11 20:58:20,-0.16956345547560353
2018-01-11 20:58:30,-0.16434678473857775
2018-01-11 20:58:40,-0.15955515500016912
2018-01-11 20:58:50,-0.15531959191152392
2018-01-11 20:59:00,-0.1517480630782813
2018-01-11 20:59:10,-0.14892970192782207
2018-01-11 20:59:20,-0.1469405375087084
2018-01-11 20:59:30,-0.14584305891544688
2018-01-11 20:59:40,-0.14568036570406756
2018-01-11 20:59:50,-0.14647031373542851
2018-01-11 21:00:00,-0.1482042998476033
2018-01-11 21:00:10,-0.1508512803383777
2018-01-11 21:00:20,-0.15436535098832682
2018-01-11 21:00:30,-0.15869466164095541
2018-01-11 21:00:40,-0.1637858961823217
2018-01-11 21:00:50,-0.16958039812956582
2018-01-11 21:01:00,-0.1760073750743233
2018-01-11 21:01:10,-0.1829826063206201
2018-01-11 21:01:20,-0.19041378207867232
2018-01-11 21:01:30,-0.19820680790648398
2018-01-11 21:01:40,-0.20626785595477673
2018-01-11 21:01:50,-0.21450207180479966
2018-01-11 21:02:00,-0.22281404008164765
2018-01-11 21:02:10,-0.23111078708542418
2018-01-11 21:02:20,-0.23930311400375628
2018-01-11 21:02:30,-0.2473027026195483
2018-01-11 21:02:40,-0.25501814800858325
2018-01-11 21:02:50,-0.26235706467927716
2018-01-11 21:03:00,-0.2692360729224254
2018-01-11 21:03:10,-0.27559173198581655
2018-01-11 21:03:20,-0.28138736653528273
2018-01-11 21:03:30,-0.2866174392481399
2018-01-11 21:03:40,-0.2913087965663233
2018-01-11 21:03:50,-0.2955159999062942
2018-01-11 21:04:00,-0.2993133900510253
2018-01-11 21:04:10,-0.3027865105352176
2018-01-11 21:04:20,-0.306023195242767
2018-01-11 21:04:30,-0.3091085249193853
2018-01-11 21:04:40,-0.31212618618387555
2018-01-11 21:04:50,-0.3151604775314807
2018-01-11 21:05:00,-0.3182936608157565
2018-01-11 21:05:10,-0.3216014646127611
2018-01-11 21:05:20,-0.325151165534747
2018-01-11 21:05:30,-0.3290016436435977
2018-01-11 21:05:40,-0.3332036158587735
2018-01-11 21:05:50,-0.33779925459408633
2018-01-11 21:06:00,-0.3428190069224074
2018-01-11 21:06:10,-0.348277527128652
2018-01-11 21:06:20,-0.35417555881964524
2018-01-11 21:06:30,-0.36050723024111486
2018-01-11 21:06:40,-0.3672639041172966
2018-01-11 21:06:50,-0.3744310424205179
2018-01-11 21:07:00,-0.38198339068961007
2018-01-11 21:07:10,-0.38988261618343384
2018-01-11 21:07:20,-0.39807614735667407
2018-01-11 21:07:30,-0.40649600245318096
2018-01-11 21:07:40,-0.4150580964755817
2018-01-11 21:07:50,-0.42366264689821537
2018-01-11 21:08:00,-0.432196776715647
2018-01-11 21:08:10,-0.44053887590304835
2018-01-11 21:08:20,-0.4485620840444405
2018-01-11 21:08:30,-0.4561350404773894
2018-01-11 21:08:40,-0.4631223618243278
2018-01-11 21:08:50,-0.4693916479774693
2018-01-11 21:09:00,-0.4748273903116881
2018-01-11 21:09:10,-0.4793412332371593
2018-01-11 21:09:20,-0.4828721326677563
2018-01-11 21:09:30,-0.4853821186014112
2018-01-11 21:09:40,-0.48685314528260965
2018-01-11 21:09:50,-0.48728318196656895
2018-01-11 21:10:00,-0.486682018171067
2018-01-11 21:10:10,-0.48507050185339984
2018-01-11 21:10:20,-0.48248283940475833
2018-01-11 21:10:30,-0.47897065502527886
2018-01-11 21:10:40,-0.47460888605503865
2018-01-11 21:10:50,-0.4695005436109219
2018-01-11 21:11:00,-0.4637739023073427
2018-01-11 21:11:10,-0.4575708296728619
2018-01-11 21:11:20,-0.45103334555308977
2018-01-11 21:11:30,-0.4442952079765801
2018-01-11 21:11:40,-0.43748103992970155
2018-01-11 21:11:50,-0.4307096421696939
2018-01-11 21:12:00,-0.42409475112015277
2018-01-11 21:12:10,-0.41774303674050745
2018-01-11 21:12:20,-0.41175198479891645
2018-01-11 21:12:30,-0.40620505954432795
2018-01-11 21:12:40,-0.40116272195857555
2018-01-11 21:12:50,-0.3966548605263269
2018-01-11 21:13:00,-0.3926807977540736
2018-01-11 21:13:10,-0.3892140859289833
2018-01-11 21:13:20,-0.3862048733244789
2018-01-11 21:13:30,-0.38358230028019563
2018-01-11 21:13:40,-0.38126382931250347
2018-01-11 21:13:50,-0.37916749870556876
2018-01-11 21:14:00,-0.3772192284722425
2018-01-11 21:14:10,-0.3753546443148172
2018-01-11 21:14:20,-0.3735174860390114
2018-01-11 21:14:30,-0.371658296444581
2018-01-11 21:14:40,-0.36973727218934743
2018-01-11 21:14:50,-0.3677273302402473
2018-01-11 21:15:00,-0.36561412704377105
2018-01-11 21:15:10,-0.3633974430715343
2018-01-11 21:15:20,-0.3610935664258072
2018-01-11 21:15:30,-0.35873494407707895
2018-01-11 21:15:40,-0.35636885584366357
2018-01-11 21:15:50,-0.35405549686215715
2018-01-11 21:16:00,-0.3518633452516534
2018-01-11 21:16:10,-0.34986301802858094
2018-01-11 21:16:20,-0.34812237515429395
2018-01-11 21:16:30,-0.34670546037171496
2018-01-11 21:16:40,-0.34567541247434597
2018-01-11 21:16:50,-0.34509698824175344
2018-01-11 21:17:00,-0.3450349517608612
2018-01-11 21:17:10,-0.345549646692162
2018-01-11 21:17:20,-0.34669387412026537
2018-01-11 21:17:30,-0.3485110252687162
2018-01-11 21:17:40,-0.3510302435844375
2018-01-11 21:17:50,-0.35425928286643066
2018-01-11 21:18:00,-0.358180898037382
2018-01-11 21:18:10,-0.3627545865233487
2018-01-11 21:18:20,-0.36791933561308277
2018-01-11 21:18:30,-0.3735934493684374
2018-01-11 21:18:40,-0.37967243715109533
2018-01-11 21:18:50,-0.3860292372727636
2018-01-11 21:19:00,-0.39251749034380445
2018-01-11 21:19:10,-0.39897416971258237
2018-01-11 21:19:20,-0.40522160684773934
2018-01-11 21:19:30,-0.4110711959570575
2018-01-11 21:19:40,-0.41632947342808896
2018-01-11 21:19:50,-0.420809380517981
2018-01-11 21:20:00,-0.42434606001688174
2018-01-11 21:20:10,-0.4268092378981529
2018-01-11 21:20:20,-0.4281079656990597
2018-01-11 21:20:30,-0.42819159490103537
2018-01-11 21:20:40,-0.42704997675266904
2018-01-11 21:20:50,-0.42470985279079465
2018-01-11 21:21:00,-0.42122531715698763
2018-01-11 21:21:10,-0.416666944813173
2018-01-11 21:21:20,-0.41111506699473893
2018-01-11 21:21:30,-0.40465739624955893
2018-01-11 21:21:40,-0.3973886310489134
2018-01-11 21:21:50,-0.38941107054596336
2018-01-11 21:22:00,-0.38083572617672934
2018-01-11 21:22:10,-0.3717828930663203
2018-01-11 21:22:20,-0.3623807730762844
2018-01-11 21:22:30,-0.3527620343018417
2018-01-11 21:22:40,-0.3430595791533897
2018-01-11 21:22:50,-0.3334003578773567
2018-01-11 21:23:00,-0.3238977047835534
2018-01-11 21:23:10,-0.31464803531165453
2018-01-11 21:23:20,-0.30573274766998765
2018-01-11 21:23:30,-0.29721831189018166
2018-01-11 21:23:40,-0.2891525400255421
2018-01-11 21:23:50,-0.2815634100321774
2018-01-11 21:24:00,-0.27446320184515927
2018-01-11 21:24:10,-0.2678527592760199
2018-01-11 21:24:20,-0.26172346996804063
2018-01-11 21:24:30,-0.2560589539886345
2018-01-11 21:24:40,-0.2508344202900077
2018-01-11 21:24:50,-0.2460131136460714
2018-01-11 21:25:00,-0.24154583754808628
2018-01-11 21:25:10,-0.23737585354267157
2018-01-11 21:25:20,-0.2334450525978312
2018-01-11 21:25:30,-0.2296997303117489
2018-01-11 21:25:40,-0.22609651148252988
2018-01-11 21:25:50,-0.22260524136839224
2018-01-11 21:26:00,-0.2192054800321751
2018-01-11 21:26:10,-0.21587943702558351
2018-01-11 21:26:20,-0.21260697328042563
2018-01-11 21:26:30,-0.20936318009647187
2018-01-11 21:26:40,-0.206117092341585
2018-01-11 21:26:50,-0.20283403457137475
2018-01-11 21:27:00,-0.19948049867247986
2018-01-11 21:27:10,-0.1960247191809202
2018-01-11 21:27:20,-0.19243204725824192
2018-01-11 21:27:30,-0.1886598108637014
2018-01-11 21:27:40,-0.1846529234971461
2018-01-11 21:27:50,-0.18034247079568078
2018-01-11 21:28:00,-0.1756523548250373
2018-01-11 21:28:10,-0.17051210663406388
2018-01-11 21:28:20,-0.16486746151973242
2018-01-11 21:28:30,-0.1586833187401345
2018-01-11 21:28:40,-0.15193965869054538
2018-01-11 21:28:50,-0.14462523421405454
2018-01-11 21:29:00,-0.1367346395774723
2018-01-11 21:29:10,-0.12826959565766455
2018-01-11 21:29:20,-0.11924226058710946
2018-01-11 21:29:30,-0.10967941505309606
2018-01-11 21:29:40,-0.09962307335459958
2018-01-11 21:29:50,-0.08912437253830095
2018-01-11 21:30:00,-0.07823647988653801
2018-01-11 21:30:10,-0.0670107608447344
2018-01-11 21:30:20,-0.055494102877027274
2018-01-11 21:30:30,-0.043727738213203894
2018-01-11 21:30:40,-0.0317495886347399
2018-01-11 21:30:50,-0.01959771861993982
2018-01-11 21:31:00,-0.007312134890460045
2018-01-11 21:31:10,0.005063761162553709
2018-01-11 21:31:20,0.01748234176786684
2018-01-11 21:31:30,0.02989378654475109
2018-01-11 21:31:40,0.04225033197300474
2018-01-11 21:31:50,0.05451154460324662
2018-01-11 21:32:00,0.06664912354362444
2018-01-11 21:32:10,0.07864930953427052
2018-01-11 21:32:20,0.09051350649424723
2018-01-11 21:32:30,0.10225714940912874
2018-01-11 21:32:40,0.11390605128914266
2018-01-11 21:32:50,0.12549159199974133
2018-01-11 21:33:00,0.13704659476579906
2018-01-11 21:33:10,0.14860389331631477
2018-01-11 21:33:20,0.16019529470568747
2018-01-11 21:33:30,0.1718456041209227
2018-01-11 21:33:40,0.18356591505340056
2018-01-11 21:33:50,0.19535248827103371
2018-01-11 21:34:00,0.20718669671935994
2018-01-11 21:34:10,0.21903301436503744
2018-01-11 21:34:20,0.23083981119489333
2018-01-11 21:34:30,0.24254456042361205
2018-01-11 21:34:40,0.25408051445536795
2018-01-11 21:34:50,0.2653804547365373
2018-01-11 21:35:00,0.2763758442208292
2018-01-11 21:35:10,0.28699700463660366
2018-01-11 21:35:20,0.2971773824244651
2018-01-11 21:35:30,0.3068566153437867
2018-01-11 21:35:40,0.3159790535075691
2018-01-11 21:35:50,0.3244911362356143
2018-01-11 21:36:00,0.33234177268353715
2018-01-11 21:36:10,0.3394859983583258
2018-01-11 21:36:20,0.3458891659424372
2018-01-11 21:36:30,0.35152767246347266
2018-01-11 21:36:40,0.3563841997779508
2018-01-11 21:36:50,0.36043956857082193
2018-01-11 21:37:00,0.3636651589994981
2018-01-11 21:37:10,0.3660196224467032
2018-01-11 21:37:20,0.36745175299595617
2018-01-11 21:37:30,0.36790914281726317
2018-01-11 21:37:40,0.36734898674452177
2018-01-11 21:37:50,0.3657450488811933
2018-01-11 21:38:00,0.3630890636649595
2018-01-11 21:38:10,0.35938896465081677
2018-01-11 21:38:20,0.35466678505973814
2018-01-11 21:38:30,0.3489597342877709
2018-01-11 21:38:40,0.3423240428949281
2018-01-11 21:38:50,0.3348359732428046
2018-01-11 21:39:00,0.32658741760804244
2018-01-11 21:39:10,0.31767973703042296
2018-01-11 21:39:20,0.3082209960372714
2018-01-11 21:39:30,0.29832803850571615
2018-01-11 21:39:40,0.28812881934518103
2018-01-11 21:39:50,0.27776102696366517
2018-01-11 21:40:00,0.2673687852060344
2018-01-11 21:40:10,0.2570977145917409
2018-01-11 21:40:20,0.24708680989190673
2018-01-11 21:40:30,0.23745975500150293
2018-01-11 21:40:40,0.22831862797124944
2018-01-11 21:40:50,0.21974064968483376
2018-01-11 21:41:00,0.21177744346583408
2018-01-11 21:41:10,0.20445494632228808
2018-01-11 21:41:20,0.19777483714540692
2018-01-11 21:41:30,0.19172193169086252
2018-01-11 21:41:40,0.1862763658921345
2018-01-11 21:41:50,0.18142140842127297
2018-01-11 21:42:00,0.1771435192603467
2018-01-11 21:42:10,0.17343090935950473
2018-01-11 21:42:20,0.17027379508781426
2018-01-11 21:42:30,0.16766437086263927
2018-01-11 21:42:40,0.16559621602118677
2018-01-11 21:42:50,0.16406399628825064
2018-01-11 21:43:00,0.16306200898167633
2018-01-11 21:43:10,0.16257954038506323
2018-01-11 21:43:20,0.16259457613921027
2018-01-11 21:43:30,0.16307000146558123
2018-01-11 21:43:40,0.1639546346983341
2018-01-11 21:43:50,0.16518753734184458
2018-01-11 21:44:00,0.16670154127442402
2018-01-11 21:44:10,0.16842468622276524
2018-01-11 21:44:20,0.1702832238231873
2018-01-11 21:44:30,0.1722081972575525
2018-01-11 21:44:40,0.1741416810273576
2018-01-11 21:44:50,0.17603882370942409
2018-01-11 21:45:00,0.17786624388675
2018-01-11 21:45:10,0.1795978747975519
2018-01-11 21:45:20,0.18120964989986438
2018-01-11 21:45:30,0.18267725472529922
2018-01-11 21:45:40,0.1839785101980094
2018-01-11 21:45:50,0.18509639319919627
2018-01-11 21:46:00,0.18601933998312134
2018-01-11 21:46:10,0.18673924978823078
2018-01-11 21:46:20,0.18724963287908455
2018-01-11 21:46:30,0.18754528618541963
2018-01-11 21:46:40,0.1876216879704023
2018-01-11 21:46:50,0.18747254067343733
2018-01-11 21:47:00,0.18708653003621656
2018-01-11 21:47:10,0.18644472566846496
2018-01-11 21:47:20,0.18551953327843804
2018-01-11 21:47:30,0.1842758630305333
2018-01-11 21:47:40,0.182676101884959
2018-01-11 21:47:50,0.18068913769448344
2018-01-11 21:48:00,0.17829781008802528
2018-01-11 21:48:10,0.17549994762526447
2018-01-11 21:48:20,0.17230521639240515
2018-01-11 21:48:30,0.16873264058359674
2018-01-11 21:48:40,0.1648129985423531
2018-01-11 21:48:50,0.16059533116656236
2018-01-11 21:49:00,0.1561525558675693
2018-01-11 21:49:10,0.15158459372354682
2018-01-11 21:49:20,0.14701844110181747
2018-01-11 21:49:30,0.14260313046000075
2018-01-11 21:49:40,0.1385005665394116
2018-01-11 21:49:50,0.13487389530410623
2018-01-11 21:50:00,0.1318733568501536
2018-01-11 21:50:10,0.12962502944618381
2018-01-11 21:50:20,0.12823099149063044
2018-01-11 21:50:30,0.12777705431566758
2018-01-11 21:50:40,0.12833515663366757
2018-01-11 21:50:50,0.12995725429320126
2018-01-11 21:51:00,0.13266676319666462
2018-01-11 21:51:10,0.13645135962006308
2018-01-11 21:51:20,0.14125937245756393
2018-01-11 21:51:30,0.1470006991193149
2018-01-11 21:51:40,0.15354790370873397
2018-01-11 21:51:50,0.16073585317246708
2018-01-11 21:52:00,0.16836583889714613
2018-01-11 21:52:10,0.17621814635654753
2018-01-11 21:52:20,0.18406938521368946
2018-01-11 21:52:30,0.1917073701740628
2018-01-11 21:52:40,0.19894134344893952
2018-01-11 21:52:50,0.20560895328110218
2018-01-11 21:53:00,0.21157786417611446
2018-01-11 21:53:10,0.21674230890249258
2018-01-11 21:53:20,0.22101897322081673
2018-01-11 21:53:30,0.22434323429846434
2018-01-11 21:53:40,0.22666387187862047
2018-01-11 21:53:50,0.22793708014919103
2018-01-11 21:54:00,0.22812439128037743
2018-01-11 21:54:10,0.22719531753967528
2018-01-11 21:54:20,0.22513040454351615
2018-01-11 21:54:30,0.22192411065522497
2018-01-11 21:54:40,0.21758889446890037
2018-01-11 21:54:50,0.2121572837741748
2018-01-11 21:55:00,0.20568034208816843
2018-01-11 21:55:10,0.19822633564096515
2018-01-11 21:55:20,0.18988215057336222
2018-01-11 21:55:30,0.18075681559535162
2018-01-11 21:55:40,0.17098348100962277
2018-01-11 21:55:50,0.1607150349794818
2018-01-11 21:56:00,0.15011364259463125
2018-01-11 21:56:10,0.1393407798023209
2018-01-11 21:56:20,0.12855481695015364
2018-01-11 21:56:30,0.1179146876857227
2018-01-11 21:56:40,0.10758096919155433
2018-01-11 21:56:50,0.09771098407796694
2018-01-11 21:57:00,0.08845062855963313
2018-01-11 21:57:10,0.07992561939517302
2018-01-11 21:57:20,0.07223507530921457
2018-01-11 21:57:30,0.06544876324149655
2018-01-11 21:57:40,0.05960756612108155
2018-01-11 21:57:50,0.05472671478141237
2018-01-11 21:58:00,0.05079927280886118
2018-01-11 21:58:10,0.04779807201928516
2018-01-11 21:58:20,0.04567839964064368
2018-01-11 21:58:30,0.044383544391727474
2018-01-11 21:58:40,0.04385165476651277
2018-01-11 21:58:50,0.04402134648042645
2018-01-11 21:59:00,0.044835204925789754
2018-01-11 21:59:10,0.04624169163416271
2018-01-11 21:59:20,0.048195834845077834
2018-01-11 21:59:30,0.05065844108660192
2018-01-11 21:59:40,0.05359381273284542
2018-01-11 21:59:50,0.056965909054500594
2018-01-11 22:00:00,0.060733318373995725
2018-01-11 22:00:10,0.06484623769994559
2018-01-11 22:00:20,0.06924949351356378
2018-01-11 22:00:30,0.07388980232872583
2018-01-11 22:00:40,0.07872053080554689
2018-01-11 22:00:50,0.08370248590038964
2018-01-11 22:01:00,0.08880457874413128
2018-01-11 22:01:10,0.09400461979727247
2018-01-11 22:01:20,0.09928780117518682
2018-01-11 22:01:30,0.10464339486311068
2018-01-11 22:01:40,0.11006149609635235
2018-01-11 22:01:50,0.11552883352256545
2018-01-11 22:02:00,0.12102462929225302
2018-01-11 22:02:10,0.1265211774555397
2018-01-11 22:02:20,0.13198875148707992
2018-01-11 22:02:30,0.13740079293521043
2018-01-11 22:02:40,0.14273816655393745
2018-01-11 22:02:50,0.14799094792205927
2018-01-11 22:03:00,0.15315610385638015
2018-01-11 22:03:10,0.1582364344598678
2018-01-11 22:03:20,0.16324703804225715
2018-01-11 22:03:30,0.16822248328772266
2018-01-11 22:03:40,0.17321430933704507
2018-01-11 22:03:50,0.17828121451779425
2018-01-11 22:04:00,0.1834793200641764
2018-01-11 22:04:10,0.18885552620958201
2018-01-11 22:04:20,0.19444438593445157
2018-01-11 22:04:30,0.2002664886887375
2018-01-11 22:04:40,0.2063278562314742
2018-01-11 22:04:50,0.21262321429829165
2018-01-11 22:05:00,0.219142343157385
2018-01-11 22:05:10,0.22587394922145632
2018-01-11 22:05:20,0.2328035265070618
2018-01-11 22:05:30,0.23990852526458847
2018-01-11 22:05:40,0.24715457230791008
2018-01-11 22:05:50,0.25449094295642316
2018-01-11 22:06:00,0.2618476462439712
2018-01-11 22:06:10,0.269140313286502
2018-01-11 22:06:20,0.2762803947907965
2018-01-11 22:06:30,0.2831849990236132
2018-01-11 22:06:40,0.2897843854520825
2018-01-11 22:06:50,0.2960241019490217
2018-01-11 22:07:00,0.30186200509377425
2018-01-11 22:07:10,0.30726619108526654
2018-01-11 22:07:20,0.31221571767721207
2018-01-11 22:07:30,0.31670079336644835
2018-01-11 22:07:40,0.3207207770104728
2018-01-11 22:07:50,0.3242807909113927
2018-01-11 22:08:00,0.3273894732566894
2018-01-11 22:08:10,0.33005846325366056
2018-01-11 22:08:20,0.3323013458449341
2018-01-11 22:08:30,0.3341342723453194
2018-01-11 22:08:40,0.33558249446133404
2018-01-11 22:08:50,0.336689495913676
2018-01-11 22:09:00,0.3375211448608734
2018-01-11 22:09:10,0.33816315017433995
2018-01-11 22:09:20,0.33871679616873174
2018-01-11 22:09:30,0.33929643440187657
2018-01-11 22:09:40,0.3400273082759302
2018-01-11 22:09:50,0.34104332781156643
2018-01-11 22:10:00,0.34248544702063033
2018-01-11 22:10:10,0.344496804954755
2018-01-11 22:10:20,0.34721235518568033
2018-01-11 22:10:30,0.3507477844270874
2018-01-11 22:10:40,0.35519348042915133
2018-01-11 22:10:50,0.3606159588224214
2018-01-11 22:11:00,0.36706325306218573
2018-01-11 22:11:10,0.37456670189847985
2018-01-11 22:11:20,0.38313742645179183
2018-01-11 22:11:30,0.3927617456622427
2018-01-11 22:11:40,0.40339817246695797
2018-01-11 22:11:50,0.4149771842779801
2018-01-11 22:12:00,0.42740406316699625
2018-01-11 22:12:10,0.4405629337765654
2018-01-11 22:12:20,0.4543213937520052
2018-01-11 22:12:30,0.46853565146890647
2018-01-11 22:12:40,0.48305373595837325
2018-01-11 22:12:50,0.49771773949366
2018-01-11 22:13:00,0.5123670186469522
2018-01-11 22:13:10,0.526838993283573
2018-01-11 22:13:20,0.540969088295117
2018-01-11 22:13:30,0.5545960743256966
2018-01-11 22:13:40,0.5675690414321144
2018-01-11 22:13:50,0.5797476233571444
2018-01-11 22:14:00,0.5909965230521246
2018-01-11 22:14:10,0.6011816805816961
2018-01-11 22:14:20,0.6101718943957526
2018-01-11 22:14:30,0.6178433377965585
2018-01-11 22:14:40,0.6240832347203183
2018-01-11 22:14:50,0.6287929249600209
2018-01-11 22:15:00,0.6318911663145723
2018-01-11 22:15:10,0.6333166270655194
2018-01-11 22:15:20,0.6330291628373411
2018-01-11 22:15:30,0.6310101275564862
2018-01-11 22:15:40,0.6272619311365978
2018-01-11 22:15:50,0.6218068181946853
2018-01-11 22:16:00,0.6146856381190349
2018-01-11 22:16:10,0.6059587959173217
2018-01-11 22:16:20,0.5957081533268703
2018-01-11 22:16:30,0.5840372581171958
2018-01-11 22:16:40,0.5710744487405413
2018-01-11 22:16:50,0.5569811156601444
2018-01-11 22:17:00,0.5419554679275725
2018-01-11 22:17:10,0.5262258700961783
2018-01-11 22:17:20,0.5100392447862399
2018-01-11 22:17:30,0.4936482458235895
2018-01-11 22:17:40,0.4772961820159698
2018-01-11 22:17:50,0.4612022334064997
2018-01-11 22:18:00,0.44555177770860954
2018-01-11 22:18:10,0.4304914585920025
2018-01-11 22:18:20,0.4161250205661471
2018-01-11 22:18:30,0.40250909994730893
2018-01-11 22:18:40,0.3896520564559852
2018-01-11 22:18:50,0.37751924282816207
2018-01-11 22:19:00,0.3660449759352846
2018-01-11 22:19:10,0.355146274598556
2018-01-11 22:19:20,0.3447333998475899
2018-01-11 22:19:30,0.3347177743476
2018-01-11 22:19:40,0.32501621404163056
2018-01-11 22:19:50,0.3155474991081131
2018-01-11 22:20:00,0.3062266791252913
2018-01-11 22:20:10,0.29696741600004684
2018-01-11 22:20:20,0.28769080353555027
2018-01-11 22:20:30,0.27833056251305754
2018-01-11 22:20:40,0.26883144644770446
2018-01-11 22:20:50,0.2591474541701699
2018-01-11 22:21:00,0.24924631150209667
2018-01-11 22:21:10,0.23911820309742401
2018-01-11 22:21:20,0.22878157795369344
2018-01-11 22:21:30,0.21828218774294
2018-01-11 22:21:40,0.20768730114650752
2018-01-11 22:21:50,0.19707943045928683
2018-01-11 22:22:00,0.18655090135785057
2018-01-11 22:22:10,0.17619735901579095
2018-01-11 22:22:20,0.16611072922882777
2018-01-11 22:22:30,0.1563740278630944
2018-01-11 22:22:40,0.14705843285980252
2018-01-11 22:22:50,0.13822290918741095
2018-01-11 22:23:00,0.12991635589645906
2018-01-11 22:23:10,0.12218007251771068
2018-01-11 22:23:20,0.11504871541663529
2018-01-11 22:23:30,0.10854934761252696
2018-01-11 22:23:40,0.1026996261346848
2018-01-11 22:23:50,0.0975064631037151
2018-01-11 22:24:00,0.09296412888542573
2018-01-11 22:24:10,0.08905187084428096
2018-01-11 22:24:20,0.08573268098798778
2018-01-11 22:24:30,0.08295330818203873
2018-01-11 22:24:40,0.08064742635152446
2018-01-11 22:24:50,0.07874310621592015
2018-01-11 22:25:00,0.07717001600090359
2018-01-11 22:25:10,0.07586273845951746
2018-01-11 22:25:20,0.07476315387114145
2018-01-11 22:25:30,0.07382475870247644
2018-01-11 22:25:40,0.07301544475392531
2018-01-11 22:25:50,0.07231378297352176
2018-01-11 22:26:00,0.0716989764500596
2018-01-11 22:26:10,0.07114021715801302
2018-01-11 22:26:20,0.07059176253713102
2018-01-11 22:26:30,0.06999500733351005
2018-01-11 22:26:40,0.0692848953188285
2018-01-11 22:26:50,0.06839752670592988
2018-01-11 22:27:00,0.06727614694919165
2018-01-11 22:27:10,0.06587483212916505
2018-01-11 22:27:20,0.06416118467524287
2018-01-11 22:27:30,0.06211792446849039
2018-01-11 22:27:40,0.059741678481436904
2018-01-11 22:27:50,0.057038287939659364
2018-01-11 22:28:00,0.05401511969361057
2018-01-11 22:28:10,0.05067273087771197
2018-01-11 22:28:20,0.047000071969551555
2018-01-11 22:28:30,0.04297287825188363
2018-01-11 22:28:40,0.038551197029036255
2018-01-11 22:28:50,0.03367725701942362
2018-01-11 22:29:00,0.02827624841945908
2018-01-11 22:29:10,0.02225745558573748
2018-01-11 22:29:20,0.01551586382195296
2018-01-11 22:29:30,0.007940394130308311
2018-01-11 22:29:40,-0.0005700624838737955
2018-01-11 22:29:50,-0.010089654673691039
2018-01-11 22:30:00,-0.02065286111767078
2018-01-11 22:30:10,-0.032248015851586743
2018-01-11 22:30:20,-0.044819425031908944
2018-01-11 22:30:30,-0.058276008391499746
2018-01-11 22:30:40,-0.07250013674422953
2018-01-11 22:30:50,-0.08735570152196491
2018-01-11 22:31:00,-0.10269845080346097
2018-01-11 22:31:10,-0.11838766622002556
2018-01-11 22:31:20,-0.1342940789806558
2018-01-11 22:31:30,-0.1502989433940349
2018-01-11 22:31:40,-0.16628455401697884
2018-01-11 22:31:50,-0.1821227999710566
2018-01-11 22:32:00,-0.19766962120409784
2018-01-11 22:32:10,-0.21276927194877546
2018-01-11 22:32:20,-0.22726588546726106
2018-01-11 22:32:30,-0.24101625873751084
2018-01-11 22:32:40,-0.253899307624601
2018-01-11 22:32:50,-0.26582120872515896
2018-01-11 22:33:00,-0.2767177544826692
2018-01-11 22:33:10,-0.2865548571219462
2018-01-11 22:33:20,-0.2953269840295374
2018-01-11 22:33:30,-0.30305366216367563
2018-01-11 22:33:40,-0.309774418306725
2018-01-11 22:33:50,-0.3155443481640319
2018-01-11 22:34:00,-0.32043211933977483
2018-01-11 22:34:10,-0.3245186249790361
2018-01-11 22:34:20,-0.3278948975092555
2018-01-11 22:34:30,-0.3306583270686512
2018-01-11 22:34:40,-0.33290655254617074
2018-01-11 22:34:50,-0.3347329220072367
2018-01-11 22:35:00,-0.3362263321776696
2018-01-11 22:35:10,-0.337472130619143
2018-01-11 22:35:20,-0.3385512971948233
2018-01-11 22:35:30,-0.3395380584569576
2018-01-11 22:35:40,-0.3404950470528784
2018-01-11 22:35:50,-0.3414659005111901
2018-01-11 22:36:00,-0.3424700288284744
2018-01-11 22:36:10,-0.34350379678657766
2018-01-11 22:36:20,-0.34454511862793424
2018-01-11 22:36:30,-0.34555706678244036
2018-01-11 22:36:40,-0.3464911600276729
2018-01-11 22:36:50,-0.3472914253782935
2018-01-11 22:37:00,-0.34789816811828445
2018-01-11 22:37:10,-0.34825265002549455
2018-01-11 22:37:20,-0.3483047606005688
2018-01-11 22:37:30,-0.34802080159950677
2018-01-11 22:37:40,-0.34738585065400207
2018-01-11 22:37:50,-0.3464002937463055
2018-01-11 22:38:00,-0.34507366439203147
2018-01-11 22:38:10,-0.34341608464953033
2018-01-11 22:38:20,-0.3414290038233144
2018-01-11 22:38:30,-0.3391000785573866
2018-01-11 22:38:40,-0.3364025188496767
2018-01-11 22:38:50,-0.3332962483580568
2018-01-11 22:39:00,-0.3297316124854759
2018-01-11 22:39:10,-0.3256561275741194
2018-01-11 22:39:20,-0.32102025467686784
2018-01-11 22:39:30,-0.31577921987051744
2018-01-11 22:39:40,-0.30989365033601207
2018-01-11 22:39:50,-0.3033322531433754
2018-01-11 22:40:00,-0.2960757604603715
2018-01-11 22:40:10,-0.2881207777160691
2018-01-11 22:40:20,-0.27948311868458625
2018-01-11 22:40:30,-0.2701983329537268
2018-01-11 22:40:40,-0.26031820525225924
2018-01-11 22:40:50,-0.24990802594750466
2018-01-11 22:41:00,-0.2390483991169985
2018-01-11 22:41:10,-0.2278345003442101
2018-01-11 22:41:20,-0.2163655175003119
2018-01-11 22:41:30,-0.20473144557791573
2018-01-11 22:41:40,-0.19300795681079522
2018-01-11 22:41:50,-0.18125953867685027
2018-01-11 22:42:00,-0.16954467912336965
2018-01-11 22:42:10,-0.15791784259268507
2018-01-11 22:42:20,-0.1464282672449205
2018-01-11 22:42:30,-0.13512086251006575
2018-01-11 22:42:40,-0.12404089485315734
2018-01-11 22:42:50,-0.11323622081753991
2018-01-11 22:43:00,-0.10275163701322904
2018-01-11 22:43:10,-0.09261751071731317
2018-01-11 22:43:20,-0.08283915982705949
2018-01-11 22:43:30,-0.07339401837364719
2018-01-11 22:43:40,-0.06424067152411103
2018-01-11 22:43:50,-0.05533374269643603
2018-01-11 22:44:00,-0.04663371432697237
2018-01-11 22:44:10,-0.038109960140445
2018-01-11 22:44:20,-0.02974272486342836
2018-01-11 22:44:30,-0.021527682957135415
2018-01-11 22:44:40,-0.013481021930149856
2018-01-11 22:44:50,-0.005640374940180351
2018-01-11 22:45:00,0.0019390512129182796
2018-01-11 22:45:10,0.009190501785838212
2018-01-11 22:45:20,0.016041333546277268
2018-01-11 22:45:30,0.022415532661157474
2018-01-11 22:45:40,0.02823246183346385
2018-01-11 22:45:50,0.03340457594418404
2018-01-11 22:46:00,0.03783681833136378
2018-01-11 22:46:10,0.04142906967077129
2018-01-11 22:46:20,0.04408251674377229
2018-01-11 22:46:30,0.045711094675047394
2018-01-11 22:46:40,0.046257402837626596
2018-01-11 22:46:50,0.04570447702551005
2018-01-11 22:47:00,0.04407325948545021
2018-01-11 22:47:10,0.04141134623413295
2018-01-11 22:47:20,0.03778567851020076
2018-01-11 22:47:30,0.033278991562828784
2018-01-11 22:47:40,0.0279851694844668
2018-01-11 22:47:50,0.02200518726923407
2018-01-11 22:48:00,0.015445410976848284
2018-01-11 22:48:10,0.008414991438880344
2018-01-11 22:48:20,0.0010197347333381907
2018-01-11 22:48:30,-0.006643004002948552
2018-01-11 22:48:40,-0.014482908437978495
2018-01-11 22:48:50,-0.02241083609931073
2018-01-11 22:49:00,-0.03033514482517454
2018-01-11 22:49:10,-0.038163759287927805
2018-01-11 22:49:20,-0.04580903984020045
2018-01-11 22:49:30,-0.05318932051253819
2018-01-11 22:49:40,-0.06022531124004391
2018-01-11 22:49:50,-0.06683751035598297
2018-01-11 22:50:00,-0.07294997061384102
2018-01-11 22:50:10,-0.07849863368122319
2018-01-11 22:50:20,-0.08344073945611248
2018-01-11 22:50:30,-0.08776054142437902
2018-01-11 22:50:40,-0.09146730987006103
2018-01-11 22:50:50,-0.09458828856066702
2018-01-11 22:51:00,-0.09716129251315032
2018-01-11 22:51:10,-0.09922989834501031
2018-01-11 22:51:20,-0.10084138094362038
2018-01-11 22:51:30,-0.10204263546320008
2018-01-11 22:51:40,-0.10287236805995265
2018-01-11 22:51:50,-0.10335405523901241
2018-01-11 22:52:00,-0.10349310901031347
2018-01-11 22:52:10,-0.10328124050717552
2018-01-11 22:52:20,-0.10270922350842333
2018-01-11 22:52:30,-0.10178085188356045
2018-01-11 22:52:40,-0.1005184589322675
2018-01-11 22:52:50,-0.09895866137736029
2018-01-11 22:53:00,-0.09714485439039502
2018-01-11 22:53:10,-0.09512234452030459
2018-01-11 22:53:20,-0.09293585341699075
2018-01-11 22:53:30,-0.09062778281308147
2018-01-11 22:53:40,-0.08823822155050828
2018-01-11 22:53:50,-0.08580614302530616
2018-01-11 22:54:00,-0.0833695036017407
2018-01-11 22:54:10,-0.08096312249412274
2018-01-11 22:54:20,-0.07861701013120226
2018-01-11 22:54:30,-0.07635983168039216
2018-01-11 22:54:40,-0.07422601972998365
2018-01-11 22:54:50,-0.07225895533498913
2018-01-11 22:55:00,-0.07050415285401954
2018-01-11 22:55:10,-0.06899541282812706
2018-01-11 22:55:20,-0.0677454582753616
2018-01-11 22:55:30,-0.0667480529512984
2018-01-11 22:55:40,-0.06598906209065103
2018-01-11 22:55:50,-0.0654600822084362
2018-01-11 22:56:00,-0.06516711116659075
2018-01-11 22:56:10,-0.06512936684789468
2018-01-11 22:56:20,-0.06537051510940735
2018-01-11 22:56:30,-0.06590962919797026
2018-01-11 22:56:40,-0.06675681618606875
2018-01-11 22:56:50,-0.06791259909544853
2018-01-11 22:57:00,-0.06936754003862673
2018-01-11 22:57:10,-0.07109900019752403
2018-01-11 22:57:20,-0.07306560362441994
2018-01-11 22:57:30,-0.07520506272966826
2018-01-11 22:57:40,-0.07743957460308717
2018-01-11 22:57:50,-0.07968459984608509
2018-01-11 22:58:00,-0.08185352214457668
2018-01-11 22:58:10,-0.08385898384632445
2018-01-11 22:58:20,-0.0856158862029833
2018-01-11 22:58:30,-0.08704492048718619
2018-01-11 22:58:40,-0.08807471553492381
2018-01-11 22:58:50,-0.08864308058038554
2018-01-11 22:59:00,-0.08869734796202566
2018-01-11 22:59:10,-0.08819606111711904
2018-01-11 22:59:20,-0.08711374395053048
2018-01-11 22:59:30,-0.08544396282822382
2018-01-11 22:59:40,-0.08319382012281128
2018-01-11 22:59:50,-0.08037230338339174
2018-01-11 23:00:00,-0.0769821567996657
2018-01-11 23:00:10,-0.07301735594209892
2018-01-11 23:00:20,-0.06846101503868737
2018-01-11 23:00:30,-0.06328087920487466
2018-01-11 23:00:40,-0.05742480819355409
2018-01-11 23:00:50,-0.05082400504774803
2018-01-11 23:01:00,-0.04340542466300392
2018-01-11 23:01:10,-0.03510218907104736
2018-01-11 23:01:20,-0.025856457596562094
2018-01-11 23:01:30,-0.015622058706761368
2018-01-11 23:01:40,-0.004372742385998181
2018-01-11 23:01:50,0.007885043820294015
2018-01-11 23:02:00,0.02110079643227742
2018-01-11 23:02:10,0.03517788390280088
2018-01-11 23:02:20,0.04998173022034958
2018-01-11 23:02:30,0.06535227160303649
2018-01-11 23:02:40,0.0811160083269947
2018-01-11 23:02:50,0.09709628387002489
2018-01-11 23:03:00,0.11312279387902764
2018-01-11 23:03:10,0.1290395557797393
2018-01-11 23:03:20,0.1447082314107594
2018-01-11 23:03:30,0.16000902110901735
2018-01-11 23:03:40,0.17484373942434756
2018-01-11 23:03:50,0.18913814455454533
2018-01-11 23:04:00,0.2028383772578136
2018-01-11 23:04:10,0.21590440638683905
2018-01-11 23:04:20,0.22830702606715989
2018-01-11 23:04:30,0.24002838127271806
2018-01-11 23:04:40,0.25106118748167233
2018-01-11 23:04:50,0.26140675717798234
2018-01-11 23:05:00,0.2710740368613473
2018-01-11 23:05:10,0.2800765502908917
2018-01-11 23:05:20,0.28842710735801447
2018-01-11 23:05:30,0.29613748313786536
2018-01-11 23:05:40,0.3032239877747415
2018-01-11 23:05:50,0.3097106704066807
2018-01-11 23:06:00,0.3156285653070751
2018-01-11 23:06:10,0.32101651158835026
2018-01-11 23:06:20,0.32592370913758933
2018-01-11 23:06:30,0.3304110440152926
2018-01-11 23:06:40,0.33454974975237634
2018-01-11 23:06:50,0.3384154305805853
2018-01-11 23:07:00,0.34207612878536503
2018-01-11 23:07:10,0.3455781649131623
2018-01-11 23:07:20,0.3489394140032314
2018-01-11 23:07:30,0.3521546824854886
2018-01-11 23:07:40,0.3552061299085161
2018-01-11 23:07:50,0.35807198169975535
2018-01-11 23:08:00,0.3607323119713459
2018-01-11 23:08:10,0.36317065017080613
2018-01-11 23:08:20,0.3653721213642245
2018-01-11 23:08:30,0.3673208622604253
2018-01-11 23:08:40,0.368998208525563
2018-01-11 23:08:50,0.3703833031472588
2018-01-11 23:09:00,0.3714565960307251
2018-01-11 23:09:10,0.3722046956638349
2018-01-11 23:09:20,0.37262618582161466
2018-01-11 23:09:30,0.37273694728746837
2018-01-11 23:09:40,0.37257021378526156
2018-01-11 23:09:50,0.3721696594917279
2018-01-11 23:10:00,0.3715808105335284
2018-01-11 23:10:10,0.37084604330101784
2018-01-11 23:10:20,0.37000280988513623
2018-01-11 23:10:30,0.3690845923554666
2018-01-11 23:10:40,0.36812631752062924
2018-01-11 23:10:50,0.3671691494357591
2018-01-11 23:11:00,0.3662561301215874
2018-01-11 23:11:10,0.3654221731793712
2018-01-11 23:11:20,0.36468768578305394
2018-01-11 23:11:30,0.3640572435101314
2018-01-11 23:11:40,0.36352191167879655
2018-01-11 23:11:50,0.363064003300642
2018-01-11 23:12:00,0.3626588997351124
2018-01-11 23:12:10,0.36227083402689975
2018-01-11 23:12:20,0.36184838280656556
2018-01-11 23:12:30,0.3613265585384845
2018-01-11 23:12:40,0.36063658505537294
2018-01-11 23:12:50,0.3597189274004067
2018-01-11 23:13:00,0.3585319971656253
2018-01-11 23:13:10,0.3570523147308499
2018-01-11 23:13:20,0.3552686534106326
2018-01-11 23:13:30,0.35317546927069426
2018-01-11 23:13:40,0.35076977928189185
2018-01-11 23:13:50,0.34805120783779525
2018-01-11 23:14:00,0.34502018494978737
2018-01-11 23:14:10,0.34167289582623417
2018-01-11 23:14:20,0.3379986167873345
2018-01-11 23:14:30,0.33398254158718876
2018-01-11 23:14:40,0.3296111465510922
2018-01-11 23:14:50,0.3248782801934481
2018-01-11 23:15:00,0.31979318783306515
2018-01-11 23:15:10,0.3143890628929817
2018-01-11 23:15:20,0.30872717373638114
2018-01-11 23:15:30,0.302894960705614
2018-01-11 23:15:40,0.29700079402047297
2018-01-11 23:15:50,0.2911659670479903
2018-01-11 23:16:00,0.28551476895716715
2018-01-11 23:16:10,0.2801664770090058
2018-01-11 23:16:20,0.27522875320101226
2018-01-11 23:16:30,0.27079016977594966
2018-01-11 23:16:40,0.2669156475984879
2018-01-11 23:16:50,0.2636476143352341
2018-01-11 23:17:00,0.26100945559953853
2018-01-11 23:17:10,0.2590082874506178
2018-01-11 23:17:20,0.2576378424199885
2018-01-11 23:17:30,0.2568831250127265
2018-01-11 23:17:40,0.25672499806836785
2018-01-11 23:17:50,0.2571408147525459
2018-01-11 23:18:00,0.25810373348826227
2018-01-11 23:18:10,0.2595853293856628
2018-01-11 23:18:20,0.2615571711666156
2018-01-11 23:18:30,0.263986366862604
2018-01-11 23:18:40,0.26682900380320906
2018-01-11 23:18:50,0.2700275311391566
2018-01-11 23:19:00,0.2735132579427638
2018-01-11 23:19:10,0.27720979335920876
2018-01-11 23:19:20,0.2810326603248851
2018-01-11 23:19:30,0.28488751918366095
2018-01-11 23:19:40,0.28867233470461534
2018-01-11 23:19:50,0.2922822719540133
2018-01-11 23:20:00,0.29561362556174864
2018-01-11 23:20:10,0.2985660326255356
2018-01-11 23:20:20,0.3010440538860882
2018-01-11 23:20:30,0.30296048956912897
2018-01-11 23:20:40,0.3042418014752667
2018-01-11 23:20:50,0.3048330071816755
2018-01-11 23:21:00,0.30470023007242514
2018-01-11 23:21:10,0.3038299889708199
2018-01-11 23:21:20,0.30222657874420655
2018-01-11 23:21:30,0.2999091208182683
2018-01-11 23:21:40,0.2969063324608165
2018-01-11 23:21:50,0.29325024573149333
2018-01-11 23:22:00,0.2889734098519482
2018-01-11 23:22:10,0.28410989555569943
2018-01-11 23:22:20,0.2786965503856514
2018-01-11 23:22:30,0.2727720741099165
2018-01-11 23:22:40,0.2663751224782822
2018-01-11 23:22:50,0.2595434557068881
2018-01-11 23:23:00,0.2523145254129127
2018-01-11 23:23:10,0.24472650665576293
2018-01-11 23:23:20,0.23681798388203318
2018-01-11 23:23:30,0.22862597316435568
2018-01-11 23:23:40,0.22018519180360366
2018-01-11 23:23:50,0.2115310608165525
2018-01-11 23:24:00,0.20270325250694007
2018-01-11 23:24:10,0.19374561233638612
2018-01-11 23:24:20,0.18470489646246857
2018-01-11 23:24:30,0.1756326464333545
2018-01-11 23:24:40,0.1665894491405913
2018-01-11 23:24:50,0.15764665739996597
2018-01-11 23:25:00,0.14888145196631233
2018-01-11 23:25:10,0.14036751375936918
2018-01-11 23:25:20,0.13216711890138516
2018-01-11 23:25:30,0.12432658346014486
2018-01-11 23:25:40,0.11687411764752395
2018-01-11 23:25:50,0.10982009835325082
2018-01-11 23:26:00,0.10315931853735598
2018-01-11 23:26:10,0.09687349939960962
2018-01-11 23:26:20,0.090933670437082
2018-01-11 23:26:30,0.08530292124608146
2018-01-11 23:26:40,0.07993929182877542
2018-01-11 23:26:50,0.07479835244122421
2018-01-11 23:27:00,0.06983525926257642
2018-01-11 23:27:10,0.06500757521523375
2018-01-11 23:27:20,0.06027861202063251
2018-01-11 23:27:30,0.05561724573903811
2018-01-11 23:27:40,0.05099377914556162
2018-01-11 23:27:50,0.0463761245832836
2018-01-11 23:28:00,0.04173027884520053
2018-01-11 23:28:10,0.03702729896741856
2018-01-11 23:28:20,0.032252539311140575
2018-01-11 23:28:30,0.027409490987960586
2018-01-11 23:28:40,0.02251694894056304
2018-01-11 23:28:50,0.017603838512935222
2018-01-11 23:29:00,0.012704742261201293
2018-01-11 23:29:10,0.007855001575905969
2018-01-11 23:29:20,0.003084758046647587
2018-01-11 23:29:30,-0.0015839385648891752
2018-01-11 23:29:40,-0.006133606372809146
2018-01-11 23:29:50,-0.010545368419190992
2018-01-11 23:30:00,-0.014795812747317796
2018-01-11 23:30:10,-0.0188549279118849
2018-01-11 23:30:20,-0.02268448277542622
2018-01-11 23:30:30,-0.026241953806412387
2018-01-11 23:30:40,-0.029488819525075764
2018-01-11 23:30:50,-0.03239641580327261
2018-01-11 23:31:00,-0.034947281340434
2018-01-11 23:31:10,-0.037133572326238
2018-01-11 23:31:20,-0.03895332678316033
2018-01-11 23:31:30,-0.040404755141654584
2018-01-11 23:31:40,-0.04148232273192733
2018-01-11 23:31:50,-0.0421786460202871
2018-01-11 23:32:00,-0.04248795318757591
2018-01-11 23:32:10,-0.042404769867780384
2018-01-11 23:32:20,-0.041920307937507686
2018-01-11 23:32:30,-0.04102229884315224
2018-01-11 23:32:40,-0.03969732746079993
2018-01-11 23:32:50,-0.03793257014605199
2018-01-11 23:33:00,-0.03571813952056018
2018-01-11 23:33:10,-0.03305074799044787
2018-01-11 23:33:20,-0.029935330994366117
2018-01-11 23:33:30,-0.026384553704776718
2018-01-11 23:33:40,-0.022420883999518994
2018-01-11 23:33:50,-0.018079586802535033
2018-01-11 23:34:00,-0.013407195384240445
2018-01-11 23:34:10,-0.008457257678235268
2018-01-11 23:34:20,-0.003285777698131586
2018-01-11 23:34:30,0.0020556466384155253
2018-01-11 23:34:40,0.00752646456373317
2018-01-11 23:34:50,0.01309850002384925
2018-01-11 23:35:00,0.018753122236891896
2018-01-11 23:35:10,0.024478538816732533
2018-01-11 23:35:20,0.030268954575969623
2018-01-11 23:35:30,0.0361238580656589
2018-01-11 23:35:40,0.042044738610741095
2018-01-11 23:35:50,0.04802909577646782
2018-01-11 23:36:00,0.054063493230192564
2018-01-11 23:36:10,0.06011881636265468
2018-01-11 23:36:20,0.06615098689368634
2018-01-11 23:36:30,0.07210499532638891
2018-01-11 23:36:40,0.07791607389921967
2018-01-11 23:36:50,0.08350909000951862
2018-01-11 23:37:00,0.08880376643538153
2018-01-11 23:37:10,0.09372498872540491
2018-01-11 23:37:20,0.09821178417820414
2018-01-11 23:37:30,0.10222220674431547
2018-01-11 23:37:40,0.10573159159302166
2018-01-11 23:37:50,0.10872599152665839
2018-01-11 23:38:00,0.11119804393117211
2018-01-11 23:38:10,0.11314568045098046
2018-01-11 23:38:20,0.11456915597381416
2018-01-11 23:38:30,0.11546784105457321
2018-01-11 23:38:40,0.1158401753574272
2018-01-11 23:38:50,0.1156860783677179
2018-01-11 23:39:00,0.11501025927798347
2018-01-11 23:39:10,0.11382542863898558
2018-01-11 23:39:20,0.11215402956573924
2018-01-11 23:39:30,0.1100278156452547
2018-01-11 23:39:40,0.10748631324513529
2018-01-11 23:39:50,0.10457658420136298
2018-01-11 23:40:00,0.10135539076893707
2018-01-11 23:40:10,0.09789269041155389
2018-01-11 23:40:20,0.09427523969937533
2018-01-11 23:40:30,0.09060887893984762
2018-01-11 23:40:40,0.08701788112693142
2018-01-11 23:40:50,0.08363986137161637
2018-01-11 23:41:00,0.08061552547906828
2018-01-11 23:41:10,0.07807600254805172
2018-01-11 23:41:20,0.07613303440370355
2018-01-11 23:41:30,0.0748754688479235
2018-01-11 23:41:40,0.07437143070871172
2018-01-11 23:41:50,0.0746712549690073
2018-01-11 23:42:00,0.07580527097015646
2018-01-11 23:42:10,0.07777603561209498
2018-01-11 23:42:20,0.08055180721490707
2018-01-11 23:42:30,0.0840682146735714
2018-01-11 23:42:40,0.08823748686870254
2018-01-11 23:42:50,0.0929591127400306
2018-01-11 23:43:00,0.09812878679068687
2018-01-11 23:43:10,0.10364718431429688
2018-01-11 23:43:20,0.10942877019699404
2018-01-11 23:43:30,0.11540789380070651
2018-01-11 23:43:40,0.12153972700476214
2018-01-11 23:43:50,0.1277947829078294
2018-01-11 23:44:00,0.13414910496930965
2018-01-11 23:44:10,0.14057565883569045
2018-01-11 23:44:20,0.1470410789227528
2018-01-11 23:44:30,0.15350876850172282
2018-01-11 23:44:40,0.1599459022478712
2018-01-11 23:44:50,0.16632982737226068
2018-01-11 23:45:00,0.1726508395036367
2018-01-11 23:45:10,0.17890975458140426
2018-01-11 23:45:20,0.18511003576012913
2018-01-11 23:45:30,0.19124756284968553
2018-01-11 23:45:40,0.19730329308969566
2018-01-11 23:45:50,0.20324126435356402
2018-01-11 23:46:00,0.20901035645089483
2018-01-11 23:46:10,0.21454687692779828
2018-01-11 23:46:20,0.21977648718505516
2018-01-11 23:46:30,0.2246178064427915
2018-01-11 23:46:40,0.22898901105523597
2018-01-11 23:46:50,0.23281410088040608
2018-01-11 23:47:00,0.2360264590330084
2018-01-11 23:47:10,0.23857119262393464
2018-01-11 23:47:20,0.2404088205789715
2018-01-11 23:47:30,0.24151823723071902
2018-01-11 23:47:40,0.24189292192382872
2018-01-11 23:47:50,0.24153241196709255
2018-01-11 23:48:00,0.24043904381555115
2018-01-11 23:48:10,0.23862254250346754
2018-01-11 23:48:20,0.23610509246355832
2018-01-11 23:48:30,0.23291995199550827
2018-01-11 23:48:40,0.22910425355832467
2018-01-11 23:48:50,0.22469325278543562
2018-01-11 23:49:00,0.21972116674322906
2018-01-11 23:49:10,0.21422714472532628
2018-01-11 23:49:20,0.20826205005412315
2018-01-11 23:49:30,0.20189320463744354
2018-01-11 23:49:40,0.19520658951380576
2018-01-11 23:49:50,0.18830456362227263
2018-01-11 23:50:00,0.18129734332636604
2018-01-11 23:50:10,0.17429360696697782
2018-01-11 23:50:20,0.16739678675002898
2018-01-11 23:50:30,0.16070395730785994
2018-01-11 23:50:40,0.15430145355115896
2018-01-11 23:50:50,0.14825960092529566
2018-01-11 23:51:00,0.14263145207870973
2018-01-11 23:51:10,0.13745633673203894
2018-01-11 23:51:20,0.13276654685953615
2018-01-11 23:51:30,0.12859092586891807
2018-01-11 23:51:40,0.1249504000131857
2018-01-11 23:51:50,0.12185179221543212
2018-01-11 23:52:00,0.119287157236722
2018-01-11 23:52:10,0.11723610042726262
2018-01-11 23:52:20,0.11566868364822143
2018-01-11 23:52:30,0.11455040920700793
2018-01-11 23:52:40,0.11384661207520134
2018-01-11 23:52:50,0.11352287549140866
2018-01-11 23:53:00,0.11354344577747265
2018-01-11 23:53:10,0.11387075201481676
2018-01-11 23:53:20,0.11446538448041542
2018-01-11 23:53:30,0.11528459643743175
2018-01-11 23:53:40,0.11627954198896738
2018-01-11 23:53:50,0.11739315811616104
2018-01-11 23:54:00,0.11856305388383652
2018-01-11 23:54:10,0.11973066653213268
2018-01-11 23:54:20,0.1208511958611796
2018-01-11 23:54:30,0.12190031988231516
2018-01-11 23:54:40,0.12287726822671456
2018-01-11 23:54:50,0.12380475229665978
2018-01-11 23:55:00,0.1247248755516046
2018-01-11 23:55:10,0.12568958314198625
2018-01-11 23:55:20,0.12675042868363265
2018-01-11 23:55:30,0.12795407146367405
2018-01-11 23:55:40,0.12934277831849342
2018-01-11 23:55:50,0.1309554950296206
2018-01-11 23:56:00,0.13282678489000666
2018-01-11 23:56:10,0.13498210106230024
2018-01-11 23:56:20,0.13742938298629293
2018-01-11 23:56:30,0.14015203849197025
2018-01-11 23:56:40,0.1431093854884167
2018-01-11 23:56:50,0.1462433402129981
2018-01-11 23:57:00,0.14948458504867948
2018-01-11 23:57:10,0.1527547351729938
2018-01-11 23:57:20,0.15596700404992359
2018-01-11 23:57:30,0.15902916052613997
2018-01-11 23:57:40,0.16184979595096843
2018-01-11 23:57:50,0.16434463609582456
2018-01-11 23:58:00,0.16643948940265346
2018-01-11 23:58:10,0.1680720051981864
2018-01-11 23:58:20,0.16919499303191196
2018-01-11 23:58:30,0.16977765643891227
2018-01-11 23:58:40,0.16980053844408693
2018-01-11 23:58:50,0.16924826034707907
2018-01-11 23:59:00,0.16810866641972871
2018-01-11 23:59:10,0.16637927781704964
2018-01-11 23:59:20,0.1640717711609195
2018-01-11 23:59:30,0.16120913363596467
2018-01-11 23:59:40,0.157821389672441
2018-01-11 23:59:50,0.1539443343833451
2018-01-12 00:00:00,0.1496188947886154
2018-01-12 00:00:10,0.14489089951155906
2018-01-12 00:00:20,0.13981364671394766
2018-01-12 00:00:30,0.13445251870754585
2018-01-12 00:00:40,0.12888976901458385
2018-01-12 00:00:50,0.12322961276423086
2018-01-12 00:01:00,0.11760168267636469
2018-01-12 00:01:10,0.11215730433592416
2018-01-12 00:01:20,0.10705705568924209
2018-01-12 00:01:30,0.10245718821833229
2018-01-12 00:01:40,0.09850234790389273
2018-01-12 00:01:50,0.09532166613257463
2018-01-12 00:02:00,0.09302299695873723
2018-01-12 00:02:10,0.09168824543109633
2018-01-12 00:02:20,0.09137391900744532
2018-01-12 00:02:30,0.09211465434602623
2018-01-12 00:02:40,0.09392589844947616
2018-01-12 00:02:50,0.09680340410112653
2018-01-12 00:03:00,0.10072011468993812
2018-01-12 00:03:10,0.10562581201210705
2018-01-12 00:03:20,0.11145128268534216
2018-01-12 00:03:30,0.11811338085418419
2018-01-12 00:03:40,0.12552050580994037
2018-01-12 00:03:50,0.13357719742865462
2018-01-12 00:04:00,0.14218591471533243
2018-01-12 00:04:10,0.15124997532213547
2018-01-12 00:04:20,0.16067867787122544
2018-01-12 00:04:30,0.1703899614375688
2018-01-12 00:04:40,0.1803081631083005
2018-01-12 00:04:50,0.19035762043868523
2018-01-12 00:05:00,0.20045645751713637
2018-01-12 00:05:10,0.2105156051299013
2018-01-12 00:05:20,0.22044373540007658
2018-01-12 00:05:30,0.23015538426116577
2018-01-12 00:05:40,0.23957839760670097
2018-01-12 00:05:50,0.24865849782943103
2018-01-12 00:06:00,0.2573615336019421
2018-01-12 00:06:10,0.2656747374290358
2018-01-12 00:06:20,0.2736080691426225
2018-01-12 00:06:30,0.2811957571668376
2018-01-12 00:06:40,0.2884963960094323
2018-01-12 00:06:50,0.2955880391327916
2018-01-12 00:07:00,0.302557403559317
2018-01-12 00:07:10,0.3094877744236084
2018-01-12 00:07:20,0.3164488076557817
2018-01-12 00:07:30,0.3234896433082258
2018-01-12 00:07:40,0.3306380020022316
2018-01-12 00:07:50,0.3379025633179637
2018-01-12 00:08:00,0.34527266024084635
2018-01-12 00:08:10,0.35271782074744623
2018-01-12 00:08:20,0.3601936223201936
2018-01-12 00:08:30,0.3676510313502916
2018-01-12 00:08:40,0.37504220375248914
2018-01-12 00:08:50,0.3823224136064303
2018-01-12 00:09:00,0.3894508635646467
2018-01-12 00:09:10,0.3963905411125309
2018-01-12 00:09:20,0.40310700646939135
2018-01-12 00:09:30,0.4095695437283018
2018-01-12 00:09:40,0.41575729693977026
2018-01-12 00:09:50,0.4216645798074938
2018-01-12 00:10:00,0.42729830864073104
2018-01-12 00:10:10,0.43267058709527895
2018-01-12 00:10:20,0.4377940436704795
2018-01-12 00:10:30,0.44268000095728455
2018-01-12 00:10:40,0.4473337383749261
2018-01-12 00:10:50,0.4517487375425838
2018-01-12 00:11:00,0.4559079382073719
2018-01-12 00:11:10,0.4597913256095166
2018-01-12 00:11:20,0.463382409178403
2018-01-12 00:11:30,0.46667189588607116
2018-01-12 00:11:40,0.46966141916092496
2018-01-12 00:11:50,0.47236594505911556
2018-01-12 00:12:00,0.4748116306486146
2018-01-12 00:12:10,0.47702994928992937
2018-01-12 00:12:20,0.47904970059258695
2018-01-12 00:12:30,0.48088908527374435
2018-01-12 00:12:40,0.48255265586625284
2018-01-12 00:12:50,0.484034531250475
2018-01-12 00:13:00,0.4853237461596642
2018-01-12 00:13:10,0.4864083224952882
2018-01-12 00:13:20,0.48727729682880805
2018-01-12 00:13:30,0.48791976703365947
2018-01-12 00:13:40,0.4883209838290498
2018-01-12 00:13:50,0.4884586169946013
2018-01-12 00:14:00,0.48830184184632797
2018-01-12 00:14:10,0.48781233860776524
2018-01-12 00:14:20,0.4869446990520584
2018-01-12 00:14:30,0.48564697045004934
2018-01-12 00:14:40,0.4838671390604652
2018-01-12 00:14:50,0.4815666104700008
2018-01-12 00:15:00,0.47873217566092385
2018-01-12 00:15:10,0.47538040632804424
2018-01-12 00:15:20,0.4715562998141865
2018-01-12 00:15:30,0.4673302605761095
2018-01-12 00:15:40,0.462795185024634
2018-01-12 00:15:50,0.4580604587711012
2018-01-12 00:16:00,0.453240127418956
2018-01-12 00:16:10,0.44844001170173403
2018-01-12 00:16:20,0.4437501127327976
2018-01-12 00:16:30,0.43924320199955913
2018-01-12 00:16:40,0.4349771508474574
2018-01-12 00:16:50,0.43099602424148975
2018-01-12 00:17:00,0.4273269687712295
2018-01-12 00:17:10,0.42397839503247675
2018-01-12 00:17:20,0.42094404558644377
2018-01-12 00:17:30,0.4182107762974711
2018-01-12 00:17:40,0.41576832230497
2018-01-12 00:17:50,0.41361770920099944
2018-01-12 00:18:00,0.4117735415230523
2018-01-12 00:18:10,0.41026038013539334
2018-01-12 00:18:20,0.4091047022405874
2018-01-12 00:18:30,0.4083252278375162
2018-01-12 00:18:40,0.4079282454399217
2018-01-12 00:18:50,0.40791015763395244
2018-01-12 00:19:00,0.4082623969184061
2018-01-12 00:19:10,0.4089735270941413
2018-01-12 00:19:20,0.41002772726778636
2018-01-12 00:19:30,0.4114034379470882
2018-01-12 00:19:40,0.41307406681627695
2018-01-12 00:19:50,0.41500850783174165
2018-01-12 00:20:00,0.41717183676998965
2018-01-12 00:20:10,0.41952951950210676
2018-01-12 00:20:20,0.42205410174851066
2018-01-12 00:20:30,0.4247271612895582
2018-01-12 00:20:40,0.4275330475566425
2018-01-12 00:20:50,0.4304509604546991
2018-01-12 00:21:00,0.4334509834527259
2018-01-12 00:21:10,0.43649229692835384
2018-01-12 00:21:20,0.4395226677443161
2018-01-12 00:21:30,0.44248006764922926
2018-01-12 00:21:40,0.44529475163971793
2018-01-12 00:21:50,0.44789072157696735
2018-01-12 00:22:00,0.45018742035214665
2018-01-12 00:22:10,0.45210230993863115
2018-01-12 00:22:20,0.4535533494938189
2018-01-12 00:22:30,0.454460888641938
2018-01-12 00:22:40,0.45475065460671277
2018-01-12 00:22:50,0.45435540660008306
2018-01-12 00:23:00,0.4532122078389052
2018-01-12 00:23:10,0.45126103839557224
2018-01-12 00:23:20,0.44844966444014506
2018-01-12 00:23:30,0.44473946534317976
2018-01-12 00:23:40,0.44010670393227147
2018-01-12 00:23:50,0.43454287456506396
2018-01-12 00:24:00,0.4280587454026218
2018-01-12 00:24:10,0.4206873425326438
2018-01-12 00:24:20,0.41248025027779434
2018-01-12 00:24:30,0.40350197084567874
2018-01-12 00:24:40,0.39382912817190807
2018-01-12 00:24:50,0.3835535145353947
2018-01-12 00:25:00,0.37278530067520327
2018-01-12 00:25:10,0.36165341558514885
2018-01-12 00:25:20,0.3502998059536924
2018-01-12 00:25:30,0.3388699838136393
2018-01-12 00:25:40,0.327506955499012
2018-01-12 00:25:50,0.31634933759693534
2018-01-12 00:26:00,0.3055277603581806
2018-01-12 00:26:10,0.29515622756043736
2018-01-12 00:26:20,0.2853227021959714
2018-01-12 00:26:30,0.2760866588779494
2018-01-12 00:26:40,0.2674862654061151
2018-01-12 00:26:50,0.25954997498347593
2018-01-12 00:27:00,0.2523038733301589
2018-01-12 00:27:10,0.24577095204684185
2018-01-12 00:27:20,0.23996796178034976
2018-01-12 00:27:30,0.23490677164982424
2018-01-12 00:27:40,0.2305980738356964
2018-01-12 00:27:50,0.2270496721416246
2018-01-12 00:28:00,0.2242579560813288
2018-01-12 00:28:10,0.22219986026177851
2018-01-12 00:28:20,0.22083116894070468
2018-01-12 00:28:30,0.22009012723009494
2018-01-12 00:28:40,0.21990238955745467
2018-01-12 00:28:50,0.22018468581303582
2018-01-12 00:29:00,0.22084731899592294
2018-01-12 00:29:10,0.2217969789629483
2018-01-12 00:29:20,0.22294015428875025
2018-01-12 00:29:30,0.2241854901585319
2018-01-12 00:29:40,0.22544380378013093
2018-01-12 00:29:50,0.22662701533519392
2018-01-12 00:30:00,0.22764837279877054
2018-01-12 00:30:10,0.2284245323481976
2018-01-12 00:30:20,0.2288790561926596
2018-01-12 00:30:30,0.22894794841799632
2018-01-12 00:30:40,0.22858574139561944
2018-01-12 00:30:50,0.22776849041142744
2018-01-12 00:31:00,0.22649350053986317
2018-01-12 00:31:10,0.22477629781661612
2018-01-12 00:31:20,0.22264388005488028
2018-01-12 00:31:30,0.22012820963477459
2018-01-12 00:31:40,0.21726416780521257
2018-01-12 00:31:50,0.21408820661258965
2018-01-12 00:32:00,0.2106335953084443
2018-01-12 00:32:10,0.20692413580995225
2018-01-12 00:32:20,0.20296954262224504
2018-01-12 00:32:30,0.19876510772772463
2018-01-12 00:32:40,0.19429627572074099
2018-01-12 00:32:50,0.18954391427865602
2018-01-12 00:33:00,0.18448503088404064
2018-01-12 00:33:10,0.17908901192150556
2018-01-12 00:33:20,0.17331574152118778
2018-01-12 00:33:30,0.16711941741488856
2018-01-12 00:33:40,0.16045347588503003
2018-01-12 00:33:50,0.1532732797147142
2018-01-12 00:34:00,0.1455383441384977
2018-01-12 00:34:10,0.137214363131466
2018-01-12 00:34:20,0.12827447958375396
2018-01-12 00:34:30,0.11869960697375753
2018-01-12 00:34:40,0.10847734826716869
2018-01-12 00:34:50,0.09760086467891615
2018-01-12 00:35:00,0.08606921740747925
2018-01-12 00:35:10,0.0738908697468128
2018-01-12 00:35:20,0.06109218380337555
2018-01-12 00:35:30,0.04772591897888351
2018-01-12 00:35:40,0.033870545814150485
2018-01-12 00:35:50,0.01962011658809964
2018-01-12 00:36:00,0.005073450347292265
2018-01-12 00:36:10,-0.009671263228527795
2018-01-12 00:36:20,-0.024516700304833095
2018-01-12 00:36:30,-0.03936453281617757
2018-01-12 00:36:40,-0.05411664381306283
2018-01-12 00:36:50,-0.06868208494306978
2018-01-12 00:37:00,-0.08298395424380296
2018-01-12 00:37:10,-0.09696021990528218
2018-01-12 00:37:20,-0.11056200381438408
2018-01-12 00:37:30,-0.12375509588618208
2018-01-12 00:37:40,-0.13652183350209995
2018-01-12 00:37:50,-0.1488566208636301
2018-01-12 00:38:00,-0.16075685077776164
2018-01-12 00:38:10,-0.17221685697537228
2018-01-12 00:38:20,-0.18322725035910725
2018-01-12 00:38:30,-0.19377661235165938
2018-01-12 00:38:40,-0.20385143384857077
2018-01-12 00:38:50,-0.2134334164765829
2018-01-12 00:39:00,-0.2224992588872965
2018-01-12 00:39:10,-0.23102455800286223
2018-01-12 00:39:20,-0.23898596216415405
2018-01-12 00:39:30,-0.24635971944071525
2018-01-12 00:39:40,-0.2531210183823663
2018-01-12 00:39:50,-0.25924621794982855
2018-01-12 00:40:00,-0.2647153993390077
2018-01-12 00:40:10,-0.2695146018408456
2018-01-12 00:40:20,-0.27364177673135226
2018-01-12 00:40:30,-0.2771152804455849
2018-01-12 00:40:40,-0.2799773703174724
2018-01-12 00:40:50,-0.2822907959960914
2018-01-12 00:41:00,-0.2841313974326424
2018-01-12 00:41:10,-0.2855786758098136
2018-01-12 00:41:20,-0.2867076175351839
2018-01-12 00:41:30,-0.28758438056427005
2018-01-12 00:41:40,-0.28826508959233477
2018-01-12 00:41:50,-0.28879633670452115
2018-01-12 00:42:00,-0.289216210943191
2018-01-12 00:42:10,-0.28955473852225383
2018-01-12 00:42:20,-0.2898352632141292
2018-01-12 00:42:30,-0.2900799600433397
2018-01-12 00:42:40,-0.29031726136051617
2018-01-12 00:42:50,-0.290583242833594
2018-01-12 00:43:00,-0.29091462804539125
2018-01-12 00:43:10,-0.2913409973339049
2018-01-12 00:43:20,-0.29188246822558117
2018-01-12 00:43:30,-0.29255048545459456
2018-01-12 00:43:40,-0.2933473711374255
2018-01-12 00:43:50,-0.2942651359709574
2018-01-12 00:44:00,-0.29528624104641116
2018-01-12 00:44:10,-0.29638607475722367
2018-01-12 00:44:20,-0.2975355728964494
2018-01-12 00:44:30,-0.29870380113359674
2018-01-12 00:44:40,-0.29986017484403826
2018-01-12 00:44:50,-0.30097660709257934
2018-01-12 00:45:00,-0.30202925970506245
2018-01-12 00:45:10,-0.3029976225495093
2018-01-12 00:45:20,-0.3038631698828773
2018-01-12 00:45:30,-0.3046120773974375
2018-01-12 00:45:40,-0.3052398833591276
2018-01-12 00:45:50,-0.30575353549703355
2018-01-12 00:46:00,-0.30617052460339916
2018-01-12 00:46:10,-0.30651556629317067
2018-01-12 00:46:20,-0.3068137395609012
2018-01-12 00:46:30,-0.3070839828684282
2018-01-12 00:46:40,-0.3073394228506222
2018-01-12 00:46:50,-0.3075903907194976
2018-01-12 00:47:00,-0.3078404694477125
2018-01-12 00:47:10,-0.30807754725064634
2018-01-12 00:47:20,-0.30826950538703635
2018-01-12 00:47:30,-0.30836692501872787
2018-01-12 00:47:40,-0.3083082413925076
2018-01-12 00:47:50,-0.3080238868020991
2018-01-12 00:48:00,-0.3074400080653477
2018-01-12 00:48:10,-0.306483833315065
2018-01-12 00:48:20,-0.3050901367631918
2018-01-12 00:48:30,-0.30320637146331164
2018-01-12 00:48:40,-0.30079543689366955
2018-01-12 00:48:50,-0.2978365997155876
2018-01-12 00:49:00,-0.2943260066304151
2018-01-12 00:49:10,-0.2902784604714408
2018-01-12 00:49:20,-0.2857295582490324
2018-01-12 00:49:30,-0.28073670090473685
2018-01-12 00:49:40,-0.27537964438353874
2018-01-12 00:49:50,-0.2697581776657713
2018-01-12 00:50:00,-0.26398502853620126
2018-01-12 00:50:10,-0.25817862073234993
2018-01-12 00:50:20,-0.2524565664678129
2018-01-12 00:50:30,-0.2469259752015209
2018-01-12 00:50:40,-0.24167334905095972
2018-01-12 00:50:50,-0.23675995647191914
2018-01-12 00:51:00,-0.2322233192213076
2018-01-12 00:51:10,-0.22808179958853855
2018-01-12 00:51:20,-0.22433881059999047
2018-01-12 00:51:30,-0.2209846032239173
2018-01-12 00:51:40,-0.21799541288877264
2018-01-12 00:51:50,-0.21533053200323996
2018-01-12 00:52:00,-0.21292960020033555
2018-01-12 00:52:10,-0.21071416914947597
2018-01-12 00:52:20,-0.2085947773743388
2018-01-12 00:52:30,-0.20647970384193193
2018-01-12 00:52:40,-0.20428065753379068
2018-01-12 00:52:50,-0.2019139969375824
2018-01-12 00:53:00,-0.1993010199214954
2018-01-12 00:53:10,-0.19637042635691507
2018-01-12 00:53:20,-0.19305994538802887
2018-01-12 00:53:30,-0.18931491328155292
2018-01-12 00:53:40,-0.18508631169779807
2018-01-12 00:53:50,-0.18032971360823496
2018-01-12 00:54:00,-0.17500485005389538
2018-01-12 00:54:10,-0.16907553100208678
2018-01-12 00:54:20,-0.1625100963188984
2018-01-12 00:54:30,-0.155284617372617
2018-01-12 00:54:40,-0.1473894725684019
2018-01-12 00:54:50,-0.13883467771495206
2018-01-12 00:55:00,-0.12964968884262923
2018-01-12 00:55:10,-0.11987853168270737
2018-01-12 00:55:20,-0.10957401091469454
2018-01-12 00:55:30,-0.09879341930881874
2018-01-12 00:55:40,-0.0875957433211069
2018-01-12 00:55:50,-0.0760389021231514
2018-01-12 00:56:00,-0.06417615575062818
2018-01-12 00:56:10,-0.052054664505631405
2018-01-12 00:56:20,-0.03971816435864617
2018-01-12 00:56:30,-0.02721029658372162
2018-01-12 00:56:40,-0.014576057949950889
2018-01-12 00:56:50,-0.0018630610491250546
2018-01-12 00:57:00,0.010876207842694306
2018-01-12 00:57:10,0.02358346292526369
2018-01-12 00:57:20,0.036196315466693586
2018-01-12 00:57:30,0.04865024283120097
2018-01-12 00:57:40,0.06087988255255865
2018-01-12 00:57:50,0.07282109486668153
2018-01-12 00:58:00,0.0844121887307543
2018-01-12 00:58:10,0.09559169517031614
2018-01-12 00:58:20,0.1062958713621753
2018-01-12 00:58:30,0.11645961968393134
2018-01-12 00:58:40,0.1260203758576417
2018-01-12 00:58:50,0.1349238577307593
2018-01-12 00:59:00,0.14312725865698514
2018-01-12 00:59:10,0.15059450882784878
2018-01-12 00:59:20,0.15728663999555584
2018-01-12 00:59:30,0.16315553763881485
2018-01-12 00:59:40,0.1681453077840672
2018-01-12 00:59:50,0.17219927665274223
2018-01-12 01:00:00,0.17526665574608252
2018-01-12 01:00:10,0.1773059993839838
2018-01-12 01:00:20,0.17828914006055988
2018-01-12 01:00:30,0.17820810971952755
2018-01-12 01:00:40,0.17708120342813577
2018-01-12 01:00:50,0.1749523383658852
2018-01-12 01:01:00,0.1718835976413733
2018-01-12 01:01:10,0.1679463014228506
2018-01-12 01:01:20,0.16321490484631818
2018-01-12 01:01:30,0.1577662849655935
2018-01-12 01:01:40,0.15168467799573104
2018-01-12 01:01:50,0.14506959271028022
2018-01-12 01:02:00,0.1380429209235116
2018-01-12 01:02:10,0.13074942425704433
2018-01-12 01:02:20,0.12334758355754429
2018-01-12 01:02:30,0.11599766194746566
2018-01-12 01:02:40,0.10885484208006875
2018-01-12 01:02:50,0.10206480314781116
2018-01-12 01:03:00,0.0957557400678807
2018-01-12 01:03:10,0.09002813060727406
2018-01-12 01:03:20,0.08494798687534318
2018-01-12 01:03:30,0.08054635681818212
2018-01-12 01:03:40,0.07682395174006483
2018-01-12 01:03:50,0.073758376770392
2018-01-12 01:04:00,0.0713103294225691
2018-01-12 01:04:10,0.06942699866485963
2018-01-12 01:04:20,0.06804505314036881
2018-01-12 01:04:30,0.06709446359528909
2018-01-12 01:04:40,0.06650179531611031
2018-01-12 01:04:50,0.06619351532487444
2018-01-12 01:05:00,0.06609991590132153
2018-01-12 01:05:10,0.06615691151453097
2018-01-12 01:05:20,0.06630438677191602
2018-01-12 01:05:30,0.06648394785445406
2018-01-12 01:05:40,0.06663773713923324
2018-01-12 01:05:50,0.06670630917524746
2018-01-12 01:06:00,0.06662498170660013
2018-01-12 01:06:10,0.06632179186633361
2018-01-12 01:06:20,0.06571911940053267
2018-01-12 01:06:30,0.06473896699843303
2018-01-12 01:06:40,0.06331081924501553
2018-01-12 01:06:50,0.061378542255392333
2018-01-12 01:07:00,0.05890416085789287
2018-01-12 01:07:10,0.05587042275525723
2018-01-12 01:07:20,0.05228265889870859
2018-01-12 01:07:30,0.04816657995146174
2018-01-12 01:07:40,0.04356087205631832
2018-01-12 01:07:50,0.03850890459343562
2018-01-12 01:08:00,0.0330550285198283
2018-01-12 01:08:10,0.027246353809874172
2018-01-12 01:08:20,0.021136237648307372
2018-01-12 01:08:30,0.014788175209459449
2018-01-12 01:08:40,0.008280565763235841
2018-01-12 01:08:50,0.0017089628469639962
2018-01-12 01:09:00,-0.004815793522758326
2018-01-12 01:09:10,-0.011171284522068965
2018-01-12 01:09:20,-0.017229534924242576
2018-01-12 01:09:30,-0.022865521132355165
2018-01-12 01:09:40,-0.02796395194571638
2018-01-12 01:09:50,-0.03242286139904624
2018-01-12 01:10:00,-0.036156840954343926
2018-01-12 01:10:10,-0.03909912998010204
2018-01-12 01:10:20,-0.041200122634053635
2018-01-12 01:10:30,-0.04242434371369592
2018-01-12 01:10:40,-0.042748520291819976
2018-01-12 01:10:50,-0.04216125393143356
2018-01-12 01:11:00,-0.04066385282173311
2018-01-12 01:11:10,-0.038271886867486345
2018-01-12 01:11:20,-0.03501816978028062
2018-01-12 01:11:30,-0.030954876071622135
2018-01-12 01:11:40,-0.026149926708933586
2018-01-12 01:11:50,-0.020678226230604103
2018-01-12 01:12:00,-0.014613256305993014
2018-01-12 01:12:10,-0.00802420550894071
2018-01-12 01:12:20,-0.0009799435334824605
2018-01-12 01:12:30,0.006447489899036874
2018-01-12 01:12:40,0.014189102385591066
2018-01-12 01:12:50,0.02219223604077829
2018-01-12 01:13:00,0.03042953320655434
2018-01-12 01:13:10,0.03889696464684288
2018-01-12 01:13:20,0.04760288486939132
2018-01-12 01:13:30,0.05655339363168482
2018-01-12 01:13:40,0.06574035990247397
2018-01-12 01:13:50,0.075137705547277
2018-01-12 01:14:00,0.08470400543526646
2018-01-12 01:14:10,0.09438552351569951
2018-01-12 01:14:20,0.10411908740047766
2018-01-12 01:14:30,0.11383609023004183
2018-01-12 01:14:40,0.12346896340884445
2018-01-12 01:14:50,0.1329618136488879
2018-01-12 01:15:00,0.1422801247855002
2018-01-12 01:15:10,0.1514129565455515
2018-01-12 01:15:20,0.16037030506307037
2018-01-12 01:15:30,0.16917966768412138
2018-01-12 01:15:40,0.17788103140503295
2018-01-12 01:15:50,0.18652322581496236
2018-01-12 01:16:00,0.19516640873053004
2018-01-12 01:16:10,0.20388647012242886
2018-01-12 01:16:20,0.21277273472640443
2018-01-12 01:16:30,0.22191798456223819
2018-01-12 01:16:40,0.23140730588120625
2018-01-12 01:16:50,0.24130997576275165
2018-01-12 01:17:00,0.25167384428926426
2018-01-12 01:17:10,0.2625230395986372
2018-01-12 01:17:20,0.2738607532724596
2018-01-12 01:17:30,0.28567461315359605
2018-01-12 01:17:40,0.29793864852537105
2018-01-12 01:17:50,0.3106095345886865
2018-01-12 01:18:00,0.32362216202629035
2018-01-12 01:18:10,0.33688962633046377
2018-01-12 01:18:20,0.3503074334587804
2018-01-12 01:18:30,0.363759826824909
2018-01-12 01:18:40,0.3771271678858375
2018-01-12 01:18:50,0.39029353344703366
2018-01-12 01:19:00,0.4031525049297897
2018-01-12 01:19:10,0.4156089487228049
2018-01-12 01:19:20,0.4275772536455518
2018-01-12 01:19:30,0.43898052768667895
2018-01-12 01:19:40,0.44975480007996155
2018-01-12 01:19:50,0.45985584922253386
2018-01-12 01:20:00,0.46926380293671094
2018-01-12 01:20:10,0.47798416309165787
2018-01-12 01:20:20,0.48604297271170926
2018-01-12 01:20:30,0.49347461531994874
2018-01-12 01:20:40,0.5003095752130395
2018-01-12 01:20:50,0.5065692441538103
2018-01-12 01:21:00,0.5122656401282764
2018-01-12 01:21:10,0.5174021510517763
2018-01-12 01:21:20,0.5219737848928939
2018-01-12 01:21:30,0.5259657284685223
2018-01-12 01:21:40,0.5293514677134017
2018-01-12 01:21:50,0.532094569604129
2018-01-12 01:22:00,0.5341562563324077
2018-01-12 01:22:10,0.5355069986640113
2018-01-12 01:22:20,0.5361375071725888
2018-01-12 01:22:30,0.5360637790414992
2018-01-12 01:22:40,0.5353239642174856
2018-01-12 01:22:50,0.5339699491235192
2018-01-12 01:23:00,0.5320601273387768
2018-01-12 01:23:10,0.5296574682555044
2018-01-12 01:23:20,0.5268308302155574
2018-01-12 01:23:30,0.5236565064355138
2018-01-12 01:23:40,0.5202196472324209
2018-01-12 01:23:50,0.5166150213679036
2018-01-12 01:24:00,0.5129466450678198
2018-01-12 01:24:10,0.5093264233934867
2018-01-12 01:24:20,0.5058703053625973
2018-01-12 01:24:30,0.5026904188815636
2018-01-12 01:24:40,0.4998853283447433
2018-01-12 01:24:50,0.4975321099632129
2018-01-12 01:25:00,0.4956810880234316
2018-01-12 01:25:10,0.49435341375608616
2018-01-12 01:25:20,0.49354244112986895
2018-01-12 01:25:30,0.49321780310079727
2018-01-12 01:25:40,0.49333065652817076
2018-01-12 01:25:50,0.49381913869174743
2018-01-12 01:26:00,0.49461127059491755
2018-01-12 01:26:10,0.4956236642309951
2018-01-12 01:26:20,0.4967591237647357
2018-01-12 01:26:30,0.4979075769042948
2018-01-12 01:26:40,0.4989520886974985
2018-01-12 01:26:50,0.4997776481781977
2018-01-12 01:27:00,0.5002770728567638
2018-01-12 01:27:10,0.5003515949808841
2018-01-12 01:27:20,0.49991083802001235
2018-01-12 01:27:30,0.4988770302363739
2018-01-12 01:27:40,0.4971922699079276
2018-01-12 01:27:50,0.49482342531849005
2018-01-12 01:28:00,0.4917599653464109
2018-01-12 01:28:10,0.48800591685067046
2018-01-12 01:28:20,0.48357270373525474
2018-01-12 01:28:30,0.4784764880111862
2018-01-12 01:28:40,0.4727364850220357
2018-01-12 01:28:50,0.4663721657389465
2018-01-12 01:29:00,0.45940182863788304
2018-01-12 01:29:10,0.4518425573182273
2018-01-12 01:29:20,0.4437105743772476
2018-01-12 01:29:30,0.43502357891362564
2018-01-12 01:29:40,0.425805313294794
2018-01-12 01:29:50,0.4160892166848895
2018-01-12 01:30:00,0.40591740828598205
2018-01-12 01:30:10,0.3953358779596567
2018-01-12 01:30:20,0.3843904069109483
2018-01-12 01:30:30,0.37312465389789523
2018-01-12 01:30:40,0.36157939126997307
2018-01-12 01:30:50,0.349793152174413
2018-01-12 01:31:00,0.33780417191427664
2018-01-12 01:31:10,0.32565112931029494
2018-01-12 01:31:20,0.31337037549536856
2018-01-12 01:31:30,0.3009918978320982
2018-01-12 01:31:40,0.28853937939925806
2018-01-12 01:31:50,0.27603579713905974
2018-01-12 01:32:00,0.26350854531409174
2018-01-12 01:32:10,0.2509877805056051
2018-01-12 01:32:20,0.23850193214133703
2018-01-12 01:32:30,0.22607740015482297
2018-01-12 01:32:40,0.21373913328580163
2018-01-12 01:32:50,0.20150729749755195
2018-01-12 01:33:00,0.18939623285831655
2018-01-12 01:33:10,0.17742055915430552
2018-01-12 01:33:20,0.16559948638119643
2018-01-12 01:33:30,0.15395392563382967
2018-01-12 01:33:40,0.14250550670765427
2018-01-12 01:33:50,0.131281243679867
2018-01-12 01:34:00,0.1203166661476604
2018-01-12 01:34:10,0.10965448104421997
2018-01-12 01:34:20,0.09933991069537255
2018-01-12 01:34:30,0.089413470458045
2018-01-12 01:34:40,0.0799047616421337
2018-01-12 01:34:50,0.07082887440189638
2018-01-12 01:35:00,0.06218414758278213
2018-01-12 01:35:10,0.053952525224848225
2018-01-12 01:35:20,0.04610014815476293
2018-01-12 01:35:30,0.0385743942568429
2018-01-12 01:35:40,0.03130244184979207
2018-01-12 01:35:50,0.024195676108040434
2018-01-12 01:36:00,0.017155503077338156
2018-01-12 01:36:10,0.010078947152193004
2018-01-12 01:36:20,0.0028673775833096367
2018-01-12 01:36:30,-0.004563992615860041
2018-01-12 01:36:40,-0.012282038160061846
2018-01-12 01:36:50,-0.02033709973306684
2018-01-12 01:37:00,-0.028764509492376612
2018-01-12 01:37:10,-0.03758316142738499
2018-01-12 01:37:20,-0.04679231209245753
2018-01-12 01:37:30,-0.05637118164324274
2018-01-12 01:37:40,-0.06628448935697545
2018-01-12 01:37:50,-0.0764895115474038
2018-01-12 01:38:00,-0.0869396552407892
2018-01-12 01:38:10,-0.09758721116845638
2018-01-12 01:38:20,-0.10838910008146996
2018-01-12 01:38:30,-0.11931314849747103
2018-01-12 01:38:40,-0.1303398859061785
2018-01-12 01:38:50,-0.1414589889856248
2018-01-12 01:39:00,-0.1526635498300017
2018-01-12 01:39:10,-0.1639445198691369
2018-01-12 01:39:20,-0.1752852225427614
2018-01-12 01:39:30,-0.18665698292206553
2018-01-12 01:39:40,-0.19801793990771033
2018-01-12 01:39:50,-0.20931558370324138
2018-01-12 01:40:00,-0.22049287662585873
2018-01-12 01:40:10,-0.23149530456448697
2018-01-12 01:40:20,-0.2422738035404909
2018-01-12 01:40:30,-0.25278229536672303
2018-01-12 01:40:40,-0.26297417298290765
2018-01-12 01:40:50,-0.2728019999654278
2018-01-12 01:41:00,-0.2822202596596896
2018-01-12 01:41:10,-0.2911882685369774
2018-01-12 01:41:20,-0.29967140623911365
2018-01-12 01:41:30,-0.30764062895796285
2018-01-12 01:41:40,-0.3150706316049383
2018-01-12 01:41:50,-0.32193920090096134
2018-01-12 01:42:00,-0.32822949999061174
2018-01-12 01:42:10,-0.3339301996856458
2018-01-12 01:42:20,-0.3390316557140814
2018-01-12 01:42:30,-0.34352485822253703
2018-01-12 01:42:40,-0.347404444486636
2018-01-12 01:42:50,-0.35067152774126603
2018-01-12 01:43:00,-0.35333705300323787
2018-01-12 01:43:10,-0.3554256551269566
2018-01-12 01:43:20,-0.3569737192146114
2018-01-12 01:43:30,-0.35802217576281664
2018-01-12 01:43:40,-0.3586136820705465
2018-01-12 01:43:50,-0.35879364184977774
2018-01-12 01:44:00,-0.3586073493510571
2018-01-12 01:44:10,-0.35809656813067314
2018-01-12 01:44:20,-0.3573012554204133
2018-01-12 01:44:30,-0.35626262477679194
2018-01-12 01:44:40,-0.355024742029677
2018-01-12 01:44:50,-0.3536376971636096
2018-01-12 01:45:00,-0.3521604706628219
2018-01-12 01:45:10,-0.350658621579894
2018-01-12 01:45:20,-0.3491970643271959
2018-01-12 01:45:30,-0.34783072864585773
2018-01-12 01:45:40,-0.3465972581384561
2018-01-12 01:45:50,-0.34551392405433085
2018-01-12 01:46:00,-0.34457797392254425
2018-01-12 01:46:10,-0.34377212145917746
2018-01-12 01:46:20,-0.3430735976962903
2018-01-12 01:46:30,-0.34246002057191904
2018-01-12 01:46:40,-0.34191099541493986
2018-01-12 01:46:50,-0.34140857119922036
2018-01-12 01:47:00,-0.34093559814248525
2018-01-12 01:47:10,-0.34047181795967124
2018-01-12 01:47:20,-0.3399916872344183
2018-01-12 01:47:30,-0.33946405776355226
2018-01-12 01:47:40,-0.3388520692476256
2018-01-12 01:47:50,-0.33811691910843816
2018-01-12 01:48:00,-0.33722500887667467
2018-01-12 01:48:10,-0.33615113561266396
2018-01-12 01:48:20,-0.3348761253975049
2018-01-12 01:48:30,-0.3333828529271168
2018-01-12 01:48:40,-0.3316533942077285
2018-01-12 01:48:50,-0.32966905879389785
2018-01-12 01:49:00,-0.32741384034379867
2018-01-12 01:49:10,-0.32487756788201655
2018-01-12 01:49:20,-0.3220533768888756
2018-01-12 01:49:30,-0.31893277582621676
2018-01-12 01:49:40,-0.3155066049411461
2018-01-12 01:49:50,-0.31177132939240676
2018-01-12 01:50:00,-0.30773504399787016
2018-01-12 01:50:10,-0.30342202671976914
2018-01-12 01:50:20,-0.298875564706416
2018-01-12 01:50:30,-0.29415653382499923
2018-01-12 01:50:40,-0.28933953165414217
2018-01-12 01:50:50,-0.28451256864599506
2018-01-12 01:51:00,-0.279779256971995
2018-01-12 01:51:10,-0.27525645429921103
2018-01-12 01:51:20,-0.27106684289927224
2018-01-12 01:51:30,-0.2673316038134648
2018-01-12 01:51:40,-0.26416513666211644
2018-01-12 01:51:50,-0.2616688604767598
2018-01-12 01:52:00,-0.2599219118779622
2018-01-12 01:52:10,-0.2589724755764433
2018-01-12 01:52:20,-0.25883302131530816
2018-01-12 01:52:30,-0.25947750933647973
2018-01-12 01:52:40,-0.2608406680062721
2018-01-12 01:52:50,-0.2628219897115069
2018-01-12 01:53:00,-0.2652932117715392
2018-01-12 01:53:10,-0.26810588969482463
2018-01-12 01:53:20,-0.27109821303795556
2018-01-12 01:53:30,-0.2741018560554902
2018-01-12 01:53:40,-0.2769485365962719
2018-01-12 01:53:50,-0.2794747673599622
2018-01-12 01:54:00,-0.2815248903926518
2018-01-12 01:54:10,-0.28295607006215445
2018-01-12 01:54:20,-0.283647215730134
2018-01-12 01:54:30,-0.2835074614054534
2018-01-12 01:54:40,-0.28247998380882805
2018-01-12 01:54:50,-0.28054120468525545
2018-01-12 01:55:00,-0.2776965841484366
2018-01-12 01:55:10,-0.27397427857738316
2018-01-12 01:55:20,-0.26941756606224326
2018-01-12 01:55:30,-0.2640786839286902
2018-01-12 01:55:40,-0.258017223434406
2018-01-12 01:55:50,-0.251300261570871
2018-01-12 01:56:00,-0.24400015243876833
2018-01-12 01:56:10,-0.23619107615751872
2018-01-12 01:56:20,-0.22794542870957704
2018-01-12 01:56:30,-0.21933029037783794
2018-01-12 01:56:40,-0.2104061079704743
2018-01-12 01:56:50,-0.2012284526155829
2018-01-12 01:57:00,-0.1918522247928358
2018-01-12 01:57:10,-0.1823360167714987
2018-01-12 01:57:20,-0.17274207354793558
2018-01-12 01:57:30,-0.1631317311029331
2018-01-12 01:57:40,-0.15356180112095102
2018-01-12 01:57:50,-0.1440845643321315
2018-01-12 01:58:00,-0.13474870647388046
2018-01-12 01:58:10,-0.12559801472233373
2018-01-12 01:58:20,-0.11666819420703738
2018-01-12 01:58:30,-0.10798489762632144
2018-01-12 01:58:40,-0.09956377380978974
2018-01-12 01:58:50,-0.09141103890955966
2018-01-12 01:59:00,-0.08352545484612624
2018-01-12 01:59:10,-0.07590380223962495
2018-01-12 01:59:20,-0.06854990753450164
2018-01-12 01:59:30,-0.061483538977588834
2018-01-12 01:59:40,-0.054743413468581276
2018-01-12 01:59:50,-0.048384367057788334
2018-01-12 02:00:00,-0.042474479490971995
2018-01-12 02:00:10,-0.037093765561120075
2018-01-12 02:00:20,-0.03232995250060427
2018-01-12 02:00:30,-0.028269537008956496
2018-01-12 02:00:40,-0.024989128543226706
2018-01-12 02:00:50,-0.02255072401138924
2018-01-12 02:01:00,-0.02099920613040397
2018-01-12 02:01:10,-0.02036250678402615
2018-01-12 02:01:20,-0.020655095558502368
2018-01-12 02:01:30,-0.02187860052653588
2018-01-12 02:01:40,-0.02401544060217973
2018-01-12 02:01:50,-0.027021377790596997
2018-01-12 02:02:00,-0.030824302713970905
2018-01-12 02:02:10,-0.03532871953071199
2018-01-12 02:02:20,-0.040420393353731605
2018-01-12 02:02:30,-0.0459685731876838
2018-01-12 02:02:40,-0.05182800684146725
2018-01-12 02:02:50,-0.05784459259203529
2018-01-12 02:03:00,-0.06386480458617523
2018-01-12 02:03:10,-0.06974275308589507
2018-01-12 02:03:20,-0.0753408004244827
2018-01-12 02:03:30,-0.08052718922935265
2018-01-12 02:03:40,-0.08517480281080717
2018-01-12 02:03:50,-0.08916326846020392
2018-01-12 02:04:00,-0.09238587566410499
2018-01-12 02:04:10,-0.0947594612997007
2018-01-12 02:04:20,-0.09623308648055635
2018-01-12 02:04:30,-0.0967929711698512
2018-01-12 02:04:40,-0.09646367013230472
2018-01-12 02:04:50,-0.0953046538730128
2018-01-12 02:05:00,-0.09340133750188097
2018-01-12 02:05:10,-0.09085445588636121
2018-01-12 02:05:20,-0.08777224758063236
2018-01-12 02:05:30,-0.0842644743688686
2018-01-12 02:05:40,-0.08043722786545712
2018-01-12 02:05:50,-0.07639049326623984
2018-01-12 02:06:00,-0.07221774258553985
2018-01-12 02:06:10,-0.06800405517498612
2018-01-12 02:06:20,-0.06382240222636151
2018-01-12 02:06:30,-0.05973172319146515
2018-01-12 02:06:40,-0.05577871017861827
2018-01-12 02:06:50,-0.05199962664713074
2018-01-12 02:07:00,-0.048418786444997725
2018-01-12 02:07:10,-0.045047381982336474
2018-01-12 02:07:20,-0.04188807212551678
2018-01-12 02:07:30,-0.038942972640660004
2018-01-12 02:07:40,-0.03621686421412435
2018-01-12 02:07:50,-0.03371287373814709
2018-01-12 02:08:00,-0.0314277785520427
2018-01-12 02:08:10,-0.029353613487021844
2018-01-12 02:08:20,-0.027482122688914607
2018-01-12 02:08:30,-0.02580514052279706
2018-01-12 02:08:40,-0.02431157780780021
2018-01-12 02:08:50,-0.02298665574174432
2018-01-12 02:09:00,-0.021813908333618872
2018-01-12 02:09:10,-0.02077763764699126
2018-01-12 02:09:20,-0.019867831170235654
2018-01-12 02:09:30,-0.019087261005054288
2018-01-12 02:09:40,-0.018453820647964757
2018-01-12 02:09:50,-0.017995656923345132
2018-01-12 02:10:00,-0.017745452776152682
2018-01-12 02:10:10,-0.017738315129978133
2018-01-12 02:10:20,-0.018011283109981905
2018-01-12 02:10:30,-0.01860176170038589
2018-01-12 02:10:40,-0.019544814399092947
2018-01-12 02:10:50,-0.020869990728569307
2018-01-12 02:11:00,-0.022597325409609667
2018-01-12 02:11:10,-0.024733656829903937
2018-01-12 02:11:20,-0.027272844988635865
2018-01-12 02:11:30,-0.030201646251749453
2018-01-12 02:11:40,-0.033508203099248755
2018-01-12 02:11:50,-0.03718553830188574
2018-01-12 02:12:00,-0.04122641661173266
2018-01-12 02:12:10,-0.045617178366856734
2018-01-12 02:12:20,-0.050337589620818864
2018-01-12 02:12:30,-0.05536322029936892
2018-01-12 02:12:40,-0.06066492100630666
2018-01-12 02:12:50,-0.06620694206435487
2018-01-12 02:13:00,-0.0719473512168176
2018-01-12 02:13:10,-0.07783865847991919
2018-01-12 02:13:20,-0.0838252347576204
2018-01-12 02:13:30,-0.08984011319550934
2018-01-12 02:13:40,-0.0958066293779138
2018-01-12 02:13:50,-0.10164502329663323
2018-01-12 02:14:00,-0.10727920066581924
2018-01-12 02:14:10,-0.11263965704409666
2018-01-12 02:14:20,-0.11766156329799393
2018-01-12 02:14:30,-0.12228301985127628
2018-01-12 02:14:40,-0.1264491823473911
2018-01-12 02:14:50,-0.1301194998449714
2018-01-12 02:15:00,-0.1332723662476189
2018-01-12 02:15:10,-0.13590542964949082
2018-01-12 02:15:20,-0.1380329137560112
2018-01-12 02:15:30,-0.1396827543973967
2018-01-12 02:15:40,-0.1408954406025909
2018-01-12 02:15:50,-0.1417235437303184
2018-01-12 02:16:00,-0.14222984412509967
2018-01-12 02:16:10,-0.14248479786742463
2018-01-12 02:16:20,-0.14256457063807187
2018-01-12 02:16:30,-0.1425480272410323
2018-01-12 02:16:40,-0.14251183921456206
2018-01-12 02:16:50,-0.14252556330204094
2018-01-12 02:17:00,-0.14264834704570048
2018-01-12 02:17:10,-0.14292716910044392
2018-01-12 02:17:20,-0.14339595858145487
2018-01-12 02:17:30,-0.14407450982277367
2018-01-12 02:17:40,-0.14496681348931467
2018-01-12 02:17:50,-0.1460603178670056
2018-01-12 02:18:00,-0.1473263674798481
2018-01-12 02:18:10,-0.14872245423888125
2018-01-12 02:18:20,-0.15019813015334552
2018-01-12 02:18:30,-0.15170121234859266
2018-01-12 02:18:40,-0.15317840858720805
2018-01-12 02:18:50,-0.15457066281529255
2018-01-12 02:19:00,-0.15581043219892304
2018-01-12 02:19:10,-0.15682688171386727
2018-01-12 02:19:20,-0.15755699428778905
2018-01-12 02:19:30,-0.15795586111871035
2018-01-12 02:19:40,-0.1580001158535305
2018-01-12 02:19:50,-0.15768313659713368
2018-01-12 02:20:00,-0.1570062803514782
2018-01-12 02:20:10,-0.15597034254236516
2018-01-12 02:20:20,-0.15456846271952981
2018-01-12 02:20:30,-0.15278296561599916
2018-01-12 02:20:40,-0.1505885683453882
2018-01-12 02:20:50,-0.147959307964636
2018-01-12 02:21:00,-0.14487489346245783
2018-01-12 02:21:10,-0.1413238333181188
2018-01-12 02:21:20,-0.13730201579918708
2018-01-12 02:21:30,-0.13280846260561727
2018-01-12 02:21:40,-0.12784182581248
2018-01-12 02:21:50,-0.12239917035885016
2018-01-12 02:22:00,-0.11647580484590454
2018-01-12 02:22:10,-0.11006554392705262
2018-01-12 02:22:20,-0.10316227735002603
2018-01-12 02:22:30,-0.09576261933252027
2018-01-12 02:22:40,-0.08787029880339406
2018-01-12 02:22:50,-0.07950313038475723
2018-01-12 02:23:00,-0.07069793348080065
2018-01-12 02:23:10,-0.06150910048307223
2018-01-12 02:23:20,-0.052003672302364974
2018-01-12 02:23:30,-0.04225598164294
2018-01-12 02:23:40,-0.032342253080552004
2018-01-12 02:23:50,-0.022335778075482295
2018-01-12 02:24:00,-0.012303809989493025
2018-01-12 02:24:10,-0.002307496977522364
2018-01-12 02:24:20,0.007598445133580807
2018-01-12 02:24:30,0.017370594153529626
2018-01-12 02:24:40,0.026982675456831647
2018-01-12 02:24:50,0.03642801259890354
2018-01-12 02:25:00,0.0457196002546367
2018-01-12 02:25:10,0.054888306383137735
2018-01-12 02:25:20,0.06397584820576845
2018-01-12 02:25:30,0.07302241980103244
2018-01-12 02:25:40,0.08205670010125724
2018-01-12 02:25:50,0.09109256521036747
2018-01-12 02:26:00,0.10012734705145827
2018-01-12 02:26:10,0.1091379310945642
2018-01-12 02:26:20,0.11807916503736003
2018-01-12 02:26:30,0.1268886059824793
2018-01-12 02:26:40,0.13549223734930207
2018-01-12 02:26:50,0.14380530526112295
2018-01-12 02:27:00,0.15173266708608266
2018-01-12 02:27:10,0.15917538653779179
2018-01-12 02:27:20,0.16604297793216719
2018-01-12 02:27:30,0.17226620345899932
2018-01-12 02:27:40,0.17780437948035654
2018-01-12 02:27:50,0.1826428421712642
2018-01-12 02:28:00,0.1867835793298507
2018-01-12 02:28:10,0.19023703131462402
2018-01-12 02:28:20,0.19301887200269677
2018-01-12 02:28:30,0.1951498231019874
2018-01-12 02:28:40,0.19665756570916965
2018-01-12 02:28:50,0.1975808975329436
2018-01-12 02:29:00,0.19797126589664338
2018-01-12 02:29:10,0.19788851176648384
2018-01-12 02:29:20,0.19739634359691346
2018-01-12 02:29:30,0.1965606582880293
2018-01-12 02:29:40,0.1954475526144753
2018-01-12 02:29:50,0.1941209299402378
2018-01-12 02:30:00,0.19264023407076047
2018-01-12 02:30:10,0.1910566899388737
2018-01-12 02:30:20,0.1894097129069927
2018-01-12 02:30:30,0.18772552605437798
2018-01-12 02:30:40,0.1860172774478
2018-01-12 02:30:50,0.1842863401214412
2018-01-12 02:31:00,0.18252549324925998
2018-01-12 02:31:10,0.18072375207768726
2018-01-12 02:31:20,0.17887157671617232
2018-01-12 02:31:30,0.17696573795719145
2018-01-12 02:31:40,0.17501089868782058
2018-01-12 02:31:50,0.17301415305458567
2018-01-12 02:32:00,0.17097652748372483
2018-01-12 02:32:10,0.16888913083666018
2018-01-12 02:32:20,0.16673452466068656
2018-01-12 02:32:30,0.16448865749531352
2018-01-12 02:32:40,0.16212184080065625
2018-01-12 02:32:50,0.15960136785025972
2018-01-12 02:33:00,0.1568950327497872
2018-01-12 02:33:10,0.15397208249893155
2018-01-12 02:33:20,0.15080202397768458
2018-01-12 02:33:30,0.14735246921186593
2018-01-12 02:33:40,0.143585717285807
2018-01-12 02:33:50,0.1394549011408089
2018-01-12 02:34:00,0.1349027689340503
2018-01-12 02:34:10,0.12986643752604105
2018-01-12 02:34:20,0.12428618395054056
2018-01-12 02:34:30,0.11811196768697729
2018-01-12 02:34:40,0.11130469028894242
2018-01-12 02:34:50,0.10383674437735131
2018-01-12 02:35:00,0.0956983423568174
2018-01-12 02:35:10,0.08690707874353863
2018-01-12 02:35:20,0.07751263441399966
2018-01-12 02:35:30,0.06759543817373638
2018-01-12 02:35:40,0.057261732381370105
2018-01-12 02:35:50,0.046634668444994365
2018-01-12 02:36:00,0.03584421238295092
2018-01-12 02:36:10,0.025020073339938883
2018-01-12 02:36:20,0.014286219197448966
2018-01-12 02:36:30,0.003756278445456381
2018-01-12 02:36:40,-0.006468796508132674
2018-01-12 02:36:50,-0.016301407383092686
2018-01-12 02:37:00,-0.02566544621261827
2018-01-12 02:37:10,-0.03449429017060534
2018-01-12 02:37:20,-0.042734295863058235
2018-01-12 02:37:30,-0.05034995408124551
2018-01-12 02:37:40,-0.057323554873533855
2018-01-12 02:37:50,-0.06365265951442894
2018-01-12 02:38:00,-0.06934970798316896
2018-01-12 02:38:10,-0.07444181974723263
2018-01-12 02:38:20,-0.07897172196456947
2018-01-12 02:38:30,-0.08299992220909284
2018-01-12 02:38:40,-0.08660301456309757
2018-01-12 02:38:50,-0.0898680179404804
2018-01-12 02:39:00,-0.0928853943464005
2018-01-12 02:39:10,-0.09574004374753335
2018-01-12 02:39:20,-0.09850265617516799
2018-01-12 02:39:30,-0.10122647658924454
2018-01-12 02:39:40,-0.1039500107462899
2018-01-12 02:39:50,-0.10670107985264124
2018-01-12 02:40:00,-0.1094977870892084
2018-01-12 02:40:10,-0.11234850710985694
2018-01-12 02:40:20,-0.11525592614367446
2018-01-12 02:40:30,-0.1182219816940533
2018-01-12 02:40:40,-0.1212476513637952
2018-01-12 02:40:50,-0.12432969928875114
2018-01-12 02:41:00,-0.12745652350620582
2018-01-12 02:41:10,-0.13060240001143425
2018-01-12 02:41:20,-0.13372560650693363
2018-01-12 02:41:30,-0.13677395827103225
2018-01-12 02:41:40,-0.13969213702876848
2018-01-12 02:41:50,-0.14242572837587733
2018-01-12 02:42:00,-0.14492094393202268
2018-01-12 02:42:10,-0.14712134013124237
2018-01-12 02:42:20,-0.14896626072052782
2018-01-12 02:42:30,-0.1503955885492017
2018-01-12 02:42:40,-0.1513583993976131
2018-01-12 02:42:50,-0.1518176157592211
2018-01-12 02:43:00,-0.1517481730598316
2018-01-12 02:43:10,-0.15113400831003423
2018-01-12 02:43:20,-0.14996703928087446
2018-01-12 02:43:30,-0.1482467192077224
2018-01-12 02:43:40,-0.14597991893736265
2018-01-12 02:43:50,-0.14318178540931226
2018-01-12 02:44:00,-0.13987631988724794
2018-01-12 02:44:10,-0.13609547270176503
2018-01-12 02:44:20,-0.1318795778639
2018-01-12 02:44:30,-0.12728204687043856
2018-01-12 02:44:40,-0.12237332722184119
2018-01-12 02:44:50,-0.11723759458990797
2018-01-12 02:45:00,-0.11196473918339879
2018-01-12 02:45:10,-0.10664133944311854
2018-01-12 02:45:20,-0.1013388488533598
2018-01-12 02:45:30,-0.09610224818758097
2018-01-12 02:45:40,-0.09094627941326813
2018-01-12 02:45:50,-0.08585887240660191
2018-01-12 02:46:00,-0.08080730901024913
2018-01-12 02:46:10,-0.07574571219899827
2018-01-12 02:46:20,-0.07062181411568816
2018-01-12 02:46:30,-0.06537865236940925
2018-01-12 02:46:40,-0.059952659918466385
2018-01-12 02:46:50,-0.05427519525987237
2018-01-12 02:47:00,-0.048279789050555084
2018-01-12 02:47:10,-0.04191020322379056
2018-01-12 02:47:20,-0.03512422220960293
2018-01-12 02:47:30,-0.027894071386731185
2018-01-12 02:47:40,-0.02020746688598514
2018-01-12 02:47:50,-0.012070202176436333
2018-01-12 02:48:00,-0.0035082522173226004
2018-01-12 02:48:10,0.005431636841614015
2018-01-12 02:48:20,0.014682045289301397
2018-01-12 02:48:30,0.024155701981147373
2018-01-12 02:48:40,0.03374851705959764
2018-01-12 02:48:50,0.04334461653637954
2018-01-12 02:49:00,0.052821439365893445
2018-01-12 02:49:10,0.062055044513787586
2018-01-12 02:49:20,0.07092676329724465
2018-01-12 02:49:30,0.07933054412079277
2018-01-12 02:49:40,0.08717826502068753
2018-01-12 02:49:50,0.09439941861390326
2018-01-12 02:50:00,0.10093741777334808
2018-01-12 02:50:10,0.10674845085301243
2018-01-12 02:50:20,0.11180232584158314
2018-01-12 02:50:30,0.11608215551626978
2018-01-12 02:50:40,0.11958296947258827
2018-01-12 02:50:50,0.12230974856575073
2018-01-12 02:51:00,0.12427556146223914
2018-01-12 02:51:10,0.12550181095083465
2018-01-12 02:51:20,0.12602046482090878
2018-01-12 02:51:30,0.1258742161867963
2018-01-12 02:51:40,0.1251125795578957
2018-01-12 02:51:50,0.12378749870750386
2018-01-12 02:52:00,0.12195225670357729
2018-01-12 02:52:10,0.11966265388744239
2018-01-12 02:52:20,0.11697549575461008
2018-01-12 02:52:30,0.11394192267321535
2018-01-12 02:52:40,0.11060149363611227
2018-01-12 02:52:50,0.10698356187905404
2018-01-12 02:53:00,0.10311281250482507
2018-01-12 02:53:10,0.09901465760767529
2018-01-12 02:53:20,0.09472132257090814
2018-01-12 02:53:30,0.0902769684459477
2018-01-12 02:53:40,0.08573816254968615
2018-01-12 02:53:50,0.08117007949206544
2018-01-12 02:54:00,0.07664274073184434
2018-01-12 02:54:10,0.07222922512551631
2018-01-12 02:54:20,0.06800368007163447
2018-01-12 02:54:30,0.0640390015005724
2018-01-12 02:54:40,0.060402955329827784
2018-01-12 02:54:50,0.05714940745152316
2018-01-12 02:55:00,0.0543087347701206
2018-01-12 02:55:10,0.051884345189928696
2018-01-12 02:55:20,0.049854694980081674
2018-01-12 02:55:30,0.04817761231760604
2018-01-12 02:55:40,0.0467978140169509
2018-01-12 02:55:50,0.04565629210041409
2018-01-12 02:56:00,0.04469509171129408
2018-01-12 02:56:10,0.04385553047650668
2018-01-12 02:56:20,0.04307504862247051
2018-01-12 02:56:30,0.04228798514705793
2018-01-12 02:56:40,0.041430198565797875
2018-01-12 02:56:50,0.04044154479231915
2018-01-12 02:57:00,0.039263188616623146
2018-01-12 02:57:10,0.03783510387017219
2018-01-12 02:57:20,0.03609798057901355
2018-01-12 02:57:30,0.03399725086582602
2018-01-12 02:57:40,0.0314861852674239
2018-01-12 02:57:50,0.028527699230523992
2018-01-12 02:58:00,0.02509783940292234
2018-01-12 02:58:10,0.021192546601746316
2018-01-12 02:58:20,0.01683153399207711
2018-01-12 02:58:30,0.012053603139467833
2018-01-12 02:58:40,0.006907768740481125
2018-01-12 02:58:50,0.001447183415841402
2018-01-12 02:59:00,-0.0042741846265455736
2018-01-12 02:59:10,-0.010204916401848183
2018-01-12 02:59:20,-0.01629789660227854
2018-01-12 02:59:30,-0.02250873777037914
2018-01-12 02:59:40,-0.028793525238101497
2018-01-12 02:59:50,-0.03510855502669796
2018-01-12 03:00:00,-0.041411210897173395
2018-01-12 03:00:10,-0.04766050778378299
2018-01-12 03:00:20,-0.05381776118722606
2018-01-12 03:00:30,-0.059846791793451495
2018-01-12 03:00:40,-0.065712310869892
2018-01-12 03:00:50,-0.07137790707304671
2018-01-12 03:01:00,-0.07680617073117614
2018-01-12 03:01:10,-0.08196087249979286
2018-01-12 03:01:20,-0.0868095983645308
2018-01-12 03:01:30,-0.0913275984132421
2018-01-12 03:01:40,-0.09550308097597035
2018-01-12 03:01:50,-0.09934117048268715
2018-01-12 03:02:00,-0.10286577343278573
2018-01-12 03:02:10,-0.10611868148849664
2018-01-12 03:02:20,-0.10915420666413032
2018-01-12 03:02:30,-0.11203305513514808
2018-01-12 03:02:40,-0.11481853025228046
2018-01-12 03:02:50,-0.11757265096556496
2018-01-12 03:03:00,-0.12035217526437848
2018-01-12 03:03:10,-0.12320619737589945
2018-01-12 03:03:20,-0.12617347444413607
2018-01-12 03:03:30,-0.12927831673385104
2018-01-12 03:03:40,-0.13252889497951237
2018-01-12 03:03:50,-0.13592205121722659
2018-01-12 03:04:00,-0.13945276815681382
2018-01-12 03:04:10,-0.14312175704839838
2018-01-12 03:04:20,-0.1469361931065315
2018-01-12 03:04:30,-0.15090489795827822
2018-01-12 03:04:40,-0.1550338331877324
2018-01-12 03:04:50,-0.1593267185613804
2018-01-12 03:05:00,-0.16378930488362411
2018-01-12 03:05:10,-0.16843110538323589
2018-01-12 03:05:20,-0.17326304155098632
2018-01-12 03:05:30,-0.1782955396058063
2018-01-12 03:05:40,-0.18353956298205137
2018-01-12 03:05:50,-0.1890086415808322
2018-01-12 03:06:00,-0.19471909181682193
2018-01-12 03:06:10,-0.20068651367303048
2018-01-12 03:06:20,-0.20691894137025985
2018-01-12 03:06:30,-0.21341074316886396
2018-01-12 03:06:40,-0.2201406551375314
2018-01-12 03:06:50,-0.2270736048073826
2018-01-12 03:07:00,-0.2341659868609343
2018-01-12 03:07:10,-0.24137300306170334
2018-01-12 03:07:20,-0.24865329051047447
2018-01-12 03:07:30,-0.2559680263212516
2018-01-12 03:07:40,-0.2632770414696907
2018-01-12 03:07:50,-0.270534989201132
2018-01-12 03:08:00,-0.2776870035280171
2018-01-12 03:08:10,-0.2846626468860238
2018-01-12 03:08:20,-0.29137036502256325
2018-01-12 03:08:30,-0.29769908803740774
2018-01-12 03:08:40,-0.303531721415876
2018-01-12 03:08:50,-0.3087633358995661
2018-01-12 03:09:00,-0.313313515588113
2018-01-12 03:09:10,-0.3171325161908431
2018-01-12 03:09:20,-0.32020334634506187
2018-01-12 03:09:30,-0.3225379389182533
2018-01-12 03:09:40,-0.32416867027853435
2018-01-12 03:09:50,-0.32514008566817376
2018-01-12 03:10:00,-0.3255022593606409
2018-01-12 03:10:10,-0.32530491984056553
2018-01-12 03:10:20,-0.3245932258781719
2018-01-12 03:10:30,-0.3234052262423018
2018-01-12 03:10:40,-0.32177075095447044
2018-01-12 03:10:50,-0.3197130924222428
2018-01-12 03:11:00,-0.3172537078664184
2018-01-12 03:11:10,-0.31441744345601025
2018-01-12 03:11:20,-0.3112338301596674
2018-01-12 03:11:30,-0.3077332273580472
2018-01-12 03:11:40,-0.30394403943073506
2018-01-12 03:11:50,-0.29989561369971635
2018-01-12 03:12:00,-0.29562152165827804
2018-01-12 03:12:10,-0.2911581213067038
2018-01-12 03:12:20,-0.28654186525725694
2018-01-12 03:12:30,-0.2818104984412534
2018-01-12 03:12:40,-0.27700741766055115
2018-01-12 03:12:50,-0.2721836390590431
2018-01-12 03:13:00,-0.26739533281473993
2018-01-12 03:13:10,-0.26270062519797577
2018-01-12 03:13:20,-0.2581590134608973
2018-01-12 03:13:30,-0.25383393863055365
2018-01-12 03:13:40,-0.24979524174373305
2018-01-12 03:13:50,-0.24611613870166915
2018-01-12 03:14:00,-0.24286428831117357
2018-01-12 03:14:10,-0.24009303068381274
2018-01-12 03:14:20,-0.2378379696650337
2018-01-12 03:14:30,-0.23611855601886336
2018-01-12 03:14:40,-0.23494093734653657
2018-01-12 03:14:50,-0.23429907098409425
2018-01-12 03:15:00,-0.23417682367925038
2018-01-12 03:15:10,-0.23455426434158888
2018-01-12 03:15:20,-0.2354149429422129
2018-01-12 03:15:30,-0.23675107944822757
2018-01-12 03:15:40,-0.23856541483383348
2018-01-12 03:15:50,-0.240867995001019
2018-01-12 03:16:00,-0.24367019938919554
2018-01-12 03:16:10,-0.2469802079927498
2018-01-12 03:16:20,-0.2508002224553973
2018-01-12 03:16:30,-0.2551249226866331
2018-01-12 03:16:40,-0.2599417394503297
2018-01-12 03:16:50,-0.2652303884214169
2018-01-12 03:17:00,-0.27095852516791497
2018-01-12 03:17:10,-0.277075952712431
2018-01-12 03:17:20,-0.28351208373548037
2018-01-12 03:17:30,-0.2901773354822868
2018-01-12 03:17:40,-0.2969663402159951
2018-01-12 03:17:50,-0.3037635493049678
2018-01-12 03:18:00,-0.31045291768555955
2018-01-12 03:18:10,-0.316927877556766
2018-01-12 03:18:20,-0.3230959107321969
2018-01-12 03:18:30,-0.3288791507072065
2018-01-12 03:18:40,-0.33421688188499404
2018-01-12 03:18:50,-0.33907119609707653
2018-01-12 03:19:00,-0.3434326024192023
2018-01-12 03:19:10,-0.3473219509594945
2018-01-12 03:19:20,-0.35078487353955684
2018-01-12 03:19:30,-0.35387868377792364
2018-01-12 03:19:40,-0.356657115638445
2018-01-12 03:19:50,-0.359157793262052
2018-01-12 03:20:00,-0.36139615024889277
2018-01-12 03:20:10,-0.36336841058338315
2018-01-12 03:20:20,-0.3650593021229937
2018-01-12 03:20:30,-0.3664460327399194
2018-01-12 03:20:40,-0.3674978006384249
2018-01-12 03:20:50,-0.3681776813086069
2018-01-12 03:21:00,-0.3684485165878584
2018-01-12 03:21:10,-0.36827782273687604
2018-01-12 03:21:20,-0.36763887373060095
2018-01-12 03:21:30,-0.3665095319810736
2018-01-12 03:21:40,-0.36487167174404134
2018-01-12 03:21:50,-0.3627116146558277
2018-01-12 03:22:00,-0.3600207362151388
2018-01-12 03:22:10,-0.35679633435473945
2018-01-12 03:22:20,-0.3530418470847505
2018-01-12 03:22:30,-0.3487669220169494
2018-01-12 03:22:40,-0.3439894246226467
2018-01-12 03:22:50,-0.33873813347894344
2018-01-12 03:23:00,-0.3330551370266933
2018-01-12 03:23:10,-0.3269991100058798
2018-01-12 03:23:20,-0.3206463398377483
2018-01-12 03:23:30,-0.31408467279163993
2018-01-12 03:23:40,-0.30740268280053656
2018-01-12 03:23:50,-0.30068052266158907
2018-01-12 03:24:00,-0.2939852776990339
2018-01-12 03:24:10,-0.28737102336100084
2018-01-12 03:24:20,-0.28088221102693567
2018-01-12 03:24:30,-0.27455664982712774
2018-01-12 03:24:40,-0.2684260960290897
2018-01-12 03:24:50,-0.2625153557160858
2018-01-12 03:25:00,-0.25684110019546075
2018-01-12 03:25:10,-0.251411521472745
2018-01-12 03:25:20,-0.2462280439191864
2018-01-12 03:25:30,-0.24129002276627107
2018-01-12 03:25:40,-0.23660041905556717
2018-01-12 03:25:50,-0.2321670199734573
2018-01-12 03:26:00,-0.22799820873106752
2018-01-12 03:26:10,-0.224097457312854
2018-01-12 03:26:20,-0.22045795773832022
2018-01-12 03:26:30,-0.21705975250708054
2018-01-12 03:26:40,-0.2138724999657548
2018-01-12 03:26:50,-0.2108581488849574
2018-01-12 03:27:00,-0.20796832788017042
2018-01-12 03:27:10,-0.20514211252135867
2018-01-12 03:27:20,-0.20230902782206572
2018-01-12 03:27:30,-0.19939327976892215
2018-01-12 03:27:40,-0.19631490683244263
2018-01-12 03:27:50,-0.19299053667879307
2018-01-12 03:28:00,-0.18933700415502822
2018-01-12 03:28:10,-0.18527562572143777
2018-01-12 03:28:20,-0.1807351734063951
2018-01-12 03:28:30,-0.1756545296441756
2018-01-12 03:28:40,-0.1699833737423044
2018-01-12 03:28:50,-0.1636784883767262
2018-01-12 03:29:00,-0.15669950454511392
2018-01-12 03:29:10,-0.14900889852283444
2018-01-12 03:29:20,-0.14057547642539575
2018-01-12 03:29:30,-0.13137966920587102
2018-01-12 03:29:40,-0.12142024230304699
2018-01-12 03:29:50,-0.11071973236512815
2018-01-12 03:30:00,-0.0993242341645238
2018-01-12 03:30:10,-0.08729688408081004
2018-01-12 03:30:20,-0.07470951805247704
2018-01-12 03:30:30,-0.06163770360690771
2018-01-12 03:30:40,-0.048162050103676225
2018-01-12 03:30:50,-0.03437362651195234
2018-01-12 03:31:00,-0.020378269305544885
2018-01-12 03:31:10,-0.006299696754913206
2018-01-12 03:31:20,0.007718010037410758
2018-01-12 03:31:30,0.021513938446165014
2018-01-12 03:31:40,0.03492109629338822
2018-01-12 03:31:50,0.047777946742912566
2018-01-12 03:32:00,0.059936328270778265
2018-01-12 03:32:10,0.07126554170002887
2018-01-12 03:32:20,0.08165305260189654
2018-01-12 03:32:30,0.09100374286103137
2018-01-12 03:32:40,0.09924083225030346
2018-01-12 03:32:50,0.10630910716013635
2018-01-12 03:33:00,0.1121790522683392
2018-01-12 03:33:10,0.11684951567740835
2018-01-12 03:33:20,0.12034677946187665
2018-01-12 03:33:30,0.12272103459998311
2018-01-12 03:33:40,0.12404182287162642
2018-01-12 03:33:50,0.12439231748287191
2018-01-12 03:34:00,0.12386277236871053
2018-01-12 03:34:10,0.12254582110562333
2018-01-12 03:34:20,0.1205357543805315
2018-01-12 03:34:30,0.1179283622921149
2018-01-12 03:34:40,0.11481738106280806
2018-01-12 03:34:50,0.11128989541871416
2018-01-12 03:35:00,0.10742551693246664
2018-01-12 03:35:10,0.10329960358670719
2018-01-12 03:35:20,0.0989853896030783
2018-01-12 03:35:30,0.09455197226808096
2018-01-12 03:35:40,0.09006145607646376
2018-01-12 03:35:50,0.08556783256006352
2018-01-12 03:36:00,0.0811164300216745
2018-01-12 03:36:10,0.07674413997346159
2018-01-12 03:36:20,0.07248195978420108
2018-01-12 03:36:30,0.06835900789683536
2018-01-12 03:36:40,0.06440308126077231
2018-01-12 03:36:50,0.06063335086502182
2018-01-12 03:37:00,0.05705034307867691
2018-01-12 03:37:10,0.05363479195820884
2018-01-12 03:37:20,0.05035971979363658
2018-01-12 03:37:30,0.04720867968935198
2018-01-12 03:37:40,0.04418867115944245
2018-01-12 03:37:50,0.04132966690608256
2018-01-12 03:38:00,0.038671738953051135
2018-01-12 03:38:10,0.03624929979773361
2018-01-12 03:38:20,0.034082008580522835
2018-01-12 03:38:30,0.03217544628172344
2018-01-12 03:38:40,0.03052848703380513
2018-01-12 03:38:50,0.029140627745314226
2018-01-12 03:39:00,0.028013368994504975
2018-01-12 03:39:10,0.027145603492842438
2018-01-12 03:39:20,0.026528832232753888
2018-01-12 03:39:30,0.02614733177939124
2018-01-12 03:39:40,0.025981499432309384
2018-01-12 03:39:50,0.026009174091311083
2018-01-12 03:40:00,0.02620498743509083
2018-01-12 03:40:10,0.02654082473263576
2018-01-12 03:40:20,0.026985068809424213
2018-01-12 03:40:30,0.027498053319416405
2018-01-12 03:40:40,0.028027855322682534
2018-01-12 03:40:50,0.028510579879278696
2018-01-12 03:41:00,0.028875259033878876
2018-01-12 03:41:10,0.029050996703695424
2018-01-12 03:41:20,0.02897161958489721
2018-01-12 03:41:30,0.028575956414149284
2018-01-12 03:41:40,0.027806369809604464
2018-01-12 03:41:50,0.026606037438874568
2018-01-12 03:42:00,0.024914260771117865
2018-01-12 03:42:10,0.022663551949045388
2018-01-12 03:42:20,0.01978260722211821
2018-01-12 03:42:30,0.016204174949009144
2018-01-12 03:42:40,0.011874580619639863
2018-01-12 03:42:50,0.006762415579479309
2018-01-12 03:43:00,0.000865545404598308
2018-01-12 03:43:10,-0.005784740743328264
2018-01-12 03:43:20,-0.013126057823902361
2018-01-12 03:43:30,-0.021074070035570144
2018-01-12 03:43:40,-0.029532914744413226
2018-01-12 03:43:50,-0.03840158533972885
2018-01-12 03:44:00,-0.04757470412771812
2018-01-12 03:44:10,-0.05693999486557975
2018-01-12 03:44:20,-0.06637742368704512
2018-01-12 03:44:30,-0.07576198934119115
2018-01-12 03:44:40,-0.0849681642902421
2018-01-12 03:44:50,-0.09387625986137457
2018-01-12 03:45:00,-0.102381550652551
2018-01-12 03:45:10,-0.11040186021792375
2018-01-12 03:45:20,-0.11787798375741815
2018-01-12 03:45:30,-0.1247672082202931
2018-01-12 03:45:40,-0.13103613611370624
2018-01-12 03:45:50,-0.13665768429967734
2018-01-12 03:46:00,-0.1416092262213511
2018-01-12 03:46:10,-0.14586744768340035
2018-01-12 03:46:20,-0.1494051987177649
2018-01-12 03:46:30,-0.15219549340193778
2018-01-12 03:46:40,-0.1542158959763902
2018-01-12 03:46:50,-0.15544740430975987
2018-01-12 03:47:00,-0.15587213250566917
2018-01-12 03:47:10,-0.15547454485494233
2018-01-12 03:47:20,-0.15424514747856377
2018-01-12 03:47:30,-0.15218277075148198
2018-01-12 03:47:40,-0.1492931014103888
2018-01-12 03:47:50,-0.14558544315062272
2018-01-12 03:48:00,-0.1410707001405969
2018-01-12 03:48:10,-0.1357618546212726
2018-01-12 03:48:20,-0.12967746805951003
2018-01-12 03:48:30,-0.12284467224551066
2018-01-12 03:48:40,-0.11529673875816222
2018-01-12 03:48:50,-0.10706765527467169
2018-01-12 03:49:00,-0.09819111210139303
2018-01-12 03:49:10,-0.0887054217325644
2018-01-12 03:49:20,-0.07865807605390225
2018-01-12 03:49:30,-0.06810724249812757
2018-01-12 03:49:40,-0.05712449651694029
2018-01-12 03:49:50,-0.04580008837504047
2018-01-12 03:50:00,-0.03424709717417147
2018-01-12 03:50:10,-0.02260041440190336
2018-01-12 03:50:20,-0.011009100153077335
2018-01-12 03:50:30,0.0003740767275357184
2018-01-12 03:50:40,0.011401357592633115
2018-01-12 03:50:50,0.021935978529215805
2018-01-12 03:51:00,0.03185668605658833
2018-01-12 03:51:10,0.04106324191334359
2018-01-12 03:51:20,0.04948223438521672
2018-01-12 03:51:30,0.05706805782774263
2018-01-12 03:51:40,0.06379636040687577
2018-01-12 03:51:50,0.06965467864739741
2018-01-12 03:52:00,0.07463820590210354
2018-01-12 03:52:10,0.07875290671840034
2018-01-12 03:52:20,0.08202094323249129
2018-01-12 03:52:30,0.08448161306064367
2018-01-12 03:52:40,0.08618425787861012
2018-01-12 03:52:50,0.08717662997351035
2018-01-12 03:53:00,0.08749548744565352
2018-01-12 03:53:10,0.08716186851224988
2018-01-12 03:53:20,0.08618149981825655
2018-01-12 03:53:30,0.08455167776084366
2018-01-12 03:53:40,0.08227103358804749
2018-01-12 03:53:50,0.07934519684761857
2018-01-12 03:54:00,0.07578722973200967
2018-01-12 03:54:10,0.07161626854008185
2018-01-12 03:54:20,0.06685562095276869
2018-01-12 03:54:30,0.0615309771766768
2018-01-12 03:54:40,0.05567105491663664
2018-01-12 03:54:50,0.04931116391796648
2018-01-12 03:55:00,0.04249809100862791
2018-01-12 03:55:10,0.035294097717046564
2018-01-12 03:55:20,0.02777708623068848
2018-01-12 03:55:30,0.020037667783986073
2018-01-12 03:55:40,0.012176321357483661
2018-01-12 03:55:50,0.00429921912592257
2018-01-12 03:56:00,-0.003488468236078824
2018-01-12 03:56:10,-0.011087530680879042
2018-01-12 03:56:20,-0.018406468124336262
2018-01-12 03:56:30,-0.025364242069866278
2018-01-12 03:56:40,-0.031895155996072004
2018-01-12 03:56:50,-0.03795350405356509
2018-01-12 03:57:00,-0.0435168488897926
2018-01-12 03:57:10,-0.04858598567647581
2018-01-12 03:57:20,-0.05317929084670667
2018-01-12 03:57:30,-0.05732298618143474
2018-01-12 03:57:40,-0.06104377230325036
2018-01-12 03:57:50,-0.064368131579108
2018-01-12 03:58:00,-0.06732443461189494
2018-01-12 03:58:10,-0.06994283291138816
2018-01-12 03:58:20,-0.0722530515231023
2018-01-12 03:58:30,-0.07428299196613695
2018-01-12 03:58:40,-0.07606052535689908
2018-01-12 03:58:50,-0.0776177748325914
2018-01-12 03:59:00,-0.07899344604924112
2018-01-12 03:59:10,-0.08022966328427403
2018-01-12 03:59:20,-0.0813653846236984
2018-01-12 03:59:30,-0.08243161451855142
2018-01-12 03:59:40,-0.08345199991971143
2018-01-12 03:59:50,-0.08444801335526957
2018-01-12 04:00:00,-0.08544462822975928
2018-01-12 04:00:10,-0.08647331832118124
2018-01-12 04:00:20,-0.08757142421914696
2018-01-12 04:00:30,-0.08878007757239552
2018-01-12 04:00:40,-0.09014291150265817
2018-01-12 04:00:50,-0.09170208274622034
2018-01-12 04:01:00,-0.09348981435415904
2018-01-12 04:01:10,-0.09552124749422893
2018-01-12 04:01:20,-0.09779412870630946
2018-01-12 04:01:30,-0.10029453055845743
2018-01-12 04:01:40,-0.1030011930052738
2018-01-12 04:01:50,-0.10588225826906007
2018-01-12 04:02:00,-0.10888919375582118
2018-01-12 04:02:10,-0.11195794562286607
2018-01-12 04:02:20,-0.11502019885129355
2018-01-12 04:02:30,-0.11801847383250048
2018-01-12 04:02:40,-0.12091561808925834
2018-01-12 04:02:50,-0.12369359913810019
2018-01-12 04:03:00,-0.12634479832658227
2018-01-12 04:03:10,-0.12886342325615682
2018-01-12 04:03:20,-0.1312418929217231
2018-01-12 04:03:30,-0.1334709124420778
2018-01-12 04:03:40,-0.13553791343115
2018-01-12 04:03:50,-0.13742326544548797
2018-01-12 04:04:00,-0.13910144927867957
2018-01-12 04:04:10,-0.14054976514829676
2018-01-12 04:04:20,-0.14175853337476174
2018-01-12 04:04:30,-0.14273809813695423
2018-01-12 04:04:40,-0.1435215434418275
2018-01-12 04:04:50,-0.14416401305113602
2018-01-12 04:05:00,-0.14474056967037638
2018-01-12 04:05:10,-0.14534264657013948
2018-01-12 04:05:20,-0.14607298489123968
2018-01-12 04:05:30,-0.14703977556558945
2018-01-12 04:05:40,-0.1483512755395678
2018-01-12 04:05:50,-0.15011332496289442
2018-01-12 04:06:00,-0.15242956487204165
2018-01-12 04:06:10,-0.15540138556422825
2018-01-12 04:06:20,-0.15912572041678721
2018-01-12 04:06:30,-0.1636913790803016
2018-01-12 04:06:40,-0.16917757980499995
2018-01-12 04:06:50,-0.17565544754358334
2018-01-12 04:07:00,-0.18318619139494355
2018-01-12 04:07:10,-0.1918134197514069
2018-01-12 04:07:20,-0.20155617390494854
2018-01-12 04:07:30,-0.21240789843806526
2018-01-12 04:07:40,-0.22433959972069495
2018-01-12 04:07:50,-0.23730190802922463
2018-01-12 04:08:00,-0.25122471464848095
2018-01-12 04:08:10,-0.2660194664269333
2018-01-12 04:08:20,-0.2815854734433044
2018-01-12 04:08:30,-0.297814983029837
2018-01-12 04:08:40,-0.31459459898960185
2018-01-12 04:08:50,-0.3318056668951757
2018-01-12 04:09:00,-0.3493260156283737
2018-01-12 04:09:10,-0.3670324328727826
2018-01-12 04:09:20,-0.3848027822751246
2018-01-12 04:09:30,-0.4025183967487723
2018-01-12 04:09:40,-0.42006813090239875
2018-01-12 04:09:50,-0.4373540197907658
2018-01-12 04:10:00,-0.4542948806550182
2018-01-12 04:10:10,-0.4708260573328528
2018-01-12 04:10:20,-0.4868976682532216
2018-01-12 04:10:30,-0.5024711364250015
2018-01-12 04:10:40,-0.5175144337865438
2018-01-12 04:10:50,-0.5319995850880466
2018-01-12 04:11:00,-0.5459007651871621
2018-01-12 04:11:10,-0.5591888863652127
2018-01-12 04:11:20,-0.5718255296674744
2018-01-12 04:11:30,-0.5837615193776409
2018-01-12 04:11:40,-0.5949404575008859
2018-01-12 04:11:50,-0.6053036638833807
2018-01-12 04:12:00,-0.6147928333719835
2018-01-12 04:12:10,-0.6233506953325825
2018-01-12 04:12:20,-0.6309229698556131
2018-01-12 04:12:30,-0.6374625804468819
2018-01-12 04:12:40,-0.6429327573362167
2018-01-12 04:12:50,-0.6473054437639805
2018-01-12 04:13:00,-0.6505581296145752
2018-01-12 04:13:10,-0.6526740110095749
2018-01-12 04:13:20,-0.6536421308735793
2018-01-12 04:13:30,-0.6534533194635637
2018-01-12 04:13:40,-0.6520966359714246
2018-01-12 04:13:50,-0.6495605336871604
2018-01-12 04:14:00,-0.6458348081391883
2018-01-12 04:14:10,-0.6409118875241694
2018-01-12 04:14:20,-0.6347922620606031
2018-01-12 04:14:30,-0.6274917925425145
2018-01-12 04:14:40,-0.6190420651296155
2018-01-12 04:14:50,-0.6094850526962083
2018-01-12 04:15:00,-0.5988718054505024
2018-01-12 04:15:10,-0.5872662609757756
2018-01-12 04:15:20,-0.5747456674551706
2018-01-12 04:15:30,-0.5613939102436062
2018-01-12 04:15:40,-0.5472930519482845
2018-01-12 04:15:50,-0.5325185236280966
2018-01-12 04:16:00,-0.5171394804891521
2018-01-12 04:16:10,-0.5012231016584688
2018-01-12 04:16:20,-0.484839354517753
2018-01-12 04:16:30,-0.4680624890100144
2018-01-12 04:16:40,-0.45096716346317495
2018-01-12 04:16:50,-0.4336218537895582
2018-01-12 04:17:00,-0.4160867617864533
2018-01-12 04:17:10,-0.3984177523595547
2018-01-12 04:17:20,-0.3806694978162066
2018-01-12 04:17:30,-0.3628950282571285
2018-01-12 04:17:40,-0.3451443126103743
2018-01-12 04:17:50,-0.3274611942684127
2018-01-12 04:18:00,-0.30988068091885546
2018-01-12 04:18:10,-0.2924331274940256
2018-01-12 04:18:20,-0.27515170913833104
2018-01-12 04:18:30,-0.2580737109802607
2018-01-12 04:18:40,-0.24123808145627218
2018-01-12 04:18:50,-0.22468654172215058
2018-01-12 04:19:00,-0.2084661703708568
2018-01-12 04:19:10,-0.19263011693151535
2018-01-12 04:19:20,-0.17723893738334326
2018-01-12 04:19:30,-0.1623629599684774
2018-01-12 04:19:40,-0.14808278251318144
2018-01-12 04:19:50,-0.13448642053281362
2018-01-12 04:20:00,-0.12166344466998237
2018-01-12 04:20:10,-0.1096988034915342
2018-01-12 04:20:20,-0.09866941306370197
2018-01-12 04:20:30,-0.08864316615209597
2018-01-12 04:20:40,-0.07967831838958446
2018-01-12 04:20:50,-0.07182297328426974
2018-01-12 04:21:00,-0.06511474248687805
2018-01-12 04:21:10,-0.05957791882406537
2018-01-12 04:21:20,-0.055217184440125994
2018-01-12 04:21:30,-0.052013758175733844
2018-01-12 04:21:40,-0.049928252741573774
2018-01-12 04:21:50,-0.04890666038305784
2018-01-12 04:22:00,-0.048885280229310275
2018-01-12 04:22:10,-0.04979256198387976
2018-01-12 04:22:20,-0.05154705309778661
2018-01-12 04:22:30,-0.054055198687493325
2018-01-12 04:22:40,-0.05721513663094332
2018-01-12 04:22:50,-0.06092567056718705
2018-01-12 04:23:00,-0.06509396252573686
2018-01-12 04:23:10,-0.06964128633116795
2018-01-12 04:23:20,-0.0745075055284077
2018-01-12 04:23:30,-0.07964931633676116
2018-01-12 04:23:40,-0.08503183872845198
2018-01-12 04:23:50,-0.09062148443470959
2018-01-12 04:24:00,-0.09638660867060181
2018-01-12 04:24:10,-0.10230188976049474
2018-01-12 04:24:20,-0.10834652329296732
2018-01-12 04:24:30,-0.11449550830059158
2018-01-12 04:24:40,-0.12071220970278548
2018-01-12 04:24:50,-0.12694615394202138
2018-01-12 04:25:00,-0.1331341692388251
2018-01-12 04:25:10,-0.13920262901135083
2018-01-12 04:25:20,-0.1450686588659014
2018-01-12 04:25:30,-0.1506409593427078
2018-01-12 04:25:40,-0.155824100080828
2018-01-12 04:25:50,-0.16052704380331076
2018-01-12 04:26:00,-0.16467309080359327
2018-01-12 04:26:10,-0.16820665227585407
2018-01-12 04:26:20,-0.1710928054649536
2018-01-12 04:26:30,-0.17331325131233108
2018-01-12 04:26:40,-0.17486605427564564
2018-01-12 04:26:50,-0.1757669376775666
2018-01-12 04:27:00,-0.17604499132069518
2018-01-12 04:27:10,-0.1757358958283196
2018-01-12 04:27:20,-0.17487982137862262
2018-01-12 04:27:30,-0.17352110848345917
2018-01-12 04:27:40,-0.17170364289722959
2018-01-12 04:27:50,-0.16946545832150164
2018-01-12 04:28:00,-0.16683939665516184
2018-01-12 04:28:10,-0.16385678366511633
2018-01-12 04:28:20,-0.16054693952698906
2018-01-12 04:28:30,-0.15693387933910422
2018-01-12 04:28:40,-0.15303504546137472
2018-01-12 04:28:50,-0.1488605736678594
2018-01-12 04:29:00,-0.14441055354745938
2018-01-12 04:29:10,-0.13967342284061315
2018-01-12 04:29:20,-0.13462865892439443
2018-01-12 04:29:30,-0.12925243868825767
2018-01-12 04:29:40,-0.12352281074899162
2018-01-12 04:29:50,-0.11742256657202198
2018-01-12 04:30:00,-0.11094166478837174
2018-01-12 04:30:10,-0.10408048774283671
2018-01-12 04:30:20,-0.09685187732369183
2018-01-12 04:30:30,-0.08927989111409881
2018-01-12 04:30:40,-0.08139607307469442
2018-01-12 04:30:50,-0.07323613561775529
2018-01-12 04:31:00,-0.06483780308874287
2018-01-12 04:31:10,-0.05623880089043742
2018-01-12 04:31:20,-0.04747646514531469
2018-01-12 04:31:30,-0.038590337976160134
2018-01-12 04:31:40,-0.029625677538578147
2018-01-12 04:31:50,-0.020635648137823995
2018-01-12 04:32:00,-0.011683113394309969
2018-01-12 04:32:10,-0.0028426939415066494
2018-01-12 04:32:20,0.005800850241661012
2018-01-12 04:32:30,0.014159204943677313
2018-01-12 04:32:40,0.022145543036258427
2018-01-12 04:32:50,0.02967478251382437
2018-01-12 04:33:00,0.03666298381045401
2018-01-12 04:33:10,0.043028028164365975
2018-01-12 04:33:20,0.04869121302423813
2018-01-12 04:33:30,0.053580643961433444
2018-01-12 04:33:40,0.05763595769372471
2018-01-12 04:33:50,0.060812072199751384
2018-01-12 04:34:00,0.06308231009849423
2018-01-12 04:34:10,0.06444224106332948
2018-01-12 04:34:20,0.06491296055478718
2018-01-12 04:34:30,0.06454290832508551
2018-01-12 04:34:40,0.0634087855082369
2018-01-12 04:34:50,0.061615337425273566
2018-01-12 04:35:00,0.05929305325979545
2018-01-12 04:35:10,0.05659303145717724
2018-01-12 04:35:20,0.053678891562766555
2018-01-12 04:35:30,0.05071630095893611
2018-01-12 04:35:40,0.047862153284710836
2018-01-12 04:35:50,0.04525681282467376
2018-01-12 04:36:00,0.04302088941072496
2018-01-12 04:36:10,0.041252948667164904
2018-01-12 04:36:20,0.04002389548315843
2018-01-12 04:36:30,0.039372322062305884
2018-01-12 04:36:40,0.039308062454790495
2018-01-12 04:36:50,0.039822058108699515
2018-01-12 04:37:00,0.040896721063378244
2018-01-12 04:37:10,0.042514055151518126
2018-01-12 04:37:20,0.04466119455910275
2018-01-12 04:37:30,0.047333658420225654
2018-01-12 04:37:40,0.05053489884811281
2018-01-12 04:37:50,0.054271608445959046
2018-01-12 04:38:00,0.05854786393346256
2018-01-12 04:38:10,0.06336177155938813
2018-01-12 04:38:20,0.0687050906566975
2018-01-12 04:38:30,0.07456432862309308
2018-01-12 04:38:40,0.08092190937438068
2018-01-12 04:38:50,0.08775496995191032
2018-01-12 04:39:00,0.09503124969503898
2018-01-12 04:39:10,0.10270534511174148
2018-01-12 04:39:20,0.11071702070507819
2018-01-12 04:39:30,0.11899162280178556
2018-01-12 04:39:40,0.1274425957131258
2018-01-12 04:39:50,0.13597246523505988
2018-01-12 04:40:00,0.14447211795908738
2018-01-12 04:40:10,0.15282507918418833
2018-01-12 04:40:20,0.16091645591772918
2018-01-12 04:40:30,0.16864010982711775
2018-01-12 04:40:40,0.17590324761036633
2018-01-12 04:40:50,0.18262929111179318
2018-01-12 04:41:00,0.18875713983386533
2018-01-12 04:41:10,0.19423610140570988
2018-01-12 04:41:20,0.19901945920348832
2018-01-12 04:41:30,0.20306138640321197
2018-01-12 04:41:40,0.20631883937230644
2018-01-12 04:41:50,0.2087558709146129
2018-01-12 04:42:00,0.21034579683534038
2018-01-12 04:42:10,0.21106987240527536
2018-01-12 04:42:20,0.21091774533928503
2018-01-12 04:42:30,0.20989207465084428
2018-01-12 04:42:40,0.20801251901199283
2018-01-12 04:42:50,0.205316206229882
2018-01-12 04:43:00,0.20185650885799247
2018-01-12 04:43:10,0.1977036484686293
2018-01-12 04:43:20,0.19294696201931527
2018-01-12 04:43:30,0.18769354348452544
2018-01-12 04:43:40,0.18206125216990274
2018-01-12 04:43:50,0.17616831888658718
2018-01-12 04:44:00,0.17012173682128034
2018-01-12 04:44:10,0.1640078022473454
2018-01-12 04:44:20,0.15788753127728153
2018-01-12 04:44:30,0.15179620365764585
2018-01-12 04:44:40,0.14574633040572701
2018-01-12 04:44:50,0.1397354727198652
2018-01-12 04:45:00,0.13375706224214556
2018-01-12 04:45:10,0.12780860150473194
2018-01-12 04:45:20,0.12189426864657792
2018-01-12 04:45:30,0.11602227976350332
2018-01-12 04:45:40,0.11019909141973096
2018-01-12 04:45:50,0.10442412959520564
2018-01-12 04:46:00,0.09868972916569278
2018-01-12 04:46:10,0.0929900237744788
2018-01-12 04:46:20,0.08733378757475614
2018-01-12 04:46:30,0.08174925285720176
2018-01-12 04:46:40,0.07627919035681939
2018-01-12 04:46:50,0.07097579174654722
2018-01-12 04:47:00,0.0658996186707178
2018-01-12 04:47:10,0.06111924686130886
2018-01-12 04:47:20,0.056709418352356926
2018-01-12 04:47:30,0.052747054174079225
2018-01-12 04:47:40,0.04930516053575007
2018-01-12 04:47:50,0.046447715723221185
2018-01-12 04:48:00,0.04422729314444226
2018-01-12 04:48:10,0.04268324625734936
2018-01-12 04:48:20,0.04183960661127159
2018-01-12 04:48:30,0.04170493737048539
2018-01-12 04:48:40,0.04227412661345429
2018-01-12 04:48:50,0.04352874112528604
2018-01-12 04:49:00,0.04543558403578073
2018-01-12 04:49:10,0.047945172387127935
2018-01-12 04:49:20,0.050990510131509605
2018-01-12 04:49:30,0.05448797159021764
2018-01-12 04:49:40,0.05834202195255012
2018-01-12 04:49:50,0.06245186931163828
2018-01-12 04:50:00,0.06671601570910214
2018-01-12 04:50:10,0.07103434374901217
2018-01-12 04:50:20,0.07531331422709928
2018-01-12 04:50:30,0.07947557100467859
2018-01-12 04:50:40,0.08346617172337034
2018-01-12 04:50:50,0.08725156351759253
2018-01-12 04:51:00,0.09081569921644457
2018-01-12 04:51:10,0.09415576579995345
2018-01-12 04:51:20,0.09727592163205509
2018-01-12 04:51:30,0.10018066539816678
2018-01-12 04:51:40,0.10287398132292554
2018-01-12 04:51:50,0.10536361303457438
2018-01-12 04:52:00,0.10766111683385636
2018-01-12 04:52:10,0.10977762244983919
2018-01-12 04:52:20,0.1117242523383442
2018-01-12 04:52:30,0.11351681512919522
2018-01-12 04:52:40,0.11517862281778754
2018-01-12 04:52:50,0.1167396804191787
2018-01-12 04:53:00,0.11823383395424092
2018-01-12 04:53:10,0.11969813406475209
2018-01-12 04:53:20,0.12117432009410053
2018-01-12 04:53:30,0.12270560599193801
2018-01-12 04:53:40,0.1243284358087197
2018-01-12 04:53:50,0.126066932082486
2018-01-12 04:54:00,0.12793375980564758
2018-01-12 04:54:10,0.129933808702674
2018-01-12 04:54:20,0.13206625825449445
2018-01-12 04:54:30,0.1343258203404161
2018-01-12 04:54:40,0.1367048121759094
2018-01-12 04:54:50,0.13919402871496583
2018-01-12 04:55:00,0.14178303325043964
2018-01-12 04:55:10,0.14446242758034253
2018-01-12 04:55:20,0.14722633357248557
2018-01-12 04:55:30,0.15007236780433944
2018-01-12 04:55:40,0.15299812829759973
2018-01-12 04:55:50,0.15599480057300513
2018-01-12 04:56:00,0.1590410480176177
2018-01-12 04:56:10,0.1621001696926144
2018-01-12 04:56:20,0.16512151555271865
2018-01-12 04:56:30,0.16804522523134782
2018-01-12 04:56:40,0.17080762747328912
2018-01-12 04:56:50,0.17334575040197622
2018-01-12 04:57:00,0.17560178652661057
2018-01-12 04:57:10,0.17752791125678502
2018-01-12 04:57:20,0.1790896492044222
2018-01-12 04:57:30,0.1802659472468281
2018-01-12 04:57:40,0.18104618713319703
2018-01-12 04:57:50,0.18142675269027453
2018-01-12 04:58:00,0.18140929723297997
2018-01-12 04:58:10,0.18100005929777496
2018-01-12 04:58:20,0.18020967448166555
2018-01-12 04:58:30,0.17905218064826386
2018-01-12 04:58:40,0.17754182953077235
2018-01-12 04:58:50,0.17569153397057272
2018-01-12 04:59:00,0.17351577142686517
2018-01-12 04:59:10,0.17103435773992687
2018-01-12 04:59:20,0.16827461157435494
2018-01-12 04:59:30,0.16527198871705312
2018-01-12 04:59:40,0.1620672652742668
2018-01-12 04:59:50,0.15870143434783532
2018-01-12 05:00:00,0.15521458351191367
2018-01-12 05:00:10,0.1516488859506763
2018-01-12 05:00:20,0.14804924860893562
2018-01-12 05:00:30,0.14446024913755365
2018-01-12 05:00:40,0.14092249358585912
2018-01-12 05:00:50,0.13746986836212477
2018-01-12 05:01:00,0.1341285773419427
2018-01-12 05:01:10,0.1309190848700109
2018-01-12 05:01:20,0.1278597266410336
2018-01-12 05:01:30,0.1249680880401082
2018-01-12 05:01:40,0.12225830646510967
2018-01-12 05:01:50,0.11973747682641922
2018-01-12 05:02:00,0.11740420351977272
2018-01-12 05:02:10,0.11524845757579624
2018-01-12 05:02:20,0.1132530514972924
2018-01-12 05:02:30,0.111398333260628
2018-01-12 05:02:40,0.10966612935258414
2018-01-12 05:02:50,0.10803800947523755
2018-01-12 05:03:00,0.10649189403974005
2018-01-12 05:03:10,0.10500486091203627
2018-01-12 05:03:20,0.10356210292324161
2018-01-12 05:03:30,0.1021656005107592
2018-01-12 05:03:40,0.10083733887219373
2018-01-12 05:03:50,0.09961513390977722
2018-01-12 05:04:00,0.09854379000657482
2018-01-12 05:04:10,0.0976662703378196
2018-01-12 05:04:20,0.09701654423203068
2018-01-12 05:04:30,0.0966133113026209
2018-01-12 05:04:40,0.09645443889817708
2018-01-12 05:04:50,0.09651553363775822
2018-01-12 05:05:00,0.09675587487865323
2018-01-12 05:05:10,0.09712873797658551
2018-01-12 05:05:20,0.09759053030998889
2018-01-12 05:05:30,0.0981058198002181
2018-01-12 05:05:40,0.09864730850918856
2018-01-12 05:05:50,0.09919160777519638
2018-01-12 05:06:00,0.09971383287486575
2018-01-12 05:06:10,0.1001819230881382
2018-01-12 05:06:20,0.10054998038511526
2018-01-12 05:06:30,0.10075545726593133
2018-01-12 05:06:40,0.10072554284822907
2018-01-12 05:06:50,0.10038888389760074
2018-01-12 05:07:00,0.09968562299960397
2018-01-12 05:07:10,0.09857234694208328
2018-01-12 05:07:20,0.09702087583444133
2018-01-12 05:07:30,0.09501481093349959
2018-01-12 05:07:40,0.09254981264476748
2018-01-12 05:07:50,0.08963679046727188
2018-01-12 05:08:00,0.08630432938536145
2018-01-12 05:08:10,0.08260050137933324
2018-01-12 05:08:20,0.07859334717335982
2018-01-12 05:08:30,0.07436701739118684
2018-01-12 05:08:40,0.07001455272832392
2018-01-12 05:08:50,0.06563126810991536
2018-01-12 05:09:00,0.06130928790369977
2018-01-12 05:09:10,0.057131273072596384
2018-01-12 05:09:20,0.05316365601221634
2018-01-12 05:09:30,0.04945050458844523
2018-01-12 05:09:40,0.046007175782853085
2018-01-12 05:09:50,0.042815235903679
2018-01-12 05:10:00,0.03982312451564283
2018-01-12 05:10:10,0.0369528302477475
2018-01-12 05:10:20,0.034109809190959364
2018-01-12 05:10:30,0.031195322775471126
2018-01-12 05:10:40,0.0281188824119006
2018-01-12 05:10:50,0.024806796663425466
2018-01-12 05:11:00,0.021206549139591697
2018-01-12 05:11:10,0.017289933339634727
2018-01-12 05:11:20,0.013054494418137177
2018-01-12 05:11:30,0.008519905818810243
2018-01-12 05:11:40,0.0037211274249501487
2018-01-12 05:11:50,-0.001297740887412451
2018-01-12 05:12:00,-0.006489530677377206
2018-01-12 05:12:10,-0.011809510202006702
2018-01-12 05:12:20,-0.01721866672907941
2018-01-12 05:12:30,-0.022687074876084595
2018-01-12 05:12:40,-0.028197336111330414
2018-01-12 05:12:50,-0.033744436925767125
2018-01-12 05:13:00,-0.039333004125007086
2018-01-12 05:13:10,-0.04497524917271261
2018-01-12 05:13:20,-0.050689465010946955
2018-01-12 05:13:30,-0.05649669102747183
2018-01-12 05:13:40,-0.06241496386544686
2018-01-12 05:13:50,-0.06845568384895859
2018-01-12 05:14:00,-0.07462633213928589
2018-01-12 05:14:10,-0.0809364344796174
2018-01-12 05:14:20,-0.08740055972306919
2018-01-12 05:14:30,-0.09403766645718886
2018-01-12 05:14:40,-0.10087120215544458
2018-01-12 05:14:50,-0.10793135944250012
2018-01-12 05:15:00,-0.11525543038481663
2018-01-12 05:15:10,-0.12288297751532272
2018-01-12 05:15:20,-0.13084739206650298
2018-01-12 05:15:30,-0.13916841448027645
2018-01-12 05:15:40,-0.14784857399828796
2018-01-12 05:15:50,-0.1568720175945227
2018-01-12 05:16:00,-0.16620563349560952
2018-01-12 05:16:10,-0.17580383052303442
2018-01-12 05:16:20,-0.18561254477404426
2018-01-12 05:16:30,-0.195570862882935
2018-01-12 05:16:40,-0.20561448640590038
2018-01-12 05:16:50,-0.21567853395900452
2018-01-12 05:17:00,-0.22569635675274974
2018-01-12 05:17:10,-0.23559784603517864
2018-01-12 05:17:20,-0.2453099273028185
2018-01-12 05:17:30,-0.2547615201040363
2018-01-12 05:17:40,-0.26389202900596354
2018-01-12 05:17:50,-0.27265547289922865
2018-01-12 05:18:00,-0.28101668958474296
2018-01-12 05:18:10,-0.2889437666268037
2018-01-12 05:18:20,-0.29640091628823606
2018-01-12 05:18:30,-0.3033432956066231
2018-01-12 05:18:40,-0.3097149091255397
2018-01-12 05:18:50,-0.31545209423764353
2018-01-12 05:19:00,-0.32049286799868487
2018-01-12 05:19:10,-0.32478753556169054
2018-01-12 05:19:20,-0.3283052296137775
2018-01-12 05:19:30,-0.3310365218054701
2018-01-12 05:19:40,-0.33299538487006575
2018-01-12 05:19:50,-0.3342205711639666
2018-01-12 05:20:00,-0.3347747919261137
2018-01-12 05:20:10,-0.3347409275097699
2018-01-12 05:20:20,-0.33421658005393956
2018-01-12 05:20:30,-0.33330960624606376
2018-01-12 05:20:40,-0.33213511741165425
2018-01-12 05:20:50,-0.3308121687209513
2018-01-12 05:21:00,-0.32945806416248263
2018-01-12 05:21:10,-0.3281819859647322
2018-01-12 05:21:20,-0.3270804144384626
2018-01-12 05:21:30,-0.32623244205229407
2018-01-12 05:21:40,-0.32569445506986716
2018-01-12 05:21:50,-0.32549592950287054
2018-01-12 05:22:00,-0.3256386438833738
2018-01-12 05:22:10,-0.32610185845309025
2018-01-12 05:22:20,-0.3268507144778208
2018-01-12 05:22:30,-0.3278426719487682
2018-01-12 05:22:40,-0.329031280972774
2018-01-12 05:22:50,-0.3303683616468356
2018-01-12 05:23:00,-0.33180474319617503
2018-01-12 05:23:10,-0.33329052458952513
2018-01-12 05:23:20,-0.3347752198407645
2018-01-12 05:23:30,-0.3362079077791742
2018-01-12 05:23:40,-0.33753748132279915
2018-01-12 05:23:50,-0.33870913019009513
2018-01-12 05:24:00,-0.3396578318423292
2018-01-12 05:24:10,-0.3403090579080389
2018-01-12 05:24:20,-0.3405893624610524
2018-01-12 05:24:30,-0.34043799262604835
2018-01-12 05:24:40,-0.3398123373734901
2018-01-12 05:24:50,-0.3386864784164402
2018-01-12 05:25:00,-0.3370468616235631
2018-01-12 05:25:10,-0.33488978851658247
2018-01-12 05:25:20,-0.332222126091018
2018-01-12 05:25:30,-0.32906385008503297
2018-01-12 05:25:40,-0.32544993860336063
2018-01-12 05:25:50,-0.3214292495827399
2018-01-12 05:26:00,-0.3170603347040063
2018-01-12 05:26:10,-0.3124063141941692
2018-01-12 05:26:20,-0.30752970629621057
2018-01-12 05:26:30,-0.302486650517617
2018-01-12 05:26:40,-0.2973211510931693
2018-01-12 05:26:50,-0.29206005847882177
2018-01-12 05:27:00,-0.28670822079085095
2018-01-12 05:27:10,-0.28124570776684216
2018-01-12 05:27:20,-0.2756310587581015
2018-01-12 05:27:30,-0.2698097271366888
2018-01-12 05:27:40,-0.2637232761154149
2018-01-12 05:27:50,-0.25731796119299416
2018-01-12 05:28:00,-0.2505522155139506
2018-01-12 05:28:10,-0.24340005280598398
2018-01-12 05:28:20,-0.23584983768204887
2018-01-12 05:28:30,-0.2279026835926652
2018-01-12 05:28:40,-0.21957316684702838
2018-01-12 05:28:50,-0.2108885354926936
2018-01-12 05:29:00,-0.2018833143289877
2018-01-12 05:29:10,-0.19259410990871742
2018-01-12 05:29:20,-0.18305892313559097
2018-01-12 05:29:30,-0.17331810858795776
2018-01-12 05:29:40,-0.16341423369538946
2018-01-12 05:29:50,-0.15339148326580648
2018-01-12 05:30:00,-0.1432953935636991
2018-01-12 05:30:10,-0.1331756253933531
2018-01-12 05:30:20,-0.12309330428246863
2018-01-12 05:30:30,-0.11312753631314107
2018-01-12 05:30:40,-0.10337589851468162
2018-01-12 05:30:50,-0.09394922897983833
2018-01-12 05:31:00,-0.08496361876392403
2018-01-12 05:31:10,-0.07653356371052089
2018-01-12 05:31:20,-0.06876799866244886
2018-01-12 05:31:30,-0.06176827193593803
2018-01-12 05:31:40,-0.05562583763567891
2018-01-12 05:31:50,-0.05041553210201192
2018-01-12 05:32:00,-0.046184434523814835
2018-01-12 05:32:10,-0.04294284092329418
2018-01-12 05:32:20,-0.04066259622512256
2018-01-12 05:32:30,-0.0392823691954129
2018-01-12 05:32:40,-0.038715419852788445
2018-01-12 05:32:50,-0.038856782963589936
2018-01-12 05:33:00,-0.03959119695532275
2018-01-12 05:33:10,-0.04080266307816965
2018-01-12 05:33:20,-0.04238319944018875
2018-01-12 05:33:30,-0.04423791232151797
2018-01-12 05:33:40,-0.04628624059619814
2018-01-12 05:33:50,-0.04846146441535171
2018-01-12 05:34:00,-0.0507089518864374
2018-01-12 05:34:10,-0.052983619212002724
2018-01-12 05:34:20,-0.05524952719185656
2018-01-12 05:34:30,-0.057480226887493394
2018-01-12 05:34:40,-0.05965382599107364
2018-01-12 05:34:50,-0.061743592395344125
2018-01-12 05:35:00,-0.06371255175526784
2018-01-12 05:35:10,-0.06551646841994038
2018-01-12 05:35:20,-0.06711068460001582
2018-01-12 05:35:30,-0.06845443916540307
2018-01-12 05:35:40,-0.06951314846131239
2018-01-12 05:35:50,-0.07026403395318938
2018-01-12 05:36:00,-0.07070455348362957
2018-01-12 05:36:10,-0.07085518055796322
2018-01-12 05:36:20,-0.07075317760925631
2018-01-12 05:36:30,-0.07044502349879747
2018-01-12 05:36:40,-0.06998391586034464
2018-01-12 05:36:50,-0.06943056862627439
2018-01-12 05:37:00,-0.06885270221353416
2018-01-12 05:37:10,-0.06832070147874439
2018-01-12 05:37:20,-0.06790219113393638
2018-01-12 05:37:30,-0.06766076852509967
2018-01-12 05:37:40,-0.06765839725354827
2018-01-12 05:37:50,-0.0679560325056395
2018-01-12 05:38:00,-0.0686099312866669
2018-01-12 05:38:10,-0.06966508192072485
2018-01-12 05:38:20,-0.07114923978573154
2018-01-12 05:38:30,-0.073070479187104
2018-01-12 05:38:40,-0.07541645126113541
2018-01-12 05:38:50,-0.07815313654397257
2018-01-12 05:39:00,-0.08122585146954292
2018-01-12 05:39:10,-0.0845652743715343
2018-01-12 05:39:20,-0.08809712615812762
2018-01-12 05:39:30,-0.09175091332339863
2018-01-12 05:39:40,-0.09546241584451562
2018-01-12 05:39:50,-0.09917031769108242
2018-01-12 05:40:00,-0.1028125947591599
2018-01-12 05:40:10,-0.10632470653709836
2018-01-12 05:40:20,-0.10963873748645282
2018-01-12 05:40:30,-0.11268375683111041
2018-01-12 05:40:40,-0.11538607357476394
2018-01-12 05:40:50,-0.11766826415971936
2018-01-12 05:41:00,-0.11945039328757585
2018-01-12 05:41:10,-0.12065703063808661
2018-01-12 05:41:20,-0.1212282842573168
2018-01-12 05:41:30,-0.12112896541947
2018-01-12 05:41:40,-0.12035105566435694
2018-01-12 05:41:50,-0.1189118035067868
2018-01-12 05:42:00,-0.1168531393812858
2018-01-12 05:42:10,-0.11424105952783478
2018-01-12 05:42:20,-0.11116099576361897
2018-01-12 05:42:30,-0.10771144908091305
2018-01-12 05:42:40,-0.10400013206226459
2018-01-12 05:42:50,-0.10014320792295166
2018-01-12 05:43:00,-0.0962632896325788
2018-01-12 05:43:10,-0.09248081356437736
2018-01-12 05:43:20,-0.0889031072872539
2018-01-12 05:43:30,-0.08562241159927708
2018-01-12 05:43:40,-0.08272339774248502
2018-01-12 05:43:50,-0.0802900339250111
2018-01-12 05:44:00,-0.07840684060612554
2018-01-12 05:44:10,-0.07715590936658785
2018-01-12 05:44:20,-0.07661168352352987
2018-01-12 05:44:30,-0.0768375304605883
2018-01-12 05:44:40,-0.07788675295692402
2018-01-12 05:44:50,-0.07980638561205734
2018-01-12 05:45:00,-0.08264170776363892
2018-01-12 05:45:10,-0.0864394489807897
2018-01-12 05:45:20,-0.09124563469176632
2018-01-12 05:45:30,-0.09709657845537098
2018-01-12 05:45:40,-0.10401138249212248
2018-01-12 05:45:50,-0.11199509462189564
2018-01-12 05:46:00,-0.12104881753234852
2018-01-12 05:46:10,-0.1311787405468527
2018-01-12 05:46:20,-0.1424010514004405
2018-01-12 05:46:30,-0.15474007313598923
2018-01-12 05:46:40,-0.1682187688296836
2018-01-12 05:46:50,-0.18284681851885642
2018-01-12 05:47:00,-0.19861351990899653
2018-01-12 05:47:10,-0.21548849305934756
2018-01-12 05:47:20,-0.23342578367358408
2018-01-12 05:47:30,-0.25236407298722685
2018-01-12 05:47:40,-0.2722215657881404
2018-01-12 05:47:50,-0.2928903159145594
2018-01-12 05:48:00,-0.3142341936861328
2018-01-12 05:48:10,-0.33609213661954124
2018-01-12 05:48:20,-0.35828694256187404
2018-01-12 05:48:30,-0.38063683814901367
2018-01-12 05:48:40,-0.4029648623787726
2018-01-12 05:48:50,-0.42510271531331423
2018-01-12 05:49:00,-0.44688956359580784
2018-01-12 05:49:10,-0.4681698291952067
2018-01-12 05:49:20,-0.4887948567244881
2018-01-12 05:49:30,-0.5086299440112105
2018-01-12 05:49:40,-0.527560627899486
2018-01-12 05:49:50,-0.5454925981586779
2018-01-12 05:50:00,-0.562349780231349
2018-01-12 05:50:10,-0.5780750067380354
2018-01-12 05:50:20,-0.5926292393977082
2018-01-12 05:50:30,-0.6059865188469827
2018-01-12 05:50:40,-0.6181290495778295
2018-01-12 05:50:50,-0.6290445534226916
2018-01-12 05:51:00,-0.6387209312238608
2018-01-12 05:51:10,-0.6471371538441295
2018-01-12 05:51:20,-0.6542565440932627
2018-01-12 05:51:30,-0.6600268849823852
2018-01-12 05:51:40,-0.6643867879584693
2018-01-12 05:51:50,-0.6672732929341059
2018-01-12 05:52:00,-0.6686239597781163
2018-01-12 05:52:10,-0.6683734609979307
2018-01-12 05:52:20,-0.6664532513905831
2018-01-12 05:52:30,-0.6627993807756023
2018-01-12 05:52:40,-0.6573627554201178
2018-01-12 05:52:50,-0.650115293565007
2018-01-12 05:53:00,-0.6410522733689239
2018-01-12 05:53:10,-0.6301933486637138
2018-01-12 05:53:20,-0.6175833775609536
2018-01-12 05:53:30,-0.603293899876967
2018-01-12 05:53:40,-0.5874243044002312
2018-01-12 05:53:50,-0.5701010354040157
2018-01-12 05:54:00,-0.5514759247801592
2018-01-12 05:54:10,-0.5317229481325174
2018-01-12 05:54:20,-0.5110305139649265
2018-01-12 05:54:30,-0.48959401077110154
2018-01-12 05:54:40,-0.4676176270426383
2018-01-12 05:54:50,-0.44532222310476066
2018-01-12 05:55:00,-0.4229470803279491
2018-01-12 05:55:10,-0.40074244285284416
2018-01-12 05:55:20,-0.3789581609732014
2018-01-12 05:55:30,-0.35783238518108823
2018-01-12 05:55:40,-0.33758177432029507
2018-01-12 05:55:50,-0.31839242121945177
2018-01-12 05:56:00,-0.3004099188067848
2018-01-12 05:56:10,-0.28373191118838054
2018-01-12 05:56:20,-0.26840958581449786
2018-01-12 05:56:30,-0.25445659720243313
2018-01-12 05:56:40,-0.24185684495781
2018-01-12 05:56:50,-0.2305685835682515
2018-01-12 05:57:00,-0.22053055679996825
2018-01-12 05:57:10,-0.21167394531493142
2018-01-12 05:57:20,-0.20393580029478378
2018-01-12 05:57:30,-0.19726569358265192
2018-01-12 05:57:40,-0.19162198744351014
2018-01-12 05:57:50,-0.18696167761214968
2018-01-12 05:58:00,-0.18323004229661255
2018-01-12 05:58:10,-0.18035505864406037
2018-01-12 05:58:20,-0.1782499505443864
2018-01-12 05:58:30,-0.17682160666481217
2018-01-12 05:58:40,-0.17597840177835863
2018-01-12 05:58:50,-0.17563489756866288
2018-01-12 05:59:00,-0.17571416791349143
2018-01-12 05:59:10,-0.17614693101816567
2018-01-12 05:59:20,-0.17686734135037685
2018-01-12 05:59:30,-0.1778098023206527
2018-01-12 05:59:40,-0.1789123765653453
2018-01-12 05:59:50,-0.18012527252226573
2018-01-12 06:00:00,-0.18141638269406987
2018-01-12 06:00:10,-0.18276988731355884
2018-01-12 06:00:20,-0.18418179652620745
2018-01-12 06:00:30,-0.185656463000889
2018-01-12 06:00:40,-0.1872035404944583
2018-01-12 06:00:50,-0.18883421178175833
2018-01-12 06:01:00,-0.1905569809759309
2018-01-12 06:01:10,-0.1923749463061794
2018-01-12 06:01:20,-0.1942866795027807
2018-01-12 06:01:30,-0.19628932329242182
2018-01-12 06:01:40,-0.1983811128966282
2018-01-12 06:01:50,-0.20056253459340984
2018-01-12 06:02:00,-0.2028367741417964
2018-01-12 06:02:10,-0.20521008631757312
2018-01-12 06:02:20,-0.2076915177105267
2018-01-12 06:02:30,-0.2102918159387687
2018-01-12 06:02:40,-0.2130230278311911
2018-01-12 06:02:50,-0.2158995479851624
2018-01-12 06:03:00,-0.21893899110123904
2018-01-12 06:03:10,-0.2221612322556986
2018-01-12 06:03:20,-0.22558512563826671
2018-01-12 06:03:30,-0.2292226621625541
2018-01-12 06:03:40,-0.23307334338398125
2018-01-12 06:03:50,-0.23712351091903086
2018-01-12 06:04:00,-0.24135075680843734
2018-01-12 06:04:10,-0.2457294131560827
2018-01-12 06:04:20,-0.2502349535311181
2018-01-12 06:04:30,-0.2548478943714697
2018-01-12 06:04:40,-0.2595567392198112
2018-01-12 06:04:50,-0.2643587780043479
2018-01-12 06:05:00,-0.2692601650094402
2018-01-12 06:05:10,-0.2742763802640727
2018-01-12 06:05:20,-0.2794299235661074
2018-01-12 06:05:30,-0.2847441201940618
2018-01-12 06:05:40,-0.290238222481636
2018-01-12 06:05:50,-0.2959255523464239
2018-01-12 06:06:00,-0.30180955824563105
2018-01-12 06:06:10,-0.3078772881468989
2018-01-12 06:06:20,-0.31409637646674193
2018-01-12 06:06:30,-0.3204175361331836
2018-01-12 06:06:40,-0.3267791166265833
2018-01-12 06:06:50,-0.3331119065482305
2018-01-12 06:07:00,-0.33934542220115016
2018-01-12 06:07:10,-0.3454163116932185
2018-01-12 06:07:20,-0.35127617889619067
2018-01-12 06:07:30,-0.356895021261669
2018-01-12 06:07:40,-0.3622605220705309
2018-01-12 06:07:50,-0.36737583058945245
2018-01-12 06:08:00,-0.37225436901031816
2018-01-12 06:08:10,-0.3769099403675278
2018-01-12 06:08:20,-0.3813472684991525
2018-01-12 06:08:30,-0.3855590995938308
2018-01-12 06:08:40,-0.38952861059117894
2018-01-12 06:08:50,-0.3932311935604591
2018-01-12 06:09:00,-0.39663337867893467
2018-01-12 06:09:10,-0.39969219325785255
2018-01-12 06:09:20,-0.4023578264174309
2018-01-12 06:09:30,-0.40457831787623494
2018-01-12 06:09:40,-0.4063035506567912
2018-01-12 06:09:50,-0.4074879211498444
2018-01-12 06:10:00,-0.40809154642130036
2018-01-12 06:10:10,-0.40807978176643556
2018-01-12 06:10:20,-0.40742370660591143
2018-01-12 06:10:30,-0.40610408133026155
2018-01-12 06:10:40,-0.4041168650123477
2018-01-12 06:10:50,-0.40147709111873725
2018-01-12 06:11:00,-0.39821959890828534
2018-01-12 06:11:10,-0.3943955203056484
2018-01-12 06:11:20,-0.3900664102356577
2018-01-12 06:11:30,-0.38530209768665014
2018-01-12 06:11:40,-0.38018399112549395
2018-01-12 06:11:50,-0.3748076282454652
2018-01-12 06:12:00,-0.36927922589017004
2018-01-12 06:12:10,-0.36370837820488433
2018-01-12 06:12:20,-0.3582011702703546
2018-01-12 06:12:30,-0.3528536752083089
2018-01-12 06:12:40,-0.34774551193580916
2018-01-12 06:12:50,-0.3429374329401298
2018-01-12 06:13:00,-0.33847312398647766
2018-01-12 06:13:10,-0.3343795895328573
2018-01-12 06:13:20,-0.33066735359530025
2018-01-12 06:13:30,-0.32733611709417404
2018-01-12 06:13:40,-0.32438432022290165
2018-01-12 06:13:50,-0.3218182301186998
2018-01-12 06:14:00,-0.3196587998271928
2018-01-12 06:14:10,-0.31794463773451354
2018-01-12 06:14:20,-0.31672933877569326
2018-01-12 06:14:30,-0.31607480151027306
2018-01-12 06:14:40,-0.31604663191813553
2018-01-12 06:14:50,-0.31671478501146855
2018-01-12 06:15:00,-0.31815372622011573
2018-01-12 06:15:10,-0.3204371670333751
2018-01-12 06:15:20,-0.3236307982905603
2018-01-12 06:15:30,-0.32778679895376195
2018-01-12 06:15:40,-0.3329395444677738
2018-01-12 06:15:50,-0.33910155910268397
2018-01-12 06:16:00,-0.34626001629241027
2018-01-12 06:16:10,-0.35437490752482737
2018-01-12 06:16:20,-0.36338071642379305
2018-01-12 06:16:30,-0.37319174705585895
2018-01-12 06:16:40,-0.3837079883031816
2018-01-12 06:16:50,-0.3948191886477424
2018-01-12 06:17:00,-0.40640810565155955
2018-01-12 06:17:10,-0.4183545612675698
2018-01-12 06:17:20,-0.43054026018704983
2018-01-12 06:17:30,-0.44285158109280287
2018-01-12 06:17:40,-0.4551790767245701
2018-01-12 06:17:50,-0.4674183583864708
2018-01-12 06:18:00,-0.4794746790400128
2018-01-12 06:18:10,-0.49126617389655886
2018-01-12 06:18:20,-0.5027235621777528
2018-01-12 06:18:30,-0.5137896941501948
2018-01-12 06:18:40,-0.5244194004716184
2018-01-12 06:18:50,-0.5345779721435283
2018-01-12 06:19:00,-0.5442399309462504
2018-01-12 06:19:10,-0.5533891101464556
2018-01-12 06:19:20,-0.562018428669737
2018-01-12 06:19:30,-0.5701289773342403
2018-01-12 06:19:40,-0.5777287363656769
2018-01-12 06:19:50,-0.584831945921411
2018-01-12 06:20:00,-0.5914609427935884
2018-01-12 06:20:10,-0.5976481511281879
2018-01-12 06:20:20,-0.6034336933770813
2018-01-12 06:20:30,-0.6088597247982381
2018-01-12 06:20:40,-0.6139644208359948
2018-01-12 06:20:50,-0.6187755783248173
2018-01-12 06:21:00,-0.6233059857366848
2018-01-12 06:21:10,-0.627553732976593
2018-01-12 06:21:20,-0.6315066106890795
2018-01-12 06:21:30,-0.6351477210691496
2018-01-12 06:21:40,-0.638460815990887
2018-01-12 06:21:50,-0.6414347851453274
2018-01-12 06:22:00,-0.6440650780601654
2018-01-12 06:22:10,-0.6463500374432739
2018-01-12 06:22:20,-0.6482854623895122
2018-01-12 06:22:30,-0.6498620383949095
2018-01-12 06:22:40,-0.6510648565835258
2018-01-12 06:22:50,-0.6518734195688125
2018-01-12 06:23:00,-0.6522618162030573
2018-01-12 06:23:10,-0.6521996791295174
2018-01-12 06:23:20,-0.6516573031901324
2018-01-12 06:23:30,-0.6506137376492604
2018-01-12 06:23:40,-0.6490632875069551
2018-01-12 06:23:50,-0.6470208150312458
2018-01-12 06:24:00,-0.6445255171811611
2018-01-12 06:24:10,-0.6416407133558029
2018-01-12 06:24:20,-0.638449597140651
2018-01-12 06:24:30,-0.6350480947015493
2018-01-12 06:24:40,-0.6315380140405963
2018-01-12 06:24:50,-0.6280233547479069
2018-01-12 06:25:00,-0.6246078409766169
2018-01-12 06:25:10,-0.6213900362879854
2018-01-12 06:25:20,-0.6184563389053872
2018-01-12 06:25:30,-0.6158743158738774
2018-01-12 06:25:40,-0.6136858123563819
2018-01-12 06:25:50,-0.6119002149278263
2018-01-12 06:26:00,-0.6104914765930557
2018-01-12 06:26:10,-0.6094005739477575
2018-01-12 06:26:20,-0.6085425722524728
2018-01-12 06:26:30,-0.6078144150580911
2018-01-12 06:26:40,-0.6070978150811707
2018-01-12 06:26:50,-0.6062591922373936
2018-01-12 06:27:00,-0.6051557810622218
2018-01-12 06:27:10,-0.6036498322648736
2018-01-12 06:27:20,-0.6016222592843586
2018-01-12 06:27:30,-0.5989788344679728
2018-01-12 06:27:40,-0.5956500103004313
2018-01-12 06:27:50,-0.5915884487700307
2018-01-12 06:28:00,-0.5867668635862469
2018-01-12 06:28:10,-0.5811774351763472
2018-01-12 06:28:20,-0.5748319672625883
2018-01-12 06:28:30,-0.5677599900223418
2018-01-12 06:28:40,-0.5600049754139179
2018-01-12 06:28:50,-0.5516205936886847
2018-01-12 06:29:00,-0.5426652835123896
2018-01-12 06:29:10,-0.5331950755800746
2018-01-12 06:29:20,-0.5232601375377521
2018-01-12 06:29:30,-0.5129060523376622
2018-01-12 06:29:40,-0.5021746897634718
2018-01-12 06:29:50,-0.4911033466766104
2018-01-12 06:30:00,-0.4797232122560063
2018-01-12 06:30:10,-0.46805819590731906
2018-01-12 06:30:20,-0.4561286859384971
2018-01-12 06:30:30,-0.4439605251216215
2018-01-12 06:30:40,-0.43159239292473045
2018-01-12 06:30:50,-0.41907794393546055
2018-01-12 06:31:00,-0.4064837121757246
2018-01-12 06:31:10,-0.39388441370336835
2018-01-12 06:31:20,-0.38135691988466686
2018-01-12 06:31:30,-0.36897455355042436
2018-01-12 06:31:40,-0.35680316942065937
2018-01-12 06:31:50,-0.3448981244027244
2018-01-12 06:32:00,-0.33330144801875317
2018-01-12 06:32:10,-0.32204019357792324
2018-01-12 06:32:20,-0.31112711864391185
2018-01-12 06:32:30,-0.3005652474312099
2018-01-12 06:32:40,-0.2903561035297509
2018-01-12 06:32:50,-0.28050761425778087
2018-01-12 06:33:00,-0.27103706372477465
2018-01-12 06:33:10,-0.26196797213615464
2018-01-12 06:33:20,-0.25332397563956566
2018-01-12 06:33:30,-0.2451254079612952
2018-01-12 06:33:40,-0.23739198647724036
2018-01-12 06:33:50,-0.23014735932930552
2018-01-12 06:34:00,-0.22341853390354707
2018-01-12 06:34:10,-0.217229452945947
2018-01-12 06:34:20,-0.2115930323554758
2018-01-12 06:34:30,-0.20650600245926712
2018-01-12 06:34:40,-0.20194915126722535
2018-01-12 06:34:50,-0.19789202335342757
2018-01-12 06:35:00,-0.1942982870936848
2018-01-12 06:35:10,-0.19112894751448842
2018-01-12 06:35:20,-0.18834331360138837
2018-01-12 06:35:30,-0.1858992151325373
2018-01-12 06:35:40,-0.18375418089040055
2018-01-12 06:35:50,-0.18186783507835072
2018-01-12 06:36:00,-0.18020298811439275
2018-01-12 06:36:10,-0.1787239419077792
2018-01-12 06:36:20,-0.17739512379097105
2018-01-12 06:36:30,-0.17618382562543383
2018-01-12 06:36:40,-0.17506625956494895
2018-01-12 06:36:50,-0.17403099050491447
2018-01-12 06:37:00,-0.1730770901100436
2018-01-12 06:37:10,-0.17221287883264957
2018-01-12 06:37:20,-0.17145718414562094
2018-01-12 06:37:30,-0.17083739628870898
2018-01-12 06:37:40,-0.17038305758493003
2018-01-12 06:37:50,-0.17011762758813287
2018-01-12 06:38:00,-0.17005120248381658
2018-01-12 06:38:10,-0.17017862470885375
2018-01-12 06:38:20,-0.1704821847840156
2018-01-12 06:38:30,-0.17093327248283782
2018-01-12 06:38:40,-0.17149224251524667
2018-01-12 06:38:50,-0.1721091376194169
2018-01-12 06:39:00,-0.1727262396274617
2018-01-12 06:39:10,-0.1732811362493992
2018-01-12 06:39:20,-0.17370936490537198
2018-01-12 06:39:30,-0.17394864870597643
2018-01-12 06:39:40,-0.17394408291537586
2018-01-12 06:39:50,-0.17365004200406678
2018-01-12 06:40:00,-0.17302897099448658
2018-01-12 06:40:10,-0.17205157389107903
2018-01-12 06:40:20,-0.17070089540895725
2018-01-12 06:40:30,-0.16897920215484685
2018-01-12 06:40:40,-0.16691407112216908
2018-01-12 06:40:50,-0.16455958407080018
2018-01-12 06:41:00,-0.16199263493416038
2018-01-12 06:41:10,-0.15930686348563405
2018-01-12 06:41:20,-0.15660501565784915
2018-01-12 06:41:30,-0.15399264431800894
2018-01-12 06:41:40,-0.15157529162071678
2018-01-12 06:41:50,-0.14945329749719605
2018-01-12 06:42:00,-0.1477114310012229
2018-01-12 06:42:10,-0.14641189099850785
2018-01-12 06:42:20,-0.14559498357269715
2018-01-12 06:42:30,-0.1452807397698852
2018-01-12 06:42:40,-0.14546734143264373
2018-01-12 06:42:50,-0.14613005699217313
2018-01-12 06:43:00,-0.14722460645144336
2018-01-12 06:43:10,-0.14869393216388302
2018-01-12 06:43:20,-0.1504742299580915
2018-01-12 06:43:30,-0.15249762680064802
2018-01-12 06:43:40,-0.15469375426268653
2018-01-12 06:43:50,-0.15699479042326572
2018-01-12 06:44:00,-0.15934385657683073
2018-01-12 06:44:10,-0.16170013257895663
2018-01-12 06:44:20,-0.16403571536137676
2018-01-12 06:44:30,-0.16632896374740033
2018-01-12 06:44:40,-0.16856119503708145
2018-01-12 06:44:50,-0.17071472031149862
2018-01-12 06:45:00,-0.17276682873888577
2018-01-12 06:45:10,-0.1746812874088115
2018-01-12 06:45:20,-0.17640460872066238
2018-01-12 06:45:30,-0.17787120253631986
2018-01-12 06:45:40,-0.1790137966501802
2018-01-12 06:45:50,-0.179772290763156
2018-01-12 06:46:00,-0.18009844086511914
2018-01-12 06:46:10,-0.17995819990557682
2018-01-12 06:46:20,-0.17933422139797073
2018-01-12 06:46:30,-0.1782311213120657
2018-01-12 06:46:40,-0.1766827696418092
2018-01-12 06:46:50,-0.1747550356559266
2018-01-12 06:47:00,-0.17253943359810375
2018-01-12 06:47:10,-0.1701408701702032
2018-01-12 06:47:20,-0.16766601979139614
2018-01-12 06:47:30,-0.16521630669561035
2018-01-12 06:47:40,-0.16288373920734403
2018-01-12 06:47:50,-0.16074659902669766
2018-01-12 06:48:00,-0.15886605858819897
2018-01-12 06:48:10,-0.15728691376560006
2018-01-12 06:48:20,-0.15604431877481822
2018-01-12 06:48:30,-0.15517114841441013
2018-01-12 06:48:40,-0.15469790725196983
2018-01-12 06:48:50,-0.1546474314470929
2018-01-12 06:49:00,-0.15503103921587771
2018-01-12 06:49:10,-0.155847294768429
2018-01-12 06:49:20,-0.1570821660919707
2018-01-12 06:49:30,-0.15870983152376614
2018-01-12 06:49:40,-0.16069454457833798
2018-01-12 06:49:50,-0.16299312177820582
2018-01-12 06:50:00,-0.16555513955191378
2018-01-12 06:50:10,-0.1683204608284304
2018-01-12 06:50:20,-0.1712171548121634
2018-01-12 06:50:30,-0.17416253501461648
2018-01-12 06:50:40,-0.17706776021840667
2018-01-12 06:50:50,-0.17984201593830956
2018-01-12 06:51:00,-0.1823931680354671
2018-01-12 06:51:10,-0.18462865843816514
2018-01-12 06:51:20,-0.1864590251418994
2018-01-12 06:51:30,-0.1878009876509792
2018-01-12 06:51:40,-0.1885799909316741
2018-01-12 06:51:50,-0.18873544666636624
2018-01-12 06:52:00,-0.18822793102598542
2018-01-12 06:52:10,-0.18704306790628
2018-01-12 06:52:20,-0.18519043126136084
2018-01-12 06:52:30,-0.18270211146105794
2018-01-12 06:52:40,-0.1796333118649681
2018-01-12 06:52:50,-0.17606217169640814
2018-01-12 06:53:00,-0.17208732750363862
2018-01-12 06:53:10,-0.16782461564737985
2018-01-12 06:53:20,-0.1634026553129026
2018-01-12 06:53:30,-0.15895595730112413
2018-01-12 06:53:40,-0.15461758827241415
2018-01-12 06:53:50,-0.15051428603334904
2018-01-12 06:54:00,-0.14676325234018042
2018-01-12 06:54:10,-0.1434682568120502
2018-01-12 06:54:20,-0.14071380073761
2018-01-12 06:54:30,-0.13855846244177772
2018-01-12 06:54:40,-0.13703227783714733
2018-01-12 06:54:50,-0.13614162909894093
2018-01-12 06:55:00,-0.1358773252570477
2018-01-12 06:55:10,-0.13621956164437024
2018-01-12 06:55:20,-0.13714045100998418
2018-01-12 06:55:30,-0.13860662762192136
2018-01-12 06:55:40,-0.1405790036006278
2018-01-12 06:55:50,-0.1430074237213066
2018-01-12 06:56:00,-0.14582444124989044
2018-01-12 06:56:10,-0.1489447332677057
2018-01-12 06:56:20,-0.15227181706373558
2018-01-12 06:56:30,-0.1557080061991248
2018-01-12 06:56:40,-0.15916312271345917
2018-01-12 06:56:50,-0.16256052392264161
2018-01-12 06:57:00,-0.16584090091982107
2018-01-12 06:57:10,-0.1689633985458404
2018-01-12 06:57:20,-0.17190422559200577
2018-01-12 06:57:30,-0.17465307337244285
2018-01-12 06:57:40,-0.17720518491056103
2018-01-12 06:57:50,-0.17955071901027253
2018-01-12 06:58:00,-0.1816676560303371
2018-01-12 06:58:10,-0.18352044814838056
2018-01-12 06:58:20,-0.1850619282335841
2018-01-12 06:58:30,-0.1862348556310557
2018-01-12 06:58:40,-0.18697121831465424
2018-01-12 06:58:50,-0.18719226094684668
2018-01-12 06:59:00,-0.186814206042403
2018-01-12 06:59:10,-0.1857613284525054
2018-01-12 06:59:20,-0.18398121349514343
2018-01-12 06:59:30,-0.18145335131997786
2018-01-12 06:59:40,-0.1781900091024371
2018-01-12 06:59:50,-0.17423545347710348
2018-01-12 07:00:00,-0.16966405827626932
2018-01-12 07:00:10,-0.16457287977714402
2018-01-12 07:00:20,-0.15907027354405423
2018-01-12 07:00:30,-0.15326990762568105
2018-01-12 07:00:40,-0.1472944920551274
2018-01-12 07:00:50,-0.14127846020831705
2018-01-12 07:01:00,-0.1353590757031465
2018-01-12 07:01:10,-0.12966366114412398
2018-01-12 07:01:20,-0.12430514476396988
2018-01-12 07:01:30,-0.11938389130103484
2018-01-12 07:01:40,-0.11498863842806333
2018-01-12 07:01:50,-0.11119595459827457
2018-01-12 07:02:00,-0.10806864692569132
2018-01-12 07:02:10,-0.10565324136575023
2018-01-12 07:02:20,-0.10398040767526079
2018-01-12 07:02:30,-0.10306921002174044
2018-01-12 07:02:40,-0.1029295715771957
2018-01-12 07:02:50,-0.10355981220956777
2018-01-12 07:03:00,-0.10494160615690881
2018-01-12 07:03:10,-0.10703460829936343
2018-01-12 07:03:20,-0.10977213198472592
2018-01-12 07:03:30,-0.11306123182263597
2018-01-12 07:03:40,-0.1167910987776915
2018-01-12 07:03:50,-0.12084631925343745
2018-01-12 07:04:00,-0.1251147678294192
2018-01-12 07:04:10,-0.12948808191572864
2018-01-12 07:04:20,-0.13386208404720518
2018-01-12 07:04:30,-0.1381399400075521
2018-01-12 07:04:40,-0.14223337306158412
2018-01-12 07:04:50,-0.1460582423154735
2018-01-12 07:05:00,-0.14952788459973143
2018-01-12 07:05:10,-0.15255113924754107
2018-01-12 07:05:20,-0.155036219343215
2018-01-12 07:05:30,-0.1568953321594596
2018-01-12 07:05:40,-0.1580475874291084
2018-01-12 07:05:50,-0.15842201805963882
2018-01-12 07:06:00,-0.15796064672111773
2018-01-12 07:06:10,-0.15662016134371196
2018-01-12 07:06:20,-0.15437340342324785
2018-01-12 07:06:30,-0.15120974808433596
2018-01-12 07:06:40,-0.14713126286617256
2018-01-12 07:06:50,-0.14214705858474763
2018-01-12 07:07:00,-0.13627009488832767
2018-01-12 07:07:10,-0.129518541243096
2018-01-12 07:07:20,-0.12192221274237772
2018-01-12 07:07:30,-0.11352924260932779
2018-01-12 07:07:40,-0.10440711872326856
2018-01-12 07:07:50,-0.09463938344988022
2018-01-12 07:08:00,-0.08432326723046436
2018-01-12 07:08:10,-0.07357040718847276
2018-01-12 07:08:20,-0.06250783168768968
2018-01-12 07:08:30,-0.05127442674369625
2018-01-12 07:08:40,-0.040013082622298426
2018-01-12 07:08:50,-0.028864206043152842
2018-01-12 07:09:00,-0.01796275381384373
2018-01-12 07:09:10,-0.007435911451801982
2018-01-12 07:09:20,0.002600375361254734
2018-01-12 07:09:30,0.012046488554271198
2018-01-12 07:09:40,0.020825611795457187
2018-01-12 07:09:50,0.028889009950758063
2018-01-12 07:10:00,0.036218180706411036
2018-01-12 07:10:10,0.04282379058735635
2018-01-12 07:10:20,0.04874085896139284
2018-01-12 07:10:30,0.05402160999645373
2018-01-12 07:10:40,0.058728498742676445
2018-01-12 07:10:50,0.06292705496072466
2018-01-12 07:11:00,0.06667783153701895
2018-01-12 07:11:10,0.07002851920868494
2018-01-12 07:11:20,0.07301127351744383
2018-01-12 07:11:30,0.07564980666747795
2018-01-12 07:11:40,0.07796935677571863
2018-01-12 07:11:50,0.08000085016693591
2018-01-12 07:12:00,0.08178080177256171
2018-01-12 07:12:10,0.08335013021263643
2018-01-12 07:12:20,0.08475228766231867
2018-01-12 07:12:30,0.08603153667540317
2018-01-12 07:12:40,0.08723174774722822
2018-01-12 07:12:50,0.08839479178087233
2018-01-12 07:13:00,0.08955686607272594
2018-01-12 07:13:10,0.09074332433100632
2018-01-12 07:13:20,0.09196549784442304
2018-01-12 07:13:30,0.09322036101214641
2018-01-12 07:13:40,0.09449128086641143
2018-01-12 07:13:50,0.09574999198549312
2018-01-12 07:14:00,0.09695943949447937
2018-01-12 07:14:10,0.09807626720386739
2018-01-12 07:14:20,0.09905449018839417
2018-01-12 07:14:30,0.09985052778787226
2018-01-12 07:14:40,0.1004265070825764
2018-01-12 07:14:50,0.10075183215059029
2018-01-12 07:15:00,0.10080598706070729
2018-01-12 07:15:10,0.10058313522900386
2018-01-12 07:15:20,0.10009729903827821
2018-01-12 07:15:30,0.09938640442772496
2018-01-12 07:15:40,0.09851288097887277
2018-01-12 07:15:50,0.09756203534532436
2018-01-12 07:16:00,0.09664170336174417
2018-01-12 07:16:10,0.09588182031289536
2018-01-12 07:16:20,0.09542891718992351
2018-01-12 07:16:30,0.0954359681450324
2018-01-12 07:16:40,0.0960532558887934
2018-01-12 07:16:50,0.09742116858455464
2018-01-12 07:17:00,0.09966242614690929
2018-01-12 07:17:10,0.10287461817226001
2018-01-12 07:17:20,0.10712401271590377
2018-01-12 07:17:30,0.11243917415180198
2018-01-12 07:17:40,0.11880569816136005
2018-01-12 07:17:50,0.12616644038592334
2018-01-12 07:18:00,0.13442680487291464
2018-01-12 07:18:10,0.14346091359647345
2018-01-12 07:18:20,0.15311825828200246
2018-01-12 07:18:30,0.1632327349674744
2018-01-12 07:18:40,0.1736332253218982
2018-01-12 07:18:50,0.18415053119917102
2018-01-12 07:19:00,0.19461677535787303
2018-01-12 07:19:10,0.20486189977545638
2018-01-12 07:19:20,0.21471391988444977
2018-01-12 07:19:30,0.22400374228720277
2018-01-12 07:19:40,0.23257282993567757
2018-01-12 07:19:50,0.24028075675446747
2018-01-12 07:20:00,0.24700845924095496
2018-01-12 07:20:10,0.252657314090222
2018-01-12 07:20:20,0.2571493487626693
2018-01-12 07:20:30,0.2604301470749657
2018-01-12 07:20:40,0.26246950113424194
2018-01-12 07:20:50,0.26325758467543947
2018-01-12 07:21:00,0.26279885499135397
2018-01-12 07:21:10,0.2611049408223507
2018-01-12 07:21:20,0.2581867247113364
2018-01-12 07:21:30,0.25404533728658224
2018-01-12 07:21:40,0.24866405483697046
2018-01-12 07:21:50,0.242007373811303
2018-01-12 07:22:00,0.23402934333527145
2018-01-12 07:22:10,0.22468569274599579
2018-01-12 07:22:20,0.21394664778528685
2018-01-12 07:22:30,0.2018100316250241
2018-01-12 07:22:40,0.18830870271639694
2018-01-12 07:22:50,0.17350738179317662
2018-01-12 07:23:00,0.1574941568427825
2018-01-12 07:23:10,0.14037420006064516
2018-01-12 07:23:20,0.12226711303514642
2018-01-12 07:23:30,0.10330654309738684
2018-01-12 07:23:40,0.08364185595516292
2018-01-12 07:23:50,0.06344145757021208
2018-01-12 07:24:00,0.04289423164522213
2018-01-12 07:24:10,0.02220490201761772
2018-01-12 07:24:20,0.0015850148305990746
2018-01-12 07:24:30,-0.018754145554361917
2018-01-12 07:24:40,-0.038604306148412405
2018-01-12 07:24:50,-0.05776167790399877
2018-01-12 07:25:00,-0.07602965125013268
2018-01-12 07:25:10,-0.09322222957824829
2018-01-12 07:25:20,-0.10916699125142261
2018-01-12 07:25:30,-0.12370787694730226
2018-01-12 07:25:40,-0.1367094766628062
2018-01-12 07:25:50,-0.1480630162535322
2018-01-12 07:26:00,-0.15769188881364493
2018-01-12 07:26:10,-0.16555464700668415
2018-01-12 07:26:20,-0.17164399424451596
2018-01-12 07:26:30,-0.17598183756556432
2018-01-12 07:26:40,-0.17861430902717948
2018-01-12 07:26:50,-0.17961050925878658
2018-01-12 07:27:00,-0.1790628567252316
2018-01-12 07:27:10,-0.1770848812826988
2018-01-12 07:27:20,-0.17380596931493816
2018-01-12 07:27:30,-0.1693639335361506
2018-01-12 07:27:40,-0.1638961226605725
2018-01-12 07:27:50,-0.15753127909539005
2018-01-12 07:28:00,-0.15038375164529144
2018-01-12 07:28:10,-0.14255024223197998
2018-01-12 07:28:20,-0.13411015074550967
2018-01-12 07:28:30,-0.1251296757612001
2018-01-12 07:28:40,-0.11566611068183957
2018-01-12 07:28:50,-0.10576897130204915
2018-01-12 07:29:00,-0.09547802966245762
2018-01-12 07:29:10,-0.0848204092989783
2018-01-12 07:29:20,-0.07381150623723735
2018-01-12 07:29:30,-0.062462506296173406
2018-01-12 07:29:40,-0.05078992929432564
2018-01-12 07:29:50,-0.038820608599449656
2018-01-12 07:30:00,-0.026587893748949414
2018-01-12 07:30:10,-0.01412127164604121
2018-01-12 07:30:20,-0.0014392464662787998
2018-01-12 07:30:30,0.011449097670466334
2018-01-12 07:30:40,0.0245375968102926
2018-01-12 07:30:50,0.03781648320458953
2018-01-12 07:31:00,0.05126754866102096
2018-01-12 07:31:10,0.06485959835645998
2018-01-12 07:31:20,0.0785437249271004
2018-01-12 07:31:30,0.09225222040653211
2018-01-12 07:31:40,0.10590345081072221
2018-01-12 07:31:50,0.11940716411559496
2018-01-12 07:32:00,0.1326633071432176
2018-01-12 07:32:10,0.14555713603408413
2018-01-12 07:32:20,0.15795957057702004
2018-01-12 07:32:30,0.16973479129320723
2018-01-12 07:32:40,0.1807498655656475
2018-01-12 07:32:50,0.19088295125774218
2018-01-12 07:33:00,0.200029216033363
2018-01-12 07:33:10,0.208103441363225
2018-01-12 07:33:20,0.21503903858074552
2018-01-12 07:33:30,0.22078597241146397
2018-01-12 07:33:40,0.2253112685719752
2018-01-12 07:33:50,0.22860037466203748
2018-01-12 07:34:00,0.2306543954971749
2018-01-12 07:34:10,0.23148444029906395
2018-01-12 07:34:20,0.23110789641208174
2018-01-12 07:34:30,0.2295477544090132
2018-01-12 07:34:40,0.22683404810502658
2018-01-12 07:34:50,0.22300709115139528
2018-01-12 07:35:00,0.2181209779679388
2018-01-12 07:35:10,0.21224577502339909
2018-01-12 07:35:20,0.20546746184750367
2018-01-12 07:35:30,0.19788338101236533
2018-01-12 07:35:40,0.18959522273192542
2018-01-12 07:35:50,0.18070448161641542
2018-01-12 07:36:00,0.17130826066421184
2018-01-12 07:36:10,0.16149145538367468
2018-01-12 07:36:20,0.15131939137173703
2018-01-12 07:36:30,0.14083771514259594
2018-01-12 07:36:40,0.13007910733604688
2018-01-12 07:36:50,0.11907109569354649
2018-01-12 07:37:00,0.10784215394663732
2018-01-12 07:37:10,0.09642553555477873
2018-01-12 07:37:20,0.08485810430446779
2018-01-12 07:37:30,0.07317333553276975
2018-01-12 07:37:40,0.06139367809365524
2018-01-12 07:37:50,0.0495278590291377
2018-01-12 07:38:00,0.03757440414336584
2018-01-12 07:38:10,0.02552985399325641
2018-01-12 07:38:20,0.013398321880776873
2018-01-12 07:38:30,0.0011976883840846327
2018-01-12 07:38:40,-0.01104003671776193
2018-01-12 07:38:50,-0.023270343335638963
2018-01-12 07:39:00,-0.0354357649065504
2018-01-12 07:39:10,-0.04746766190994225
2018-01-12 07:39:20,-0.059293966614042064
2018-01-12 07:39:30,-0.07084741681886284
2018-01-12 07:39:40,-0.08206935502258723
2018-01-12 07:39:50,-0.09291078541574672
2018-01-12 07:40:00,-0.10333297438975113
2018-01-12 07:40:10,-0.1133073849730987
2018-01-12 07:40:20,-0.12281518027875869
2018-01-12 07:40:30,-0.13184801001016952
2018-01-12 07:40:40,-0.14041120310640223
2018-01-12 07:40:50,-0.14852838408899144
2018-01-12 07:41:00,-0.1562440185097972
2018-01-12 07:41:10,-0.16362163537211294
2018-01-12 07:41:20,-0.1707398025141778
2018-01-12 07:41:30,-0.1776871905076854
2018-01-12 07:41:40,-0.1845556551234307
2018-01-12 07:41:50,-0.19143205081034473
2018-01-12 07:42:00,-0.19839286582972698
2018-01-12 07:42:10,-0.20550604733332034
2018-01-12 07:42:20,-0.21283654381852193
2018-01-12 07:42:30,-0.2204476640129044
2018-01-12 07:42:40,-0.2283983840274874
2018-01-12 07:42:50,-0.23674165264921096
2018-01-12 07:43:00,-0.24552471338951143
2018-01-12 07:43:10,-0.2547899620851884
2018-01-12 07:43:20,-0.26457507568922695
2018-01-12 07:43:30,-0.27491038322784467
2018-01-12 07:43:40,-0.2858127226119987
2018-01-12 07:43:50,-0.29727804959528864
2018-01-12 07:44:00,-0.30927558105697384
2018-01-12 07:44:10,-0.3217453805269175
2018-01-12 07:44:20,-0.33459990316230465
2018-01-12 07:44:30,-0.3477294090773643
2018-01-12 07:44:40,-0.3610124146290909
2018-01-12 07:44:50,-0.37432860739428586
2018-01-12 07:45:00,-0.38756613130457385
2018-01-12 07:45:10,-0.40062013503536864
2018-01-12 07:45:20,-0.41338732147123386
2018-01-12 07:45:30,-0.42576189122997277
2018-01-12 07:45:40,-0.43763627289891643
2018-01-12 07:45:50,-0.4489064099725251
2018-01-12 07:46:00,-0.4594789622729902
2018-01-12 07:46:10,-0.4692791402065137
2018-01-12 07:46:20,-0.47825590005343066
2018-01-12 07:46:30,-0.4863795986582796
2018-01-12 07:46:40,-0.4936335307045707
2018-01-12 07:46:50,-0.5000057438526516
2018-01-12 07:47:00,-0.5054845886783242
2018-01-12 07:47:10,-0.5100579923659612
2018-01-12 07:47:20,-0.5137149853080603
2018-01-12 07:47:30,-0.5164472389754791
2018-01-12 07:47:40,-0.518250441780866
2018-01-12 07:47:50,-0.5191258085736615
2018-01-12 07:48:00,-0.5190798572657813
2018-01-12 07:48:10,-0.5181209028411227
2018-01-12 07:48:20,-0.5162536249044546
2018-01-12 07:48:30,-0.5134771301547394
2018-01-12 07:48:40,-0.5097899858507018
2018-01-12 07:48:50,-0.5051994215785518
2018-01-12 07:49:00,-0.4997326714624641
2018-01-12 07:49:10,-0.49344786437014304
2018-01-12 07:49:20,-0.4864364992390167
2018-01-12 07:49:30,-0.47881464389059286
2018-01-12 07:49:40,-0.47070913279643006
2018-01-12 07:49:50,-0.4622453748860128
2018-01-12 07:50:00,-0.4535415347246611
2018-01-12 07:50:10,-0.4447096733342622
2018-01-12 07:50:20,-0.4358579597186121
2018-01-12 07:50:30,-0.42709016592167487
2018-01-12 07:50:40,-0.4185063129528818
2018-01-12 07:50:50,-0.41020645417060136
2018-01-12 07:51:00,-0.4022903763610502
2018-01-12 07:51:10,-0.39485040898472623
2018-01-12 07:51:20,-0.38796599544484034
2018-01-12 07:51:30,-0.38170404263104846
2018-01-12 07:51:40,-0.3761208971655861
2018-01-12 07:51:50,-0.37126277292046866
2018-01-12 07:52:00,-0.3671630152605283
2018-01-12 07:52:10,-0.36383827676849634
2018-01-12 07:52:20,-0.36128900912809725
2018-01-12 07:52:30,-0.3595044993138908
2018-01-12 07:52:40,-0.35846691507885875
2018-01-12 07:52:50,-0.3581494218467191
2018-01-12 07:53:00,-0.3585080313702655
2018-01-12 07:53:10,-0.35947329331329486
2018-01-12 07:53:20,-0.36094932715431155
2018-01-12 07:53:30,-0.36282039050677395
2018-01-12 07:53:40,-0.3649579331663491
2018-01-12 07:53:50,-0.36722285923420617
2018-01-12 07:54:00,-0.36946500014248607
2018-01-12 07:54:10,-0.3715240926251968
2018-01-12 07:54:20,-0.37323279835322576
2018-01-12 07:54:30,-0.37442101091877855
2018-01-12 07:54:40,-0.3749237775523833
2018-01-12 07:54:50,-0.3745935814370314
2018-01-12 07:55:00,-0.3733109453356364
2018-01-12 07:55:10,-0.37098775638559534
2018-01-12 07:55:20,-0.3675660044156712
2018-01-12 07:55:30,-0.363016990518458
2018-01-12 07:55:40,-0.35734016596084583
2018-01-12 07:55:50,-0.3505578947514197
2018-01-12 07:56:00,-0.34270641170622895
2018-01-12 07:56:10,-0.3338282261788375
2018-01-12 07:56:20,-0.3239708601934207
2018-01-12 07:56:30,-0.31319137963026195
2018-01-12 07:56:40,-0.3015629177501586
2018-01-12 07:56:50,-0.28918032007534195
2018-01-12 07:57:00,-0.276163160349299
2018-01-12 07:57:10,-0.2626554211465636
2018-01-12 07:57:20,-0.24882245451483725
2018-01-12 07:57:30,-0.23484491489091297
2018-01-12 07:57:40,-0.2209093332243565
2018-01-12 07:57:50,-0.20719852800054295
2018-01-12 07:58:00,-0.1938854439498929
2018-01-12 07:58:10,-0.18113025053785445
2018-01-12 07:58:20,-0.16907775826275961
2018-01-12 07:58:30,-0.1578521618647834
2018-01-12 07:58:40,-0.1475497855384964
2018-01-12 07:58:50,-0.13823422154785595
2018-01-12 07:59:00,-0.12993779666803823
2018-01-12 07:59:10,-0.12266944502613193
2018-01-12 07:59:20,-0.11642317077126406
2018-01-12 07:59:30,-0.11118017737136986
2018-01-12 07:59:40,-0.10690543803969003
2018-01-12 07:59:50,-0.10354337259812807
2018-01-12 08:00:00,-0.10101342221291688
2018-01-12 08:00:10,-0.09920546737554412
2018-01-12 08:00:20,-0.09797729613371291
2018-01-12 08:00:30,-0.0971587214553863
2018-01-12 08:00:40,-0.09656431336195062
2018-01-12 08:00:50,-0.0960085118543939
2018-01-12 08:01:00,-0.09531655165434427
2018-01-12 08:01:10,-0.09432982278695283
2018-01-12 08:01:20,-0.09290611793401274
2018-01-12 08:01:30,-0.09091653533290948
2018-01-12 08:01:40,-0.08824194471719032
2018-01-12 08:01:50,-0.08477292066443753
2018-01-12 08:02:00,-0.08041513248878418
2018-01-12 08:02:10,-0.07509634209546451
2018-01-12 08:02:20,-0.06877219581499049
2018-01-12 08:02:30,-0.061433009014243416
2018-01-12 08:02:40,-0.05310908487140872
2018-01-12 08:02:50,-0.04386792895642238
2018-01-12 08:03:00,-0.03380429505732129
2018-01-12 08:03:10,-0.023030464774414755
2018-01-12 08:03:20,-0.011669989614601835
2018-01-12 08:03:30,0.00014714126126426328
2018-01-12 08:03:40,0.012288137243462378
2018-01-12 08:03:50,0.024619189718707135
2018-01-12 08:04:00,0.03700747043609945
2018-01-12 08:04:10,0.04932425430843739
2018-01-12 08:04:20,0.06144826275044392
2018-01-12 08:04:30,0.07326944580705787
2018-01-12 08:04:40,0.08469165616833892
2018-01-12 08:04:50,0.09563087357671288
2018-01-12 08:05:00,0.10601076088334607
2018-01-12 08:05:10,0.11575991905567057
2018-01-12 08:05:20,0.12481137333930689
2018-01-12 08:05:30,0.13310383957686447
2018-01-12 08:05:40,0.14058540032587533
2018-01-12 08:05:50,0.14721971052370503
2018-01-12 08:06:00,0.15299281725011096
2018-01-12 08:06:10,0.15791814547429342
2018-01-12 08:06:20,0.16203814039943903
2018-01-12 08:06:30,0.16542033668425393
2018-01-12 08:06:40,0.16814853025040755
2018-01-12 08:06:50,0.1703137457199436
2018-01-12 08:07:00,0.17200715008781103
2018-01-12 08:07:10,0.1733129146159048
2018-01-12 08:07:20,0.17430035160349547
2018-01-12 08:07:30,0.17502054631438946
2018-01-12 08:07:40,0.17551122938283184
2018-01-12 08:07:50,0.1758042310544254
2018-01-12 08:08:00,0.1759292246287931
2018-01-12 08:08:10,0.17591436973338223
2018-01-12 08:08:20,0.17578639075035124
2018-01-12 08:08:30,0.17557072377175237
2018-01-12 08:08:40,0.17529222740251935
2018-01-12 08:08:50,0.17497638046646302
2018-01-12 08:09:00,0.17464894951271215
2018-01-12 08:09:10,0.1743335334750985
2018-01-12 08:09:20,0.1740485994413532
2018-01-12 08:09:30,0.1738050430113212
2018-01-12 08:09:40,0.17360447641714383
2018-01-12 08:09:50,0.1734393080709551
2018-01-12 08:10:00,0.173295880557165
2018-01-12 08:10:10,0.17315790027896902
2018-01-12 08:10:20,0.173006676374557
2018-01-12 08:10:30,0.1728200126930648
2018-01-12 08:10:40,0.17257198067846646
2018-01-12 08:10:50,0.17223355817890004
2018-01-12 08:11:00,0.17177550320450333
2018-01-12 08:11:10,0.17117370101877297
2018-01-12 08:11:20,0.17041269106032655
2018-01-12 08:11:30,0.16948335941005357
2018-01-12 08:11:40,0.16837639574725047
2018-01-12 08:11:50,0.16707563465835062
2018-01-12 08:12:00,0.16555329711270514
2018-01-12 08:12:10,0.1637678823468661
2018-01-12 08:12:20,0.16166757736720713
2018-01-12 08:12:30,0.15920056425803603
2018-01-12 08:12:40,0.15632649029052326
2018-01-12 08:12:50,0.15302289808973135
2018-01-12 08:13:00,0.14928704126048561
2018-01-12 08:13:10,0.14513822484429179
2018-01-12 08:13:20,0.1406228110023718
2018-01-12 08:13:30,0.1358163130439093
2018-01-12 08:13:40,0.13081876622020627
2018-01-12 08:13:50,0.12574761295413234
2018-01-12 08:14:00,0.12073234951918196
2018-01-12 08:14:10,0.1159107835865857
2018-01-12 08:14:20,0.11142539588485469
2018-01-12 08:14:30,0.10741801622494068
2018-01-12 08:14:40,0.10402282480473644
2018-01-12 08:14:50,0.10136031051526097
2018-01-12 08:15:00,0.09953198784373035
2018-01-12 08:15:10,0.098614246527645
2018-01-12 08:15:20,0.0986559679291979
2018-01-12 08:15:30,0.09968588622080408
2018-01-12 08:15:40,0.1017249874401838
2018-01-12 08:15:50,0.10479272613287315
2018-01-12 08:16:00,0.10890460158053941
2018-01-12 08:16:10,0.11406734278458604
2018-01-12 08:16:20,0.12027584855173752
2018-01-12 08:16:30,0.127512709585352
2018-01-12 08:16:40,0.13575038967575992
2018-01-12 08:16:50,0.14495449989036024
2018-01-12 08:17:00,0.15508636903310416
2018-01-12 08:17:10,0.16610519777612612
2018-01-12 08:17:20,0.17796917196469608
2018-01-12 08:17:30,0.1906338300286668
2018-01-12 08:17:40,0.20404982659563675
2018-01-12 08:17:50,0.2181599873609792
2018-01-12 08:18:00,0.23289093111233508
2018-01-12 08:18:10,0.24814270627261437
2018-01-12 08:18:20,0.26378701914385816
2018-01-12 08:18:30,0.27967694383449276
2018-01-12 08:18:40,0.2956600243784813
2018-01-12 08:18:50,0.3115870354835755
2018-01-12 08:19:00,0.32731793873727283
2018-01-12 08:19:10,0.34272863473465975
2018-01-12 08:19:20,0.35771663846882346
2018-01-12 08:19:30,0.3722031989628351
2018-01-12 08:19:40,0.3861317317743005
2018-01-12 08:19:50,0.3994631643072975
2018-01-12 08:20:00,0.41217011867473424
2018-01-12 08:20:10,0.4242327818961261
2018-01-12 08:20:20,0.4356373096566806
2018-01-12 08:20:30,0.44637559888765516
2018-01-12 08:20:40,0.45644462199577246
2018-01-12 08:20:50,0.4658411680876874
2018-01-12 08:21:00,0.4745520675610931
2018-01-12 08:21:10,0.482548544573834
2018-01-12 08:21:20,0.4897883244285448
2018-01-12 08:21:30,0.4962194373348168
2018-01-12 08:21:40,0.501781808031782
2018-01-12 08:21:50,0.5064095794409234
2018-01-12 08:22:00,0.5100368397853552
2018-01-12 08:22:10,0.5126033892873776
2018-01-12 08:22:20,0.514057805752048
2018-01-12 08:22:30,0.514359781686388
2018-01-12 08:22:40,0.5134794498728563
2018-01-12 08:22:50,0.511391120575712
2018-01-12 08:23:00,0.5080694388898405
2018-01-12 08:23:10,0.5034945290727789
2018-01-12 08:23:20,0.49766048337581037
2018-01-12 08:23:30,0.49057931093524737
2018-01-12 08:23:40,0.48227847456896744
2018-01-12 08:23:50,0.4727962449427174
2018-01-12 08:24:00,0.4621810818866404
2018-01-12 08:24:10,0.4504951098297999
2018-01-12 08:24:20,0.4378164153431541
2018-01-12 08:24:30,0.42423890696135697
2018-01-12 08:24:40,0.4098728687171454
2018-01-12 08:24:50,0.39484698033737126
2018-01-12 08:25:00,0.37930880536290257
2018-01-12 08:25:10,0.3634203730838551
2018-01-12 08:25:20,0.34734908809576603
2018-01-12 08:25:30,0.3312586334814379
2018-01-12 08:25:40,0.31530445149790554
2018-01-12 08:25:50,0.2996347906731017
2018-01-12 08:26:00,0.28439273892330347
2018-01-12 08:26:10,0.2697136497369698
2018-01-12 08:26:20,0.25572064883219053
2018-01-12 08:26:30,0.24252245593286406
2018-01-12 08:26:40,0.23021070869927784
2018-01-12 08:26:50,0.2188540514009637
2018-01-12 08:27:00,0.2084908222459051
2018-01-12 08:27:10,0.19912478410381143
2018-01-12 08:27:20,0.1907283223055133
2018-01-12 08:27:30,0.18325202151868825
2018-01-12 08:27:40,0.1766353870408541
2018-01-12 08:27:50,0.17081676177790428
2018-01-12 08:28:00,0.16574092524041997
2018-01-12 08:28:10,0.16135892825246306
2018-01-12 08:28:20,0.157620914029331
2018-01-12 08:28:30,0.15447188218717753
2018-01-12 08:28:40,0.15185447098462035
2018-01-12 08:28:50,0.14971611448441968
2018-01-12 08:29:00,0.14801940019200985
2018-01-12 08:29:10,0.14675081749463129
2018-01-12 08:29:20,0.145921787574339
2018-01-12 08:29:30,0.14556285883503753
2018-01-12 08:29:40,0.14571500330180687
2018-01-12 08:29:50,0.1464205303847184
2018-01-12 08:30:00,0.14771542772260973
2018-01-12 08:30:10,0.14962330127949178
2018-01-12 08:30:20,0.15215125095464677
2018-01-12 08:30:30,0.1552885274674128
2018-01-12 08:30:40,0.15900541877897456
2018-01-12 08:30:50,0.16325214576521424
2018-01-12 08:31:00,0.16796181992236248
2018-01-12 08:31:10,0.17305577870382843
2018-01-12 08:31:20,0.1784459278293375
2018-01-12 08:31:30,0.18403485147289625
2018-01-12 08:31:40,0.18971804957630858
2018-01-12 08:31:50,0.1953889527396604
2018-01-12 08:32:00,0.20094553137269672
2018-01-12 08:32:10,0.20629782107830824
2018-01-12 08:32:20,0.21137468997263267
2018-01-12 08:32:30,0.21612905517994485
2018-01-12 08:32:40,0.22054057237155067
2018-01-12 08:32:50,0.22461328431488375
2018-01-12 08:33:00,0.22836920908975633
2018-01-12 08:33:10,0.23184137815422387
2018-01-12 08:33:20,0.2350679712180213
2018-01-12 08:33:30,0.23809018464934367
2018-01-12 08:33:40,0.24095379854941262
2018-01-12 08:33:50,0.24370806351584018
2018-01-12 08:34:00,0.2463989988340197
2018-01-12 08:34:10,0.2490612379707942
2018-01-12 08:34:20,0.25171330518065216
2018-01-12 08:34:30,0.2543569861087675
2018-01-12 08:34:40,0.25697869075257523
2018-01-12 08:34:50,0.2595528365941194
2018-01-12 08:35:00,0.26204610167817366
2018-01-12 08:35:10,0.26441891535555856
2018-01-12 08:35:20,0.26662480378302184
2018-01-12 08:35:30,0.2686133401523081
2018-01-12 08:35:40,0.2703388206809162
2018-01-12 08:35:50,0.27176767971502314
2018-01-12 08:36:00,0.2728784667447602
2018-01-12 08:36:10,0.273657101509675
2018-01-12 08:36:20,0.2740935289788782
2018-01-12 08:36:30,0.27418300515827493
2018-01-12 08:36:40,0.2739289104591504
2018-01-12 08:36:50,0.2733423548685085
2018-01-12 08:37:00,0.27243986684383803
2018-01-12 08:37:10,0.2712418342630673
2018-01-12 08:37:20,0.2697711633478985
2018-01-12 08:37:30,0.2680523392970889
2018-01-12 08:37:40,0.266112986525321
2018-01-12 08:37:50,0.2639886292583953
2018-01-12 08:38:00,0.2617262152934615
2018-01-12 08:38:10,0.2593797666209706
2018-01-12 08:38:20,0.2569991181387966
2018-01-12 08:38:30,0.2546191210176882
2018-01-12 08:38:40,0.25225449560564017
2018-01-12 08:38:50,0.24990165322496843
2018-01-12 08:39:00,0.24754272014809095
2018-01-12 08:39:10,0.24514515920270513
2018-01-12 08:39:20,0.2426584995677637
2018-01-12 08:39:30,0.2400141076671137
2018-01-12 08:39:40,0.23712998236537594
2018-01-12 08:39:50,0.2339191797443908
2018-01-12 08:40:00,0.2302993303567483
2018-01-12 08:40:10,0.22619988594461837
2018-01-12 08:40:20,0.22156629789931354
2018-01-12 08:40:30,0.21636252511432455
2018-01-12 08:40:40,0.210570439446959
2018-01-12 08:40:50,0.20418576308306524
2018-01-12 08:41:00,0.19721531176725168
2018-01-12 08:41:10,0.18967852644682803
2018-01-12 08:41:20,0.1816101436075276
2018-01-12 08:41:30,0.17305974946113936
2018-01-12 08:41:40,0.16408820222812662
2018-01-12 08:41:50,0.15476204013177247
2018-01-12 08:42:00,0.14514542206712452
2018-01-12 08:42:10,0.13529367274164988
2018-01-12 08:42:20,0.12525424596546741
2018-01-12 08:42:30,0.11507401729214828
2018-01-12 08:42:40,0.10480844098864556
2018-01-12 08:42:50,0.09452782705112953
2018-01-12 08:43:00,0.08431666169730366
2018-01-12 08:43:10,0.07426859799914383
2018-01-12 08:43:20,0.064482536153864
2018-01-12 08:43:30,0.055059939656509065
2018-01-12 08:43:40,0.04610200268608232
2018-01-12 08:43:50,0.03770608160068426
2018-01-12 08:44:00,0.029959276252053524
2018-01-12 08:44:10,0.022929375092076404
2018-01-12 08:44:20,0.016656782083956694
2018-01-12 08:44:30,0.011149585882119869
2018-01-12 08:44:40,0.00638191149306234
2018-01-12 08:44:50,0.002296850757997215
2018-01-12 08:45:00,-0.0011844134097612588
2018-01-12 08:45:10,-0.004151564953179642
2018-01-12 08:45:20,-0.006699543776013474
2018-01-12 08:45:30,-0.008926007928450002
2018-01-12 08:45:40,-0.010924047299244998
2018-01-12 08:45:50,-0.012771336358024361
2018-01-12 08:46:00,-0.01452124525287278
2018-01-12 08:46:10,-0.016198898635507632
2018-01-12 08:46:20,-0.017805221852638085
2018-01-12 08:46:30,-0.01932580197284091
2018-01-12 08:46:40,-0.020735463236826908
2018-01-12 08:46:50,-0.021998322886330357
2018-01-12 08:47:00,-0.023069397943470342
2018-01-12 08:47:10,-0.023897483819242466
2018-01-12 08:47:20,-0.0244274891346483
2018-01-12 08:47:30,-0.024603386495899583
2018-01-12 08:47:40,-0.024371414807330054
2018-01-12 08:47:50,-0.023683723038102553
2018-01-12 08:48:00,-0.022504425266378306
2018-01-12 08:48:10,-0.020815556380375265
2018-01-12 08:48:20,-0.01861703077997154
2018-01-12 08:48:30,-0.015921097785448365
2018-01-12 08:48:40,-0.012749217902512806
2018-01-12 08:48:50,-0.00913641068716989
2018-01-12 08:49:00,-0.005138282112816809
2018-01-12 08:49:10,-0.0008321287193275651
2018-01-12 08:49:20,0.0036892293985503807
2018-01-12 08:49:30,0.008325670013278632
2018-01-12 08:49:40,0.012977026084686965
2018-01-12 08:49:50,0.017549049279158666
2018-01-12 08:50:00,0.02195749458894866
2018-01-12 08:50:10,0.026130461359208313
2018-01-12 08:50:20,0.03000795685055245
2018-01-12 08:50:30,0.03353697479705594
2018-01-12 08:50:40,0.03666639074573935
2018-01-12 08:50:50,0.03934728201399028
2018-01-12 08:51:00,0.04153555378532477
2018-01-12 08:51:10,0.043193752035537374
2018-01-12 08:51:20,0.044296001116003014
2018-01-12 08:51:30,0.044835049633161095
2018-01-12 08:51:40,0.044824623716841656
2018-01-12 08:51:50,0.044296710448988384
2018-01-12 08:52:00,0.04329761183146234
2018-01-12 08:52:10,0.041883958325701354
2018-01-12 08:52:20,0.04011888869899231
2018-01-12 08:52:30,0.03806660058757587
2018-01-12 08:52:40,0.03578300670693826
2018-01-12 08:52:50,0.03330634071474604
2018-01-12 08:53:00,0.03065303950513912
2018-01-12 08:53:10,0.027819635267584294
2018-01-12 08:53:20,0.024789978959609837
2018-01-12 08:53:30,0.021545160249876395
2018-01-12 08:53:40,0.01807086664558454
2018-01-12 08:53:50,0.014359910127377463
2018-01-12 08:54:00,0.010412391145951029
2018-01-12 08:54:10,0.006235982217559193
2018-01-12 08:54:20,0.0018461718376521366
2018-01-12 08:54:30,-0.00273304046470679
2018-01-12 08:54:40,-0.007466881388180414
2018-01-12 08:54:50,-0.012309948381531552
2018-01-12 08:55:00,-0.01721406224142842
2018-01-12 08:55:10,-0.022139450482138747
2018-01-12 08:55:20,-0.027059989203534803
2018-01-12 08:55:30,-0.031960804738468816
2018-01-12 08:55:40,-0.036831549908416264
2018-01-12 08:55:50,-0.041658581293808575
2018-01-12 08:56:00,-0.0464216194811893
2018-01-12 08:56:10,-0.051099261095422475
2018-01-12 08:56:20,-0.055678322037190586
2018-01-12 08:56:30,-0.06015761326449201
2018-01-12 08:56:40,-0.06454566741683121
2018-01-12 08:56:50,-0.06885802551503144
2018-01-12 08:57:00,-0.07311574754777247
2018-01-12 08:57:10,-0.07734494986928223
2018-01-12 08:57:20,-0.08157571453734512
2018-01-12 08:57:30,-0.08583646734674832
2018-01-12 08:57:40,-0.09014637303294062
2018-01-12 08:57:50,-0.0945131409705673
2018-01-12 08:58:00,-0.09893749433418736
2018-01-12 08:58:10,-0.10342116812165189
2018-01-12 08:58:20,-0.10797432417651028
2018-01-12 08:58:30,-0.1126164634174689
2018-01-12 08:58:40,-0.11736933181658984
2018-01-12 08:58:50,-0.12224750963869287
2018-01-12 08:59:00,-0.12725247771283824
2018-01-12 08:59:10,-0.1323715711265734
2018-01-12 08:59:20,-0.13758110480909896
2018-01-12 08:59:30,-0.14285266275230227
2018-01-12 08:59:40,-0.14815999943243213
2018-01-12 08:59:50,-0.15348316050052546
2018-01-12 09:00:00,-0.15880917449306559
2018-01-12 09:00:10,-0.16413168599509173
2018-01-12 09:00:20,-0.16945112989708536
2018-01-12 09:00:30,-0.17477523487282973
2018-01-12 09:00:40,-0.18011962713117277
2018-01-12 09:00:50,-0.18550796784904178
2018-01-12 09:01:00,-0.1909702990730414
2018-01-12 09:01:10,-0.19653907844407992
2018-01-12 09:01:20,-0.20224466774713906
2018-01-12 09:01:30,-0.20811298373586132
2018-01-12 09:01:40,-0.21416585144882763
2018-01-12 09:01:50,-0.22042303074487657
2018-01-12 09:02:00,-0.22690345037394752
2018-01-12 09:02:10,-0.2336217851415079
2018-01-12 09:02:20,-0.24058223525130068
2018-01-12 09:02:30,-0.24777588205350898
2018-01-12 09:02:40,-0.25518196006413174
2018-01-12 09:02:50,-0.2627694357435047
2018-01-12 09:03:00,-0.2704976130233615
2018-01-12 09:03:10,-0.2783163996314062
2018-01-12 09:03:20,-0.2861676944771583
2018-01-12 09:03:30,-0.2939860409891128
2018-01-12 09:03:40,-0.3016954380852852
2018-01-12 09:03:50,-0.30920749303267425
2018-01-12 09:04:00,-0.3164283342969163
2018-01-12 09:04:10,-0.3232709950151074
2018-01-12 09:04:20,-0.3296626417391119
2018-01-12 09:04:30,-0.33553978889347186
2018-01-12 09:04:40,-0.3408364547633618
2018-01-12 09:04:50,-0.34547827421830274
2018-01-12 09:05:00,-0.3493864696133384
2018-01-12 09:05:10,-0.35248320260501464
2018-01-12 09:05:20,-0.3546932655833318
2018-01-12 09:05:30,-0.3559456720783444
2018-01-12 09:05:40,-0.3561777472048392
2018-01-12 09:05:50,-0.3553404941466122
2018-01-12 09:06:00,-0.35340451330723993
2018-01-12 09:06:10,-0.3503644397576377
2018-01-12 09:06:20,-0.34623809120141397
2018-01-12 09:06:30,-0.34106039858170534
2018-01-12 09:06:40,-0.33487653771022613
2018-01-12 09:06:50,-0.32773802930798585
2018-01-12 09:07:00,-0.3197011591677897
2018-01-12 09:07:10,-0.3108250467658911
2018-01-12 09:07:20,-0.30117004547515414
2018-01-12 09:07:30,-0.29079931078180804
2018-01-12 09:07:40,-0.2797836409551148
2018-01-12 09:07:50,-0.26820500020424215
2018-01-12 09:08:00,-0.25615312991495587
2018-01-12 09:08:10,-0.24371755083061913
2018-01-12 09:08:20,-0.23098429367630127
2018-01-12 09:08:30,-0.2180410291204636
2018-01-12 09:08:40,-0.2049843336227312
2018-01-12 09:08:50,-0.19192133229127417
2018-01-12 09:09:00,-0.17896587974401992
2018-01-12 09:09:10,-0.1662351504853853
2018-01-12 09:09:20,-0.15384916736175955
2018-01-12 09:09:30,-0.14193163999931319
2018-01-12 09:09:40,-0.1306102293006197
2018-01-12 09:09:50,-0.12001744774081041
2018-01-12 09:10:00,-0.11029372491497465
2018-01-12 09:10:10,-0.10158813620694487
2018-01-12 09:10:20,-0.09405267546564744
2018-01-12 09:10:30,-0.0878334470211246
2018-01-12 09:10:40,-0.08306295862631081
2018-01-12 09:10:50,-0.07985300740831204
2018-01-12 09:11:00,-0.07828588428526387
2018-01-12 09:11:10,-0.07840483646167083
2018-01-12 09:11:20,-0.08020816348723114
2018-01-12 09:11:30,-0.08365013031321089
2018-01-12 09:11:40,-0.08864812423795476
2018-01-12 09:11:50,-0.09509125488784062
2018-01-12 09:12:00,-0.10284557510495974
2018-01-12 09:12:10,-0.11175832730894929
2018-01-12 09:12:20,-0.12166681790869263
2018-01-12 09:12:30,-0.1324123845529097
2018-01-12 09:12:40,-0.14385515568299742
2018-01-12 09:12:50,-0.15588302814161392
2018-01-12 09:13:00,-0.1684104846433541
2018-01-12 09:13:10,-0.1813707672634191
2018-01-12 09:13:20,-0.1947087179818095
2018-01-12 09:13:30,-0.20837551209236738
2018-01-12 09:13:40,-0.2223224290910803
2018-01-12 09:13:50,-0.23649530135220542
2018-01-12 09:14:00,-0.2508335878055271
2018-01-12 09:14:10,-0.2652743578064151
2018-01-12 09:14:20,-0.27975759902767666
2018-01-12 09:14:30,-0.29422863101004193
2018-01-12 09:14:40,-0.30863525397962976
2018-01-12 09:14:50,-0.3229191244943178
2018-01-12 09:15:00,-0.3370058036756558
2018-01-12 09:15:10,-0.3508019610119148
2018-01-12 09:15:20,-0.36420042350598797
2018-01-12 09:15:30,-0.377086614229468
2018-01-12 09:15:40,-0.3893445861503016
2018-01-12 09:15:50,-0.4008632339449282
2018-01-12 09:16:00,-0.4115418732652455
2018-01-12 09:16:10,-0.42129542920565616
2018-01-12 09:16:20,-0.4300589572672043
2018-01-12 09:16:30,-0.4377909153262446
2018-01-12 09:16:40,-0.4444733384131655
2018-01-12 09:16:50,-0.4501057106691917
2018-01-12 09:17:00,-0.4546967662012249
2018-01-12 09:17:10,-0.45826348120683064
2018-01-12 09:17:20,-0.460838995241755
2018-01-12 09:17:30,-0.46248271263942414
2018-01-12 09:17:40,-0.4632842773378134
2018-01-12 09:17:50,-0.4633596437426581
2018-01-12 09:18:00,-0.4628442156312947
2018-01-12 09:18:10,-0.4618846785690271
2018-01-12 09:18:20,-0.4606255458364941
2018-01-12 09:18:30,-0.45919124332537775
2018-01-12 09:18:40,-0.4576734695628602
2018-01-12 09:18:50,-0.4561307187954296
2018-01-12 09:19:00,-0.45459573865649866
2018-01-12 09:19:10,-0.45308322647194776
2018-01-12 09:19:20,-0.45159477500991646
2018-01-12 09:19:30,-0.4501225199892527
2018-01-12 09:19:40,-0.44865234400103216
2018-01-12 09:19:50,-0.4471641983160938
2018-01-12 09:20:00,-0.4456299511936738
2018-01-12 09:20:10,-0.44401271270621573
2018-01-12 09:20:20,-0.4422678614545703
2018-01-12 09:20:30,-0.44034561110495046
2018-01-12 09:20:40,-0.4381964182767558
2018-01-12 09:20:50,-0.4357761049873546
2018-01-12 09:21:00,-0.43304743870770535
2018-01-12 09:21:10,-0.42997898179296873
2018-01-12 09:21:20,-0.42654229505064983
2018-01-12 09:21:30,-0.4227090047660807
2018-01-12 09:21:40,-0.4184502676588678
2018-01-12 09:21:50,-0.41373939451070246
2018-01-12 09:22:00,-0.4085556640233029
2018-01-12 09:22:10,-0.40288656955773994
2018-01-12 09:22:20,-0.39672794786397736
2018-01-12 09:22:30,-0.39008293517994136
2018-01-12 09:22:40,-0.38296054920856964
2018-01-12 09:22:50,-0.37537539987952595
2018-01-12 09:23:00,-0.36734878501927415
2018-01-12 09:23:10,-0.3589100218878221
2018-01-12 09:23:20,-0.35009723233384415
2018-01-12 09:23:30,-0.34095727096346745
2018-01-12 09:23:40,-0.33154613722778836
2018-01-12 09:23:50,-0.32192994036771094
2018-01-12 09:24:00,-0.3121833989454105
2018-01-12 09:24:10,-0.3023843448897242
2018-01-12 09:24:20,-0.2926058939554595
2018-01-12 09:24:30,-0.2829102208854625
2018-01-12 09:24:40,-0.27334640207285293
2018-01-12 09:24:50,-0.2639491974142327
2018-01-12 09:25:00,-0.2547368580398925
2018-01-12 09:25:10,-0.24570997553641996
2018-01-12 09:25:20,-0.23685126215486024
2018-01-12 09:25:30,-0.22812728334379906
2018-01-12 09:25:40,-0.2194936024786662
2018-01-12 09:25:50,-0.2108992390201373
2018-01-12 09:26:00,-0.20228677187576583
2018-01-12 09:26:10,-0.19359116254707529
2018-01-12 09:26:20,-0.18474320656111262
2018-01-12 09:26:30,-0.17567853429286845
2018-01-12 09:26:40,-0.16634602780308858
2018-01-12 09:26:50,-0.15671166792791455
2018-01-12 09:27:00,-0.1467607168495081
2018-01-12 09:27:10,-0.1365002966173094
2018-01-12 09:27:20,-0.1259612759707335
2018-01-12 09:27:30,-0.11519740459259167
2018-01-12 09:27:40,-0.10427978431631094
2018-01-12 09:27:50,-0.09328909492258029
2018-01-12 09:28:00,-0.08230990388291111
2018-01-12 09:28:10,-0.0714271113846808
2018-01-12 09:28:20,-0.06072278512280076
2018-01-12 09:28:30,-0.050273808492635914
2018-01-12 09:28:40,-0.04014971492493024
2018-01-12 09:28:50,-0.03040773384325251
2018-01-12 09:29:00,-0.0210857878648546
2018-01-12 09:29:10,-0.01219884533750963
2018-01-12 09:29:20,-0.0037407378167870504
2018-01-12 09:29:30,0.004311405505357682
2018-01-12 09:29:40,0.01199230807796322
2018-01-12 09:29:50,0.019345657805911475
2018-01-12 09:30:00,0.026425118728437853
2018-01-12 09:30:10,0.03329602420654313
2018-01-12 09:30:20,0.04003313328509907
2018-01-12 09:30:30,0.046713134153910596
2018-01-12 09:30:40,0.05340458436555803
2018-01-12 09:30:50,0.06016080107648222
2018-01-12 09:31:00,0.06701846525851987
2018-01-12 09:31:10,0.07399950254394921
2018-01-12 09:31:20,0.08111265244323429
2018-01-12 09:31:30,0.08835336587253236
2018-01-12 09:31:40,0.09570395530206437
2018-01-12 09:31:50,0.10313748730527088
2018-01-12 09:32:00,0.1106253456302511
2018-01-12 09:32:10,0.11814468968078032
2018-01-12 09:32:20,0.12568218994257196
2018-01-12 09:32:30,0.1332308251307501
2018-01-12 09:32:40,0.1407803375563851
2018-01-12 09:32:50,0.14830815354197535
2018-01-12 09:33:00,0.1557755215902416
2018-01-12 09:33:10,0.16312820123034968
2018-01-12 09:33:20,0.1703014206545285
2018-01-12 09:33:30,0.1772285006562042
2018-01-12 09:33:40,0.18384986603722198
2018-01-12 09:33:50,0.19011868437590995
2018-01-12 09:34:00,0.1960006590100789
2018-01-12 09:34:10,0.20146897709782222
2018-01-12 09:34:20,0.20649878093372914
2018-01-12 09:34:30,0.21106603475147845
2018-01-12 09:34:40,0.21515230304634192
2018-01-12 09:34:50,0.21875210409330362
2018-01-12 09:35:00,0.22187846002811626
2018-01-12 09:35:10,0.2245631206479432
2018-01-12 09:35:20,0.22685121542160594
2018-01-12 09:35:30,0.2287940681297375
2018-01-12 09:35:40,0.23044264310535922
2018-01-12 09:35:50,0.23184288539920547
2018-01-12 09:36:00,0.23303451709998113
2018-01-12 09:36:10,0.2340534880890395
2018-01-12 09:36:20,0.234936819886624
2018-01-12 09:36:30,0.23572707922817682
2018-01-12 09:36:40,0.2364748458510407
2018-01-12 09:36:50,0.23723929232385996
2018-01-12 09:37:00,0.2380844066713495
2018-01-12 09:37:10,0.23906982836312016
2018-01-12 09:37:20,0.24024236191804865
2018-01-12 09:37:30,0.2416343447685253
2018-01-12 09:37:40,0.24326680274255147
2018-01-12 09:37:50,0.24515010651916647
2018-01-12 09:38:00,0.24728128356432813
2018-01-12 09:38:10,0.24964514962235546
2018-01-12 09:38:20,0.25222033248453335
2018-01-12 09:38:30,0.2549833400508542
2018-01-12 09:38:40,0.25790945678749505
2018-01-12 09:38:50,0.26097433431052147
2018-01-12 09:39:00,0.26415588822120495
2018-01-12 09:39:10,0.267434508080196
2018-01-12 09:39:20,0.2707924641221422
2018-01-12 09:39:30,0.27421414453756143
2018-01-12 09:39:40,0.27768763627915627
2018-01-12 09:39:50,0.28120631351645003
2018-01-12 09:40:00,0.28476748321524303
2018-01-12 09:40:10,0.2883674941247109
2018-01-12 09:40:20,0.2919975619971948
2018-01-12 09:40:30,0.2956432473308819
2018-01-12 09:40:40,0.299285084819499
2018-01-12 09:40:50,0.30289831205027284
2018-01-12 09:41:00,0.30645272721482214
2018-01-12 09:41:10,0.30991232796490775
2018-01-12 09:41:20,0.31323361051249066
2018-01-12 09:41:30,0.31636530934532076
2018-01-12 09:41:40,0.31925205661602474
2018-01-12 09:41:50,0.32183951416689444
2018-01-12 09:42:00,0.32407989684032057
2018-01-12 09:42:10,0.3259378847733942
2018-01-12 09:42:20,0.3273927389348589
2018-01-12 09:42:30,0.328435527128448
2018-01-12 09:42:40,0.3290659391785455
2018-01-12 09:42:50,0.3292909678245997
2018-01-12 09:43:00,0.32912472568897083
2018-01-12 09:43:10,0.32858778090993573
2018-01-12 09:43:20,0.3277049560901494
2018-01-12 09:43:30,0.3265029293969772
2018-01-12 09:43:40,0.32500730362390673
2018-01-12 09:43:50,0.3232366881052771
2018-01-12 09:44:00,0.3211974174837922
2018-01-12 09:44:10,0.318885070873082
2018-01-12 09:44:20,0.3162905016399672
2018-01-12 09:44:30,0.31340538969927195
2018-01-12 09:44:40,0.31022846674814186
2018-01-12 09:44:50,0.3067733321575844
2018-01-12 09:45:00,0.3030733719246525
2018-01-12 09:45:10,0.2991788375678876
2018-01-12 09:45:20,0.29514594740239636
2018-01-12 09:45:30,0.29102499000993004
2018-01-12 09:45:40,0.28685526338637807
2018-01-12 09:45:50,0.28266544638823754
2018-01-12 09:46:00,0.27847368117940713
2018-01-12 09:46:10,0.2742860738678019
2018-01-12 09:46:20,0.2700951684072377
2018-01-12 09:46:30,0.26588020182480254
2018-01-12 09:46:40,0.26160841323256606
2018-01-12 09:46:50,0.25723500358204465
2018-01-12 09:47:00,0.25270237319413436
2018-01-12 09:47:10,0.24794105871094338
2018-01-12 09:47:20,0.242872840022446
2018-01-12 09:47:30,0.23741514352004184
2018-01-12 09:47:40,0.23148770441131342
2018-01-12 09:47:50,0.225021222738955
2018-01-12 09:48:00,0.21796312416055164
2018-01-12 09:48:10,0.21027816611059993
2018-01-12 09:48:20,0.2019475238376452
2018-01-12 09:48:30,0.19297088944714222
2018-01-12 09:48:40,0.18337494198434698
2018-01-12 09:48:50,0.1732248003004941
2018-01-12 09:49:00,0.16262802635901213
2018-01-12 09:49:10,0.15172792712179572
2018-01-12 09:49:20,0.14069248121942685
2018-01-12 09:49:30,0.12970346286267453
2018-01-12 09:49:40,0.11894575807841867
2018-01-12 09:49:50,0.10859605353572793
2018-01-12 09:50:00,0.09881226710137568
2018-01-12 09:50:10,0.08972715978209994
2018-01-12 09:50:20,0.08144778215993685
2018-01-12 09:50:30,0.07405847161691029
2018-01-12 09:50:40,0.06762314706088601
2018-01-12 09:50:50,0.06218409342562781
2018-01-12 09:51:00,0.057760522697149375
2018-01-12 09:51:10,0.05435367003972098
2018-01-12 09:51:20,0.05195693718432161
2018-01-12 09:51:30,0.05056172384906252
2018-01-12 09:51:40,0.05015408509431095
2018-01-12 09:51:50,0.050706165656601965
2018-01-12 09:52:00,0.052170407666053235
2018-01-12 09:52:10,0.054480945195215645
2018-01-12 09:52:20,0.05755946522836059
2018-01-12 09:52:30,0.06132149229658281
2018-01-12 09:52:40,0.06568243659854935
2018-01-12 09:52:50,0.07056260687394156
2018-01-12 09:53:00,0.07588872966681534
2018-01-12 09:53:10,0.08159154541315314
2018-01-12 09:53:20,0.08760121825511669
2018-01-12 09:53:30,0.09384255415328285
2018-01-12 09:53:40,0.10023324064414275
2018-01-12 09:53:50,0.10668657121181346
2018-01-12 09:54:00,0.1131141198489456
2018-01-12 09:54:10,0.11942561610512235
2018-01-12 09:54:20,0.12553111903839834
2018-01-12 09:54:30,0.1313481500374392
2018-01-12 09:54:40,0.1368098065077614
2018-01-12 09:54:50,0.14187169155122414
2018-01-12 09:55:00,0.14651787360661556
2018-01-12 09:55:10,0.15076249229553193
2018-01-12 09:55:20,0.15464365204879166
2018-01-12 09:55:30,0.15821256246251691
2018-01-12 09:55:40,0.16152250858264883
2018-01-12 09:55:50,0.16462194727321472
2018-01-12 09:56:00,0.1675554358215297
2018-01-12 09:56:10,0.17036783557012697
2018-01-12 09:56:20,0.17310444134895367
2018-01-12 09:56:30,0.17580780296827825
2018-01-12 09:56:40,0.17851523834034974
2018-01-12 09:56:50,0.1812582190956039
2018-01-12 09:57:00,0.18406326735607653
2018-01-12 09:57:10,0.18695364093148104
2018-01-12 09:57:20,0.18995191128356212
2018-01-12 09:57:30,0.19308327078329138
2018-01-12 09:57:40,0.19637774582748843
2018-01-12 09:57:50,0.1998709182161353
2018-01-12 09:58:00,0.20360285926596702
2018-01-12 09:58:10,0.2076147739818726
2018-01-12 09:58:20,0.21194649523503273
2018-01-12 09:58:30,0.2166359473356789
2018-01-12 09:58:40,0.2217183405097896
2018-01-12 09:58:50,0.2272252908507285
2018-01-12 09:59:00,0.23318317489940538
2018-01-12 09:59:10,0.2396090957317644
2018-01-12 09:59:20,0.246505828977291
2018-01-12 09:59:30,0.25385838761855
2018-01-12 09:59:40,0.2616348290760683
2018-01-12 09:59:50,0.2697902757927962
2018-01-12 10:00:00,0.2782696278830753
2018-01-12 10:00:10,0.28700670497456277
2018-01-12 10:00:20,0.29591927013938374
2018-01-12 10:00:30,0.30490220959408243
2018-01-12 10:00:40,0.3138243762835146
2018-01-12 10:00:50,0.3225315500464596
2018-01-12 10:01:00,0.3308554072623682
2018-01-12 10:01:10,0.33862805005871416
2018-01-12 10:01:20,0.34569608920607126
2018-01-12 10:01:30,0.3519262420122911
2018-01-12 10:01:40,0.35720351442395526
2018-01-12 10:01:50,0.36142868867494476
2018-01-12 10:02:00,0.3645172598663608
2018-01-12 10:02:10,0.366398743798822
2018-01-12 10:02:20,0.3670188702781875
2018-01-12 10:02:30,0.3663458972192111
2018-01-12 10:02:40,0.36437324178170916
2018-01-12 10:02:50,0.3611141704053167
2018-01-12 10:03:00,0.35659729764527975
2018-01-12 10:03:10,0.35086887000376826
2018-01-12 10:03:20,0.3439963120042686
2018-01-12 10:03:30,0.33606769900446914
2018-01-12 10:03:40,0.32718727727600877
2018-01-12 10:03:50,0.3174700691906929
2018-01-12 10:04:00,0.307040592152815
2018-01-12 10:04:10,0.2960347709760856
2018-01-12 10:04:20,0.2845983291957497
2018-01-12 10:04:30,0.2728817722058031
2018-01-12 10:04:40,0.2610373536365151
2018-01-12 10:04:50,0.24921925783428944
2018-01-12 10:05:00,0.23758391455326203
2018-01-12 10:05:10,0.2262864851247981
2018-01-12 10:05:20,0.21547267519267957
2018-01-12 10:05:30,0.20527049283887275
2018-01-12 10:05:40,0.19578599021471035
2018-01-12 10:05:50,0.18710081587677532
2018-01-12 10:06:00,0.1792703588462614
2018-01-12 10:06:10,0.17232574918609453
2018-01-12 10:06:20,0.16627903354279056
2018-01-12 10:06:30,0.16112755853015678
2018-01-12 10:06:40,0.1568562873770329
2018-01-12 10:06:50,0.15343858532962554
2018-01-12 10:07:00,0.15083824535108212
2018-01-12 10:07:10,0.14901444870161046
2018-01-12 10:07:20,0.14792717030601923
2018-01-12 10:07:30,0.14754197504877056
2018-01-12 10:07:40,0.14783443026263973
2018-01-12 10:07:50,0.14879345659248736
2018-01-12 10:08:00,0.15042302276593228
2018-01-12 10:08:10,0.15273983485880846
2018-01-12 10:08:20,0.15576641005164826
2018-01-12 10:08:30,0.1595230483181962
2018-01-12 10:08:40,0.1640202120952993
2018-01-12 10:08:50,0.16925074584735028
2018-01-12 10:09:00,0.17518567059590856
2018-01-12 10:09:10,0.1817783619013118
2018-01-12 10:09:20,0.18897493096468057
2018-01-12 10:09:30,0.19672442010161387
2018-01-12 10:09:40,0.20498399123586347
2018-01-12 10:09:50,0.2137168486804541
2018-01-12 10:10:00,0.2228852661428818
2018-01-12 10:10:10,0.2324446499038618
2018-01-12 10:10:20,0.24234138049460108
2018-01-12 10:10:30,0.25251271716062335
2018-01-12 10:10:40,0.26288830250027984
2018-01-12 10:10:50,0.2733927715062069
2018-01-12 10:11:00,0.28394490197062827
2018-01-12 10:11:10,0.2944515480010047
2018-01-12 10:11:20,0.304802200450849
2018-01-12 10:11:30,0.3148693357368938
2018-01-12 10:11:40,0.32451360433256143
2018-01-12 10:11:50,0.33359237597366626
2018-01-12 10:12:00,0.34197113552694525
2018-01-12 10:12:10,0.34953303484079745
2018-01-12 10:12:20,0.35618009195407835
2018-01-12 10:12:30,0.3618253268981717
2018-01-12 10:12:40,0.36638227611115914
2018-01-12 10:12:50,0.36976025040601523
2018-01-12 10:13:00,0.37186863895031336
2018-01-12 10:13:10,0.37262620646791483
2018-01-12 10:13:20,0.3719696410878377
2018-01-12 10:13:30,0.3698590783791611
2018-01-12 10:13:40,0.36628174950178377
2018-01-12 10:13:50,0.3612548102007262
2018-01-12 10:14:00,0.35482420166722367
2018-01-12 10:14:10,0.34705881585248577
2018-01-12 10:14:20,0.3380472157173026
2018-01-12 10:14:30,0.3278997777430278
2018-01-12 10:14:40,0.31674834064604424
2018-01-12 10:14:50,0.3047373643149002
2018-01-12 10:15:00,0.29201180129545923
2018-01-12 10:15:10,0.27870961566453234
2018-01-12 10:15:20,0.26495901909094977
2018-01-12 10:15:30,0.2508778279722544
2018-01-12 10:15:40,0.2365762303614163
2018-01-12 10:15:50,0.22216173999095748
2018-01-12 10:16:00,0.20773906234132775
2018-01-12 10:16:10,0.19340195144946026
2018-01-12 10:16:20,0.179224663187365
2018-01-12 10:16:30,0.16526068097702218
2018-01-12 10:16:40,0.15154819718123133
2018-01-12 10:16:50,0.13811761235963133
2018-01-12 10:17:00,0.12499695837776537
2018-01-12 10:17:10,0.11221354462362189
2018-01-12 10:17:20,0.0997933769990422
2018-01-12 10:17:30,0.0877613824331952
2018-01-12 10:17:40,0.07614322459372702
2018-01-12 10:17:50,0.06496831306458255
2018-01-12 10:18:00,0.05427442508442926
2018-01-12 10:18:10,0.04411214201023614
2018-01-12 10:18:20,0.03454546096525136
2018-01-12 10:18:30,0.025647289614194324
2018-01-12 10:18:40,0.017492334207058972
2018-01-12 10:18:50,0.010149963363513382
2018-01-12 10:19:00,0.003675666377972277
2018-01-12 10:19:10,-0.001897886550430455
2018-01-12 10:19:20,-0.00656359923493735
2018-01-12 10:19:30,-0.010335535268186159
2018-01-12 10:19:40,-0.013244215432921425
2018-01-12 10:19:50,-0.015335627004991704
2018-01-12 10:20:00,-0.01667251306433264
2018-01-12 10:20:10,-0.017334695766965665
2018-01-12 10:20:20,-0.01741461407831902
2018-01-12 10:20:30,-0.017007784624374956
2018-01-12 10:20:40,-0.01620347732560063
2018-01-12 10:20:50,-0.01507992216485561
2018-01-12 10:21:00,-0.013703655079098254
2018-01-12 10:21:10,-0.012132570597390122
2018-01-12 10:21:20,-0.010421771269629449
2018-01-12 10:21:30,-0.008626978690763704
2018-01-12 10:21:40,-0.006801959310387507
2018-01-12 10:21:50,-0.00499258476656885
2018-01-12 10:22:00,-0.0032316065976913193
2018-01-12 10:22:10,-0.001535918333275015
2018-01-12 10:22:20,9.408835885960545e-05
2018-01-12 10:22:30,0.0016726125878635803
2018-01-12 10:22:40,0.003223078559714536
2018-01-12 10:22:50,0.004772261882554104
2018-01-12 10:23:00,0.006346385733865413
2018-01-12 10:23:10,0.007966367018704588
2018-01-12 10:23:20,0.009642290574526573
2018-01-12 10:23:30,0.011372123756173648
2018-01-12 10:23:40,0.013145882247528398
2018-01-12 10:23:50,0.01495324790650386
2018-01-12 10:24:00,0.016790906327031455
2018-01-12 10:24:10,0.01866430684603278
2018-01-12 10:24:20,0.020584218671127863
2018-01-12 10:24:30,0.02256266534505192
2018-01-12 10:24:40,0.02460889074384889
2018-01-12 10:24:50,0.026722831373898366
2018-01-12 10:25:00,0.028886426034363193
2018-01-12 10:25:10,0.031057502582979207
2018-01-12 10:25:20,0.033171362225002596
2018-01-12 10:25:30,0.035151551226012205
2018-01-12 10:25:40,0.0369245973678198
2018-01-12 10:25:50,0.03842899506386141
2018-01-12 10:26:00,0.039614491153155545
2018-01-12 10:26:10,0.04043823791544839
2018-01-12 10:26:20,0.04086595487153678
2018-01-12 10:26:30,0.040876491243738045
2018-01-12 10:26:40,0.04046157174692206
2018-01-12 10:26:50,0.03962006798211268
2018-01-12 10:27:00,0.03835467755461125
2018-01-12 10:27:10,0.036674504351087996
2018-01-12 10:27:20,0.03459959678524687
2018-01-12 10:27:30,0.0321629994999909
2018-01-12 10:27:40,0.029407637742929347
2018-01-12 10:27:50,0.02638006704740827
2018-01-12 10:28:00,0.0231275118075192
2018-01-12 10:28:10,0.019697921012945114
2018-01-12 10:28:20,0.016136171680101157
2018-01-12 10:28:30,0.012475839072142886
2018-01-12 10:28:40,0.008733540672009085
2018-01-12 10:28:50,0.004908998655916036
2018-01-12 10:29:00,0.00098725483410059
2018-01-12 10:29:10,-0.003057523213926271
2018-01-12 10:29:20,-0.007254405667752949
2018-01-12 10:29:30,-0.0116275510116103
2018-01-12 10:29:40,-0.016192700591401647
2018-01-12 10:29:50,-0.020956427373403575
2018-01-12 10:30:00,-0.025912595990281586
2018-01-12 10:30:10,-0.031037091593371566
2018-01-12 10:30:20,-0.03628746669578458
2018-01-12 10:30:30,-0.041610260075508214
2018-01-12 10:30:40,-0.04695140228361326
2018-01-12 10:30:50,-0.052262472212668144
2018-01-12 10:31:00,-0.057501351615663644
2018-01-12 10:31:10,-0.06263266664066056
2018-01-12 10:31:20,-0.06763093469082672
2018-01-12 10:31:30,-0.07248376246831147
2018-01-12 10:31:40,-0.07719317216295854
2018-01-12 10:31:50,-0.08177515698517836
2018-01-12 10:32:00,-0.08625522704572594
2018-01-12 10:32:10,-0.09065937318433279
2018-01-12 10:32:20,-0.09500720483558203
2018-01-12 10:32:30,-0.09931182394879816
2018-01-12 10:32:40,-0.10358285424354068
2018-01-12 10:32:50,-0.10782900335291258
2018-01-12 10:33:00,-0.11205897736318038
2018-01-12 10:33:10,-0.1162805522428776
2018-01-12 10:33:20,-0.12049840474702961
2018-01-12 10:33:30,-0.12471025571817917
2018-01-12 10:33:40,-0.128902063885126
2018-01-12 10:33:50,-0.13304582860726616
2018-01-12 10:34:00,-0.13710244597938234
2018-01-12 10:34:10,-0.14102905809286193
2018-01-12 10:34:20,-0.1447867287526912
2018-01-12 10:34:30,-0.14834212429062485
2018-01-12 10:34:40,-0.15166447707215686
2018-01-12 10:34:50,-0.1547258380180827
2018-01-12 10:35:00,-0.15750474107817744
2018-01-12 10:35:10,-0.15998792052197047
2018-01-12 10:35:20,-0.1621691478639088
2018-01-12 10:35:30,-0.16404488012843985
2018-01-12 10:35:40,-0.16560709274073235
2018-01-12 10:35:50,-0.1668383058404452
2018-01-12 10:36:00,-0.16771211232344355
2018-01-12 10:36:10,-0.1681961287270223
2018-01-12 10:36:20,-0.16825284342664168
2018-01-12 10:36:30,-0.16783931023682477
2018-01-12 10:36:40,-0.16691090809097633
2018-01-12 10:36:50,-0.1654297533199947
2018-01-12 10:37:00,-0.16337240617177864
2018-01-12 10:37:10,-0.1607320387806757
2018-01-12 10:37:20,-0.15751646037877096
2018-01-12 10:37:30,-0.15374757249500207
2018-01-12 10:37:40,-0.14946295105988122
2018-01-12 10:37:50,-0.14471728955264426
2018-01-12 10:38:00,-0.13958402549485963
2018-01-12 10:38:10,-0.1341556056364942
2018-01-12 10:38:20,-0.12853887517499407
2018-01-12 10:38:30,-0.12284577274438045
2018-01-12 10:38:40,-0.11718357365827145
2018-01-12 10:38:50,-0.1116495850305985
2018-01-12 10:39:00,-0.10633114745664878
2018-01-12 10:39:10,-0.1013067391808165
2018-01-12 10:39:20,-0.09664448760057201
2018-01-12 10:39:30,-0.09239767044753859
2018-01-12 10:39:40,-0.0886000510083195
2018-01-12 10:39:50,-0.0852646023492393
2018-01-12 10:40:00,-0.08238553709371625
2018-01-12 10:40:10,-0.07994318718524662
2018-01-12 10:40:20,-0.0779114520296828
2018-01-12 10:40:30,-0.07626469049412739
2018-01-12 10:40:40,-0.07498221835854245
2018-01-12 10:40:50,-0.07405062666758117
2018-01-12 10:41:00,-0.07346513043390039
2018-01-12 10:41:10,-0.07323180205088453
2018-01-12 10:41:20,-0.07336845807778163
2018-01-12 10:41:30,-0.07390069854492777
2018-01-12 10:41:40,-0.07485485863071072
2018-01-12 10:41:50,-0.07625090591659224
2018-01-12 10:42:00,-0.07809546085558759
2018-01-12 10:42:10,-0.08037647114323734
2018-01-12 10:42:20,-0.08306366806362576
2018-01-12 10:42:30,-0.08611542777971683
2018-01-12 10:42:40,-0.08948679732000529
2018-01-12 10:42:50,-0.09313361771858268
2018-01-12 10:43:00,-0.09701138913751793
2018-01-12 10:43:10,-0.10106995788252277
2018-01-12 10:43:20,-0.10524855259509829
2018-01-12 10:43:30,-0.1094755673618668
2018-01-12 10:43:40,-0.1136714055842163
2018-01-12 10:43:50,-0.11775172440812079
2018-01-12 10:44:00,-0.12163243635907527
2018-01-12 10:44:10,-0.1252366587542436
2018-01-12 10:44:20,-0.1284997049036486
2018-01-12 10:44:30,-0.13136835908201802
2018-01-12 10:44:40,-0.1337962812563983
2018-01-12 10:44:50,-0.1357421199562277
2018-01-12 10:45:00,-0.1371733311074207
2018-01-12 10:45:10,-0.13807172201371296
2018-01-12 10:45:20,-0.13843685739936365
2018-01-12 10:45:30,-0.13828797066708284
2018-01-12 10:45:40,-0.13766501259530461
2018-01-12 10:45:50,-0.13662765290574924
2018-01-12 10:46:00,-0.1352528681546637
2018-01-12 10:46:10,-0.13363315423099048
2018-01-12 10:46:20,-0.13187376154624028
2018-01-12 10:46:30,-0.13008466681337158
2018-01-12 10:46:40,-0.12836851009868921
2018-01-12 10:46:50,-0.12681143123377808
2018-01-12 10:47:00,-0.12548024725202764
2018-01-12 10:47:10,-0.12442442622262882
2018-01-12 10:47:20,-0.12368142070700235
2018-01-12 10:47:30,-0.12328404475153759
2018-01-12 10:47:40,-0.12326722749119019
2018-01-12 10:47:50,-0.12367203228674532
2018-01-12 10:48:00,-0.12454712469617446
2018-01-12 10:48:10,-0.12594730318561043
2018-01-12 10:48:20,-0.12792794399397014
2018-01-12 10:48:30,-0.1305383822815336
2018-01-12 10:48:40,-0.13381855092838765
2018-01-12 10:48:50,-0.13779888745863272
2018-01-12 10:49:00,-0.14250008912697265
2018-01-12 10:49:10,-0.14792985668413133
2018-01-12 10:49:20,-0.15407970796344803
2018-01-12 10:49:30,-0.16092685030792442
2018-01-12 10:49:40,-0.1684377055000634
2018-01-12 10:49:50,-0.1765676010547735
2018-01-12 10:50:00,-0.18525997763081709
2018-01-12 10:50:10,-0.19444983604959015
2018-01-12 10:50:20,-0.20406982765332524
2018-01-12 10:50:30,-0.21405594355740537
2018-01-12 10:50:40,-0.22435142826846097
2018-01-12 10:50:50,-0.23490874061650233
2018-01-12 10:51:00,-0.24569109682005139
2018-01-12 10:51:10,-0.2566749693130583
2018-01-12 10:51:20,-0.2678522128913658
2018-01-12 10:51:30,-0.27922975164352576
2018-01-12 10:51:40,-0.29082653971972183
2018-01-12 10:51:50,-0.30266746182732873
2018-01-12 10:52:00,-0.31477544936299173
2018-01-12 10:52:10,-0.327166804241009
2018-01-12 10:52:20,-0.33984997071867373
2018-01-12 10:52:30,-0.3528222426070652
2018-01-12 10:52:40,-0.36606530122548975
2018-01-12 10:52:50,-0.3795451090962435
2018-01-12 10:53:00,-0.3932147065260625
2018-01-12 10:53:10,-0.4070151610590071
2018-01-12 10:53:20,-0.4208763786087804
2018-01-12 10:53:30,-0.4347213495864167
2018-01-12 10:53:40,-0.4484710730744676
2018-01-12 10:53:50,-0.46204603758635465
2018-01-12 10:54:00,-0.4753650782469709
2018-01-12 10:54:10,-0.4883442601150826
2018-01-12 10:54:20,-0.5008973480865458
2018-01-12 10:54:30,-0.5129372186697436
2018-01-12 10:54:40,-0.5243751360890815
2018-01-12 10:54:50,-0.5351183739770085
2018-01-12 10:55:00,-0.5450712545455376
2018-01-12 10:55:10,-0.5541405740564371
2018-01-12 10:55:20,-0.5622411640731838
2018-01-12 10:55:30,-0.5692980211968367
2018-01-12 10:55:40,-0.5752452173455955
2018-01-12 10:55:50,-0.5800253519747892
2018-01-12 10:56:00,-0.5835909713606984
2018-01-12 10:56:10,-0.5859050118487965
2018-01-12 10:56:20,-0.5869377878010702
2018-01-12 10:56:30,-0.5866620646659719
2018-01-12 10:56:40,-0.5850522221167228
2018-01-12 10:56:50,-0.5820898517653035
2018-01-12 10:57:00,-0.5777700051164814
2018-01-12 10:57:10,-0.5721040096156649
2018-01-12 10:57:20,-0.5651195536703033
2018-01-12 10:57:30,-0.5568578594342156
2018-01-12 10:57:40,-0.5473697371918721
2018-01-12 10:57:50,-0.5367135971917044
2018-01-12 10:58:00,-0.5249529264260814
2018-01-12 10:58:10,-0.5121524800053019
2018-01-12 10:58:20,-0.49837892723462235
2018-01-12 10:58:30,-0.48370699241507625
2018-01-12 10:58:40,-0.468225869651831
2018-01-12 10:58:50,-0.45204271955247927
2018-01-12 10:59:00,-0.43528249982845496
2018-01-12 10:59:10,-0.41808200241106735
2018-01-12 10:59:20,-0.4005786441202241
2018-01-12 10:59:30,-0.38290243235507276
2018-01-12 10:59:40,-0.3651760958782803
2018-01-12 10:59:50,-0.34751712055650935
2018-01-12 11:00:00,-0.3300363235765963
2018-01-12 11:00:10,-0.3128341915166941
2018-01-12 11:00:20,-0.2959968036038475
2018-01-12 11:00:30,-0.2795932702895562
2018-01-12 11:00:40,-0.26367740900050396
2018-01-12 11:00:50,-0.24829262466302016
2018-01-12 11:01:00,-0.23347524622264698
2018-01-12 11:01:10,-0.21925434861834847
2018-01-12 11:01:20,-0.20565006297495697
2018-01-12 11:01:30,-0.19267317033913284
2018-01-12 11:01:40,-0.18032916433822946
2018-01-12 11:01:50,-0.16862605409348197
2018-01-12 11:02:00,-0.1575790130696965
2018-01-12 11:02:10,-0.14720901020956514
2018-01-12 11:02:20,-0.1375406487816918
2018-01-12 11:02:30,-0.12860164850683758
2018-01-12 11:02:40,-0.12042106085422027
2018-01-12 11:02:50,-0.11302525339213587
2018-01-12 11:03:00,-0.10643155781086347
2018-01-12 11:03:10,-0.10064000200564405
2018-01-12 11:03:20,-0.09562651672453479
2018-01-12 11:03:30,-0.09133980465402775
2018-01-12 11:03:40,-0.08770154218620875
2018-01-12 11:03:50,-0.08460912270514338
2018-01-12 11:04:00,-0.08193984942075869
2018-01-12 11:04:10,-0.07955674019269067
2018-01-12 11:04:20,-0.07731732876525714
2018-01-12 11:04:30,-0.07508315236844366
2018-01-12 11:04:40,-0.07272528160435787
2018-01-12 11:04:50,-0.07012631400302317
2018-01-12 11:05:00,-0.06718248719486519
2018-01-12 11:05:10,-0.06380672898150919
2018-01-12 11:05:20,-0.05992939950838892
2018-01-12 11:05:30,-0.05549512439890776
2018-01-12 11:05:40,-0.050460727649255264
2018-01-12 11:05:50,-0.044798269095145594
2018-01-12 11:06:00,-0.03849942705972494
2018-01-12 11:06:10,-0.03157479667026714
2018-01-12 11:06:20,-0.024046798649505288
2018-01-12 11:06:30,-0.015940601892515754
2018-01-12 11:06:40,-0.007277510364684461
2018-01-12 11:06:50,0.0019262649212575733
2018-01-12 11:07:00,0.011653937691773905
2018-01-12 11:07:10,0.02187865451627387
2018-01-12 11:07:20,0.03255621854960744
2018-01-12 11:07:30,0.04362320347047659
2018-01-12 11:07:40,0.054999784675077414
2018-01-12 11:07:50,0.06659610828169286
2018-01-12 11:08:00,0.07832040357428302
2018-01-12 11:08:10,0.09008290049851336
2018-01-12 11:08:20,0.10179124019015008
2018-01-12 11:08:30,0.11334429586587101
2018-01-12 11:08:40,0.12463228141133836
2018-01-12 11:08:50,0.13553902974121002
2018-01-12 11:09:00,0.14594232730971732
2018-01-12 11:09:10,0.15571538954108446
2018-01-12 11:09:20,0.16473016383750747
2018-01-12 11:09:30,0.17286247642831284
2018-01-12 11:09:40,0.1800006261518225
2018-01-12 11:09:50,0.18605477992539102
2018-01-12 11:10:00,0.1909635603997054
2018-01-12 11:10:10,0.194697742870259
2018-01-12 11:10:20,0.1972613025895931
2018-01-12 11:10:30,0.1986892388639568
2018-01-12 11:10:40,0.19904254718888806
2018-01-12 11:10:50,0.19840184504202152
2018-01-12 11:11:00,0.19686130356992504
2018-01-12 11:11:10,0.1945235112948465
2018-01-12 11:11:20,0.191495594175793
2018-01-12 11:11:30,0.18788726993871419
2018-01-12 11:11:40,0.1838099342123931
2018-01-12 11:11:50,0.1793738141426564
2018-01-12 11:12:00,0.17468283196039863
2018-01-12 11:12:10,0.1698309162081806
2018-01-12 11:12:20,0.1649009574073535
2018-01-12 11:12:30,0.15996313606717932
2018-01-12 11:12:40,0.15507032787536248
2018-01-12 11:12:50,0.1502533631225514
2018-01-12 11:13:00,0.14552116195155598
2018-01-12 11:13:10,0.14086628427137962
2018-01-12 11:13:20,0.1362727966710978
2018-01-12 11:13:30,0.1317239694071037
2018-01-12 11:13:40,0.12720840074936843
2018-01-12 11:13:50,0.1227247975341938
2018-01-12 11:14:00,0.11828549265139761
2018-01-12 11:14:10,0.11391574401587615
2018-01-12 11:14:20,0.10964860406501444
2018-01-12 11:14:30,0.10552081119479385
2018-01-12 11:14:40,0.10156970844800639
2018-01-12 11:14:50,0.09782808631639588
2018-01-12 11:15:00,0.0943218766379485
2018-01-12 11:15:10,0.09107304855824737
2018-01-12 11:15:20,0.08810192975701628
2018-01-12 11:15:30,0.08542677253695276
2018-01-12 11:15:40,0.08306268782163831
2018-01-12 11:15:50,0.08102035629568151
2018-01-12 11:16:00,0.07930457586750267
2018-01-12 11:16:10,0.07791561891266627
2018-01-12 11:16:20,0.07685588699037678
2018-01-12 11:16:30,0.07613700284203423
2018-01-12 11:16:40,0.07577970477108739
2018-01-12 11:16:50,0.07580715102029302
2018-01-12 11:17:00,0.07623864458034514
2018-01-12 11:17:10,0.07708702543653519
2018-01-12 11:17:20,0.07835635543617873
2018-01-12 11:17:30,0.08003699183708557
2018-01-12 11:17:40,0.08210169498830835
2018-01-12 11:17:50,0.08450658033934096
2018-01-12 11:18:00,0.08719261998471281
2018-01-12 11:18:10,0.09008393610029633
2018-01-12 11:18:20,0.0930900094978765
2018-01-12 11:18:30,0.09611607414890819
2018-01-12 11:18:40,0.09907316154890627
2018-01-12 11:18:50,0.10188253893896043
2018-01-12 11:19:00,0.10447817566502071
2018-01-12 11:19:10,0.10680974732117668
2018-01-12 11:19:20,0.10884579800069322
2018-01-12 11:19:30,0.110575746419276
2018-01-12 11:19:40,0.11200896670777988
2018-01-12 11:19:50,0.11317114015583653
2018-01-12 11:20:00,0.11410190748918289
2018-01-12 11:20:10,0.1148545213580764
2018-01-12 11:20:20,0.11549177803496144
2018-01-12 11:20:30,0.11607743821077646
2018-01-12 11:20:40,0.11666792559114901
2018-01-12 11:20:50,0.1173068591577112
2018-01-12 11:21:00,0.11802428073809405
2018-01-12 11:21:10,0.11884153269894715
2018-01-12 11:21:20,0.1197786790509269
2018-01-12 11:21:30,0.12085963863728894
2018-01-12 11:21:40,0.12211361790756906
2018-01-12 11:21:50,0.12357428761570836
2018-01-12 11:22:00,0.12527629935157222
2018-01-12 11:22:10,0.12724913577513944
2018-01-12 11:22:20,0.1295116688659085
2018-01-12 11:22:30,0.13207110693023288
2018-01-12 11:22:40,0.13492568496422427
2018-01-12 11:22:50,0.1380656205299786
2018-01-12 11:23:00,0.14146914528879756
2018-01-12 11:23:10,0.14509741075584784
2018-01-12 11:23:20,0.14889544906121002
2018-01-12 11:23:30,0.15279952376186026
2018-01-12 11:23:40,0.15674222958606987
2018-01-12 11:23:50,0.16065381636167023
2018-01-12 11:24:00,0.16446638995382992
2018-01-12 11:24:10,0.1681197891029544
2018-01-12 11:24:20,0.17156403777154064
2018-01-12 11:24:30,0.17476046536122566
2018-01-12 11:24:40,0.1776856444199445
2018-01-12 11:24:50,0.180336078582556
2018-01-12 11:25:00,0.18272899309385662
2018-01-12 11:25:10,0.18489862980397892
2018-01-12 11:25:20,0.1868907183083528
2018-01-12 11:25:30,0.18875957658813394
2018-01-12 11:25:40,0.19056869624192324
2018-01-12 11:25:50,0.19238925441552526
2018-01-12 11:26:00,0.19429327710177186
2018-01-12 11:26:10,0.19634460612040455
2018-01-12 11:26:20,0.19859239266067144
2018-01-12 11:26:30,0.20106782668414022
2018-01-12 11:26:40,0.2037821535435403
2018-01-12 11:26:50,0.2067262088985844
2018-01-12 11:27:00,0.2098733929546438
2018-01-12 11:27:10,0.2131862120086367
2018-01-12 11:27:20,0.2166219822981818
2018-01-12 11:27:30,0.22013390927515625
2018-01-12 11:27:40,0.22367026216112443
2018-01-12 11:27:50,0.22717520666147156
2018-01-12 11:28:00,0.23059060164604167
2018-01-12 11:28:10,0.23385675811481008
2018-01-12 11:28:20,0.2369116487494906
2018-01-12 11:28:30,0.23969023148937793
2018-01-12 11:28:40,0.242126978816966
2018-01-12 11:28:50,0.2441621863110714
2018-01-12 11:29:00,0.24574925523811747
2018-01-12 11:29:10,0.2468607240650352
2018-01-12 11:29:20,0.24749209332547228
2018-01-12 11:29:30,0.2476625978411035
2018-01-12 11:29:40,0.24741344528324757
2018-01-12 11:29:50,0.24680480234669375
2018-01-12 11:30:00,0.2459098551623679
2018-01-12 11:30:10,0.24480612415614378
2018-01-12 11:30:20,0.24357013062185792
2018-01-12 11:30:30,0.24227611616002262
2018-01-12 11:30:40,0.24099383461560506
2018-01-12 11:30:50,0.2397848861526669
2018-01-12 11:31:00,0.23869951389845104
2018-01-12 11:31:10,0.23777600021989861
2018-01-12 11:31:20,0.23704195400318698
2018-01-12 11:31:30,0.23651096654667692
2018-01-12 11:31:40,0.23617325819103666
2018-01-12 11:31:50,0.23598903904978966
2018-01-12 11:32:00,0.23589060263183093
2018-01-12 11:32:10,0.23579168001715498
2018-01-12 11:32:20,0.2356002961425996
2018-01-12 11:32:30,0.23523083948755755
2018-01-12 11:32:40,0.23461454277352908
2018-01-12 11:32:50,0.23370855579329547
2018-01-12 11:33:00,0.23249882098919533
2018-01-12 11:33:10,0.23099401379890647
2018-01-12 11:33:20,0.22921483899025852
2018-01-12 11:33:30,0.22718758190147506
2018-01-12 11:33:40,0.2249474888802217
2018-01-12 11:33:50,0.22254495021075893
2018-01-12 11:34:00,0.22004602599644466
2018-01-12 11:34:10,0.2175293056272543
2018-01-12 11:34:20,0.21508111443036937
2018-01-12 11:34:30,0.2127868032317018
2018-01-12 11:34:40,0.2107203587714318
2018-01-12 11:34:50,0.20893714011143347
2018-01-12 11:35:00,0.20747005519058734
2018-01-12 11:35:10,0.20632864823105768
2018-01-12 11:35:20,0.20550243176080613
2018-01-12 11:35:30,0.20496624358013849
2018-01-12 11:35:40,0.20468378379857585
2018-01-12 11:35:50,0.2046104874183829
2018-01-12 11:36:00,0.20469741442886152
2018-01-12 11:36:10,0.20489349698657552
2018-01-12 11:36:20,0.20514512470154528
2018-01-12 11:36:30,0.20539540080752364
2018-01-12 11:36:40,0.2055834390421408
2018-01-12 11:36:50,0.20564514994329983
2018-01-12 11:37:00,0.20551850104746186
2018-01-12 11:37:10,0.2051495647902139
2018-01-12 11:37:20,0.20449467235160435
2018-01-12 11:37:30,0.20352102347710332
2018-01-12 11:37:40,0.20220768465011163
2018-01-12 11:37:50,0.20054623489065623
2018-01-12 11:38:00,0.1985407863145871
2018-01-12 11:38:10,0.19620567243469592
2018-01-12 11:38:20,0.19356062683812664
2018-01-12 11:38:30,0.19062644909844578
2018-01-12 11:38:40,0.187423003509112
2018-01-12 11:38:50,0.18396866311807109
2018-01-12 11:39:00,0.18028017782006076
2018-01-12 11:39:10,0.17637525790122857
2018-01-12 11:39:20,0.17227827103702473
2018-01-12 11:39:30,0.16802267117707803
2018-01-12 11:39:40,0.1636462027827882
2018-01-12 11:39:50,0.15918341096702873
2018-01-12 11:40:00,0.15466172081002663
2018-01-12 11:40:10,0.1501018714768652
2018-01-12 11:40:20,0.14551772719406836
2018-01-12 11:40:30,0.1409119218118011
2018-01-12 11:40:40,0.13627058379755208
2018-01-12 11:40:50,0.13156264211363713
2018-01-12 11:41:00,0.12674586176524216
2018-01-12 11:41:10,0.12177752291014421
2018-01-12 11:41:20,0.11662523160072256
2018-01-12 11:41:30,0.11127239352848747
2018-01-12 11:41:40,0.10571418835945295
2018-01-12 11:41:50,0.09994793817095887
2018-01-12 11:42:00,0.09396898731775381
2018-01-12 11:42:10,0.08777681115966662
2018-01-12 11:42:20,0.08138333166876387
2018-01-12 11:42:30,0.07481441645393849
2018-01-12 11:42:40,0.06810391239701473
2018-01-12 11:42:50,0.06128405647374079
2018-01-12 11:43:00,0.05437823293298021
2018-01-12 11:43:10,0.04740040053010142
2018-01-12 11:43:20,0.0403574303361913
2018-01-12 11:43:30,0.03324920941747769
2018-01-12 11:43:40,0.02606891853271581
2018-01-12 11:43:50,0.018806615042673502
2018-01-12 11:44:00,0.01145284960252369
2018-01-12 11:44:10,0.003998235165142823
2018-01-12 11:44:20,-0.0035698994263583966
2018-01-12 11:44:30,-0.011269001816042675
2018-01-12 11:44:40,-0.019118723267760124
2018-01-12 11:44:50,-0.027136256624432083
2018-01-12 11:45:00,-0.035332120011083726
2018-01-12 11:45:10,-0.04370847801933248
2018-01-12 11:45:20,-0.05225966718888979
2018-01-12 11:45:30,-0.06097157782437327
2018-01-12 11:45:40,-0.06981861764768078
2018-01-12 11:45:50,-0.0787608358570248
2018-01-12 11:46:00,-0.08774506850559227
2018-01-12 11:46:10,-0.0967125536868776
2018-01-12 11:46:20,-0.10561073350842572
2018-01-12 11:46:30,-0.11440138565770207
2018-01-12 11:46:40,-0.12305880053207455
2018-01-12 11:46:50,-0.13156067739192664
2018-01-12 11:47:00,-0.13988008054602435
2018-01-12 11:47:10,-0.14798545892310805
2018-01-12 11:47:20,-0.15584821527130327
2018-01-12 11:47:30,-0.16344949256129998
2018-01-12 11:47:40,-0.1707810791803114
2018-01-12 11:47:50,-0.17784307981957884
2018-01-12 11:48:00,-0.1846410379720595
2018-01-12 11:48:10,-0.19118262131656855
2018-01-12 11:48:20,-0.19747469798848002
2018-01-12 11:48:30,-0.2035215700453932
2018-01-12 11:48:40,-0.20932287165058552
2018-01-12 11:48:50,-0.21487136902232853
2018-01-12 11:49:00,-0.2201547392978278
2018-01-12 11:49:10,-0.2251619496035668
2018-01-12 11:49:20,-0.2298886944529613
2018-01-12 11:49:30,-0.23433729385427307
2018-01-12 11:49:40,-0.23851258882288265
2018-01-12 11:49:50,-0.24241932818899237
2018-01-12 11:50:00,-0.24606360911835523
2018-01-12 11:50:10,-0.2494552291265862
2018-01-12 11:50:20,-0.25260830624842034
2018-01-12 11:50:30,-0.2555404364319611
2018-01-12 11:50:40,-0.25826857207759435
2018-01-12 11:50:50,-0.26080213487650616
2018-01-12 11:51:00,-0.2631414026483681
2018-01-12 11:51:10,-0.26528539685893376
2018-01-12 11:51:20,-0.26724290266284906
2018-01-12 11:51:30,-0.26904018282792097
2018-01-12 11:51:40,-0.27072417991675457
2018-01-12 11:51:50,-0.27236168448338055
2018-01-12 11:52:00,-0.27403699435752155
2018-01-12 11:52:10,-0.2758501867041927
2018-01-12 11:52:20,-0.2779116473754286
2018-01-12 11:52:30,-0.2803281050540395
2018-01-12 11:52:40,-0.2831862582775079
2018-01-12 11:52:50,-0.28654295657895595
2018-01-12 11:53:00,-0.29042142366941937
2018-01-12 11:53:10,-0.29481017760632006
2018-01-12 11:53:20,-0.299665253110021
2018-01-12 11:53:30,-0.304916439972259
2018-01-12 11:53:40,-0.31047524187229397
2018-01-12 11:53:50,-0.31624038480792893
2018-01-12 11:54:00,-0.32210113573171295
2018-01-12 11:54:10,-0.32794366110793843
2018-01-12 11:54:20,-0.33365924219517923
2018-01-12 11:54:30,-0.33914670598127905
2018-01-12 11:54:40,-0.3443069497067653
2018-01-12 11:54:50,-0.34903509623200746
2018-01-12 11:55:00,-0.3532188333995204
2018-01-12 11:55:10,-0.3567470682815996
2018-01-12 11:55:20,-0.35952317679642176
2018-01-12 11:55:30,-0.36147412097251297
2018-01-12 11:55:40,-0.3625521074149376
2018-01-12 11:55:50,-0.3627305996182343
2018-01-12 11:56:00,-0.36199871379528836
2018-01-12 11:56:10,-0.36035786832753874
2018-01-12 11:56:20,-0.3578201893014096
2018-01-12 11:56:30,-0.3544062607450645
2018-01-12 11:56:40,-0.35014473159825243
2018-01-12 11:56:50,-0.3450741685565235
2018-01-12 11:57:00,-0.33924225767079447
2018-01-12 11:57:10,-0.33270307525862297
2018-01-12 11:57:20,-0.325516392333568
2018-01-12 11:57:30,-0.3177481740912146
2018-01-12 11:57:40,-0.30947105972790967
2018-01-12 11:57:50,-0.30076459714119613
2018-01-12 11:58:00,-0.2917138915513271
2018-01-12 11:58:10,-0.2824075040769771
2018-01-12 11:58:20,-0.27293461377616324
2018-01-12 11:58:30,-0.2633796151548608
2018-01-12 11:58:40,-0.2538174881416153
2018-01-12 11:58:50,-0.24431371128763102
2018-01-12 11:59:00,-0.23492549283222094
2018-01-12 11:59:10,-0.22570134755320714
2018-01-12 11:59:20,-0.2166811308430176
2018-01-12 11:59:30,-0.20789870894692714
2018-01-12 11:59:40,-0.19938697251960447
2018-01-12 11:59:50,-0.19118121381705258
2018-01-12 12:00:00,-0.18331797819749523
2018-01-12 12:00:10,-0.17583346252167795
2018-01-12 12:00:20,-0.16876323354249703
2018-01-12 12:00:30,-0.16213981578676828
2018-01-12 12:00:40,-0.15598921973493723
2018-01-12 12:00:50,-0.15032918437605008
2018-01-12 12:01:00,-0.14517013601404072
2018-01-12 12:01:10,-0.14051990359399621
2018-01-12 12:01:20,-0.13638936279162814
2018-01-12 12:01:30,-0.13279609790338176
2018-01-12 12:01:40,-0.12976676111033417
2018-01-12 12:01:50,-0.12733796054750843
2018-01-12 12:02:00,-0.1255554483687306
2018-01-12 12:02:10,-0.1244721774034923
2018-01-12 12:02:20,-0.12414581647092587
2018-01-12 12:02:30,-0.1246360922549604
2018-01-12 12:02:40,-0.12600005355630067
2018-01-12 12:02:50,-0.12828391185320548
2018-01-12 12:03:00,-0.13151472354746854
2018-01-12 12:03:10,-0.135696380756379
2018-01-12 12:03:20,-0.14080991975620008
2018-01-12 12:03:30,-0.14681609219021347
2018-01-12 12:03:40,-0.15366041022242655
2018-01-12 12:03:50,-0.16127949316200477
2018-01-12 12:04:00,-0.16960536634324047
2018-01-12 12:04:10,-0.17856529163373266
2018-01-12 12:04:20,-0.18807774059323343
2018-01-12 12:04:30,-0.19805072930755974
2018-01-12 12:04:40,-0.20838733174529364
2018-01-12 12:04:50,-0.21899500052169338
2018-01-12 12:05:00,-0.22979285695702042
2018-01-12 12:05:10,-0.24071374709921167
2018-01-12 12:05:20,-0.2517023358181965
2018-01-12 12:05:30,-0.2627124966919867
2018-01-12 12:05:40,-0.27370468402489434
2018-01-12 12:05:50,-0.28464439506685596
2018-01-12 12:06:00,-0.29550199564859075
2018-01-12 12:06:10,-0.3062511409383884
2018-01-12 12:06:20,-0.31686633376804985
2018-01-12 12:06:30,-0.32732085327774785
2018-01-12 12:06:40,-0.33758275685647776
2018-01-12 12:06:50,-0.347610100824572
2018-01-12 12:07:00,-0.3573484765751439
2018-01-12 12:07:10,-0.3667297161188152
2018-01-12 12:07:20,-0.375672395396805
2018-01-12 12:07:30,-0.3840864419818351
2018-01-12 12:07:40,-0.39187882586247597
2018-01-12 12:07:50,-0.3989577018464827
2018-01-12 12:08:00,-0.40523657972147203
2018-01-12 12:08:10,-0.41063786455058565
2018-01-12 12:08:20,-0.41509293504421513
2018-01-12 12:08:30,-0.4185387911264707
2018-01-12 12:08:40,-0.42091352834839735
2018-01-12 12:08:50,-0.4221541255253722
2018-01-12 12:09:00,-0.4221982967516843
2018-01-12 12:09:10,-0.42098544211058114
2018-01-12 12:09:20,-0.4184545196081521
2018-01-12 12:09:30,-0.4145463641775498
2018-01-12 12:09:40,-0.4092130560316155
2018-01-12 12:09:50,-0.4024261488447728
2018-01-12 12:10:00,-0.3941791408523915
2018-01-12 12:10:10,-0.38448841713543797
2018-01-12 12:10:20,-0.37339508424552165
2018-01-12 12:10:30,-0.36096514289385195
2018-01-12 12:10:40,-0.34728648642089416
2018-01-12 12:10:50,-0.3324625685348874
2018-01-12 12:11:00,-0.3166040258451898
2018-01-12 12:11:10,-0.2998213149571946
2018-01-12 12:11:20,-0.2822194862831438
2018-01-12 12:11:30,-0.2638959515232046
2018-01-12 12:11:40,-0.24494286291899306
2018-01-12 12:11:50,-0.22545176826909463
2018-01-12 12:12:00,-0.20551700582218674
2018-01-12 12:12:10,-0.18523884064467788
2018-01-12 12:12:20,-0.16472729521335835
2018-01-12 12:12:30,-0.1441024353637396
2018-01-12 12:12:40,-0.12348773349853603
2018-01-12 12:12:50,-0.10299941474503978
2018-01-12 12:13:00,-0.08273686892303388
2018-01-12 12:13:10,-0.06277764581303202
2018-01-12 12:13:20,-0.04317666472215439
2018-01-12 12:13:30,-0.02396585556447631
2018-01-12 12:13:40,-0.005155032838711081
2018-01-12 12:13:50,0.013263461311512187
2018-01-12 12:14:00,0.031310441697208334
2018-01-12 12:14:10,0.049016690825707324
2018-01-12 12:14:20,0.0664160886148452
2018-01-12 12:14:30,0.08353906690923664
2018-01-12 12:14:40,0.10041355228103666
2018-01-12 12:14:50,0.11706969637231192
2018-01-12 12:15:00,0.13354096825829037
2018-01-12 12:15:10,0.14986045027274908
2018-01-12 12:15:20,0.1660565996317278
2018-01-12 12:15:30,0.18215318339618158
2018-01-12 12:15:40,0.1981738214059605
2018-01-12 12:15:50,0.21414816449293608
2018-01-12 12:16:00,0.23011537110711816
2018-01-12 12:16:10,0.24612154065141179
2018-01-12 12:16:20,0.2622122819301947
2018-01-12 12:16:30,0.27842288395893966
2018-01-12 12:16:40,0.2947681813329798
2018-01-12 12:16:50,0.31123567902710286
2018-01-12 12:17:00,0.3277844208471815
2018-01-12 12:17:10,0.3443496966250885
2018-01-12 12:17:20,0.36085084124613537
2018-01-12 12:17:30,0.3771976394379442
2018-01-12 12:17:40,0.3932940855253109
2018-01-12 12:17:50,0.4090432517074783
2018-01-12 12:18:00,0.42435687860824256
2018-01-12 12:18:10,0.4391653834112701
2018-01-12 12:18:20,0.45341949120326003
2018-01-12 12:18:30,0.467082968170183
2018-01-12 12:18:40,0.4801243116007052
2018-01-12 12:18:50,0.49251280375801715
2018-01-12 12:19:00,0.5042184688332552
2018-01-12 12:19:10,0.515213223981291
2018-01-12 12:19:20,0.5254703071548382
2018-01-12 12:19:30,0.5349605075852131
2018-01-12 12:19:40,0.5436483844441059
2018-01-12 12:19:50,0.5514942110849264
2018-01-12 12:20:00,0.5584617503145741
2018-01-12 12:20:10,0.5645264083641527
2018-01-12 12:20:20,0.5696806586462758
2018-01-12 12:20:30,0.5739358741507768
2018-01-12 12:20:40,0.5773191561134902
2018-01-12 12:20:50,0.579866175016735
2018-01-12 12:21:00,0.5816134845186179
2018-01-12 12:21:10,0.5825931943394542
2018-01-12 12:21:20,0.5828314736970918
2018-01-12 12:21:30,0.5823487134241189
2018-01-12 12:21:40,0.5811582225654782
2018-01-12 12:21:50,0.5792661441742427
2018-01-12 12:22:00,0.5766745941452007
2018-01-12 12:22:10,0.5733842780741033
2018-01-12 12:22:20,0.5693948336128122
2018-01-12 12:22:30,0.5647038881655885
2018-01-12 12:22:40,0.5593070916372745
2018-01-12 12:22:50,0.5532028619043177
2018-01-12 12:23:00,0.5464011578066341
2018-01-12 12:23:10,0.5389305544429738
2018-01-12 12:23:20,0.5308405179304394
2018-01-12 12:23:30,0.522201562303191
2018-01-12 12:23:40,0.5131053714845198
2018-01-12 12:23:50,0.5036627652687844
2018-01-12 12:24:00,0.4939986144075488
2018-01-12 12:24:10,0.4842458199944351
2018-01-12 12:24:20,0.4745394120039364
2018-01-12 12:24:30,0.4650083594258115
2018-01-12 12:24:40,0.4557637351196607
2018-01-12 12:24:50,0.4468888811890228
2018-01-12 12:25:00,0.43843552728873747
2018-01-12 12:25:10,0.4304220825206005
2018-01-12 12:25:20,0.4228336565978164
2018-01-12 12:25:30,0.41562685203597394
2018-01-12 12:25:40,0.4087371755050113
2018-01-12 12:25:50,0.4020866016006968
2018-01-12 12:26:00,0.39559309650882574
2018-01-12 12:26:10,0.38918181255174716
2018-01-12 12:26:20,0.38279495285941384
2018-01-12 12:26:30,0.3763981470900454
2018-01-12 12:26:40,0.3699807235064911
2018-01-12 12:26:50,0.36355190884723804
2018-01-12 12:27:00,0.3571388448376175
2018-01-12 12:27:10,0.35078505468552007
2018-01-12 12:27:20,0.3445453456452856
2018-01-12 12:27:30,0.33848015934395603
2018-01-12 12:27:40,0.3326521338132589
2018-01-12 12:27:50,0.32712146184598634
2018-01-12 12:28:00,0.3219399154922371
2018-01-12 12:28:10,0.31714703660903887
2018-01-12 12:28:20,0.31276690947518626
2018-01-12 12:28:30,0.3088051776826194
2018-01-12 12:28:40,0.3052501335649048
2018-01-12 12:28:50,0.30207819159227806
2018-01-12 12:29:00,0.29926076932503637
2018-01-12 12:29:10,0.29676926895039013
2018-01-12 12:29:20,0.2945769046062884
2018-01-12 12:29:30,0.29265922305686964
2018-01-12 12:29:40,0.2909937025713328
2018-01-12 12:29:50,0.2895570778446448
2018-01-12 12:30:00,0.2883223038166435
2018-01-12 12:30:10,0.2872577131378136
2018-01-12 12:30:20,0.2863279261349918
2018-01-12 12:30:30,0.2854964225360909
2018-01-12 12:30:40,0.28472914233255103
2018-01-12 12:30:50,0.2839960589058227
2018-01-12 12:31:00,0.28326974378568764
2018-01-12 12:31:10,0.2825237126526218
2018-01-12 12:31:20,0.2817335418060481
2018-01-12 12:31:30,0.28088050807052867
2018-01-12 12:31:40,0.2799539990876097
2018-01-12 12:31:50,0.2789505268486729
2018-01-12 12:32:00,0.27787264865975786
2018-01-12 12:32:10,0.27673007094071544
2018-01-12 12:32:20,0.27554039818103065
2018-01-12 12:32:30,0.27432853271126717
2018-01-12 12:32:40,0.27312512605987754
2018-01-12 12:32:50,0.27196339584315254
2018-01-12 12:33:00,0.2708760035144275
2018-01-12 12:33:10,0.26989452266344927
2018-01-12 12:33:20,0.2690503590858627
2018-01-12 12:33:30,0.2683753176523361
2018-01-12 12:33:40,0.2679023947348443
2018-01-12 12:33:50,0.26766609417568166
2018-01-12 12:34:00,0.2677018174440713
2018-01-12 12:34:10,0.26804600347017604
2018-01-12 12:34:20,0.26873521749490437
2018-01-12 12:34:30,0.26980175609578505
2018-01-12 12:34:40,0.2712680871787079
2018-01-12 12:34:50,0.273140781880459
2018-01-12 12:35:00,0.275404356183526
2018-01-12 12:35:10,0.2780213267099861
2018-01-12 12:35:20,0.2809388931059979
2018-01-12 12:35:30,0.2840943138666655
2018-01-12 12:35:40,0.287416398177367
2018-01-12 12:35:50,0.29082595673847145
2018-01-12 12:36:00,0.2942380939496762
2018-01-12 12:36:10,0.29756720664513087
2018-01-12 12:36:20,0.3007328662360886
2018-01-12 12:36:30,0.3036658203288414
2018-01-12 12:36:40,0.3063131578585909
2018-01-12 12:36:50,0.3086402737428535
2018-01-12 12:37:00,0.3106298347506572
2018-01-12 12:37:10,0.3122782281194413
2018-01-12 12:37:20,0.3135897306319774
2018-01-12 12:37:30,0.31457132488197304
2018-01-12 12:37:40,0.3152311303193027
2018-01-12 12:37:50,0.31558184085241336
2018-01-12 12:38:00,0.31564704810020927
2018-01-12 12:38:10,0.3154668809399696
2018-01-12 12:38:20,0.31510345539860024
2018-01-12 12:38:30,0.3146453310876756
2018-01-12 12:38:40,0.31420669826280073
2018-01-12 12:38:50,0.3139210092424902
2018-01-12 12:39:00,0.313931993811056
2018-01-12 12:39:10,0.3143825316040742
2018-01-12 12:39:20,0.3154009575957568
2018-01-12 12:39:30,0.31708792593869517
2018-01-12 12:39:40,0.3195097269230477
2018-01-12 12:39:50,0.3227003433749064
2018-01-12 12:40:00,0.3266679884181024
2018-01-12 12:40:10,0.33140118875138763
2018-01-12 12:40:20,0.3368735038424186
2018-01-12 12:40:30,0.34304796500059875
2018-01-12 12:40:40,0.349880133069459
2018-01-12 12:40:50,0.35731812504880034
2018-01-12 12:41:00,0.3653009800199547
2018-01-12 12:41:10,0.3737574037278563
2018-01-12 12:41:20,0.38260806582171847
2018-01-12 12:41:30,0.3917722694061654
2018-01-12 12:41:40,0.4011735994164921
2018-01-12 12:41:50,0.41074335041098825
2018-01-12 12:42:00,0.420425072340443
2018-01-12 12:42:10,0.4301784001629884
2018-01-12 12:42:20,0.43997821457328673
2018-01-12 12:42:30,0.44980776863082556
2018-01-12 12:42:40,0.45964816730282315
2018-01-12 12:42:50,0.4694702576119051
2018-01-12 12:43:00,0.4792327045179456
2018-01-12 12:43:10,0.4888845022060715
2018-01-12 12:43:20,0.4983666490055548
2018-01-12 12:43:30,0.5076086546871533
2018-01-12 12:43:40,0.5165237291274859
2018-01-12 12:43:50,0.5250102911831194
2018-01-12 12:44:00,0.5329586344378867
2018-01-12 12:44:10,0.5402560565637213
2018-01-12 12:44:20,0.5467914260355513
2018-01-12 12:44:30,0.5524657101544965
2018-01-12 12:44:40,0.5572048610606578
2018-01-12 12:44:50,0.5609632393571173
2018-01-12 12:45:00,0.5637168804072759
2018-01-12 12:45:10,0.5654556743003046
2018-01-12 12:45:20,0.5661769437900075
2018-01-12 12:45:30,0.5658789945751519
2018-01-12 12:45:40,0.5645583113887573
2018-01-12 12:45:50,0.5622141413310058
2018-01-12 12:46:00,0.5588588240450465
2018-01-12 12:46:10,0.5545273796273003
2018-01-12 12:46:20,0.5492795325283636
2018-01-12 12:46:30,0.543196530387247
2018-01-12 12:46:40,0.5363813617816373
2018-01-12 12:46:50,0.5289620467205703
2018-01-12 12:47:00,0.5210900494983928
2018-01-12 12:47:10,0.5129317805925013
2018-01-12 12:47:20,0.5046568832615087
2018-01-12 12:47:30,0.49642545017371625
2018-01-12 12:47:40,0.48837646992299677
2018-01-12 12:47:50,0.48062216131817254
2018-01-12 12:48:00,0.47325133958847343
2018-01-12 12:48:10,0.4663392167939529
2018-01-12 12:48:20,0.4599564353934892
2018-01-12 12:48:30,0.4541715769155647
2018-01-12 12:48:40,0.4490472271605667
2018-01-12 12:48:50,0.44463442747981313
2018-01-12 12:49:00,0.44096805841137876
2018-01-12 12:49:10,0.43806187959553816
2018-01-12 12:49:20,0.4359036642312998
2018-01-12 12:49:30,0.4344530319336585
2018-01-12 12:49:40,0.4336445849185547
2018-01-12 12:49:50,0.43339548013708623
2018-01-12 12:50:00,0.43361273286185
2018-01-12 12:50:10,0.4341983547563403
2018-01-12 12:50:20,0.43505357272740214
2018-01-12 12:50:30,0.43608140077534663
2018-01-12 12:50:40,0.43718622465553963
2018-01-12 12:50:50,0.43827253793011656
2018-01-12 12:51:00,0.4392471841530521
2018-01-12 12:51:10,0.44002573862932753
2018-01-12 12:51:20,0.44053871957372515
2018-01-12 12:51:30,0.440734905559405
2018-01-12 12:51:40,0.4405826106968846
2018-01-12 12:51:50,0.44006919908576336
2018-01-12 12:52:00,0.43919852294787365
2018-01-12 12:52:10,0.437988203559553
2018-01-12 12:52:20,0.43647026385489873
2018-01-12 12:52:30,0.43469511070216393
2018-01-12 12:52:40,0.43273385367208667
2018-01-12 12:52:50,0.4306749911779206
2018-01-12 12:53:00,0.42861716056230525
2018-01-12 12:53:10,0.4266621402844019
2018-01-12 12:53:20,0.424909193081242
2018-01-12 12:53:30,0.42345000896702645
2018-01-12 12:53:40,0.4223646847678909
2018-01-12 12:53:50,0.4217191532154418
2018-01-12 12:54:00,0.4215633534606857
2018-01-12 12:54:10,0.421928020258559
2018-01-12 12:54:20,0.4228193047260786
2018-01-12 12:54:30,0.42421472991822523
2018-01-12 12:54:40,0.42606412507558933
2018-01-12 12:54:50,0.42829344531551083
2018-01-12 12:55:00,0.43080622800266816
2018-01-12 12:55:10,0.43348320754836717
2018-01-12 12:55:20,0.4361860499606401
2018-01-12 12:55:30,0.43876616469853413
2018-01-12 12:55:40,0.4410735863714681
2018-01-12 12:55:50,0.4429640077545668
2018-01-12 12:56:00,0.44430667725699835
2018-01-12 12:56:10,0.44499411222468915
2018-01-12 12:56:20,0.44495138321098093
2018-01-12 12:56:30,0.4441428035883964
2018-01-12 12:56:40,0.4425730518184974
2018-01-12 12:56:50,0.4402807569090474
2018-01-12 12:57:00,0.43732958668945665
2018-01-12 12:57:10,0.43380308816384816
2018-01-12 12:57:20,0.4298028566676159
2018-01-12 12:57:30,0.42544715641219977
2018-01-12 12:57:40,0.42086715099760086
2018-01-12 12:57:50,0.4161992840310016
2018-01-12 12:58:00,0.41157620343579543
2018-01-12 12:58:10,0.40711878786007566
2018-01-12 12:58:20,0.40293114999817503
2018-01-12 12:58:30,0.3990980822734216
2018-01-12 12:58:40,0.395681683447596
2018-01-12 12:58:50,0.3927193363894944
2018-01-12 12:59:00,0.3902259379313073
2018-01-12 12:59:10,0.3881959758047645
2018-01-12 12:59:20,0.38660324513943406
2018-01-12 12:59:30,0.3854031183487265
2018-01-12 12:59:40,0.38454096501024404
2018-01-12 12:59:50,0.38396324143404925
2018-01-12 13:00:00,0.3836238716344646
2018-01-12 13:00:10,0.3834826017184814
2018-01-12 13:00:20,0.3834978888985061
2018-01-12 13:00:30,0.3836192312321767
2018-01-12 13:00:40,0.3837840446402526
2018-01-12 13:00:50,0.38392001503269824
2018-01-12 13:01:00,0.38394993157097007
2018-01-12 13:01:10,0.38379647325068744
2018-01-12 13:01:20,0.38338338059967964
2018-01-12 13:01:30,0.3826329037190951
2018-01-12 13:01:40,0.38146520994270966
2018-01-12 13:01:50,0.37980030726508723
2018-01-12 13:02:00,0.3775573826773943
2018-01-12 13:02:10,0.37465039466326755
2018-01-12 13:02:20,0.370985639672835
2018-01-12 13:02:30,0.36646808534198344
2018-01-12 13:02:40,0.3610153713971017
2018-01-12 13:02:50,0.354571980193576
2018-01-12 13:03:00,0.34711790930916986
2018-01-12 13:03:10,0.3386701636269297
2018-01-12 13:03:20,0.3292787956944115
2018-01-12 13:03:30,0.3190201656831223
2018-01-12 13:03:40,0.30798761684439846
2018-01-12 13:03:50,0.29628051091889845
2018-01-12 13:04:00,0.283995647370947
2018-01-12 13:04:10,0.27122340783909804
2018-01-12 13:04:20,0.258047998780175
2018-01-12 13:04:30,0.24455060783469335
2018-01-12 13:04:40,0.23081328407148774
2018-01-12 13:04:50,0.21691973239384577
2018-01-12 13:05:00,0.20295024185527208
2018-01-12 13:05:10,0.18897283720144845
2018-01-12 13:05:20,0.17503598094276493
2018-01-12 13:05:30,0.1611667774541994
2018-01-12 13:05:40,0.14737612962073968
2018-01-12 13:05:50,0.13366923132503203
2018-01-12 13:06:00,0.12005716563645884
2018-01-12 13:06:10,0.10656537605845187
2018-01-12 13:06:20,0.0932367840705135
2018-01-12 13:06:30,0.08012965606307244
2018-01-12 13:06:40,0.06731255485537209
2018-01-12 13:06:50,0.05486132935553479
2018-01-12 13:07:00,0.04286013773052947
2018-01-12 13:07:10,0.03140130001826702
2018-01-12 13:07:20,0.020580372997434346
2018-01-12 13:07:30,0.01048969242166675
2018-01-12 13:07:40,0.0012152437064580158
2018-01-12 13:07:50,-0.007160921201400975
2018-01-12 13:08:00,-0.014556998695939603
2018-01-12 13:08:10,-0.02089408909203699
2018-01-12 13:08:20,-0.026104300390216842
2018-01-12 13:08:30,-0.03013671510285949
2018-01-12 13:08:40,-0.03295960017200011
2018-01-12 13:08:50,-0.03456218770588245
2018-01-12 13:09:00,-0.034956342899469826
2018-01-12 13:09:10,-0.03417669259903349
2018-01-12 13:09:20,-0.03227960219962543
2018-01-12 13:09:30,-0.029342047396062946
2018-01-12 13:09:40,-0.02546166561315638
2018-01-12 13:09:50,-0.02075825527010547
2018-01-12 13:10:00,-0.015373224008468486
2018-01-12 13:10:10,-0.009464452813033418
2018-01-12 13:10:20,-0.003198722290802501
2018-01-12 13:10:30,0.0032563746514080788
2018-01-12 13:10:40,0.009740501557190728
2018-01-12 13:10:50,0.016106319191881605
2018-01-12 13:11:00,0.022219585908115073
2018-01-12 13:11:10,0.02795428094092089
2018-01-12 13:11:20,0.033188758114074374
2018-01-12 13:11:30,0.03780808988957291
2018-01-12 13:11:40,0.04171111541989571
2018-01-12 13:11:50,0.044815752258044905
2018-01-12 13:12:00,0.047059911373196005
2018-01-12 13:12:10,0.048401580653829775
2018-01-12 13:12:20,0.04881971894951867
2018-01-12 13:12:30,0.04831359668555331
2018-01-12 13:12:40,0.0469003637590027
2018-01-12 13:12:50,0.04461342706142601
2018-01-12 13:13:00,0.04150211628579435
2018-01-12 13:13:10,0.03763035980229615
2018-01-12 13:13:20,0.03307405163251795
2018-01-12 13:13:30,0.02792007896159511
2018-01-12 13:13:40,0.022266400590727178
2018-01-12 13:13:50,0.016218939025847777
2018-01-12 13:14:00,0.009886132745496622
2018-01-12 13:14:10,0.0033740822855268283
2018-01-12 13:14:20,-0.0032181722164407473
2018-01-12 13:14:30,-0.009803456132546655
2018-01-12 13:14:40,-0.01631197320692565
2018-01-12 13:14:50,-0.022697261532880403
2018-01-12 13:15:00,-0.028936564483674095
2018-01-12 13:15:10,-0.03502367249232453
2018-01-12 13:15:20,-0.040962180146926284
2018-01-12 13:15:30,-0.04676270948631209
2018-01-12 13:15:40,-0.05243910659795385
2018-01-12 13:15:50,-0.0580013647300897
2018-01-12 13:16:00,-0.06344799996306132
2018-01-12 13:16:10,-0.06876086273187633
2018-01-12 13:16:20,-0.0739057659224529
2018-01-12 13:16:30,-0.07883964091358707
2018-01-12 13:16:40,-0.08351766334891142
2018-01-12 13:16:50,-0.08789517992180326
2018-01-12 13:17:00,-0.09192760019607617
2018-01-12 13:17:10,-0.09557154366829643
2018-01-12 13:17:20,-0.09878669801991248
2018-01-12 13:17:30,-0.10153718339740918
2018-01-12 13:17:40,-0.10378975378768487
2018-01-12 13:17:50,-0.10550811143489923
2018-01-12 13:18:00,-0.10664930359340638
2018-01-12 13:18:10,-0.10716716424411019
2018-01-12 13:18:20,-0.10701932647969138
2018-01-12 13:18:30,-0.10617253827005393
2018-01-12 13:18:40,-0.1046053864491215
2018-01-12 13:18:50,-0.10230813160411757
2018-01-12 13:19:00,-0.09927912358417598
2018-01-12 13:19:10,-0.09552105698822545
2018-01-12 13:19:20,-0.09104081354570591
2018-01-12 13:19:30,-0.08585269968454176
2018-01-12 13:19:40,-0.07998476023081555
2018-01-12 13:19:50,-0.07348598872473462
2018-01-12 13:20:00,-0.06642862194249968
2018-01-12 13:20:10,-0.058905539485287
2018-01-12 13:20:20,-0.05102693837456961
2018-01-12 13:20:30,-0.04291741148090043
2018-01-12 13:20:40,-0.03471436425681159
2018-01-12 13:20:50,-0.02656580100428636
2018-01-12 13:21:00,-0.01862117261712057
2018-01-12 13:21:10,-0.01101536697498561
2018-01-12 13:21:20,-0.0038552433017407474
2018-01-12 13:21:30,0.0027844585513776905
2018-01-12 13:21:40,0.008857946374084527
2018-01-12 13:21:50,0.014343351759335207
2018-01-12 13:22:00,0.019239722045522673
2018-01-12 13:22:10,0.023566230271726375
2018-01-12 13:22:20,0.027359931460194754
2018-01-12 13:22:30,0.030670436925319487
2018-01-12 13:22:40,0.033553933191934456
2018-01-12 13:22:50,0.03606802389982975
2018-01-12 13:23:00,0.038266946337861145
2018-01-12 13:23:10,0.04019778518007822
2018-01-12 13:23:20,0.041899745510301484
2018-01-12 13:23:30,0.0434057380391458
2018-01-12 13:23:40,0.044742786868828335
2018-01-12 13:23:50,0.045931366635651935
2018-01-12 13:24:00,0.04698585307327402
2018-01-12 13:24:10,0.04791443170593726
2018-01-12 13:24:20,0.04871787233970583
2018-01-12 13:24:30,0.04939169845720109
2018-01-12 13:24:40,0.04993276349104588
2018-01-12 13:24:50,0.05034555570341899
2018-01-12 13:25:00,0.05064653113024852
2018-01-12 13:25:10,0.0508685921573969
2018-01-12 13:25:20,0.05106494916797925
2018-01-12 13:25:30,0.051306885018996246
2018-01-12 13:25:40,0.05167398015456952
2018-01-12 13:25:50,0.05224424480113796
2018-01-12 13:26:00,0.05308858426322729
2018-01-12 13:26:10,0.0542669672437436
2018-01-12 13:26:20,0.0558247663074679
2018-01-12 13:26:30,0.0577886221569448
2018-01-12 13:26:40,0.06016243058769079
2018-01-12 13:26:50,0.06292735700750994
2018-01-12 13:27:00,0.06604765193574157
2018-01-12 13:27:10,0.0694785552770407
2018-01-12 13:27:20,0.07317284525779554
2018-01-12 13:27:30,0.07708588252355503
2018-01-12 13:27:40,0.08117810221425538
2018-01-12 13:27:50,0.08541555416682713
2018-01-12 13:28:00,0.08977183777859601
2018-01-12 13:28:10,0.09423100773141549
2018-01-12 13:28:20,0.09878865761187375
2018-01-12 13:28:30,0.10344981425571682
2018-01-12 13:28:40,0.10822403662853249
2018-01-12 13:28:50,0.11312104015895649
2018-01-12 13:29:00,0.11814898644003166
2018-01-12 13:29:10,0.12331352179944269
2018-01-12 13:29:20,0.12861674013894614
2018-01-12 13:29:30,0.13405610887786631
2018-01-12 13:29:40,0.13962162604705533
2018-01-12 13:29:50,0.14529284547280283
2018-01-12 13:30:00,0.1510389363124557
2018-01-12 13:30:10,0.15681972579127587
2018-01-12 13:30:20,0.162585654824015
2018-01-12 13:30:30,0.16827845057850413
2018-01-12 13:30:40,0.1738337654041594
2018-01-12 13:30:50,0.17918534857567342
2018-01-12 13:31:00,0.18427048331318974
2018-01-12 13:31:10,0.18903726827046893
2018-01-12 13:31:20,0.19345280688431415
2018-01-12 13:31:30,0.19750784890701567
2018-01-12 13:31:40,0.20121568074221352
2018-01-12 13:31:50,0.20461031967295656
2018-01-12 13:32:00,0.20774749564599954
2018-01-12 13:32:10,0.21070336911080043
2018-01-12 13:32:20,0.2135670895878261
2018-01-12 13:32:30,0.2164319001615583
2018-01-12 13:32:40,0.2193895448079957
2018-01-12 13:32:50,0.22252554239623687
2018-01-12 13:33:00,0.22591330024493958
2018-01-12 13:33:10,0.22961117030966807
2018-01-12 13:33:20,0.23366621231859755
2018-01-12 13:33:30,0.23812079697760777
2018-01-12 13:33:40,0.24301387545018063
2018-01-12 13:33:50,0.24837628686808735
2018-01-12 13:34:00,0.25422707227757585
2018-01-12 13:34:10,0.2605726244410738
2018-01-12 13:34:20,0.26740455787605844
2018-01-12 13:34:30,0.2746954905788006
2018-01-12 13:34:40,0.2823941845525233
2018-01-12 13:34:50,0.2904219757666058
2018-01-12 13:35:00,0.29867487771706985
2018-01-12 13:35:10,0.30703102239001784
2018-01-12 13:35:20,0.31535785758725493
2018-01-12 13:35:30,0.32351821008586495
2018-01-12 13:35:40,0.3313785177379125
2018-01-12 13:35:50,0.3388192059574771
2018-01-12 13:36:00,0.3457436468739192
2018-01-12 13:36:10,0.3520832547819219
2018-01-12 13:36:20,0.357798390602354
2018-01-12 13:36:30,0.36287615297892184
2018-01-12 13:36:40,0.3673261616771407
2018-01-12 13:36:50,0.3711724802446964
2018-01-12 13:37:00,0.3744396790781959
2018-01-12 13:37:10,0.37713740250211963
2018-01-12 13:37:20,0.37925079908162174
2018-01-12 13:37:30,0.3807387774642102
2018-01-12 13:37:40,0.38153760869099407
2018-01-12 13:37:50,0.381566251309687
2018-01-12 13:38:00,0.3807294764575459
2018-01-12 13:38:10,0.37892015828075654
2018-01-12 13:38:20,0.37602686509139766
2018-01-12 13:38:30,0.37194657868319275
2018-01-12 13:38:40,0.3665960941476138
2018-01-12 13:38:50,0.3599186675266629
2018-01-12 13:39:00,0.3518865668893791
2018-01-12 13:39:10,0.34250141167318415
2018-01-12 13:39:20,0.33179238851047316
2018-01-12 13:39:30,0.3198106865028834
2018-01-12 13:39:40,0.30662056137094257
2018-01-12 13:39:50,0.2922905506742062
2018-01-12 13:40:00,0.2768900540502338
2018-01-12 13:40:10,0.26049300911823947
2018-01-12 13:40:20,0.24318448824470953
2018-01-12 13:40:30,0.2250651496610469
2018-01-12 13:40:40,0.20625054576293875
2018-01-12 13:40:50,0.186866248436319
2018-01-12 13:41:00,0.16704308036799387
2018-01-12 13:41:10,0.1469149403086343
2018-01-12 13:41:20,0.12661949893375374
2018-01-12 13:41:30,0.10630019293826538
2018-01-12 13:41:40,0.08610548083781457
2018-01-12 13:41:50,0.06618331350612949
2018-01-12 13:42:00,0.04667368628883846
2018-01-12 13:42:10,0.02770332509619177
2018-01-12 13:42:20,0.009383454990986181
2018-01-12 13:42:30,-0.008190768956900796
2018-01-12 13:42:40,-0.024939814242584554
2018-01-12 13:42:50,-0.040796632461280284
2018-01-12 13:43:00,-0.05569845599224263
2018-01-12 13:43:10,-0.06957620995234749
2018-01-12 13:43:20,-0.08235017319419197
2018-01-12 13:43:30,-0.09393487057012699
2018-01-12 13:43:40,-0.10424603443630785
2018-01-12 13:43:50,-0.11320647741920972
2018-01-12 13:44:00,-0.12075482255021092
2018-01-12 13:44:10,-0.1268532479838186
2018-01-12 13:44:20,-0.13148599795809346
2018-01-12 13:44:30,-0.13465181643905472
2018-01-12 13:44:40,-0.13635874607019666
2018-01-12 13:44:50,-0.13662283608064776
2018-01-12 13:45:00,-0.13546865180791032
2018-01-12 13:45:10,-0.1329309920873643
2018-01-12 13:45:20,-0.12905701237112208
2018-01-12 13:45:30,-0.12390704585236928
2018-01-12 13:45:40,-0.11755475357400798
2018-01-12 13:45:50,-0.11008752013031348
2018-01-12 13:46:00,-0.101606075184169
2018-01-12 13:46:10,-0.09222474566047016
2018-01-12 13:46:20,-0.08207329213793917
2018-01-12 13:46:30,-0.07129658842624789
2018-01-12 13:46:40,-0.06004981036868658
2018-01-12 13:46:50,-0.048492973278934676
2018-01-12 13:47:00,-0.03679045427890869
2018-01-12 13:47:10,-0.025114173447678342
2018-01-12 13:47:20,-0.013642497944348657
2018-01-12 13:47:30,-0.0025518665153109717
2018-01-12 13:47:40,0.00799375684027915
2018-01-12 13:47:50,0.017851163469760352
2018-01-12 13:48:00,0.026904294797556638
2018-01-12 13:48:10,0.03506987437865613
2018-01-12 13:48:20,0.042299712602994866
2018-01-12 13:48:30,0.04857635215350228
2018-01-12 13:48:40,0.053904523668011385
2018-01-12 13:48:50,0.05830260220351379
2018-01-12 13:49:00,0.06179360222796978
2018-01-12 13:49:10,0.06439715528704697
2018-01-12 13:49:20,0.0661289702112634
2018-01-12 13:49:30,0.06700804866459485
2018-01-12 13:49:40,0.06706294717435185
2018-01-12 13:49:50,0.06633022317267755
2018-01-12 13:50:00,0.06484472149046497
2018-01-12 13:50:10,0.06262780403944482
2018-01-12 13:50:20,0.05968264170026383
2018-01-12 13:50:30,0.055998429545230585
2018-01-12 13:50:40,0.0515578732754323
2018-01-12 13:50:50,0.04634388805172863
2018-01-12 13:51:00,0.040344709837403944
2018-01-12 13:51:10,0.033558310306970165
2018-01-12 13:51:20,0.025997416501479572
2018-01-12 13:51:30,0.017695807899527384
2018-01-12 13:51:40,0.008714788316588439
2018-01-12 13:51:50,-0.0008552902317621372
2018-01-12 13:52:00,-0.010901483830557836
2018-01-12 13:52:10,-0.021297749918850396
2018-01-12 13:52:20,-0.03190994069978144
2018-01-12 13:52:30,-0.04259548665664928
2018-01-12 13:52:40,-0.05320474744609491
2018-01-12 13:52:50,-0.06358603273033002
2018-01-12 13:53:00,-0.07358987451554502
2018-01-12 13:53:10,-0.08307186265470642
2018-01-12 13:53:20,-0.0918925845712278
2018-01-12 13:53:30,-0.0999125491815981
2018-01-12 13:53:40,-0.10698692069668428
2018-01-12 13:53:50,-0.11296525212324997
2018-01-12 13:54:00,-0.1176968771768412
2018-01-12 13:54:10,-0.12103926182479852
2018-01-12 13:54:20,-0.12286299825483321
2018-01-12 13:54:30,-0.12305119877743285
2018-01-12 13:54:40,-0.12149931313943187
2018-01-12 13:54:50,-0.1181214330138136
2018-01-12 13:55:00,-0.11286192182133534
2018-01-12 13:55:10,-0.10570464077218414
2018-01-12 13:55:20,-0.09667388199783306
2018-01-12 13:55:30,-0.0858275834330034
2018-01-12 13:55:40,-0.07324701915048375
2018-01-12 13:55:50,-0.05902894605219663
2018-01-12 13:56:00,-0.043283474945967695
2018-01-12 13:56:10,-0.026134610334596818
2018-01-12 13:56:20,-0.0077177700973945764
2018-01-12 13:56:30,0.011827121027533156
2018-01-12 13:56:40,0.03236168671902312
2018-01-12 13:56:50,0.05375087653157507
2018-01-12 13:57:00,0.07586407299272516
2018-01-12 13:57:10,0.09857870806124297
2018-01-12 13:57:20,0.12178359451727312
2018-01-12 13:57:30,0.14537614639454266
2018-01-12 13:57:40,0.1692528180200555
2018-01-12 13:57:50,0.19329966200720022
2018-01-12 13:58:00,0.21738952477840243
2018-01-12 13:58:10,0.24138593670011463
2018-01-12 13:58:20,0.26514844557402834
2018-01-12 13:58:30,0.2885369217011355
2018-01-12 13:58:40,0.31141719130146733
2018-01-12 13:58:50,0.33366769024172027
2018-01-12 13:59:00,0.3551856645193155
2018-01-12 13:59:10,0.37589178809024903
2018-01-12 13:59:20,0.39573027593287935
2018-01-12 13:59:30,0.414665354110236
2018-01-12 13:59:40,0.43267712290795657
2018-01-12 13:59:50,0.44975756932818434
2018-01-12 14:00:00,0.4659086532929437
2018-01-12 14:00:10,0.481141414327791
2018-01-12 14:00:20,0.49547028093658135
2018-01-12 14:00:30,0.5089026740654224
2018-01-12 14:00:40,0.5214298717261697
2018-01-12 14:00:50,0.5330223614524624
2018-01-12 14:01:00,0.5436303464893677
2018-01-12 14:01:10,0.5531889783668281
2018-01-12 14:01:20,0.5616260948548052
2018-01-12 14:01:30,0.5688691190391918
2018-01-12 14:01:40,0.5748481316540681
2018-01-12 14:01:50,0.5794969413566105
2018-01-12 14:02:00,0.582757132230057
2018-01-12 14:02:10,0.5845843997253362
2018-01-12 14:02:20,0.5849536681362468
2018-01-12 14:02:30,0.5838616485883613
2018-01-12 14:02:40,0.5813250989036971
2018-01-12 14:02:50,0.5773769586288583
2018-01-12 14:03:00,0.572066398303266
2018-01-12 14:03:10,0.5654630861355024
2018-01-12 14:03:20,0.5576603462179768
2018-01-12 14:03:30,0.5487748577923603
2018-01-12 14:03:40,0.5389438339137131
2018-01-12 14:03:50,0.5283186946436779
2018-01-12 14:04:00,0.5170553580176931
2018-01-12 14:04:10,0.5053055337496
2018-01-12 14:04:20,0.49321384281063935
2018-01-12 14:04:30,0.4809210590897529
2018-01-12 14:04:40,0.4685676872272044
2018-01-12 14:04:50,0.45629341001584556
2018-01-12 14:05:00,0.44423440774867157
2018-01-12 14:05:10,0.4325217111391757
2018-01-12 14:05:20,0.4212802968146156
2018-01-12 14:05:30,0.4106270019891046
2018-01-12 14:05:40,0.4006685369866805
2018-01-12 14:05:50,0.39150133295272854
2018-01-12 14:06:00,0.3832097838429151
2018-01-12 14:06:10,0.37585993356255337
2018-01-12 14:06:20,0.3694935810890947
2018-01-12 14:06:30,0.3641292090605382
2018-01-12 14:06:40,0.3597661968936411
2018-01-12 14:06:50,0.3563849627711965
2018-01-12 14:07:00,0.35394449739724576
2018-01-12 14:07:10,0.35238116446734274
2018-01-12 14:07:20,0.35160848881555945
2018-01-12 14:07:30,0.3515198123624608
2018-01-12 14:07:40,0.3519940741263117
2018-01-12 14:07:50,0.35290054383339375
2018-01-12 14:08:00,0.35410234628228937
2018-01-12 14:08:10,0.3554604433867496
2018-01-12 14:08:20,0.3568370655356893
2018-01-12 14:08:30,0.35809822694999927
2018-01-12 14:08:40,0.359115681084398
2018-01-12 14:08:50,0.359768820976135
2018-01-12 14:09:00,0.3599474022789544
2018-01-12 14:09:10,0.3595536636227277
2018-01-12 14:09:20,0.3585032744550573
2018-01-12 14:09:30,0.3567286772809528
2018-01-12 14:09:40,0.3541860975086326
2018-01-12 14:09:50,0.35086351412588185
2018-01-12 14:10:00,0.34678550500166927
2018-01-12 14:10:10,0.3420108053398534
2018-01-12 14:10:20,0.3366241370886547
2018-01-12 14:10:30,0.330727659495234
2018-01-12 14:10:40,0.32443295425219415
2018-01-12 14:10:50,0.31785215073282114
2018-01-12 14:11:00,0.31108925173964247
2018-01-12 14:11:10,0.3042320052712072
2018-01-12 14:11:20,0.2973424285746102
2018-01-12 14:11:30,0.290449788319028
2018-01-12 14:11:40,0.2835542710227426
2018-01-12 14:11:50,0.27663899850032614
2018-01-12 14:12:00,0.26967950331899854
2018-01-12 14:12:10,0.26264667652565377
2018-01-12 14:12:20,0.255506396909479
2018-01-12 14:12:30,0.2482188651075213
2018-01-12 14:12:40,0.24073828476254888
2018-01-12 14:12:50,0.23301275324292567
2018-01-12 14:13:00,0.2249856413342999
2018-01-12 14:13:10,0.21659793481173004
2018-01-12 14:13:20,0.2077894827937147
2018-01-12 14:13:30,0.1985015597443608
2018-01-12 14:13:40,0.18868437668452231
2018-01-12 14:13:50,0.17830735777702283
2018-01-12 14:14:00,0.16736618584863241
2018-01-12 14:14:10,0.15588473757665824
2018-01-12 14:14:20,0.143914650817711
2018-01-12 14:14:30,0.13153311083693325
2018-01-12 14:14:40,0.11883719684202138
2018-01-12 14:14:50,0.10593477198177291
2018-01-12 14:15:00,0.09293467999070791
2018-01-12 14:15:10,0.07994100392591472
2018-01-12 14:15:20,0.06705221634386056
2018-01-12 14:15:30,0.054359621097256776
2018-01-12 14:15:40,0.041943275737852496
2018-01-12 14:15:50,0.029870785671013332
2018-01-12 14:16:00,0.018200068048997847
2018-01-12 14:16:10,0.006981105819533786
2018-01-12 14:16:20,-0.0037452689045745376
2018-01-12 14:16:30,-0.013949938259487094
2018-01-12 14:16:40,-0.023618082625352883
2018-01-12 14:16:50,-0.032748798363229616
2018-01-12 14:17:00,-0.04134818800165854
2018-01-12 14:17:10,-0.04941981476249194
2018-01-12 14:17:20,-0.05696008385681466
2018-01-12 14:17:30,-0.06395856614527573
2018-01-12 14:17:40,-0.0703987749698871
2018-01-12 14:17:50,-0.07625814122495013
2018-01-12 14:18:00,-0.0815105413871244
2018-01-12 14:18:10,-0.08613270975205715
2018-01-12 14:18:20,-0.09010854131944501
2018-01-12 14:18:30,-0.0934287638291467
2018-01-12 14:18:40,-0.09609095337411828
2018-01-12 14:18:50,-0.09810020880301515
2018-01-12 14:19:00,-0.09946625122075169
2018-01-12 14:19:10,-0.10019833394932601
2018-01-12 14:19:20,-0.10030295184098705
2018-01-12 14:19:30,-0.09978457575739488
2018-01-12 14:19:40,-0.09864618735340143
2018-01-12 14:19:50,-0.09688713275463945
2018-01-12 14:20:00,-0.09449874426309218
2018-01-12 14:20:10,-0.09146386399995834
2018-01-12 14:20:20,-0.08776423980261494
2018-01-12 14:20:30,-0.08338972115320412
2018-01-12 14:20:40,-0.078341125863336
2018-01-12 14:20:50,-0.07262652584060533
2018-01-12 14:21:00,-0.06625674995800346
2018-01-12 14:21:10,-0.0592438581728891
2018-01-12 14:21:20,-0.05160381346427978
2018-01-12 14:21:30,-0.04336233245800337
2018-01-12 14:21:40,-0.034557587737831776
2018-01-12 14:21:50,-0.025234768257054972
2018-01-12 14:22:00,-0.015435322809296855
2018-01-12 14:22:10,-0.005187412071914388
2018-01-12 14:22:20,0.005498247013123717
2018-01-12 14:22:30,0.01662735414272
2018-01-12 14:22:40,0.028217413136618446
2018-01-12 14:22:50,0.04029032567893544
2018-01-12 14:23:00,0.05286388021060116
2018-01-12 14:23:10,0.06594415804430831
2018-01-12 14:23:20,0.07951999542141604
2018-01-12 14:23:30,0.09356007822143515
2018-01-12 14:23:40,0.1080127989653659
2018-01-12 14:23:50,0.12280913082852202
2018-01-12 14:24:00,0.1378670014296622
2018-01-12 14:24:10,0.15309540972059318
2018-01-12 14:24:20,0.16840092272074603
2018-01-12 14:24:30,0.18369814511026045
2018-01-12 14:24:40,0.19891964137091825
2018-01-12 14:24:50,0.21402038199502996
2018-01-12 14:25:00,0.22897569686915842
2018-01-12 14:25:10,0.24377441292026222
2018-01-12 14:25:20,0.2584110058523865
2018-01-12 14:25:30,0.27288059819513805
2018-01-12 14:25:40,0.28717696303475126
2018-01-12 14:25:50,0.30129135845940525
2018-01-12 14:26:00,0.3152105015192941
2018-01-12 14:26:10,0.32891524226805563
2018-01-12 14:26:20,0.3423827854758186
2018-01-12 14:26:30,0.35558942873779115
2018-01-12 14:26:40,0.36850951360380235
2018-01-12 14:26:50,0.3811133838925176
2018-01-12 14:27:00,0.3933689359396264
2018-01-12 14:27:10,0.4052452567206088
2018-01-12 14:27:20,0.41671379627720717
2018-01-12 14:27:30,0.4277474852005585
2018-01-12 14:27:40,0.4383218905283801
2018-01-12 14:27:50,0.4484176941626813
2018-01-12 14:28:00,0.4580211238012232
2018-01-12 14:28:10,0.46712437237476856
2018-01-12 14:28:20,0.4757287354825864
2018-01-12 14:28:30,0.483848036639483
2018-01-12 14:28:40,0.49150852805607953
2018-01-12 14:28:50,0.49874542637022473
2018-01-12 14:29:00,0.5056006772802213
2018-01-12 14:29:10,0.512122715867663
2018-01-12 14:29:20,0.5183642866534037
2018-01-12 14:29:30,0.5243780447078177
2018-01-12 14:29:40,0.5302108906697027
2018-01-12 14:29:50,0.5358967236253929
2018-01-12 14:30:00,0.5414499169583538
2018-01-12 14:30:10,0.5468623833174295
2018-01-12 14:30:20,0.5521057405230807
2018-01-12 14:30:30,0.5571377399989959
2018-01-12 14:30:40,0.5619071849859495
2018-01-12 14:30:50,0.5663536601275376
2018-01-12 14:31:00,0.5704070273092662
2018-01-12 14:31:10,0.573992005526943
2018-01-12 14:31:20,0.5770359337635204
2018-01-12 14:31:30,0.5794750847102591
2018-01-12 14:31:40,0.5812587425623374
2018-01-12 14:31:50,0.5823521492596868
2018-01-12 14:32:00,0.5827367647311877
2018-01-12 14:32:10,0.5824083583462997
2018-01-12 14:32:20,0.581377805846669
2018-01-12 14:32:30,0.5796748550876617
2018-01-12 14:32:40,0.5773501130057912
2018-01-12 14:32:50,0.5744724980066483
2018-01-12 14:33:00,0.5711211367665404
2018-01-12 14:33:10,0.5673748120548604
2018-01-12 14:33:20,0.5633054624103626
2018-01-12 14:33:30,0.5589752666923425
2018-01-12 14:33:40,0.5544313376167413
2018-01-12 14:33:50,0.549697786439857
2018-01-12 14:34:00,0.5447720172109446
2018-01-12 14:34:10,0.5396309523583702
2018-01-12 14:34:20,0.5342433444886618
2018-01-12 14:34:30,0.5285781373242399
2018-01-12 14:34:40,0.5226059093941122
2018-01-12 14:34:50,0.5162974880191826
2018-01-12 14:35:00,0.5096209175498364
2018-01-12 14:35:10,0.5025373846734437
2018-01-12 14:35:20,0.4950002991706174
2018-01-12 14:35:30,0.4869595835331848
2018-01-12 14:35:40,0.4783674687298527
2018-01-12 14:35:50,0.46918198085974083
2018-01-12 14:36:00,0.4593694779998724
2018-01-12 14:36:10,0.44890956233435386
2018-01-12 14:36:20,0.4378020070297641
2018-01-12 14:36:30,0.4260711466014365
2018-01-12 14:36:40,0.41376494314381523
2018-01-12 14:36:50,0.40095104155723504
2018-01-12 14:37:00,0.387713117534133
2018-01-12 14:37:10,0.37414912798349964
2018-01-12 14:37:20,0.3603709936424784
2018-01-12 14:37:30,0.34650284081417526
2018-01-12 14:37:40,0.3326743970532445
2018-01-12 14:37:50,0.31900949851546934
2018-01-12 14:38:00,0.30561501243992384
2018-01-12 14:38:10,0.2925747389879568
2018-01-12 14:38:20,0.27994770762656573
2018-01-12 14:38:30,0.26776988508564703
2018-01-12 14:38:40,0.2560586734259756
2018-01-12 14:38:50,0.24481996365046457
2018-01-12 14:39:00,0.2340578562432912
2018-01-12 14:39:10,0.2237814345251883
2018-01-12 14:39:20,0.21400418076029978
2018-01-12 14:39:30,0.2047390417038715
2018-01-12 14:39:40,0.19598876281968378
2018-01-12 14:39:50,0.18773155268164432
2018-01-12 14:40:00,0.17991244785693858
2018-01-12 14:40:10,0.1724485274483561
2018-01-12 14:40:20,0.16524260692107773
2018-01-12 14:40:30,0.1581952669886523
2018-01-12 14:40:40,0.15121241558168438
2018-01-12 14:40:50,0.14421395283104763
2018-01-12 14:41:00,0.13714733905302304
2018-01-12 14:41:10,0.12999896004899847
2018-01-12 14:41:20,0.12279285698526499
2018-01-12 14:41:30,0.11557875221501195
2018-01-12 14:41:40,0.10842247474743519
2018-01-12 14:41:50,0.10140559101463349
2018-01-12 14:42:00,0.09462795398668321
2018-01-12 14:42:10,0.08820512330830367
2018-01-12 14:42:20,0.08226058037586736
2018-01-12 14:42:30,0.0769185513877225
2018-01-12 14:42:40,0.07230107022100922
2018-01-12 14:42:50,0.06852684069263694
2018-01-12 14:43:00,0.0657076001291743
2018-01-12 14:43:10,0.06394246337260381
2018-01-12 14:43:20,0.06331571501316276
2018-01-12 14:43:30,0.06390033718002427
2018-01-12 14:43:40,0.06576284345913302
2018-01-12 14:43:50,0.06896252773417284
2018-01-12 14:44:00,0.07354071378428016
2018-01-12 14:44:10,0.0795039514495134
2018-01-12 14:44:20,0.08681020081383564
2018-01-12 14:44:30,0.09536385109711464
2018-01-12 14:44:40,0.10502226147133045
2018-01-12 14:44:50,0.11561123839841937
2018-01-12 14:45:00,0.12694236911141532
2018-01-12 14:45:10,0.13882651876402646
2018-01-12 14:45:20,0.15107938840197066
2018-01-12 14:45:30,0.16352112867829202
2018-01-12 14:45:40,0.1759789971265607
2018-01-12 14:45:50,0.18829605241087813
2018-01-12 14:46:00,0.20033851717073115
2018-01-12 14:46:10,0.21199552930347104
2018-01-12 14:46:20,0.22317280509182796
2018-01-12 14:46:30,0.23378680746144126
2018-01-12 14:46:40,0.24376515323204967
2018-01-12 14:46:50,0.25305046538199066
2018-01-12 14:47:00,0.2616004608832346
2018-01-12 14:47:10,0.26938453871826973
2018-01-12 14:47:20,0.27638171982037324
2018-01-12 14:47:30,0.2825804639414761
2018-01-12 14:47:40,0.2879781767086469
2018-01-12 14:47:50,0.29258026668920173
2018-01-12 14:48:00,0.2964009878923274
2018-01-12 14:48:10,0.2994664484280137
2018-01-12 14:48:20,0.30181497969564636
2018-01-12 14:48:30,0.30349124134947586
2018-01-12 14:48:40,0.30453833843135564
2018-01-12 14:48:50,0.30499428685790625
2018-01-12 14:49:00,0.3048925822132858
2018-01-12 14:49:10,0.3042621854885505
2018-01-12 14:49:20,0.3031255658984181
2018-01-12 14:49:30,0.30149724539337663
2018-01-12 14:49:40,0.2993848977671596
2018-01-12 14:49:50,0.2967925651519543
2018-01-12 14:50:00,0.2937232403888284
2018-01-12 14:50:10,0.2901804708614439
2018-01-12 14:50:20,0.28617182016262704
2018-01-12 14:50:30,0.28171341569337854
2018-01-12 14:50:40,0.2768325428663117
2018-01-12 14:50:50,0.2715689736158945
2018-01-12 14:51:00,0.2659764470509407
2018-01-12 14:51:10,0.26012323132352183
2018-01-12 14:51:20,0.25409215565782955
2018-01-12 14:51:30,0.2479825459108324
2018-01-12 14:51:40,0.24191178696646426
2018-01-12 14:51:50,0.23601079603723715
2018-01-12 14:52:00,0.23041329202580485
2018-01-12 14:52:10,0.22524437648150483
2018-01-12 14:52:20,0.22061291253788515
2018-01-12 14:52:30,0.2166067372092059
2018-01-12 14:52:40,0.21328815712543067
2018-01-12 14:52:50,0.21069196095790474
2018-01-12 14:53:00,0.2088275581147009
2018-01-12 14:53:10,0.2076815545258879
2018-01-12 14:53:20,0.2072184535747299
2018-01-12 14:53:30,0.20738076017074897
2018-01-12 14:53:40,0.20808870827639278
2018-01-12 14:53:50,0.20924034663791446
2018-01-12 14:54:00,0.21071623462402064
2018-01-12 14:54:10,0.21239097792770295
2018-01-12 14:54:20,0.21414790654495497
2018-01-12 14:54:30,0.21589035967289905
2018-01-12 14:54:40,0.21754459182124505
2018-01-12 14:54:50,0.21905438893002185
2018-01-12 14:55:00,0.22037304663772814
2018-01-12 14:55:10,0.22146017166065607
2018-01-12 14:55:20,0.2222852123453997
2018-01-12 14:55:30,0.22283332096788913
2018-01-12 14:55:40,0.2231079804184409
2018-01-12 14:55:50,0.22312680985923516
2018-01-12 14:56:00,0.22291346589012667
2018-01-12 14:56:10,0.2224923651676592
2018-01-12 14:56:20,0.22188903848372268
2018-01-12 14:56:30,0.22113389985526663
2018-01-12 14:56:40,0.22026481278754856
2018-01-12 14:56:50,0.2193261873593025
2018-01-12 14:57:00,0.21836569859233249
2018-01-12 14:57:10,0.21742889324768044
2018-01-12 14:57:20,0.2165525012231744
2018-01-12 14:57:30,0.2157594309297907
2018-01-12 14:57:40,0.2150558472187463
2018-01-12 14:57:50,0.21442986538692077
2018-01-12 14:58:00,0.21385219340944323
2018-01-12 14:58:10,0.21327604900183258
2018-01-12 14:58:20,0.21263694874884703
2018-01-12 14:58:30,0.2118579090487469
2018-01-12 14:58:40,0.21086001808691027
2018-01-12 14:58:50,0.20957321618503913
2018-01-12 14:59:00,0.20794372821454943
2018-01-12 14:59:10,0.20593519056439505
2018-01-12 14:59:20,0.2035226269305762
2018-01-12 14:59:30,0.2006846367381168
2018-01-12 14:59:40,0.1974002052831311
2018-01-12 14:59:50,0.1936505512287345
2018-01-12 15:00:00,0.18942317444642742
2018-01-12 15:00:10,0.1847162846642126
2018-01-12 15:00:20,0.1795407033129441
2018-01-12 15:00:30,0.17391821969841614
2018-01-12 15:00:40,0.16788090400432754
2018-01-12 15:00:50,0.16147298829796608
2018-01-12 15:01:00,0.15475154698194177
2018-01-12 15:01:10,0.14778447194264077
2018-01-12 15:01:20,0.14064736629092997
2018-01-12 15:01:30,0.1334208278146586
2018-01-12 15:01:40,0.12618744723587494
2018-01-12 15:01:50,0.11902729419454261
2018-01-12 15:02:00,0.1120135435833021
2018-01-12 15:02:10,0.10520918790620394
2018-01-12 15:02:20,0.09866243598254937
2018-01-12 15:02:30,0.09240028496712896
2018-01-12 15:02:40,0.08642393498588367
2018-01-12 15:02:50,0.08071050010948529
2018-01-12 15:03:00,0.0752210379523977
2018-01-12 15:03:10,0.06990998300517742
2018-01-12 15:03:20,0.0647332486838932
2018-01-12 15:03:30,0.059655109328252076
2018-01-12 15:03:40,0.05465289287959906
2018-01-12 15:03:50,0.04971851875610104
2018-01-12 15:04:00,0.044855891909957146
2018-01-12 15:04:10,0.04007505599062414
2018-01-12 15:04:20,0.03538758422425097
2018-01-12 15:04:30,0.030806819843885374
2018-01-12 15:04:40,0.026351771517024038
2018-01-12 15:04:50,0.022049104783022137
2018-01-12 15:05:00,0.017929152036858718
2018-01-12 15:05:10,0.014018193913332358
2018-01-12 15:05:20,0.010331973947167283
2018-01-12 15:05:30,0.006871898757036295
2018-01-12 15:05:40,0.0036218801793545257
2018-01-12 15:05:50,0.0005470820974654625
2018-01-12 15:06:00,-0.0024009733714941833
2018-01-12 15:06:10,-0.005275942987129815
2018-01-12 15:06:20,-0.008132447975041285
2018-01-12 15:06:30,-0.011025823942189922
2018-01-12 15:06:40,-0.014011715010125665
2018-01-12 15:06:50,-0.017145077260273946
2018-01-12 15:07:00,-0.02047856327579704
2018-01-12 15:07:10,-0.024058055147373143
2018-01-12 15:07:20,-0.027915439318403033
2018-01-12 15:07:30,-0.03206404267935892
2018-01-12 15:07:40,-0.03650010436054807
2018-01-12 15:07:50,-0.04120615864726427
2018-01-12 15:08:00,-0.04615125599478625
2018-01-12 15:08:10,-0.05128996736835491
2018-01-12 15:08:20,-0.05656518858354177
2018-01-12 15:08:30,-0.061913627049807074
2018-01-12 15:08:40,-0.0672696160672781
2018-01-12 15:08:50,-0.07256746930580366
2018-01-12 15:09:00,-0.07774584273300583
2018-01-12 15:09:10,-0.0827541667127688
2018-01-12 15:09:20,-0.08755762175483697
2018-01-12 15:09:30,-0.09213929246987335
2018-01-12 15:09:40,-0.09649922258940817
2018-01-12 15:09:50,-0.10064946545318723
2018-01-12 15:10:00,-0.10460757655799609
2018-01-12 15:10:10,-0.1083935177495473
2018-01-12 15:10:20,-0.11203319850272506
2018-01-12 15:10:30,-0.11556587925229693
2018-01-12 15:10:40,-0.11904784221927953
2018-01-12 15:10:50,-0.12255125064310254
2018-01-12 15:11:00,-0.12616259343694403
2018-01-12 15:11:10,-0.12997746339833796
2018-01-12 15:11:20,-0.13408710193053075
2018-01-12 15:11:30,-0.13856214342119358
2018-01-12 15:11:40,-0.1434415765902468
2018-01-12 15:11:50,-0.14873107206946293
2018-01-12 15:12:00,-0.1544098474994123
2018-01-12 15:12:10,-0.16043914329440936
2018-01-12 15:12:20,-0.16676714615613933
2018-01-12 15:12:30,-0.1733330631701249
2018-01-12 15:12:40,-0.18007482917698658
2018-01-12 15:12:50,-0.1869374991641021
2018-01-12 15:13:00,-0.1938741981163412
2018-01-12 15:13:10,-0.2008385941796676
2018-01-12 15:13:20,-0.20777722681127875
2018-01-12 15:13:30,-0.21463004757101872
2018-01-12 15:13:40,-0.22134029182241258
2018-01-12 15:13:50,-0.22786616993131203
2018-01-12 15:14:00,-0.2341855306598531
2018-01-12 15:14:10,-0.2402926697861287
2018-01-12 15:14:20,-0.24619067567328248
2018-01-12 15:14:30,-0.2518822150906199
2018-01-12 15:14:40,-0.25736368024554285
2018-01-12 15:14:50,-0.26262538119008677
2018-01-12 15:15:00,-0.26765549572706515
2018-01-12 15:15:10,-0.2724454578414973
2018-01-12 15:15:20,-0.2769938417589553
2018-01-12 15:15:30,-0.28130392234569956
2018-01-12 15:15:40,-0.2853753880579629
2018-01-12 15:15:50,-0.2891973542306416
2018-01-12 15:16:00,-0.29274593806274035
2018-01-12 15:16:10,-0.29598211940265934
2018-01-12 15:16:20,-0.2988476799552428
2018-01-12 15:16:30,-0.30126442251463065
2018-01-12 15:16:40,-0.30314111027136786
2018-01-12 15:16:50,-0.3043831813415133
2018-01-12 15:17:00,-0.30489803606369315
2018-01-12 15:17:10,-0.30459630395978876
2018-01-12 15:17:20,-0.3033914073948006
2018-01-12 15:17:30,-0.30119844324897566
2018-01-12 15:17:40,-0.29793711945030643
2018-01-12 15:17:50,-0.29354247036704034
2018-01-12 15:18:00,-0.28797765865270003
2018-01-12 15:18:10,-0.28123781914697715
2018-01-12 15:18:20,-0.2733430174979669
2018-01-12 15:18:30,-0.26432999020693143
2018-01-12 15:18:40,-0.25424961134634994
2018-01-12 15:18:50,-0.24316797478404184
2018-01-12 15:19:00,-0.23116667990651824
2018-01-12 15:19:10,-0.21834184251688252
2018-01-12 15:19:20,-0.2048040533729216
2018-01-12 15:19:30,-0.19067872313157935
2018-01-12 15:19:40,-0.17610324648540676
2018-01-12 15:19:50,-0.1612197778653553
2018-01-12 15:20:00,-0.14616740007228748
2018-01-12 15:20:10,-0.13107796857266585
2018-01-12 15:20:20,-0.1160754291884066
2018-01-12 15:20:30,-0.10127655501183364
2018-01-12 15:20:40,-0.08679187404560479
2018-01-12 15:20:50,-0.07272514538270515
2018-01-12 15:21:00,-0.05917279660280222
2018-01-12 15:21:10,-0.046226218777574074
2018-01-12 15:21:20,-0.03397441050377264
2018-01-12 15:21:30,-0.022504404188525094
2018-01-12 15:21:40,-0.011900648112483965
2018-01-12 15:21:50,-0.0022432137312272666
2018-01-12 15:22:00,0.006394605915700708
2018-01-12 15:22:10,0.013948655307196956
2018-01-12 15:22:20,0.020370023136772837
2018-01-12 15:22:30,0.02563499823077349
2018-01-12 15:22:40,0.029750230899557667
2018-01-12 15:22:50,0.03274920481838297
2018-01-12 15:23:00,0.03468707173927006
2018-01-12 15:23:10,0.03563603934740063
2018-01-12 15:23:20,0.03567576214612499
2018-01-12 15:23:30,0.034881141786657646
2018-01-12 15:23:40,0.033316242417912145
2018-01-12 15:23:50,0.031037014876159917
2018-01-12 15:24:00,0.02809736742041887
2018-01-12 15:24:10,0.024551878654815135
2018-01-12 15:24:20,0.0204556771200196
2018-01-12 15:24:30,0.015866271870806786
2018-01-12 15:24:40,0.0108478550048538
2018-01-12 15:24:50,0.005473755774897604
2018-01-12 15:25:00,-0.0001775875216080078
2018-01-12 15:25:10,-0.006031023416068682
2018-01-12 15:25:20,-0.012018450415568723
2018-01-12 15:25:30,-0.018075080463915736
2018-01-12 15:25:40,-0.02413407648935501
2018-01-12 15:25:50,-0.03012265469871896
2018-01-12 15:26:00,-0.03596004406013269
2018-01-12 15:26:10,-0.04155834143434155
2018-01-12 15:26:20,-0.04682422615684474
2018-01-12 15:26:30,-0.05165950542626666
2018-01-12 15:26:40,-0.055961209586389775
2018-01-12 15:26:50,-0.05962250151796783
2018-01-12 15:27:00,-0.062535998968598
2018-01-12 15:27:10,-0.06459928459940752
2018-01-12 15:27:20,-0.06572067067139685
2018-01-12 15:27:30,-0.06582292569486231
2018-01-12 15:27:40,-0.06484200621418987
2018-01-12 15:27:50,-0.06272321329405511
2018-01-12 15:28:00,-0.059421788785332975
2018-01-12 15:28:10,-0.05490870741144551
2018-01-12 15:28:20,-0.04917694264078544
2018-01-12 15:28:30,-0.0422452649941148
2018-01-12 15:28:40,-0.034158487901924606
2018-01-12 15:28:50,-0.024983007612401673
2018-01-12 15:29:00,-0.014798574493770174
2018-01-12 15:29:10,-0.0036911047669535763
2018-01-12 15:29:20,0.008250205433420721
2018-01-12 15:29:30,0.02093237094881488
2018-01-12 15:29:40,0.034255730119330356
2018-01-12 15:29:50,0.04810988786888527
2018-01-12 15:30:00,0.06237180712939714
2018-01-12 15:30:10,0.07690891481733685
2018-01-12 15:30:20,0.09158588951769173
2018-01-12 15:30:30,0.10627160256976127
2018-01-12 15:30:40,0.12084490640497988
2018-01-12 15:30:50,0.13519808916168982
2018-01-12 15:31:00,0.14923621778550372
2018-01-12 15:31:10,0.16287639364270787
2018-01-12 15:31:20,0.17605264824626965
2018-01-12 15:31:30,0.1887222033448687
2018-01-12 15:31:40,0.20086598327289612
2018-01-12 15:31:50,0.21248583839464533
2018-01-12 15:32:00,0.22360345566319825
2018-01-12 15:32:10,0.23425895114699943
2018-01-12 15:32:20,0.24450523998327298
2018-01-12 15:32:30,0.254400596539219
2018-01-12 15:32:40,0.2640051080577921
2018-01-12 15:32:50,0.27338193066400873
2018-01-12 15:33:00,0.2825995649098094
2018-01-12 15:33:10,0.29173243144047245
2018-01-12 15:33:20,0.30086083422077187
2018-01-12 15:33:30,0.31007125162166016
2018-01-12 15:33:40,0.3194545987676858
2018-01-12 15:33:50,0.32910037241557455
2018-01-12 15:34:00,0.3390867088847474
2018-01-12 15:34:10,0.34946933291488486
2018-01-12 15:34:20,0.36027492430138225
2018-01-12 15:34:30,0.3715009775016703
2018-01-12 15:34:40,0.38311951292992524
2018-01-12 15:34:50,0.39508074137655014
2018-01-12 15:35:00,0.40731452926708867
2018-01-12 15:35:10,0.4197326277652515
2018-01-12 15:35:20,0.4322355440300119
2018-01-12 15:35:30,0.44472014008817
2018-01-12 15:35:40,0.45708066013277426
2018-01-12 15:35:50,0.46920581321319205
2018-01-12 15:36:00,0.48098012587988176
2018-01-12 15:36:10,0.4922886153367318
2018-01-12 15:36:20,0.5030200396805001
2018-01-12 15:36:30,0.5130705977139519
2018-01-12 15:36:40,0.5223497687027606
2018-01-12 15:36:50,0.5307842475542129
2018-01-12 15:37:00,0.5383162780745298
2018-01-12 15:37:10,0.544898333101449
2018-01-12 15:37:20,0.5504894858591224
2018-01-12 15:37:30,0.555056159142796
2018-01-12 15:37:40,0.55857476089053
2018-01-12 15:37:50,0.5610324914852405
2018-01-12 15:38:00,0.5624269857401469
2018-01-12 15:38:10,0.5627681855470554
2018-01-12 15:38:20,0.5620816121653986
2018-01-12 15:38:30,0.5604085317984423
2018-01-12 15:38:40,0.5578028888537501
2018-01-12 15:38:50,0.5543290377353851
2018-01-12 15:39:00,0.5500584819094505
2018-01-12 15:39:10,0.5450614331980882
2018-01-12 15:39:20,0.5393993074472254
2018-01-12 15:39:30,0.5331259567538835
2018-01-12 15:39:40,0.5262933979816168
2018-01-12 15:39:50,0.5189544565541968
2018-01-12 15:40:00,0.5111628924849508
2018-01-12 15:40:10,0.5029740325197951
2018-01-12 15:40:20,0.49444442762039453
2018-01-12 15:40:30,0.4856313469908413
2018-01-12 15:40:40,0.4765954433359079
2018-01-12 15:40:50,0.4674037401116082
2018-01-12 15:41:00,0.45812797659406257
2018-01-12 15:41:10,0.44883809191810975
2018-01-12 15:41:20,0.43959568148118544
2018-01-12 15:41:30,0.430452500122057
2018-01-12 15:41:40,0.42145335123921623
2018-01-12 15:41:50,0.4126401441970923
2018-01-12 15:42:00,0.40405375034665975
2018-01-12 15:42:10,0.3957306563933245
2018-01-12 15:42:20,0.3876963121554196
2018-01-12 15:42:30,0.3799595801523059
2018-01-12 15:42:40,0.37251053181149635
2018-01-12 15:42:50,0.36532144170356406
2018-01-12 15:43:00,0.3583480542677784
2018-01-12 15:43:10,0.35152915752342834
2018-01-12 15:43:20,0.3447895368537244
2018-01-12 15:43:30,0.33805173301350233
2018-01-12 15:43:40,0.33125044993456126
2018-01-12 15:43:50,0.32434041270088826
2018-01-12 15:44:00,0.31729895184569046
2018-01-12 15:44:10,0.3101265431931604
2018-01-12 15:44:20,0.30284373268442005
2018-01-12 15:44:30,0.29548497180872063
2018-01-12 15:44:40,0.2880914674306617
2018-01-12 15:44:50,0.28070401802215367
2018-01-12 15:45:00,0.2733570302288941
2018-01-12 15:45:10,0.26607468634271
2018-01-12 15:45:20,0.25886932879613367
2018-01-12 15:45:30,0.2517403147546892
2018-01-12 15:45:40,0.24467165882512532
2018-01-12 15:45:50,0.23763005439061313
2018-01-12 15:46:00,0.23056588780662848
2018-01-12 15:46:10,0.22341708620513426
2018-01-12 15:46:20,0.21611444108846486
2018-01-12 15:46:30,0.20858832024828633
2018-01-12 15:46:40,0.2007768947582183
2018-01-12 15:46:50,0.19263482281929095
2018-01-12 15:47:00,0.18413870808578328
2018-01-12 15:47:10,0.1752878976780332
2018-01-12 15:47:20,0.16610645175485228
2018-01-12 15:47:30,0.15664712845037063
2018-01-12 15:47:40,0.14698857874195087
2018-01-12 15:47:50,0.13722563449640734
2018-01-12 15:48:00,0.12746112911179647
2018-01-12 15:48:10,0.11779978045179564
2018-01-12 15:48:20,0.1083429748615005
2018-01-12 15:48:30,0.09918757642028897
2018-01-12 15:48:40,0.090427678528767
2018-01-12 15:48:50,0.08215543151047523
2018-01-12 15:49:00,0.07445825059689924
2018-01-12 15:49:10,0.06741153528919028
2018-01-12 15:49:20,0.061070708709558635
2018-01-12 15:49:30,0.05546823836686374
2018-01-12 15:49:40,0.05061564463687431
2018-01-12 15:49:50,0.04650458621081907
2018-01-12 15:50:00,0.04310460540631806
2018-01-12 15:50:10,0.040363144352391044
2018-01-12 15:50:20,0.03821319346042214
2018-01-12 15:50:30,0.03658604693641129
2018-01-12 15:50:40,0.0354228138387593
2018-01-12 15:50:50,0.034680746347271016
2018-01-12 15:51:00,0.034333101431223374
2018-01-12 15:51:10,0.03436411023056906
2018-01-12 15:51:20,0.03476167271281815
2018-01-12 15:51:30,0.035508723021426804
2018-01-12 15:51:40,0.03657603797959793
2018-01-12 15:51:50,0.03791987083956964
2018-01-12 15:52:00,0.03948433723626669
2018-01-12 15:52:10,0.041207513778778966
2018-01-12 15:52:20,0.04302923024061661
2018-01-12 15:52:30,0.044897174849050356
2018-01-12 15:52:40,0.046770399659721976
2018-01-12 15:52:50,0.048623184019108194
2018-01-12 15:53:00,0.050450864554930044
2018-01-12 15:53:10,0.05227416041084435
2018-01-12 15:53:20,0.054138513372604904
2018-01-12 15:53:30,0.056109239319296185
2018-01-12 15:53:40,0.05826680275369397
2018-01-12 15:53:50,0.06070502491296767
2018-01-12 15:54:00,0.06352865990072883
2018-01-12 15:54:10,0.06684545054577246
2018-01-12 15:54:20,0.07075475738036743
2018-01-12 15:54:30,0.07533985885655059
2018-01-12 15:54:40,0.08066547779702231
2018-01-12 15:54:50,0.08677654814105469
2018-01-12 15:55:00,0.09369778417396406
2018-01-12 15:55:10,0.10143313315261134
2018-01-12 15:55:20,0.10996065386323552
2018-01-12 15:55:30,0.11922458893340836
2018-01-12 15:55:40,0.12913316180943554
2018-01-12 15:55:50,0.13956619010060495
2018-01-12 15:56:00,0.15038704648638715
2018-01-12 15:56:10,0.16145110640818144
2018-01-12 15:56:20,0.17260904248058342
2018-01-12 15:56:30,0.18370941417517342
2018-01-12 15:56:40,0.19460361743481344
2018-01-12 15:56:50,0.20515080633515229
2018-01-12 15:57:00,0.21521963270299618
2018-01-12 15:57:10,0.224687456107403
2018-01-12 15:57:20,0.233441258643306
2018-01-12 15:57:30,0.2413829923353676
2018-01-12 15:57:40,0.24843723548366745
2018-01-12 15:57:50,0.25455693974554183
2018-01-12 15:58:00,0.2597233770065982
2018-01-12 15:58:10,0.26394039478490644
2018-01-12 15:58:20,0.267227596582784
2018-01-12 15:58:30,0.2696142694168066
2018-01-12 15:58:40,0.2711329308365731
2018-01-12 15:58:50,0.2718147585702041
2018-01-12 15:59:00,0.27168858367122733
2018-01-12 15:59:10,0.27078088769863207
2018-01-12 15:59:20,0.2691154404947503
2018-01-12 15:59:30,0.26671343202515285
2018-01-12 15:59:40,0.26359487337903
2018-01-12 15:59:50,0.2597801467177766
2018-01-12 16:00:00,0.25528994562198404
2018-01-12 16:00:10,0.2501451805406364
2018-01-12 16:00:20,0.2443673407290131
2018-01-12 16:00:30,0.23797680814549707
2018-01-12 16:00:40,0.2309912726194465
2018-01-12 16:00:50,0.22342825101900493
2018-01-12 16:01:00,0.21530934693279277
2018-01-12 16:01:10,0.2066635114762778
2018-01-12 16:01:20,0.19753009733978477
2018-01-12 16:01:30,0.18795928093725411
2018-01-12 16:01:40,0.17800845036385257
2018-01-12 16:01:50,0.16774061420434358
2018-01-12 16:02:00,0.15722822004663947
2018-01-12 16:02:10,0.14655679042699912
2018-01-12 16:02:20,0.1358236132967674
2018-01-12 16:02:30,0.12513337449015247
2018-01-12 16:02:40,0.11459380097064065
2018-01-12 16:02:50,0.10431068956239631
2018-01-12 16:03:00,0.09438129811113893
2018-01-12 16:03:10,0.08489076813164853
2018-01-12 16:03:20,0.07591553130484156
2018-01-12 16:03:30,0.06752798087224135
2018-01-12 16:03:40,0.05979649628449953
2018-01-12 16:03:50,0.052782507480858665
2018-01-12 16:04:00,0.04653720460620279
2018-01-12 16:04:10,0.041098582738114606
2018-01-12 16:04:20,0.0364904509689532
2018-01-12 16:04:30,0.032726051847070385
2018-01-12 16:04:40,0.029814170386749706
2018-01-12 16:04:50,0.02776063176852047
2018-01-12 16:05:00,0.026564476583800338
2018-01-12 16:05:10,0.026214567119479077
2018-01-12 16:05:20,0.026686531334357808
2018-01-12 16:05:30,0.027937412595705598
2018-01-12 16:05:40,0.02990286652145719
2018-01-12 16:05:50,0.032500439464438556
2018-01-12 16:06:00,0.035635497784067056
2018-01-12 16:06:10,0.03920893461396795
2018-01-12 16:06:20,0.043125828444956084
2018-01-12 16:06:30,0.04729917333807081
2018-01-12 16:06:40,0.05164640253045816
2018-01-12 16:06:50,0.05608305795727231
2018-01-12 16:07:00,0.06051951622675928
2018-01-12 16:07:10,0.06486391481069059
2018-01-12 16:07:20,0.06902970378416771
2018-01-12 16:07:30,0.07294427559686519
2018-01-12 16:07:40,0.07655417263579561
2018-01-12 16:07:50,0.07982348343557177
2018-01-12 16:08:00,0.0827276940285403
2018-01-12 16:08:10,0.08524724534869997
2018-01-12 16:08:20,0.08736342030072969
2018-01-12 16:08:30,0.08905868336474128
2018-01-12 16:08:40,0.09031998012856009
2018-01-12 16:08:50,0.09114084364774612
2018-01-12 16:09:00,0.09152196091624652
2018-01-12 16:09:10,0.09147226193197373
2018-01-12 16:09:20,0.09100829028630236
2018-01-12 16:09:30,0.09014765976927935
2018-01-12 16:09:40,0.08890067465591793
2018-01-12 16:09:50,0.08726884823117483
2018-01-12 16:10:00,0.08524960443002214
2018-01-12 16:10:10,0.08283876809444204
2018-01-12 16:10:20,0.08002738201865862
2018-01-12 16:10:30,0.07679751786152936
2018-01-12 16:10:40,0.07312163312032217
2018-01-12 16:10:50,0.06896527712146887
2018-01-12 16:11:00,0.06429234611027498
2018-01-12 16:11:10,0.059071706442155245
2018-01-12 16:11:20,0.05328392750896786
2018-01-12 16:11:30,0.04692698917839416
2018-01-12 16:11:40,0.040016580992003566
2018-01-12 16:11:50,0.03258136183512002
2018-01-12 16:12:00,0.024661090191607355
2018-01-12 16:12:10,0.016308418653480605
2018-01-12 16:12:20,0.007587525334484785
2018-01-12 16:12:30,-0.0014313461628495242
2018-01-12 16:12:40,-0.010676723143013699
2018-01-12 16:12:50,-0.020076779819301224
2018-01-12 16:13:00,-0.029556122405359354
2018-01-12 16:13:10,-0.03903293334447308
2018-01-12 16:13:20,-0.048419907457395654
2018-01-12 16:13:30,-0.05762562888870209
2018-01-12 16:13:40,-0.0665548120849565
2018-01-12 16:13:50,-0.07511158852092788
2018-01-12 16:14:00,-0.0832063134713983
2018-01-12 16:14:10,-0.09076035536404885
2018-01-12 16:14:20,-0.09770592846781216
2018-01-12 16:14:30,-0.10398436358666173
2018-01-12 16:14:40,-0.1095447455576693
2018-01-12 16:14:50,-0.11434021169785698
2018-01-12 16:15:00,-0.11832450970845516
2018-01-12 16:15:10,-0.12145533806162725
2018-01-12 16:15:20,-0.12370141260271238
2018-01-12 16:15:30,-0.12504617709216054
2018-01-12 16:15:40,-0.12548884005317865
2018-01-12 16:15:50,-0.1250441462633018
2018-01-12 16:16:00,-0.12374040728456952
2018-01-12 16:16:10,-0.12162091859700722
2018-01-12 16:16:20,-0.11875028961214709
2018-01-12 16:16:30,-0.11521586807827805
2018-01-12 16:16:40,-0.11111978823118453
2018-01-12 16:16:50,-0.10656863823937872
2018-01-12 16:17:00,-0.10166512063378427
2018-01-12 16:17:10,-0.09650142355424153
2018-01-12 16:17:20,-0.09115398450646794
2018-01-12 16:17:30,-0.08567834692580026
2018-01-12 16:17:40,-0.08010418791012192
2018-01-12 16:17:50,-0.07443284680486309
2018-01-12 16:18:00,-0.06863812341956582
2018-01-12 16:18:10,-0.06266920208161764
2018-01-12 16:18:20,-0.056455095840386126
2018-01-12 16:18:30,-0.04991132635090938
2018-01-12 16:18:40,-0.042948926204716804
2018-01-12 16:18:50,-0.0354837774907374
2018-01-12 16:19:00,-0.02744518594679541
2018-01-12 16:19:10,-0.018784147721983398
2018-01-12 16:19:20,-0.009480056149717392
2018-01-12 16:19:30,0.0004565032188368814
2018-01-12 16:19:40,0.010984839703079959
2018-01-12 16:19:50,0.0220364289359818
2018-01-12 16:20:00,0.03351771748687649
2018-01-12 16:20:10,0.04531522077284941
2018-01-12 16:20:20,0.05730132483502578
2018-01-12 16:20:30,0.06933747337954027
2018-01-12 16:20:40,0.08127542012585533
2018-01-12 16:20:50,0.09296022615392827
2018-01-12 16:21:00,0.10423712188194972
2018-01-12 16:21:10,0.11496036466857248
2018-01-12 16:21:20,0.1250000693187879
2018-01-12 16:21:30,0.13424608431316767
2018-01-12 16:21:40,0.14261143533818046
2018-01-12 16:21:50,0.15003450726150902
2018-01-12 16:22:00,0.15647695733508732
2018-01-12 16:22:10,0.16191981824339652
2018-01-12 16:22:20,0.16636311202202383
2018-01-12 16:22:30,0.16982965590327423
2018-01-12 16:22:40,0.17236778184626467
2018-01-12 16:22:50,0.17404799094833726
2018-01-12 16:23:00,0.17495555577692412
2018-01-12 16:23:10,0.17518275687250337
2018-01-12 16:23:20,0.174819153838216
2018-01-12 16:23:30,0.1739395312963302
2018-01-12 16:23:40,0.1725956928774117
2018-01-12 16:23:50,0.1708170364890932
2018-01-12 16:24:00,0.16861642841807195
2018-01-12 16:24:10,0.16599576689495749
2018-01-12 16:24:20,0.1629502109219294
2018-01-12 16:24:30,0.1594700161549146
2018-01-12 16:24:40,0.15553937544733815
2018-01-12 16:24:50,0.15113599617726514
2018-01-12 16:25:00,0.14623323536957558
2018-01-12 16:25:10,0.14080158021218123
2018-01-12 16:25:20,0.1348069443793334
2018-01-12 16:25:30,0.12820893465546332
2018-01-12 16:25:40,0.12096510205593217
2018-01-12 16:25:50,0.11304073706354555
2018-01-12 16:26:00,0.10441601459917539
2018-01-12 16:26:10,0.09508412155751735
2018-01-12 16:26:20,0.08504309761003817
2018-01-12 16:26:30,0.07428996279708609
2018-01-12 16:26:40,0.06282005704753257
2018-01-12 16:26:50,0.05062806809823261
2018-01-12 16:27:00,0.037710162138030454
2018-01-12 16:27:10,0.02406731061081555
2018-01-12 16:27:20,0.009708987760579988
2018-01-12 16:27:30,-0.005342507076764704
2018-01-12 16:27:40,-0.021050031946754158
2018-01-12 16:27:50,-0.03736352631151051
2018-01-12 16:28:00,-0.054222158022364915
2018-01-12 16:28:10,-0.0715539482816488
2018-01-12 16:28:20,-0.08927498031342153
2018-01-12 16:28:30,-0.10729231647484751
2018-01-12 16:28:40,-0.1255102193561559
2018-01-12 16:28:50,-0.14383550365269954
2018-01-12 16:29:00,-0.16218035145500265
2018-01-12 16:29:10,-0.18046391542690568
2018-01-12 16:29:20,-0.19861370189994024
2018-01-12 16:29:30,-0.21656523651007417
2018-01-12 16:29:40,-0.2342588098254432
2018-01-12 16:29:50,-0.25163403666378087
2018-01-12 16:30:00,-0.2686233090983192
2018-01-12 16:30:10,-0.28514685235616577
2018-01-12 16:30:20,-0.3011131080835362
2018-01-12 16:30:30,-0.31642583514790545
2018-01-12 16:30:40,-0.33099346288110604
2018-01-12 16:30:50,-0.3447340063722769
2018-01-12 16:31:00,-0.3575758125849651
2018-01-12 16:31:10,-0.369456212730683
2018-01-12 16:31:20,-0.3803161284631142
2018-01-12 16:31:30,-0.39009319068571424
2018-01-12 16:31:40,-0.3987191568110463
2018-01-12 16:31:50,-0.4061213869393545
2018-01-12 16:32:00,-0.4122260496700435
2018-01-12 16:32:10,-0.4169618846808159
2018-01-12 16:32:20,-0.42026050171352275
2018-01-12 16:32:30,-0.42205301189990957
2018-01-12 16:32:40,-0.422271387710046
2018-01-12 16:32:50,-0.4208583588782662
2018-01-12 16:33:00,-0.4177775275740074
2018-01-12 16:33:10,-0.4130167251521358
2018-01-12 16:33:20,-0.4065888731448948
2018-01-12 16:33:30,-0.3985339159930686
2018-01-12 16:33:40,-0.3889162574836561
2018-01-12 16:33:50,-0.37781471480651185
2018-01-12 16:34:00,-0.36531103642739704
2018-01-12 16:34:10,-0.35148444298221204
2018-01-12 16:34:20,-0.3364139885109487
2018-01-12 16:34:30,-0.32018290644198344
2018-01-12 16:34:40,-0.30288058881697427
2018-01-12 16:34:50,-0.2846065700842341
2018-01-12 16:35:00,-0.2654775706789293
2018-01-12 16:35:10,-0.2456295395953848
2018-01-12 16:35:20,-0.2252107141628311
2018-01-12 16:35:30,-0.20437196106996658
2018-01-12 16:35:40,-0.18326105645181123
2018-01-12 16:35:50,-0.16202210640407327
2018-01-12 16:36:00,-0.14079923222770038
2018-01-12 16:36:10,-0.11974129830702002
2018-01-12 16:36:20,-0.09900423104208982
2018-01-12 16:36:30,-0.07875010051746305
2018-01-12 16:36:40,-0.059142515782734495
2018-01-12 16:36:50,-0.0403395756574318
2018-01-12 16:37:00,-0.02248518230095758
2018-01-12 16:37:10,-0.005697914326734303
2018-01-12 16:37:20,0.009937700280802056
2018-01-12 16:37:30,0.024369778042272288
2018-01-12 16:37:40,0.037569060226558426
2018-01-12 16:37:50,0.04952092486415358
2018-01-12 16:38:00,0.060224928666435314
2018-01-12 16:38:10,0.06969712667104913
2018-01-12 16:38:20,0.07797102553799626
2018-01-12 16:38:30,0.08509829167270436
2018-01-12 16:38:40,0.09114858013762442
2018-01-12 16:38:50,0.0962047887627582
2018-01-12 16:39:00,0.10035455060878369
2018-01-12 16:39:10,0.10368307723858369
2018-01-12 16:39:20,0.10626991050994639
2018-01-12 16:39:30,0.10818897207635969
2018-01-12 16:39:40,0.10951020843697098
2018-01-12 16:39:50,0.11030041081298136
2018-01-12 16:40:00,0.11062089274045725
2018-01-12 16:40:10,0.11052377850237068
2018-01-12 16:40:20,0.11005301421151695
2018-01-12 16:40:30,0.10924968230280642
2018-01-12 16:40:40,0.10815216281492526
2018-01-12 16:40:50,0.10678866071166648
2018-01-12 16:41:00,0.10517146620604272
2018-01-12 16:41:10,0.10330047333854073
2018-01-12 16:41:20,0.10117294584980033
2018-01-12 16:41:30,0.09879207175528122
2018-01-12 16:41:40,0.09617394139205185
2018-01-12 16:41:50,0.09335648141556827
2018-01-12 16:42:00,0.09040797159130569
2018-01-12 16:42:10,0.08742902105723215
2018-01-12 16:42:20,0.08454394254964008
2018-01-12 16:42:30,0.08188299773519121
2018-01-12 16:42:40,0.07956248062010908
2018-01-12 16:42:50,0.07767252388025195
2018-01-12 16:43:00,0.07627647197271369
2018-01-12 16:43:10,0.0754135656716589
2018-01-12 16:43:20,0.07509890709976234
2018-01-12 16:43:30,0.07532409968856923
2018-01-12 16:43:40,0.07606119536464587
2018-01-12 16:43:50,0.07726901401374935
2018-01-12 16:44:00,0.07889819725979524
2018-01-12 16:44:10,0.08089146056375499
2018-01-12 16:44:20,0.08318228820241945
2018-01-12 16:44:30,0.08569731582478488
2018-01-12 16:44:40,0.08836222739139184
2018-01-12 16:44:50,0.0911096159148547
2018-01-12 16:45:00,0.093885847182672
2018-01-12 16:45:10,0.0966520095316814
2018-01-12 16:45:20,0.0993801279969017
2018-01-12 16:45:30,0.102049574258086
2018-01-12 16:45:40,0.10464459749502915
2018-01-12 16:45:50,0.10715127109613477
2018-01-12 16:46:00,0.10955423851168226
2018-01-12 16:46:10,0.1118370990580573
2018-01-12 16:46:20,0.11398589451277484
2018-01-12 16:46:30,0.1159900297744691
2018-01-12 16:46:40,0.11784078327743706
2018-01-12 16:46:50,0.11952947072447691
2018-01-12 16:47:00,0.12104353870965137
2018-01-12 16:47:10,0.12236318688473992
2018-01-12 16:47:20,0.12346384044620774
2018-01-12 16:47:30,0.12432321170588806
2018-01-12 16:47:40,0.12492691255186925
2018-01-12 16:47:50,0.12527001399511492
2018-01-12 16:48:00,0.12535600667696556
2018-01-12 16:48:10,0.12519467569907775
2018-01-12 16:48:20,0.12480123412666586
2018-01-12 16:48:30,0.12419758472038403
2018-01-12 16:48:40,0.12341347000410548
2018-01-12 16:48:50,0.1224863455809973
2018-01-12 16:49:00,0.12145991943728156
2018-01-12 16:49:10,0.12038322939875876
2018-01-12 16:49:20,0.119311797033523
2018-01-12 16:49:30,0.1183064647547393
2018-01-12 16:49:40,0.11742761377506622
2018-01-12 16:49:50,0.11672987056216053
2018-01-12 16:50:00,0.11626030963201327
2018-01-12 16:50:10,0.11605676797270564
2018-01-12 16:50:20,0.11614359014647196
2018-01-12 16:50:30,0.1165278920796286
2018-01-12 16:50:40,0.117199573480618
2018-01-12 16:50:50,0.11813305968237507
2018-01-12 16:51:00,0.11928745941131588
2018-01-12 16:51:10,0.12060692094704488
2018-01-12 16:51:20,0.12202560843176348
2018-01-12 16:51:30,0.12347696766909474
2018-01-12 16:51:40,0.12490344023697984
2018-01-12 16:51:50,0.12626234347531037
2018-01-12 16:52:00,0.12752440779421362
2018-01-12 16:52:10,0.12866786597151597
2018-01-12 16:52:20,0.12967718182043095
2018-01-12 16:52:30,0.13054971969907306
2018-01-12 16:52:40,0.13130095190438473
2018-01-12 16:52:50,0.13195824760232042
2018-01-12 16:53:00,0.13254727897873333
2018-01-12 16:53:10,0.13308167107106111
2018-01-12 16:53:20,0.13355864703727352
2018-01-12 16:53:30,0.13395877721782995
2018-01-12 16:53:40,0.1342499655116875
2018-01-12 16:53:50,0.13439489112102793
2018-01-12 16:54:00,0.1343573422448128
2018-01-12 16:54:10,0.13410177912783472
2018-01-12 16:54:20,0.13358818161126418
2018-01-12 16:54:30,0.1327723213366434
2018-01-12 16:54:40,0.13161402003193257
2018-01-12 16:54:50,0.130085690429619
2018-01-12 16:55:00,0.12817744237427975
2018-01-12 16:55:10,0.12589913959638288
2018-01-12 16:55:20,0.12327662307864125
2018-01-12 16:55:30,0.12034280291620245
2018-01-12 16:55:40,0.11713152865769264
2018-01-12 16:55:50,0.11367905021405808
2018-01-12 16:56:00,0.11002840067110235
2018-01-12 16:56:10,0.10622933177719117
2018-01-12 16:56:20,0.10233377926960632
2018-01-12 16:56:30,0.0983908123583944
2018-01-12 16:56:40,0.09444027689645718
2018-01-12 16:56:50,0.0905048848521179
2018-01-12 16:57:00,0.08658619897526068
2018-01-12 16:57:10,0.08266840637042494
2018-01-12 16:57:20,0.0787269441773636
2018-01-12 16:57:30,0.0747370659774034
2018-01-12 16:57:40,0.0706806507536163
2018-01-12 16:57:50,0.0665515983802193
2018-01-12 16:58:00,0.0623588673253355
2018-01-12 16:58:10,0.058124104980033585
2018-01-12 16:58:20,0.05387411533812407
2018-01-12 16:58:30,0.04963402699328764
2018-01-12 16:58:40,0.04542566657886886
2018-01-12 16:58:50,0.04127006820782134
2018-01-12 16:59:00,0.03718927972366696
2018-01-12 16:59:10,0.033204377541568915
2018-01-12 16:59:20,0.029333415031478686
2018-01-12 16:59:30,0.025594465462227066
2018-01-12 16:59:40,0.02201169599365605
2018-01-12 16:59:50,0.018618050008074604
2018-01-12 17:00:00,0.015452649866546772
2018-01-12 17:00:10,0.012556672299700079
2018-01-12 17:00:20,0.009970719923938413
2018-01-12 17:00:30,0.007732457479597672
2018-01-12 17:00:40,0.005871090727402639
2018-01-12 17:00:50,0.004399797518755686
2018-01-12 17:01:00,0.0033139299020970544
2018-01-12 17:01:10,0.002597311936540995
2018-01-12 17:01:20,0.002230674411281577
2018-01-12 17:01:30,0.002198681633620564
2018-01-12 17:01:40,0.0024918730275479747
2018-01-12 17:01:50,0.0031001118432219827
2018-01-12 17:02:00,0.004003705252015154
2018-01-12 17:02:10,0.0051708133229187
2018-01-12 17:02:20,0.0065609266629209646
2018-01-12 17:02:30,0.008128548112033002
2018-01-12 17:02:40,0.00982470947750754
2018-01-12 17:02:50,0.011598590510450896
2018-01-12 17:03:00,0.013400113250950656
2018-01-12 17:03:10,0.015181056216720947
2018-01-12 17:03:20,0.016892678652934798
2018-01-12 17:03:30,0.01848213580594223
2018-01-12 17:03:40,0.01989150710193683
2018-01-12 17:03:50,0.02105880789872804
2018-01-12 17:04:00,0.021918233430829624
2018-01-12 17:04:10,0.02240069321369483
2018-01-12 17:04:20,0.0224372049994949
2018-01-12 17:04:30,0.021964776533292936
2018-01-12 17:04:40,0.020931947265485976
2018-01-12 17:04:50,0.019300959162028158
2018-01-12 17:05:00,0.017046341231596825
2018-01-12 17:05:10,0.014152946035301123
2018-01-12 17:05:20,0.010615782266695057
2018-01-12 17:05:30,0.006441021221206643
2018-01-12 17:05:40,0.001645823612975155
2018-01-12 17:05:50,-0.0037445846779194923
2018-01-12 17:06:00,-0.009700113674972288
2018-01-12 17:06:10,-0.016184765092564946
2018-01-12 17:06:20,-0.023151012228960557
2018-01-12 17:06:30,-0.030534482297662934
2018-01-12 17:06:40,-0.03825448884589416
2018-01-12 17:06:50,-0.046219797810590164
2018-01-12 17:07:00,-0.054332951518605385
2018-01-12 17:07:10,-0.062490628414416015
2018-01-12 17:07:20,-0.07058493542770274
2018-01-12 17:07:30,-0.07850737747614897
2018-01-12 17:07:40,-0.08615070820015502
2018-01-12 17:07:50,-0.09340774539282844
2018-01-12 17:08:00,-0.10017079306090573
2018-01-12 17:08:10,-0.10633298357935932
2018-01-12 17:08:20,-0.1117914196278554
2018-01-12 17:08:30,-0.1164515678206839
2018-01-12 17:08:40,-0.12023109322960002
2018-01-12 17:08:50,-0.12306145978503995
2018-01-12 17:09:00,-0.12488861803279132
2018-01-12 17:09:10,-0.125674748019032
2018-01-12 17:09:20,-0.1253971299733944
2018-01-12 17:09:30,-0.12404195938979946
2018-01-12 17:09:40,-0.1216015385552928
2018-01-12 17:09:50,-0.11807993184583507
2018-01-12 17:10:00,-0.11349978717363876
2018-01-12 17:10:10,-0.1079052336940808
2018-01-12 17:10:20,-0.10136434329350795
2018-01-12 17:10:30,-0.0939713510628804
2018-01-12 17:10:40,-0.08584434813755065
2018-01-12 17:10:50,-0.07711898316425916
2018-01-12 17:11:00,-0.06794117776921794
2018-01-12 17:11:10,-0.05846013719995523
2018-01-12 17:11:20,-0.04882235961526146
2018-01-12 17:11:30,-0.03916498450043507
2018-01-12 17:11:40,-0.02960794409209833
2018-01-12 17:11:50,-0.02024933087963384
2018-01-12 17:12:00,-0.01116605900174218
2018-01-12 17:12:10,-0.0024167911652159223
2018-01-12 17:12:20,0.00595575885718046
2018-01-12 17:12:30,0.013923500254604043
2018-01-12 17:12:40,0.021469719981131914
2018-01-12 17:12:50,0.028582797784342976
2018-01-12 17:13:00,0.03525070955110473
2018-01-12 17:13:10,0.041458006681864036
2018-01-12 17:13:20,0.04718433463419874
2018-01-12 17:13:30,0.05240523590673616
2018-01-12 17:13:40,0.057094507736139735
2018-01-12 17:13:50,0.061226565383364226
2018-01-12 17:14:00,0.06478052290029059
2018-01-12 17:14:10,0.06774653661850412
2018-01-12 17:14:20,0.07013031540363295
2018-01-12 17:14:30,0.07195291444607729
2018-01-12 17:14:40,0.07324879283072586
2018-01-12 17:14:50,0.0740670318138558
2018-01-12 17:15:00,0.07447664209143061
2018-01-12 17:15:10,0.0745713760934796
2018-01-12 17:15:20,0.07446697258521207
2018-01-12 17:15:30,0.07429022003974318
2018-01-12 17:15:40,0.07416847774528647
2018-01-12 17:15:50,0.07422539466384624
2018-01-12 17:16:00,0.0745805254092985
2018-01-12 17:16:10,0.07535004187095101
2018-01-12 17:16:20,0.0766471828371313
2018-01-12 17:16:30,0.07858093628747957
2018-01-12 17:16:40,0.08125240700539252
2018-01-12 17:16:50,0.08474985460204985
2018-01-12 17:17:00,0.08914361271645645
2018-01-12 17:17:10,0.09448092481510613
2018-01-12 17:17:20,0.10078069518464082
2018-01-12 17:17:30,0.10802947164243945
2018-01-12 17:17:40,0.11618027683281612
2018-01-12 17:17:50,0.12515408753974877
2018-01-12 17:18:00,0.13484342740010644
2018-01-12 17:18:10,0.14511923468152246
2018-01-12 17:18:20,0.15583988884827307
2018-01-12 17:18:30,0.16685837288796065
2018-01-12 17:18:40,0.17802623575415594
2018-01-12 17:18:50,0.18919617706175826
2018-01-12 17:19:00,0.20022445407429978
2018-01-12 17:19:10,0.2109735739194338
2018-01-12 17:19:20,0.22131520203140548
2018-01-12 17:19:30,0.23113169369274136
2018-01-12 17:19:40,0.24031619123548895
2018-01-12 17:19:50,0.2487727254254133
2018-01-12 17:20:00,0.2564151403274624
2018-01-12 17:20:10,0.2631634970574413
2018-01-12 17:20:20,0.2689404149738533
2018-01-12 17:20:30,0.27367129223018033
2018-01-12 17:20:40,0.2772889461531623
2018-01-12 17:20:50,0.2797394145924275
2018-01-12 17:21:00,0.280987184676035
2018-01-12 17:21:10,0.2810209842354105
2018-01-12 17:21:20,0.2798583426995871
2018-01-12 17:21:30,0.2775456514564217
2018-01-12 17:21:40,0.27415651369359006
2018-01-12 17:21:50,0.2697915673295496
2018-01-12 17:22:00,0.2645758597393827
2018-01-12 17:22:10,0.25865114834933356
2018-01-12 17:22:20,0.25216726418321694
2018-01-12 17:22:30,0.24527491315792546
2018-01-12 17:22:40,0.2381187249656556
2018-01-12 17:22:50,0.23083340085699508
2018-01-12 17:23:00,0.2235457112011484
2018-01-12 17:23:10,0.21637790817873492
2018-01-12 17:23:20,0.2094477238058
2018-01-12 17:23:30,0.20286505918352668
2018-01-12 17:23:40,0.19672757079339923
2018-01-12 17:23:50,0.1911175822824198
2018-01-12 17:24:00,0.1861007104353035
2018-01-12 17:24:10,0.1817235697093955
2018-01-12 17:24:20,0.17800934473647456
2018-01-12 17:24:30,0.17495508918954672
2018-01-12 17:24:40,0.17253480777750496
2018-01-12 17:24:50,0.17070712081948766
2018-01-12 17:25:00,0.16942383522955698
2018-01-12 17:25:10,0.1686352492670545
2018-01-12 17:25:20,0.16828846180927792
2018-01-12 17:25:30,0.1683213428354938
2018-01-12 17:25:40,0.16866144085871437
2018-01-12 17:25:50,0.16923328693014586
2018-01-12 17:26:00,0.16996645408529948
2018-01-12 17:26:10,0.17079816588542404
2018-01-12 17:26:20,0.1716742170170195
2018-01-12 17:26:30,0.17255459226064163
2018-01-12 17:26:40,0.17342117870053664
2018-01-12 17:26:50,0.1742794830699056
2018-01-12 17:27:00,0.1751528286257548
2018-01-12 17:27:10,0.17607211847026286
2018-01-12 17:27:20,0.17706544074179867
2018-01-12 17:27:30,0.17815332106289236
2018-01-12 17:27:40,0.17934950063308244
2018-01-12 17:27:50,0.1806618851032077
2018-01-12 17:28:00,0.18209295864206207
2018-01-12 17:28:10,0.1836408791777143
2018-01-12 17:28:20,0.18529793156931557
2018-01-12 17:28:30,0.18704685542964758
2018-01-12 17:28:40,0.18886199288845612
2018-01-12 17:28:50,0.19071375995765943
2018-01-12 17:29:00,0.19257004015296209
2018-01-12 17:29:10,0.19439892228417352
2018-01-12 17:29:20,0.19617709030175443
2018-01-12 17:29:30,0.19789717332542037
2018-01-12 17:29:40,0.19956938623960402
2018-01-12 17:29:50,0.2012200773067896
2018-01-12 17:30:00,0.20288874417149796
2018-01-12 17:30:10,0.20462366196343396
2018-01-12 17:30:20,0.20647782929077238
2018-01-12 17:30:30,0.20850589504329772
2018-01-12 17:30:40,0.21075988969469636
2018-01-12 17:30:50,0.2132817928226901
2018-01-12 17:31:00,0.21609643608251913
2018-01-12 17:31:10,0.21921104210372455
2018-01-12 17:31:20,0.22262009454291568
2018-01-12 17:31:30,0.226308657181159
2018-01-12 17:31:40,0.23025299568521487
2018-01-12 17:31:50,0.23442219748391266
2018-01-12 17:32:00,0.2387828673741756
2018-01-12 17:32:10,0.2433056075517984
2018-01-12 17:32:20,0.24796956754861355
2018-01-12 17:32:30,0.25276298264652086
2018-01-12 17:32:40,0.25768164611687333
2018-01-12 17:32:50,0.26272815260346816
2018-01-12 17:33:00,0.26791139914316037
2018-01-12 17:33:10,0.27324364222214736
2018-01-12 17:33:20,0.27873493774286107
2018-01-12 17:33:30,0.2843883275735616
2018-01-12 17:33:40,0.2901985063395641
2018-01-12 17:33:50,0.2961524831765032
2018-01-12 17:34:00,0.30222957865492556
2018-01-12 17:34:10,0.30840045712433994
2018-01-12 17:34:20,0.3146255822457863
2018-01-12 17:34:30,0.32085294508459383
2018-01-12 17:34:40,0.3270171242973427
2018-01-12 17:34:50,0.33304413611335487
2018-01-12 17:35:00,0.33886126131380107
2018-01-12 17:35:10,0.34440527246046826
2018-01-12 17:35:20,0.3496262996445319
2018-01-12 17:35:30,0.35448931905174175
2018-01-12 17:35:40,0.3589756524903194
2018-01-12 17:35:50,0.3630854282447928
2018-01-12 17:36:00,0.36684010470205564
2018-01-12 17:36:10,0.37028309893743006
2018-01-12 17:36:20,0.3734766283151841
2018-01-12 17:36:30,0.3764958595301549
2018-01-12 17:36:40,0.3794230468220571
2018-01-12 17:36:50,0.382342227073189
2018-01-12 17:37:00,0.3853334721035033
2018-01-12 17:37:10,0.3884652361806769
2018-01-12 17:37:20,0.3917866055211797
2018-01-12 17:37:30,0.3953247418609342
2018-01-12 17:37:40,0.3990861537542499
2018-01-12 17:37:50,0.4030557557680812
2018-01-12 17:38:00,0.4071963832665952
2018-01-12 17:38:10,0.4114538997113337
2018-01-12 17:38:20,0.4157646642829915
2018-01-12 17:38:30,0.42006058438144217
2018-01-12 17:38:40,0.4242729987313838
2018-01-12 17:38:50,0.4283383363447721
2018-01-12 17:39:00,0.43220379764397415
2018-01-12 17:39:10,0.43582981754703526
2018-01-12 17:39:20,0.4391885893692847
2018-01-12 17:39:30,0.44225986390601996
2018-01-12 17:39:40,0.4450287902710608
2018-01-12 17:39:50,0.4474892529996857
2018-01-12 17:40:00,0.44964749719168434
2018-01-12 17:40:10,0.4515205217855638
2018-01-12 17:40:20,0.45313173830600206
2018-01-12 17:40:30,0.4545076341260692
2018-01-12 17:40:40,0.4556763566668996
2018-01-12 17:40:50,0.4566683046055002
2018-01-12 17:41:00,0.45751603134397806
2018-01-12 17:41:10,0.4582509162305587
2018-01-12 17:41:20,0.4589000000926277
2018-01-12 17:41:30,0.4594847756620768
2018-01-12 17:41:40,0.4600170495373171
2018-01-12 17:41:50,0.4604906426418077
2018-01-12 17:42:00,0.46087472116281963
2018-01-12 17:42:10,0.4611140629863093
2018-01-12 17:42:20,0.4611363728608252
2018-01-12 17:42:30,0.46086258428038984
2018-01-12 17:42:40,0.4602167868787754
2018-01-12 17:42:50,0.45913421555345746
2018-01-12 17:43:00,0.4575649474003564
2018-01-12 17:43:10,0.45547195929429024
2018-01-12 17:43:20,0.45282537257965416
2018-01-12 17:43:30,0.4495966115975541
2018-01-12 17:43:40,0.4457561595272051
2018-01-12 17:43:50,0.44127599350565594
2018-01-12 17:44:00,0.436134394545076
2018-01-12 17:44:10,0.4303192504621705
2018-01-12 17:44:20,0.42382762631309745
2018-01-12 17:44:30,0.41666252512435914
2018-01-12 17:44:40,0.4088296204533842
2018-01-12 17:44:50,0.40033713058695264
2018-01-12 17:45:00,0.39119887914037255
2018-01-12 17:45:10,0.38143734039939353
2018-01-12 17:45:20,0.371083240688477
2018-01-12 17:45:30,0.3601702438312344
2018-01-12 17:45:40,0.3487302459697003
2018-01-12 17:45:50,0.33679631237205343
2018-01-12 17:46:00,0.3244101713494294
2018-01-12 17:46:10,0.3116285847915803
2018-01-12 17:46:20,0.29852806968689694
2018-01-12 17:46:30,0.2852054799694268
2018-01-12 17:46:40,0.2717727468411163
2018-01-12 17:46:50,0.25835087988142974
2018-01-12 17:47:00,0.24506660692516005
2018-01-12 17:47:10,0.23204790105555112
2018-01-12 17:47:20,0.219415054602404
2018-01-12 17:47:30,0.20727052000859686
2018-01-12 17:47:40,0.19569325395908443
2018-01-12 17:47:50,0.1847384001957961
2018-01-12 17:48:00,0.1744385756949874
2018-01-12 17:48:10,0.16480564161310182
2018-01-12 17:48:20,0.1558355257858792
2018-01-12 17:48:30,0.14751572466157548
2018-01-12 17:48:40,0.1398320276172044
2018-01-12 17:48:50,0.13277332701056743
2018-01-12 17:49:00,0.12633406218361468
2018-01-12 17:49:10,0.1205133406599156
2018-01-12 17:49:20,0.11531188251725144
2018-01-12 17:49:30,0.11072741737858055
2018-01-12 17:49:40,0.10674744126525842
2018-01-12 17:49:50,0.10334065654757353
2018-01-12 17:50:00,0.1004520054250753
2018-01-12 17:50:10,0.09800386255664535
2018-01-12 17:50:20,0.09590097315705122
2018-01-12 17:50:30,0.09403663443590443
2018-01-12 17:50:40,0.09229806797905239
2018-01-12 17:50:50,0.09056896733613355
2018-01-12 17:51:00,0.08873028380722882
2018-01-12 17:51:10,0.08666254368620752
2018-01-12 17:51:20,0.08425124901668486
2018-01-12 17:51:30,0.08139353405219908
2018-01-12 17:51:40,0.07800246623495732
2018-01-12 17:51:50,0.07400604346954964
2018-01-12 17:52:00,0.06934129677534813
2018-01-12 17:52:10,0.06394912049442009
2018-01-12 17:52:20,0.05777669377492732
2018-01-12 17:52:30,0.05078785682891288
2018-01-12 17:52:40,0.04297442803009066
2018-01-12 17:52:50,0.034360612278946955
2018-01-12 17:53:00,0.024999402283841184
2018-01-12 17:53:10,0.014967164216567722
2018-01-12 17:53:20,0.004359659555852521
2018-01-12 17:53:30,-0.006712422492903298
2018-01-12 17:53:40,-0.018127220317839737
2018-01-12 17:53:50,-0.02975230130384648
2018-01-12 17:54:00,-0.04144286802592659
2018-01-12 17:54:10,-0.053040427161313346
2018-01-12 17:54:20,-0.06437587904368415
2018-01-12 17:54:30,-0.07527751999371575
2018-01-12 17:54:40,-0.08558004582830418
2018-01-12 17:54:50,-0.0951306689042361
2018-01-12 17:55:00,-0.10379227650795393
2018-01-12 17:55:10,-0.11144886904871774
2018-01-12 17:55:20,-0.11801531422977005
2018-01-12 17:55:30,-0.1234451381584507
2018-01-12 17:55:40,-0.1277308717238757
2018-01-12 17:55:50,-0.13089854465643375
2018-01-12 17:56:00,-0.13300064681740725
2018-01-12 17:56:10,-0.13410892580977624
2018-01-12 17:56:20,-0.13430727119142633
2018-01-12 17:56:30,-0.1336854779347412
2018-01-12 17:56:40,-0.13233425680290914
2018-01-12 17:56:50,-0.13034280789738137
2018-01-12 17:57:00,-0.1277987011456359
2018-01-12 17:57:10,-0.12478834747842737
2018-01-12 17:57:20,-0.12139853765960233
2018-01-12 17:57:30,-0.11771971363614529
2018-01-12 17:57:40,-0.11384823962813546
2018-01-12 17:57:50,-0.10988314323788358
2018-01-12 17:58:00,-0.10591939577107341
2018-01-12 17:58:10,-0.10204439496776174
2018-01-12 17:58:20,-0.09833771430545933
2018-01-12 17:58:30,-0.09486993839747801
2018-01-12 17:58:40,-0.09169827274320214
2018-01-12 17:58:50,-0.0888601390404347
2018-01-12 17:59:00,-0.08636972468346132
2018-01-12 17:59:10,-0.0842203691408268
2018-01-12 17:59:20,-0.08239107564498506
2018-01-12 17:59:30,-0.08085439970376998
2018-01-12 17:59:40,-0.07958350178322086
2018-01-12 17:59:50,-0.0785578644201969
2018-01-12 18:00:00,-0.07776708868157478
2018-01-12 18:00:10,-0.07721013466396173
2018-01-12 18:00:20,-0.07689155294876644
2018-01-12 18:00:30,-0.07681956162794826
2018-01-12 18:00:40,-0.07700467585886842
2018-01-12 18:00:50,-0.07745578222980247
2018-01-12 18:01:00,-0.07817602033005709
2018-01-12 18:01:10,-0.07916105029192977
2018-01-12 18:01:20,-0.08039809745595562
2018-01-12 18:01:30,-0.08186394666699838
2018-01-12 18:01:40,-0.0835241937667797
2018-01-12 18:01:50,-0.0853373854981195
2018-01-12 18:02:00,-0.08726339143256016
2018-01-12 18:02:10,-0.0892726003292948
2018-01-12 18:02:20,-0.09135389755528917
2018-01-12 18:02:30,-0.09351957635457711
2018-01-12 18:02:40,-0.09580466261062463
2018-01-12 18:02:50,-0.09826041010650505
2018-01-12 18:03:00,-0.1009460863979672
2018-01-12 18:03:10,-0.10392289408207771
2018-01-12 18:03:20,-0.10724847069361271
2018-01-12 18:03:30,-0.11096909716956095
2018-01-12 18:03:40,-0.11511127386790859
2018-01-12 18:03:50,-0.11967859523103813
2018-01-12 18:04:00,-0.12465679286860529
2018-01-12 18:04:10,-0.130021346203519
2018-01-12 18:04:20,-0.13574223615984526
2018-01-12 18:04:30,-0.14178834717206304
2018-01-12 18:04:40,-0.14813425802040017
2018-01-12 18:04:50,-0.15476505233500004
2018-01-12 18:05:00,-0.1616739417708166
2018-01-12 18:05:10,-0.1688552071196641
2018-01-12 18:05:20,-0.17629805475479965
2018-01-12 18:05:30,-0.18398334016700565
2018-01-12 18:05:40,-0.19188348181119078
2018-01-12 18:05:50,-0.19996407043475287
2018-01-12 18:06:00,-0.20818505091314707
2018-01-12 18:06:10,-0.2165018045126418
2018-01-12 18:06:20,-0.2248653648854357
2018-01-12 18:06:30,-0.23322026315761707
2018-01-12 18:06:40,-0.24150187994968964
2018-01-12 18:06:50,-0.24963553882521936
2018-01-12 18:07:00,-0.2575372749329482
2018-01-12 18:07:10,-0.2651182237645851
2018-01-12 18:07:20,-0.2722945871231257
2018-01-12 18:07:30,-0.2789957321681449
2018-01-12 18:07:40,-0.28516235973710385
2018-01-12 18:07:50,-0.2907414786212481
2018-01-12 18:08:00,-0.29568772046783554
2018-01-12 18:08:10,-0.2999683016623136
2018-01-12 18:08:20,-0.3035658728033048
2018-01-12 18:08:30,-0.3064809870001701
2018-01-12 18:08:40,-0.3087355525467034
2018-01-12 18:08:50,-0.31037234426436167
2018-01-12 18:09:00,-0.31145098827217454
2018-01-12 18:09:10,-0.3120448412686609
2018-01-12 18:09:20,-0.31223499727224435
2018-01-12 18:09:30,-0.31209913995312966
2018-01-12 18:09:40,-0.311701527930598
2018-01-12 18:09:50,-0.31108760705881766
2018-01-12 18:10:00,-0.31028093270127577
2018-01-12 18:10:10,-0.30927972531112513
2018-01-12 18:10:20,-0.30805445981648677
2018-01-12 18:10:30,-0.3065515886668267
2018-01-12 18:10:40,-0.3047032012672487
2018-01-12 18:10:50,-0.30243676076274945
2018-01-12 18:11:00,-0.2996821187473406
2018-01-12 18:11:10,-0.29637524512308716
2018-01-12 18:11:20,-0.2924569023344469
2018-01-12 18:11:30,-0.2878667037665358
2018-01-12 18:11:40,-0.28253682565231386
2018-01-12 18:11:50,-0.2763895149369648
2018-01-12 18:12:00,-0.2693410124067311
2018-01-12 18:12:10,-0.2613124241148857
2018-01-12 18:12:20,-0.25224164624469003
2018-01-12 18:12:30,-0.2420886525360337
2018-01-12 18:12:40,-0.2308355363346839
2018-01-12 18:12:50,-0.21848758893986725
2018-01-12 18:13:00,-0.20507604247825048
2018-01-12 18:13:10,-0.1906590835026731
2018-01-12 18:13:20,-0.17531848827013233
2018-01-12 18:13:30,-0.1591516216975169
2018-01-12 18:13:40,-0.14226208384082123
2018-01-12 18:13:50,-0.1247537572685483
2018-01-12 18:14:00,-0.10673120708810135
2018-01-12 18:14:10,-0.08830421738690727
2018-01-12 18:14:20,-0.06959082823780222
2018-01-12 18:14:30,-0.05071721309315923
2018-01-12 18:14:40,-0.0318165321442428
2018-01-12 18:14:50,-0.013026506494103467
2018-01-12 18:15:00,0.005516812051777529
2018-01-12 18:15:10,0.023687295032473663
2018-01-12 18:15:20,0.04137350230140329
2018-01-12 18:15:30,0.05847861661522997
2018-01-12 18:15:40,0.07491911942416282
2018-01-12 18:15:50,0.09062558634321108
2018-01-12 18:16:00,0.1055459838756866
2018-01-12 18:16:10,0.11964979797191831
2018-01-12 18:16:20,0.1329294825235677
2018-01-12 18:16:30,0.14539639531548565
2018-01-12 18:16:40,0.15707487792537705
2018-01-12 18:16:50,0.16800007676094783
2018-01-12 18:17:00,0.17821966800467148
2018-01-12 18:17:10,0.1877968322171139
2018-01-12 18:17:20,0.19681080343217194
2018-01-12 18:17:30,0.2053518574748418
2018-01-12 18:17:40,0.21351366667730082
2018-01-12 18:17:50,0.2213884643912174
2018-01-12 18:18:00,0.22906564851883854
2018-01-12 18:18:10,0.2366311487225248
2018-01-12 18:18:20,0.24416526940616554
2018-01-12 18:18:30,0.25173896210707675
2018-01-12 18:18:40,0.2594100246110391
2018-01-12 18:18:50,0.2672194032763623
2018-01-12 18:19:00,0.2751867378044735
2018-01-12 18:19:10,0.2833057899119825
2018-01-12 18:19:20,0.29154205496062424
2018-01-12 18:19:30,0.2998345777634163
2018-01-12 18:19:40,0.30810244206784615
2018-01-12 18:19:50,0.31625243893499233
2018-01-12 18:20:00,0.3241835318892659
2018-01-12 18:20:10,0.3317913131544712
2018-01-12 18:20:20,0.33897645657681563
2018-01-12 18:20:30,0.3456535113451419
2018-01-12 18:20:40,0.35175705456464434
2018-01-12 18:20:50,0.35724633479558265
2018-01-12 18:21:00,0.3621080914973801
2018-01-12 18:21:10,0.3663555126599358
2018-01-12 18:21:20,0.3700233208653518
2018-01-12 18:21:30,0.37316072579923804
2018-01-12 18:21:40,0.37582332258122536
2018-01-12 18:21:50,0.3780655187676572
2018-01-12 18:22:00,0.37993578829995717
2018-01-12 18:22:10,0.38147578320803216
2018-01-12 18:22:20,0.38272226640197804
2018-01-12 18:22:30,0.38370924036091525
2018-01-12 18:22:40,0.384467539963162
2018-01-12 18:22:50,0.3850221774907753
2018-01-12 18:23:00,0.3853919146376199
2018-01-12 18:23:10,0.3855929068127564
2018-01-12 18:23:20,0.3856401378672065
2018-01-12 18:23:30,0.385540613820855
2018-01-12 18:23:40,0.38528259497300216
2018-01-12 18:23:50,0.38483059816964277
2018-01-12 18:24:00,0.3841285945038069
2018-01-12 18:24:10,0.3831042962127168
2018-01-12 18:24:20,0.3816708128166012
2018-01-12 18:24:30,0.3797308677977307
2018-01-12 18:24:40,0.3771859942875512
2018-01-12 18:24:50,0.3739474083707604
2018-01-12 18:25:00,0.3699457733138274
2018-01-12 18:25:10,0.3651364227272558
2018-01-12 18:25:20,0.35949863071973653
2018-01-12 18:25:30,0.3530332299443176
2018-01-12 18:25:40,0.34576277231196084
2018-01-12 18:25:50,0.337735131153921
2018-01-12 18:26:00,0.32902728215477683
2018-01-12 18:26:10,0.3197414991952309
2018-01-12 18:26:20,0.3099911991900719
2018-01-12 18:26:30,0.29988352801805074
2018-01-12 18:26:40,0.2895072677095768
2018-01-12 18:26:50,0.27892948905262116
2018-01-12 18:27:00,0.26819766272441753
2018-01-12 18:27:10,0.2573415204933401
2018-01-12 18:27:20,0.24637453145951768
2018-01-12 18:27:30,0.23529749559065416
2018-01-12 18:27:40,0.22410043415806968
2018-01-12 18:27:50,0.2127581696209215
2018-01-12 18:28:00,0.20122502849411633
2018-01-12 18:28:10,0.18943847710062126
2018-01-12 18:28:20,0.17733285671556526
2018-01-12 18:28:30,0.16485458799798297
2018-01-12 18:28:40,0.15197128953620864
2018-01-12 18:28:50,0.1386760193349784
2018-01-12 18:29:00,0.12499006384250731
2018-01-12 18:29:10,0.11096211968896993
2018-01-12 18:29:20,0.09666161052610617
2018-01-12 18:29:30,0.08217042956351199
2018-01-12 18:29:40,0.06757854828396426
2018-01-12 18:29:50,0.05298226586678285
2018-01-12 18:30:00,0.03848021557445104
2018-01-12 18:30:10,0.024166123301738358
2018-01-12 18:30:20,0.01012102662688826
2018-01-12 18:30:30,-0.0035908024397076836
2018-01-12 18:30:40,-0.01691909586395149
2018-01-12 18:30:50,-0.02982104251867269
2018-01-12 18:31:00,-0.04225603099865553
2018-01-12 18:31:10,-0.05418310531360942
2018-01-12 18:31:20,-0.0655597158505893
2018-01-12 18:31:30,-0.07634059175959994
2018-01-12 18:31:40,-0.0864807249044678
2018-01-12 18:31:50,-0.09594410231851087
2018-01-12 18:32:00,-0.10471074694962705
2018-01-12 18:32:10,-0.1127769415792175
2018-01-12 18:32:20,-0.12015064758615233
2018-01-12 18:32:30,-0.12684723704434753
2018-01-12 18:32:40,-0.13289104255783984
2018-01-12 18:32:50,-0.13832204132501627
2018-01-12 18:33:00,-0.14320018064569154
2018-01-12 18:33:10,-0.14760394897058196
2018-01-12 18:33:20,-0.1516280794847948
2018-01-12 18:33:30,-0.15538308250262234
2018-01-12 18:33:40,-0.1589933414308827
2018-01-12 18:33:50,-0.16259080875355994
2018-01-12 18:34:00,-0.16630311023511515
2018-01-12 18:34:10,-0.17023930468835496
2018-01-12 18:34:20,-0.17448116623597137
2018-01-12 18:34:30,-0.17908273077740344
2018-01-12 18:34:40,-0.1840744092344137
2018-01-12 18:34:50,-0.18946911273906894
2018-01-12 18:35:00,-0.19526764629807716
2018-01-12 18:35:10,-0.20145950843370625
2018-01-12 18:35:20,-0.20802104633833973
2018-01-12 18:35:30,-0.2149150823902873
2018-01-12 18:35:40,-0.22209020637799945
2018-01-12 18:35:50,-0.2294804115289235
2018-01-12 18:36:00,-0.237011537169313
2018-01-12 18:36:10,-0.24461434117590705
2018-01-12 18:36:20,-0.25223714549916565
2018-01-12 18:36:30,-0.2598531506037826
2018-01-12 18:36:40,-0.2674621969701963
2018-01-12 18:36:50,-0.2750892656834691
2018-01-12 18:37:00,-0.2827806574232734
2018-01-12 18:37:10,-0.2905987373757085
2018-01-12 18:37:20,-0.2986159071040907
2018-01-12 18:37:30,-0.30690603820378415
2018-01-12 18:37:40,-0.3155347314296537
2018-01-12 18:37:50,-0.32455201473959405
2018-01-12 18:38:00,-0.33398684997530553
2018-01-12 18:38:10,-0.34384218632835073
2018-01-12 18:38:20,-0.3540938431111493
2018-01-12 18:38:30,-0.3646962511425291
2018-01-12 18:38:40,-0.375591215714016
2018-01-12 18:38:50,-0.3867143770660448
2018-01-12 18:39:00,-0.3979989806288592
2018-01-12 18:39:10,-0.40937707843299165
2018-01-12 18:39:20,-0.42077700215961816
2018-01-12 18:39:30,-0.43211927716866444
2018-01-12 18:39:40,-0.4433151790871992
2018-01-12 18:39:50,-0.45426839466530783
2018-01-12 18:40:00,-0.46487788614343867
2018-01-12 18:40:10,-0.4750423609175929
2018-01-12 18:40:20,-0.4846669294718167
2018-01-12 18:40:30,-0.4936691460756808
2018-01-12 18:40:40,-0.5019809149932702
2018-01-12 18:40:50,-0.5095464928395226
2018-01-12 18:41:00,-0.516320936526015
2018-01-12 18:41:10,-0.5222707593962123
2018-01-12 18:41:20,-0.5273720725463185
2018-01-12 18:41:30,-0.5316055377046139
2018-01-12 18:41:40,-0.5349545086870746
2018-01-12 18:41:50,-0.5374091242306817
2018-01-12 18:42:00,-0.5389728993813913
2018-01-12 18:42:10,-0.5396652821285197
2018-01-12 18:42:20,-0.5395174320671026
2018-01-12 18:42:30,-0.5385674353237423
2018-01-12 18:42:40,-0.5368612417541799
2018-01-12 18:42:50,-0.5344561467569324
2018-01-12 18:43:00,-0.5314189208908427
2018-01-12 18:43:10,-0.5278169345854172
2018-01-12 18:43:20,-0.5237085371303625
2018-01-12 18:43:30,-0.5191389934248333
2018-01-12 18:43:40,-0.514141050206993
2018-01-12 18:43:50,-0.5087356651724345
2018-01-12 18:44:00,-0.5029349250864803
2018-01-12 18:44:10,-0.49674991695509946
2018-01-12 18:44:20,-0.49019689785229653
2018-01-12 18:44:30,-0.48329688870096854
2018-01-12 18:44:40,-0.47607451300892956
2018-01-12 18:44:50,-0.46855959080156295
2018-01-12 18:45:00,-0.460787303505931
2018-01-12 18:45:10,-0.4527956947505474
2018-01-12 18:45:20,-0.4446237674376111
2018-01-12 18:45:30,-0.4363104386523145
2018-01-12 18:45:40,-0.4278920168925655
2018-01-12 18:45:50,-0.41939943431171145
2018-01-12 18:46:00,-0.41085844791589377
2018-01-12 18:46:10,-0.402291723434279
2018-01-12 18:46:20,-0.3937184263491506
2018-01-12 18:46:30,-0.38515140479090304
2018-01-12 18:46:40,-0.3765978655769486
2018-01-12 18:46:50,-0.3680654172504515
2018-01-12 18:47:00,-0.3595678984544306
2018-01-12 18:47:10,-0.3511274537923263
2018-01-12 18:47:20,-0.34277514061523634
2018-01-12 18:47:30,-0.33455017961690464
2018-01-12 18:47:40,-0.32649558436573073
2018-01-12 18:47:50,-0.31865282513962084
2018-01-12 18:48:00,-0.31105933480176123
2018-01-12 18:48:10,-0.3037487014064169
2018-01-12 18:48:20,-0.29675142547078587
2018-01-12 18:48:30,-0.29009390669631896
2018-01-12 18:48:40,-0.28379527856199604
2018-01-12 18:48:50,-0.2778640448448636
2018-01-12 18:49:00,-0.27229633901130185
2018-01-12 18:49:10,-0.2670765648838882
2018-01-12 18:49:20,-0.26217946101131906
2018-01-12 18:49:30,-0.25757116029914057
2018-01-12 18:49:40,-0.25320945577215365
2018-01-12 18:49:50,-0.24904614731428976
2018-01-12 18:50:00,-0.2450314261757799
2018-01-12 18:50:10,-0.24111752545790324
2018-01-12 18:50:20,-0.2372598895572218
2018-01-12 18:50:30,-0.23341570634083003
2018-01-12 18:50:40,-0.22954065282803077
2018-01-12 18:50:50,-0.22558613788837747
2018-01-12 18:51:00,-0.22149960433171295
2018-01-12 18:51:10,-0.21722742032668568
2018-01-12 18:51:20,-0.21271750286770194
2018-01-12 18:51:30,-0.2079202835256948
2018-01-12 18:51:40,-0.20278837958707407
2018-01-12 18:51:50,-0.19727490323333358
2018-01-12 18:52:00,-0.1913312507799603
2018-01-12 18:52:10,-0.18490651720255155
2018-01-12 18:52:20,-0.1779491464407795
2018-01-12 18:52:30,-0.17041058673432907
2018-01-12 18:52:40,-0.1622514827474892
2018-01-12 18:52:50,-0.15344996976029415
2018-01-12 18:53:00,-0.1440079881969579
2018-01-12 18:53:10,-0.13395084236731175
2018-01-12 18:53:20,-0.12332091300787311
2018-01-12 18:53:30,-0.11216980913829325
2018-01-12 18:53:40,-0.1005521026124579
2018-01-12 18:53:50,-0.08852239234007304
2018-01-12 18:54:00,-0.07613336927703436
2018-01-12 18:54:10,-0.06343254458094834
2018-01-12 18:54:20,-0.05046096819974834
2018-01-12 18:54:30,-0.037255628395530295
2018-01-12 18:54:40,-0.023854283620702466
2018-01-12 18:54:50,-0.01030375680632506
2018-01-12 18:55:00,0.0033315974010707425
2018-01-12 18:55:10,0.016969122807480436
2018-01-12 18:55:20,0.030515493337482318
2018-01-12 18:55:30,0.04387537236308
2018-01-12 18:55:40,0.05695527408210893
2018-01-12 18:55:50,0.06966429686591
2018-01-12 18:56:00,0.08191708004390502
2018-01-12 18:56:10,0.09364031685266279
2018-01-12 18:56:20,0.10477862268419624
2018-01-12 18:56:30,0.11529506981711873
2018-01-12 18:56:40,0.12516669118515658
2018-01-12 18:56:50,0.13437844073556182
2018-01-12 18:57:00,0.1429167941124245
2018-01-12 18:57:10,0.1507642672127499
2018-01-12 18:57:20,0.15789825357008735
2018-01-12 18:57:30,0.16429382217981703
2018-01-12 18:57:40,0.16992743128324878
2018-01-12 18:57:50,0.17478214750293175
2018-01-12 18:58:00,0.1788546443314347
2018-01-12 18:58:10,0.182159115902236
2018-01-12 18:58:20,0.18472435216444366
2018-01-12 18:58:30,0.18658683817787083
2018-01-12 18:58:40,0.1877847882644836
2018-01-12 18:58:50,0.18835464995262327
2018-01-12 18:59:00,0.18833097645875713
2018-01-12 18:59:10,0.18775083095834277
2018-01-12 18:59:20,0.18665836516163503
2018-01-12 18:59:30,0.18510463475521582
2018-01-12 18:59:40,0.18314570187153636
2018-01-12 18:59:50,0.1808449105066555
2018-01-12 19:00:00,0.17827950488863561
2018-01-12 19:00:10,0.17554471338286096
2018-01-12 19:00:20,0.17275078812999814
2018-01-12 19:00:30,0.1700166273095896
2018-01-12 19:00:40,0.1674627150707204
2018-01-12 19:00:50,0.16520368037615735
2018-01-12 19:01:00,0.16334356009103373
2018-01-12 19:01:10,0.16197368446247035
2018-01-12 19:01:20,0.16117027711315662
2018-01-12 19:01:30,0.16099571445840294
2018-01-12 19:01:40,0.161506490823606
2018-01-12 19:01:50,0.1627602293205482
2018-01-12 19:02:00,0.16481541777541853
2018-01-12 19:02:10,0.1677272646785384
2018-01-12 19:02:20,0.17154321387876867
2018-01-12 19:02:30,0.17629531272344384
2018-01-12 19:02:40,0.181988679113289
2018-01-12 19:02:50,0.1885940261295953
2018-01-12 19:03:00,0.19605065540452982
2018-01-12 19:03:10,0.20427566301803016
2018-01-12 19:03:20,0.21317193879375912
2018-01-12 19:03:30,0.22263202263838794
2018-01-12 19:03:40,0.23253854085033107
2018-01-12 19:03:50,0.24276541926332487
2018-01-12 19:04:00,0.2531843557066178
2018-01-12 19:04:10,0.2636740902752071
2018-01-12 19:04:20,0.2741246647364785
2018-01-12 19:04:30,0.28443434635631204
2018-01-12 19:04:40,0.2945045439231516
2018-01-12 19:04:50,0.30423626561838085
2018-01-12 19:05:00,0.3135281161330735
2018-01-12 19:05:10,0.32227706978700343
2018-01-12 19:05:20,0.33038341345448613
2018-01-12 19:05:30,0.33775857997087805
2018-01-12 19:05:40,0.34433045191429684
2018-01-12 19:05:50,0.3500409477747238
2018-01-12 19:06:00,0.35484032299528123
2018-01-12 19:06:10,0.35868707345382184
2018-01-12 19:06:20,0.3615525948304261
2018-01-12 19:06:30,0.36342488932033645
2018-01-12 19:06:40,0.3643115223115723
2018-01-12 19:06:50,0.364242887519432
2018-01-12 19:07:00,0.36327331998697354
2018-01-12 19:07:10,0.36147690049905223
2018-01-12 19:07:20,0.35893604129895434
2018-01-12 19:07:30,0.3557259027113114
2018-01-12 19:07:40,0.351902552428339
2018-01-12 19:07:50,0.3474997900705724
2018-01-12 19:08:00,0.3425314088555959
2018-01-12 19:08:10,0.33699185962939904
2018-01-12 19:08:20,0.3308531823085548
2018-01-12 19:08:30,0.3240633393086896
2018-01-12 19:08:40,0.3165514114058476
2018-01-12 19:08:50,0.30823858697522993
2018-01-12 19:09:00,0.2990483451046664
2018-01-12 19:09:10,0.2889097194514231
2018-01-12 19:09:20,0.27775549122152693
2018-01-12 19:09:30,0.2655249332633113
2018-01-12 19:09:40,0.2521737227072117
2018-01-12 19:09:50,0.2376814932637652
2018-01-12 19:10:00,0.2220524569962517
2018-01-12 19:10:10,0.2053149713424238
2018-01-12 19:10:20,0.18752124801325357
2018-01-12 19:10:30,0.1687424006881619
2018-01-12 19:10:40,0.14906072865953998
2018-01-12 19:10:50,0.12856479251622063
2018-01-12 19:11:00,0.10734697859435895
2018-01-12 19:11:10,0.0855018960730884
2018-01-12 19:11:20,0.06312685308934372
2018-01-12 19:11:30,0.04032434035118
2018-01-12 19:11:40,0.017204153557146662
2018-01-12 19:11:50,-0.006116646407125829
2018-01-12 19:12:00,-0.029515981225931742
2018-01-12 19:12:10,-0.05287045011826005
2018-01-12 19:12:20,-0.07606105434192632
2018-01-12 19:12:30,-0.09897935086164618
2018-01-12 19:12:40,-0.12152835798393528
2018-01-12 19:12:50,-0.14361791662751477
2018-01-12 19:13:00,-0.1651580582900606
2018-01-12 19:13:10,-0.1860516592038409
2018-01-12 19:13:20,-0.20619193420021004
2018-01-12 19:13:30,-0.22546907430850155
2018-01-12 19:13:40,-0.24378142080827359
2018-01-12 19:13:50,-0.26104469633296445
2018-01-12 19:14:00,-0.2771967633338886
2018-01-12 19:14:10,-0.29220020174470446
2018-01-12 19:14:20,-0.30604216351246066
2018-01-12 19:14:30,-0.31872842263964085
2018-01-12 19:14:40,-0.3302756465199562
2018-01-12 19:14:50,-0.34070599722700273
2018-01-12 19:15:00,-0.3500452596183645
2018-01-12 19:15:10,-0.3583281560291067
2018-01-12 19:15:20,-0.3656089243225938
2018-01-12 19:15:30,-0.3719669555265994
2018-01-12 19:15:40,-0.37750224745646266
2018-01-12 19:15:50,-0.38232607238005717
2018-01-12 19:16:00,-0.38655258341146925
2018-01-12 19:16:10,-0.3902918267788201
2018-01-12 19:16:20,-0.39364381239062507
2018-01-12 19:16:30,-0.3966938589254128
2018-01-12 19:16:40,-0.3995093725079356
2018-01-12 19:16:50,-0.4021387567708334
2018-01-12 19:17:00,-0.4046118651780414
2018-01-12 19:17:10,-0.4069395041558037
2018-01-12 19:17:20,-0.4091121576996856
2018-01-12 19:17:30,-0.4111023727811289
2018-01-12 19:17:40,-0.4128718156401465
2018-01-12 19:17:50,-0.41437654294866105
2018-01-12 19:18:00,-0.4155663029151873
2018-01-12 19:18:10,-0.4163816144473579
2018-01-12 19:18:20,-0.416754238904236
2018-01-12 19:18:30,-0.4166136647220608
2018-01-12 19:18:40,-0.4158969862352277
2018-01-12 19:18:50,-0.4145570434812114
2018-01-12 19:19:00,-0.41256653830024165
2018-01-12 19:19:10,-0.4099174183149707
2018-01-12 19:19:20,-0.40661515470366333
2018-01-12 19:19:30,-0.4026692358463119
2018-01-12 19:19:40,-0.39808465297427753
2018-01-12 19:19:50,-0.39286100077612474
2018-01-12 19:20:00,-0.3869983062855079
2018-01-12 19:20:10,-0.3805032567131012
2018-01-12 19:20:20,-0.37339444464946275
2018-01-12 19:20:30,-0.3657060158365515
2018-01-12 19:20:40,-0.35748515095113426
2018-01-12 19:20:50,-0.34878282896759
2018-01-12 19:21:00,-0.33964595932572295
2018-01-12 19:21:10,-0.33011658830037477
2018-01-12 19:21:20,-0.3202336984768309
2018-01-12 19:21:30,-0.3100323111748746
2018-01-12 19:21:40,-0.29954174954809293
2018-01-12 19:21:50,-0.28878811969408036
2018-01-12 19:22:00,-0.2778016579370921
2018-01-12 19:22:10,-0.2666234990827366
2018-01-12 19:22:20,-0.25530665396539887
2018-01-12 19:22:30,-0.24391288953854026
2018-01-12 19:22:40,-0.23251142580638573
2018-01-12 19:22:50,-0.22118075912218582
2018-01-12 19:23:00,-0.2100104593317488
2018-01-12 19:23:10,-0.19909956984858482
2018-01-12 19:23:20,-0.18854920207247255
2018-01-12 19:23:30,-0.1784527965911131
2018-01-12 19:23:40,-0.16889073720405806
2018-01-12 19:23:50,-0.15993066980280263
2018-01-12 19:24:00,-0.15163098584807366
2018-01-12 19:24:10,-0.1440447423395755
2018-01-12 19:24:20,-0.13722096997336025
2018-01-12 19:24:30,-0.1312006008795577
2018-01-12 19:24:40,-0.12600888819288397
2018-01-12 19:24:50,-0.12165120019225012
2018-01-12 19:25:00,-0.11811593385548577
2018-01-12 19:25:10,-0.11537999920526903
2018-01-12 19:25:20,-0.1134098911106884
2018-01-12 19:25:30,-0.11216085209839931
2018-01-12 19:25:40,-0.11158279516121618
2018-01-12 19:25:50,-0.11163133970677598
2018-01-12 19:26:00,-0.11227441376441033
2018-01-12 19:26:10,-0.11349029475141788
2018-01-12 19:26:20,-0.11525897691163908
2018-01-12 19:26:30,-0.11755309878135665
2018-01-12 19:26:40,-0.12033604798644265
2018-01-12 19:26:50,-0.1235673830728385
2018-01-12 19:27:00,-0.12720835578126144
2018-01-12 19:27:10,-0.13122282292731316
2018-01-12 19:27:20,-0.13557529671707216
2018-01-12 19:27:30,-0.1402280180050562
2018-01-12 19:27:40,-0.145136309311157
2018-01-12 19:27:50,-0.15024405219548054
2018-01-12 19:28:00,-0.15548306668201453
2018-01-12 19:28:10,-0.16077779665470793
2018-01-12 19:28:20,-0.1660544987240469
2018-01-12 19:28:30,-0.17125064816713667
2018-01-12 19:28:40,-0.17631887679828848
2018-01-12 19:28:50,-0.18122519176804847
2018-01-12 19:29:00,-0.1859445664257263
2018-01-12 19:29:10,-0.19045568141066455
2018-01-12 19:29:20,-0.19473650255816546
2018-01-12 19:29:30,-0.19876261122070868
2018-01-12 19:29:40,-0.2025097427640519
2018-01-12 19:29:50,-0.2059594992036009
2018-01-12 19:30:00,-0.20910437458927955
2018-01-12 19:30:10,-0.21195003640498908
2018-01-12 19:30:20,-0.21451528465786393
2018-01-12 19:30:30,-0.21683081815942976
2018-01-12 19:30:40,-0.21893815241066092
2018-01-12 19:30:50,-0.2208879272389062
2018-01-12 19:31:00,-0.222735538828625
2018-01-12 19:31:10,-0.22453369974845283
2018-01-12 19:31:20,-0.22632528396366886
2018-01-12 19:31:30,-0.22814157995195203
2018-01-12 19:31:40,-0.23000321863175027
2018-01-12 19:31:50,-0.23191587350727455
2018-01-12 19:32:00,-0.2338625603554529
2018-01-12 19:32:10,-0.23579983071792157
2018-01-12 19:32:20,-0.23766004105810212
2018-01-12 19:32:30,-0.23935962061096186
2018-01-12 19:32:40,-0.24081071504726692
2018-01-12 19:32:50,-0.24193080601289746
2018-01-12 19:33:00,-0.2426488429337511
2018-01-12 19:33:10,-0.24291076717815116
2018-01-12 19:33:20,-0.24268579260142326
2018-01-12 19:33:30,-0.24197188759025065
2018-01-12 19:33:40,-0.2407993563638936
2018-01-12 19:33:50,-0.23923183528302286
2018-01-12 19:34:00,-0.2373621137082332
2018-01-12 19:34:10,-0.23530076114205847
2018-01-12 19:34:20,-0.23316078930253678
2018-01-12 19:34:30,-0.23104588734288
2018-01-12 19:34:40,-0.22904633024949064
2018-01-12 19:34:50,-0.22723916529905552
2018-01-12 19:35:00,-0.22568807791474554
2018-01-12 19:35:10,-0.22444259138068764
2018-01-12 19:35:20,-0.22353788328724108
2018-01-12 19:35:30,-0.22299663756895013
2018-01-12 19:35:40,-0.22283304340401616
2018-01-12 19:35:50,-0.22305541790124983
2018-01-12 19:36:00,-0.22366604940835982
2018-01-12 19:36:10,-0.22466115849206764
2018-01-12 19:36:20,-0.2260324567478129
2018-01-12 19:36:30,-0.22776919212683827
2018-01-12 19:36:40,-0.22985871661342785
2018-01-12 19:36:50,-0.23228566879828008
2018-01-12 19:37:00,-0.23503132272479346
2018-01-12 19:37:10,-0.23807266579893854
2018-01-12 19:37:20,-0.2413818740649878
2018-01-12 19:37:30,-0.24492797447725195
2018-01-12 19:37:40,-0.2486789923207438
2018-01-12 19:37:50,-0.25260164641079763
2018-01-12 19:38:00,-0.25666013650927894
2018-01-12 19:38:10,-0.260818663886795
2018-01-12 19:38:20,-0.26504882659653567
2018-01-12 19:38:30,-0.26933798279056503
2018-01-12 19:38:40,-0.2736919988757792
2018-01-12 19:38:50,-0.278129847218353
2018-01-12 19:39:00,-0.2826762280115451
2018-01-12 19:39:10,-0.287357798291698
2018-01-12 19:39:20,-0.29220136745301184
2018-01-12 19:39:30,-0.2972317376250941
2018-01-12 19:39:40,-0.3024695984502951
2018-01-12 19:39:50,-0.30793079691513786
2018-01-12 19:40:00,-0.31362753661536996
2018-01-12 19:40:10,-0.3195681207100681
2018-01-12 19:40:20,-0.32575134775285075
2018-01-12 19:40:30,-0.33215835143070027
2018-01-12 19:40:40,-0.3387483355849963
2018-01-12 19:40:50,-0.3454595665039085
2018-01-12 19:41:00,-0.3522115305665175
2018-01-12 19:41:10,-0.35890528303431796
2018-01-12 19:41:20,-0.365422359038759
2018-01-12 19:41:30,-0.3716261041342078
2018-01-12 19:41:40,-0.3773684219197954
2018-01-12 19:41:50,-0.3824994811334725
2018-01-12 19:42:00,-0.3868798257077788
2018-01-12 19:42:10,-0.3903948598852914
2018-01-12 19:42:20,-0.39296456228817217
2018-01-12 19:42:30,-0.39454334942509245
2018-01-12 19:42:40,-0.3951119921292377
2018-01-12 19:42:50,-0.3946646710720819
2018-01-12 19:43:00,-0.3931958420502056
2018-01-12 19:43:10,-0.3906915145162743
2018-01-12 19:43:20,-0.38712688693502467
2018-01-12 19:43:30,-0.3824728420855024
2018-01-12 19:43:40,-0.3767100060529907
2018-01-12 19:43:50,-0.3698409710369492
2018-01-12 19:44:00,-0.3618938892519597
2018-01-12 19:44:10,-0.35292102338694786
2018-01-12 19:44:20,-0.3429984735788301
2018-01-12 19:44:30,-0.3322261935216443
2018-01-12 19:44:40,-0.32072316087900193
2018-01-12 19:44:50,-0.3086179164518958
2018-01-12 19:45:00,-0.2960398111820381
2018-01-12 19:45:10,-0.28311449141650236
2018-01-12 19:45:20,-0.26996229233881863
2018-01-12 19:45:30,-0.2566965556996597
2018-01-12 19:45:40,-0.24342156309007446
2018-01-12 19:45:50,-0.23023120177381906
2018-01-12 19:46:00,-0.2172097258017796
2018-01-12 19:46:10,-0.2044361112362329
2018-01-12 19:46:20,-0.1919899416633995
2018-01-12 19:46:30,-0.17995445552878359
2018-01-12 19:46:40,-0.16841653684079483
2018-01-12 19:46:50,-0.15746550839891005
2018-01-12 19:47:00,-0.14719069207053956
2018-01-12 19:47:10,-0.13767852611232242
2018-01-12 19:47:20,-0.12900990682266258
2018-01-12 19:47:30,-0.12125691010989405
2018-01-12 19:47:40,-0.11447825640962755
2018-01-12 19:47:50,-0.10871383900312014
2018-01-12 19:48:00,-0.10398138519043502
2018-01-12 19:48:10,-0.10027819801688993
2018-01-12 19:48:20,-0.0975860303000559
2018-01-12 19:48:30,-0.0958761092040658
2018-01-12 19:48:40,-0.09511491010608544
2018-01-12 19:48:50,-0.09527126274181913
2018-01-12 19:49:00,-0.09632250754680009
2018-01-12 19:49:10,-0.0982563987019694
2018-01-12 19:49:20,-0.10106777886189205
2018-01-12 19:49:30,-0.1047536440822626
2018-01-12 19:49:40,-0.10930871624593406
2018-01-12 19:49:50,-0.1147208250555424
2018-01-12 19:50:00,-0.12096845526786859
2018-01-12 19:50:10,-0.12802064227032145
2018-01-12 19:50:20,-0.1358361623843012
2018-01-12 19:50:30,-0.14436251813863063
2018-01-12 19:50:40,-0.15353648002723735
2018-01-12 19:50:50,-0.16328563451504355
2018-01-12 19:51:00,-0.17352855118641994
2018-01-12 19:51:10,-0.18417337793086633
2018-01-12 19:51:20,-0.19511827774102578
2018-01-12 19:51:30,-0.20625390171787258
2018-01-12 19:51:40,-0.21746618178870242
2018-01-12 19:51:50,-0.22863982031423266
2018-01-12 19:52:00,-0.2396601659919659
2018-01-12 19:52:10,-0.25041380257608764
2018-01-12 19:52:20,-0.2607934884357823
2018-01-12 19:52:30,-0.27070517784755166
2018-01-12 19:52:40,-0.2800702139460775
2018-01-12 19:52:50,-0.28882399502620276
2018-01-12 19:53:00,-0.2969148265065154
2018-01-12 19:53:10,-0.304302887393031
2018-01-12 19:53:20,-0.31095849459037067
2018-01-12 19:53:30,-0.3168590917081679
2018-01-12 19:53:40,-0.32198636920893775
2018-01-12 19:53:50,-0.32632486891395596
2018-01-12 19:54:00,-0.3298598812205083
2018-01-12 19:54:10,-0.332575518194963
2018-01-12 19:54:20,-0.3344561799176577
2018-01-12 19:54:30,-0.335488768837589
2018-01-12 19:54:40,-0.33566364009780636
2018-01-12 19:54:50,-0.3349765044018609
2018-01-12 19:55:00,-0.33342955345910935
2018-01-12 19:55:10,-0.3310305949795198
2018-01-12 19:55:20,-0.3277941264624853
2018-01-12 19:55:30,-0.3237432951676181
2018-01-12 19:55:40,-0.3189092830931521
2018-01-12 19:55:50,-0.3133310105344013
2018-01-12 19:56:00,-0.3070562611191534
2018-01-12 19:56:10,-0.30013962056444676
2018-01-12 19:56:20,-0.29263610114194405
2018-01-12 19:56:30,-0.28459625299901864
2018-01-12 19:56:40,-0.27606564224072605
2018-01-12 19:56:50,-0.26708411307725555
2018-01-12 19:57:00,-0.2576830216216686
2018-01-12 19:57:10,-0.247882148164286
2018-01-12 19:57:20,-0.2376866244675365
2018-01-12 19:57:30,-0.22708566008508402
2018-01-12 19:57:40,-0.21605354435343935
2018-01-12 19:57:50,-0.20455288575019
2018-01-12 19:58:00,-0.19254272939907144
2018-01-12 19:58:10,-0.17998800858677663
2018-01-12 19:58:20,-0.1668622130444784
2018-01-12 19:58:30,-0.15314453865846486
2018-01-12 19:58:40,-0.1388180560006269
2018-01-12 19:58:50,-0.12386872900709571
2018-01-12 19:59:00,-0.10828473241981047
2018-01-12 19:59:10,-0.09206070179903308
2018-01-12 19:59:20,-0.07520612028841664
2018-01-12 19:59:30,-0.05775032637318126
2018-01-12 19:59:40,-0.03974121822737956
2018-01-12 19:59:50,-0.02123986849221188
2018-01-12 20:00:00,-0.0023142980873561577
2018-01-12 20:00:10,0.016962569904937462
2018-01-12 20:00:20,0.03650848726791073
2018-01-12 20:00:30,0.056223330642393855
2018-01-12 20:00:40,0.07598178023111882
2018-01-12 20:00:50,0.09563632263142137
2018-01-12 20:01:00,0.11503145260119234
2018-01-12 20:01:10,0.13401629146824753
2018-01-12 20:01:20,0.15244806066036984
2018-01-12 20:01:30,0.17019240455248558
2018-01-12 20:01:40,0.1871278256022635
2018-01-12 20:01:50,0.20315529340860905
2018-01-12 20:02:00,0.21820892520131507
2018-01-12 20:02:10,0.2322596450916953
2018-01-12 20:02:20,0.24530705731908617
2018-01-12 20:02:30,0.2573644573991058
2018-01-12 20:02:40,0.26844441555594095
2018-01-12 20:02:50,0.2785483188606589
2018-01-12 20:03:00,0.28766097814585323
2018-01-12 20:03:10,0.29575237768043955
2018-01-12 20:03:20,0.30278703034657156
2018-01-12 20:03:30,0.3087354826681085
2018-01-12 20:03:40,0.31358451826759065
2018-01-12 20:03:50,0.3173476136235738
2018-01-12 20:04:00,0.3200713744551847
2018-01-12 20:04:10,0.3218313752609414
2018-01-12 20:04:20,0.3227209740822334
2018-01-12 20:04:30,0.3228416319663152
2018-01-12 20:04:40,0.32229781718419154
2018-01-12 20:04:50,0.3211953202784465
2018-01-12 20:05:00,0.3196415271909258
2018-01-12 20:05:10,0.3177460543112156
2018-01-12 20:05:20,0.3156196167918244
2018-01-12 20:05:30,0.31337100200080553
2018-01-12 20:05:40,0.31110446999985364
2018-01-12 20:05:50,0.30891922067054833
2018-01-12 20:06:00,0.3069108379885541
2018-01-12 20:06:10,0.3051716712905543
2018-01-12 20:06:20,0.3037874708650408
2018-01-12 20:06:30,0.3028326077352641
2018-01-12 20:06:40,0.30236687681036084
2018-01-12 20:06:50,0.3024344273185864
2018-01-12 20:07:00,0.30306309085540867
2018-01-12 20:07:10,0.30426091585965365
2018-01-12 20:07:20,0.3060106456251423
2018-01-12 20:07:30,0.3082666322495902
2018-01-12 20:07:40,0.3109550006088975
2018-01-12 20:07:50,0.3139756215886435
2018-01-12 20:08:00,0.3172074588600228
2018-01-12 20:08:10,0.32051668023682045
2018-01-12 20:08:20,0.3237646418423814
2018-01-12 20:08:30,0.32681713450280214
2018-01-12 20:08:40,0.329555186026889
2018-01-12 20:08:50,0.3318831229447193
2018-01-12 20:09:00,0.3337315068028781
2018-01-12 20:09:10,0.33505468171111974
2018-01-12 20:09:20,0.33582320602615373
2018-01-12 20:09:30,0.3360161686916797
2018-01-12 20:09:40,0.33562011610581766
2018-01-12 20:09:50,0.3346322168354463
2018-01-12 20:10:00,0.3330587894417147
2018-01-12 20:10:10,0.33090810799586956
2018-01-12 20:10:20,0.32818449930114285
2018-01-12 20:10:30,0.3248880598131778
2018-01-12 20:10:40,0.3210192879881442
2018-01-12 20:10:50,0.31658509383112976
2018-01-12 20:11:00,0.3116003314814001
2018-01-12 20:11:10,0.30608368709206635
2018-01-12 20:11:20,0.3000550648648508
2018-01-12 20:11:30,0.29353881002073023
2018-01-12 20:11:40,0.28656979381972186
2018-01-12 20:11:50,0.27919827528680835
2018-01-12 20:12:00,0.2714903627477441
2018-01-12 20:12:10,0.26352394762658327
2018-01-12 20:12:20,0.25538283651980404
2018-01-12 20:12:30,0.24715117868847122
2018-01-12 20:12:40,0.2389105757364804
2018-01-12 20:12:50,0.23074042587600088
2018-01-12 20:13:00,0.22271727403769778
2018-01-12 20:13:10,0.21491087805244702
2018-01-12 20:13:20,0.20737962466800558
2018-01-12 20:13:30,0.20016684135953164
2018-01-12 20:13:40,0.19329801968294658
2018-01-12 20:13:50,0.18678008000023855
2018-01-12 20:14:00,0.18060496524497152
2018-01-12 20:14:10,0.17475911141750808
2018-01-12 20:14:20,0.1692355767085836
2018-01-12 20:14:30,0.16404189389636056
2018-01-12 20:14:40,0.15920028022650765
2018-01-12 20:14:50,0.1547440127455011
2018-01-12 20:15:00,0.15071466238943354
2018-01-12 20:15:10,0.14715921311509045
2018-01-12 20:15:20,0.14412456901281653
2018-01-12 20:15:30,0.14165113453805858
2018-01-12 20:15:40,0.13976884998719669
2018-01-12 20:15:50,0.13849728001817238
2018-01-12 20:16:00,0.13785000288848598
2018-01-12 20:16:10,0.1378410021321778
2018-01-12 20:16:20,0.13848802861797382
2018-01-12 20:16:30,0.13981109362505567
2018-01-12 20:16:40,0.14182807877021536
2018-01-12 20:16:50,0.14454774187094074
2018-01-12 20:17:00,0.14796184246060426
2018-01-12 20:17:10,0.15204135111965217
2018-01-12 20:17:20,0.1567378049009967
2018-01-12 20:17:30,0.16198776316070343
2018-01-12 20:17:40,0.1677186425234294
2018-01-12 20:17:50,0.17385298939048097
2018-01-12 20:18:00,0.1803110347105107
2018-01-12 20:18:10,0.18701331045928204
2018-01-12 20:18:20,0.19388197251580874
2018-01-12 20:18:30,0.20084202868862552
2018-01-12 20:18:40,0.20782511719597999
2018-01-12 20:18:50,0.21477209577742068
2018-01-12 20:19:00,0.22163118484587957
2018-01-12 20:19:10,0.22835589715225324
2018-01-12 20:19:20,0.2349069985193983
2018-01-12 20:19:30,0.2412562219412869
2018-01-12 20:19:40,0.24738784521883878
2018-01-12 20:19:50,0.25329921168671893
2018-01-12 20:20:00,0.259002865576212
2018-01-12 20:20:10,0.26452710115203776
2018-01-12 20:20:20,0.269910584381676
2018-01-12 20:20:30,0.2751937534816239
2018-01-12 20:20:40,0.2804106797978508
2018-01-12 20:20:50,0.28558144037538075
2018-01-12 20:21:00,0.29070659722727465
2018-01-12 20:21:10,0.2957659199457493
2018-01-12 20:21:20,0.30072007721405014
2018-01-12 20:21:30,0.30551284013715657
2018-01-12 20:21:40,0.31007277235844155
2018-01-12 20:21:50,0.31431613290998095
2018-01-12 20:22:00,0.318153316384128
2018-01-12 20:22:10,0.3214950571380637
2018-01-12 20:22:20,0.3242552083006277
2018-01-12 20:22:30,0.32635620744265903
2018-01-12 20:22:40,0.32773888925400757
2018-01-12 20:22:50,0.3283695221635256
2018-01-12 20:23:00,0.32824280083827384
2018-01-12 20:23:10,0.32738291189865837
2018-01-12 20:23:20,0.32584090164444934
2018-01-12 20:23:30,0.32368919308041066
2018-01-12 20:23:40,0.3210152087930047
2018-01-12 20:23:50,0.3179143801780156
2018-01-12 20:24:00,0.3144865669536683
2018-01-12 20:24:10,0.3108369196279906
2018-01-12 20:24:20,0.3070760957002722
2018-01-12 20:24:30,0.30331912422938656
2018-01-12 20:24:40,0.2996838000622226
2018-01-12 20:24:50,0.29628612177609254
2018-01-12 20:25:00,0.29323437339848274
2018-01-12 20:25:10,0.29062515637160147
2018-01-12 20:25:20,0.2885397277988046
2018-01-12 20:25:30,0.2870407142834109
2018-01-12 20:25:40,0.2861721578139828
2018-01-12 20:25:50,0.2859609055946323
2018-01-12 20:26:00,0.28641599828518083
2018-01-12 20:26:10,0.28752838184015345
2018-01-12 20:26:20,0.2892741208693189
2018-01-12 20:26:30,0.29161908982560797
2018-01-12 20:26:40,0.29452241963104864
2018-01-12 20:26:50,0.2979400317986014
2018-01-12 20:27:00,0.301829447299276
2018-01-12 20:27:10,0.3061531639659091
2018-01-12 20:27:20,0.3108769926326188
2018-01-12 20:27:30,0.31596413898173553
2018-01-12 20:27:40,0.32137108967322664
2018-01-12 20:27:50,0.32704970140073847
2018-01-12 20:28:00,0.33295228431248153
2018-01-12 20:28:10,0.339034470762308
2018-01-12 20:28:20,0.3452552209660649
2018-01-12 20:28:30,0.3515762383500695
2018-01-12 20:28:40,0.35796421407036116
2018-01-12 20:28:50,0.364395735326793
2018-01-12 20:29:00,0.37085819446780927
2018-01-12 20:29:10,0.3773444986537935
2018-01-12 20:29:20,0.38384877981196686
2018-01-12 20:29:30,0.3903661034723756
2018-01-12 20:29:40,0.39688977322482033
2018-01-12 20:29:50,0.40340355937465644
2018-01-12 20:30:00,0.4098753944816963
2018-01-12 20:30:10,0.4162574317313573
2018-01-12 20:30:20,0.4224906324971679
2018-01-12 20:30:30,0.42851269445424506
2018-01-12 20:30:40,0.43426825579151307
2018-01-12 20:30:50,0.43971505379703796
2018-01-12 20:31:00,0.4448212962906779
2018-01-12 20:31:10,0.44955726108538474
2018-01-12 20:31:20,0.4538871221101158
2018-01-12 20:31:30,0.45776466315922854
2018-01-12 20:31:40,0.46113491693811315
2018-01-12 20:31:50,0.463942186219424
2018-01-12 20:32:00,0.46613907186168735
2018-01-12 20:32:10,0.467688516767345
2018-01-12 20:32:20,0.46855891514632997
2018-01-12 20:32:30,0.46872000194934255
2018-01-12 20:32:40,0.468143129655061
2018-01-12 20:32:50,0.4668040122058304
2018-01-12 20:33:00,0.46468680759346476
2018-01-12 20:33:10,0.4617873998863116
2018-01-12 20:33:20,0.4581128953865848
2018-01-12 20:33:30,0.4536785238265251
2018-01-12 20:33:40,0.4485062486026332
2018-01-12 20:33:50,0.44262685433474336
2018-01-12 20:34:00,0.436082040653625
2018-01-12 20:34:10,0.42892327183514706
2018-01-12 20:34:20,0.4212099783210308
2018-01-12 20:34:30,0.4130101861459276
2018-01-12 20:34:40,0.40440053172919954
2018-01-12 20:34:50,0.39546217111750503
2018-01-12 20:35:00,0.38627526981702576
2018-01-12 20:35:10,0.37691552479858087
2018-01-12 20:35:20,0.36745362346543653
2018-01-12 20:35:30,0.35795672244480525
2018-01-12 20:35:40,0.34848717668529267
2018-01-12 20:35:50,0.3390971412034772
2018-01-12 20:36:00,0.32982454210143153
2018-01-12 20:36:10,0.3206924275783037
2018-01-12 20:36:20,0.3117096479309768
2018-01-12 20:36:30,0.30287318345557906
2018-01-12 20:36:40,0.29417118893001015
2018-01-12 20:36:50,0.2855829422007246
2018-01-12 20:37:00,0.2770766281818693
2018-01-12 20:37:10,0.2686119134743072
2018-01-12 20:37:20,0.2601488938133507
2018-01-12 20:37:30,0.25165521178981964
2018-01-12 20:37:40,0.24310783650831644
2018-01-12 20:37:50,0.23449581597353258
2018-01-12 20:38:00,0.2258263524430311
2018-01-12 20:38:10,0.21712860787973484
2018-01-12 20:38:20,0.20845108485534927
2018-01-12 20:38:30,0.1998559245304235
2018-01-12 20:38:40,0.191414101307052
2018-01-12 20:38:50,0.18319885718009052
2018-01-12 20:39:00,0.17527632645085037
2018-01-12 20:39:10,0.16769913563360703
2018-01-12 20:39:20,0.16050686426123537
2018-01-12 20:39:30,0.15373145594080748
2018-01-12 20:39:40,0.14740411059215547
2018-01-12 20:39:50,0.1415602803045795
2018-01-12 20:40:00,0.13624088126763384
2018-01-12 20:40:10,0.13149079995801152
2018-01-12 20:40:20,0.12735602355501727
2018-01-12 20:40:30,0.12387980770025364
2018-01-12 20:40:40,0.12110031834074604
2018-01-12 20:40:50,0.11905237299442818
2018-01-12 20:41:00,0.11777123516634919
2018-01-12 20:41:10,0.11729617382862648
2018-01-12 20:41:20,0.11767458372257143
2018-01-12 20:41:30,0.11896455708096505
2018-01-12 20:41:40,0.12123068308458058
2018-01-12 20:41:50,0.12453238213720283
2018-01-12 20:42:00,0.1289122239469352
2018-01-12 20:42:10,0.13439115817697148
2018-01-12 20:42:20,0.14096896306132012
2018-01-12 20:42:30,0.14862723924275473
2018-01-12 20:42:40,0.15733442636615164
2018-01-12 20:42:50,0.1670482292846669
2018-01-12 20:43:00,0.17771432646829186
2018-01-12 20:43:10,0.1892676481160891
2018-01-12 20:43:20,0.20163586573402315
2018-01-12 20:43:30,0.21473897990675106
2018-01-12 20:43:40,0.22848585762675086
2018-01-12 20:43:50,0.24277257278358982
2018-01-12 20:44:00,0.2574840352524678
2018-01-12 20:44:10,0.2724964620527711
2018-01-12 20:44:20,0.28768000199609883
2018-01-12 20:44:30,0.30290475391270977
2018-01-12 20:44:40,0.3180487231528393
2018-01-12 20:44:50,0.33300192591891953
2018-01-12 20:45:00,0.3476649675799475
2018-01-12 20:45:10,0.36194407340880264
2018-01-12 20:45:20,0.37574557281117577
2018-01-12 20:45:30,0.38897332658256345
2018-01-12 20:45:40,0.40153030361848113
2018-01-12 20:45:50,0.4133219596766177
2018-01-12 20:46:00,0.42426058663330674
2018-01-12 20:46:10,0.4342726888741453
2018-01-12 20:46:20,0.4433072391553622
2018-01-12 20:46:30,0.4513386422134941
2018-01-12 20:46:40,0.4583621248426644
2018-01-12 20:46:50,0.4643855169425001
2018-01-12 20:47:00,0.4694226524119165
2018-01-12 20:47:10,0.47348903676019544
2018-01-12 20:47:20,0.4765975715942854
2018-01-12 20:47:30,0.4787540954515646
2018-01-12 20:47:40,0.4799543192313791
2018-01-12 20:47:50,0.4801839780954546
2018-01-12 20:48:00,0.47942333235815354
2018-01-12 20:48:10,0.4776559837063067
2018-01-12 20:48:20,0.47488089238056674
2018-01-12 20:48:30,0.4711252657889692
2018-01-12 20:48:40,0.4664539035358434
2018-01-12 20:48:50,0.460970185324713
2018-01-12 20:49:00,0.45480805797140994
2018-01-12 20:49:10,0.4481182231652937
2018-01-12 20:49:20,0.44105335019616076
2018-01-12 20:49:30,0.433757613287368
2018-01-12 20:49:40,0.42636168249604645
2018-01-12 20:49:50,0.4189805642043198
2018-01-12 20:50:00,0.41171340536887385
2018-01-12 20:50:10,0.4046439386236593
2018-01-12 20:50:20,0.39783827393059645
2018-01-12 20:50:30,0.3913399886647439
2018-01-12 20:50:40,0.3851649446607261
2018-01-12 20:50:50,0.37929779439396777
2018-01-12 20:51:00,0.37369271020976147
2018-01-12 20:51:10,0.3682787296981659
2018-01-12 20:51:20,0.3629685292659744
2018-01-12 20:51:30,0.3576698059170792
2018-01-12 20:51:40,0.35229379372224645
2018-01-12 20:51:50,0.346755301376868
2018-01-12 20:52:00,0.3409686413709392
2018-01-12 20:52:10,0.3348472946552117
2018-01-12 20:52:20,0.3283075442821894
2018-01-12 20:52:30,0.32127346313164346
2018-01-12 20:52:40,0.3136834834042315
2018-01-12 20:52:50,0.30549563490695597
2018-01-12 20:53:00,0.29668781328201504
2018-01-12 20:53:10,0.28725682987048495
2018-01-12 20:53:20,0.27722011553803966
2018-01-12 20:53:30,0.2666170905517035
2018-01-12 20:53:40,0.255507814721855
2018-01-12 20:53:50,0.24397027865470525
2018-01-12 20:54:00,0.23209688825678634
2018-01-12 20:54:10,0.21999150390945002
2018-01-12 20:54:20,0.20776729914892725
2018-01-12 20:54:30,0.195540610829715
2018-01-12 20:54:40,0.18342075555450635
2018-01-12 20:54:50,0.17150379654065057
2018-01-12 20:55:00,0.15987439413431415
2018-01-12 20:55:10,0.14861090058565413
2018-01-12 20:55:20,0.13778693001590814
2018-01-12 20:55:30,0.12746982260156067
2018-01-12 20:55:40,0.11771939242566229
2018-01-12 20:55:50,0.10858639488747435
2018-01-12 20:56:00,0.10011077541519874
2018-01-12 20:56:10,0.09231945068560982
2018-01-12 20:56:20,0.08522211753281786
2018-01-12 20:56:30,0.0788097736067589
2018-01-12 20:56:40,0.07306015629919412
2018-01-12 20:56:50,0.06794454317890336
2018-01-12 20:57:00,0.06343101913249236
2018-01-12 20:57:10,0.05948726158389089
2018-01-12 20:57:20,0.05608545203893056
2018-01-12 20:57:30,0.05320653924656539
2018-01-12 20:57:40,0.0508413755207925
2018-01-12 20:57:50,0.04898976669216835
2018-01-12 20:58:00,0.04765883015935006
2018-01-12 20:58:10,0.04686176429137822
2018-01-12 20:58:20,0.04661823745171342
2018-01-12 20:58:30,0.04695695887328625
2018-01-12 20:58:40,0.047918858428965254
2018-01-12 20:58:50,0.04955568673077227
2018-01-12 20:59:00,0.05192129300384269
2018-01-12 20:59:10,0.05506202400714304
2018-01-12 20:59:20,0.05901422037669635
2018-01-12 20:59:30,0.0638064092984194
2018-01-12 20:59:40,0.0694585281300891
2018-01-12 20:59:50,0.0759768914177958
2018-01-12 21:00:00,0.0833480279023476
2018-01-12 21:00:10,0.09153462934716844
2018-01-12 21:00:20,0.10047667234676247
2018-01-12 21:00:30,0.11009582425749594
2018-01-12 21:00:40,0.12029856637634828
2018-01-12 21:00:50,0.13098006685051614
2018-01-12 21:01:00,0.1420305482330546
2018-01-12 21:01:10,0.15333893940486648
2018-01-12 21:01:20,0.1647929966540703
2018-01-12 21:01:30,0.17628017211136093
2018-01-12 21:01:40,0.18768976479026914
2018-01-12 21:01:50,0.19891462353867165
2018-01-12 21:02:00,0.209852431228096
2018-01-12 21:02:10,0.22040832704795624
2018-01-12 21:02:20,0.23050042511613922
2018-01-12 21:02:30,0.24006759465540967
2018-01-12 21:02:40,0.24907526936347776
2018-01-12 21:02:50,0.25751608767196316
2018-01-12 21:03:00,0.26540560841233746
2018-01-12 21:03:10,0.2727729086658789
2018-01-12 21:03:20,0.2796487734097332
2018-01-12 21:03:30,0.2860574772738397
2018-01-12 21:03:40,0.29201354408559305
2018-01-12 21:03:50,0.2975200985538842
2018-01-12 21:04:00,0.3025672807278827
2018-01-12 21:04:10,0.3071324403537089
2018-01-12 21:04:20,0.31118344100308215
2018-01-12 21:04:30,0.3146854053495957
2018-01-12 21:04:40,0.3176104608877369
2018-01-12 21:04:50,0.31994634744510203
2018-01-12 21:05:00,0.3216992788386656
2018-01-12 21:05:10,0.32289228525748
2018-01-12 21:05:20,0.3235612816279259
2018-01-12 21:05:30,0.3237493064361785
2018-01-12 21:05:40,0.3235026233678497
2018-01-12 21:05:50,0.32287008186513516
2018-01-12 21:06:00,0.3218997700060514
2018-01-12 21:06:10,0.32062978516974994
2018-01-12 21:06:20,0.3190792504801172
2018-01-12 21:06:30,0.31724718244400707
2018-01-12 21:06:40,0.3151191142318601
2018-01-12 21:06:50,0.31267619836358856
2018-01-12 21:07:00,0.3099045759439519
2018-01-12 21:07:10,0.30680393632543307
2018-01-12 21:07:20,0.3033902245725583
2018-01-12 21:07:30,0.2996887197845332
2018-01-12 21:07:40,0.29572251418194434
2018-01-12 21:07:50,0.2915071827925994
2018-01-12 21:08:00,0.28705523633630714
2018-01-12 21:08:10,0.28238283318703905
2018-01-12 21:08:20,0.2775134808088008
2018-01-12 21:08:30,0.27248189588101596
2018-01-12 21:08:40,0.26733778175205003
2018-01-12 21:08:50,0.2621433885513776
2018-01-12 21:09:00,0.2569666221133527
2018-01-12 21:09:10,0.25187783583488954
2018-01-12 21:09:20,0.24694988290149636
2018-01-12 21:09:30,0.24225559739314087
2018-01-12 21:09:40,0.23786042530254872
2018-01-12 21:09:50,0.23381076029670414
2018-01-12 21:10:00,0.23012365675774502
2018-01-12 21:10:10,0.22678501213316862
2018-01-12 21:10:20,0.2237560975732885
2018-01-12 21:10:30,0.2209832623253053
2018-01-12 21:10:40,0.21840501519724687
2018-01-12 21:10:50,0.21595432506301235
2018-01-12 21:11:00,0.21356020784314594
2018-01-12 21:11:10,0.21115246363425716
2018-01-12 21:11:20,0.20866870658450634
2018-01-12 21:11:30,0.20606141152157714
2018-01-12 21:11:40,0.20330235643557623
2018-01-12 21:11:50,0.2003817933111566
2018-01-12 21:12:00,0.1973042745474331
2018-01-12 21:12:10,0.19408528432877267
2018-01-12 21:12:20,0.19074719753686212
2018-01-12 21:12:30,0.18731182173713642
2018-01-12 21:12:40,0.18379312912405302
2018-01-12 21:12:50,0.18019386319217875
2018-01-12 21:13:00,0.17650399695016525
2018-01-12 21:13:10,0.17269985622225556
2018-01-12 21:13:20,0.16874747525984113
2018-01-12 21:13:30,0.16461082637213895
2018-01-12 21:13:40,0.16025763987274838
2018-01-12 21:13:50,0.15565850612973725
2018-01-12 21:14:00,0.15078554817989465
2018-01-12 21:14:10,0.14561589168626227
2018-01-12 21:14:20,0.14013590716998445
2018-01-12 21:14:30,0.13434050072997458
2018-01-12 21:14:40,0.12822749813611004
2018-01-12 21:14:50,0.12179161002379106
2018-01-12 21:15:00,0.11502281831244816
2018-01-12 21:15:10,0.10791108361962173
2018-01-12 21:15:20,0.10045245495176633
2018-01-12 21:15:30,0.0926496300616073
2018-01-12 21:15:40,0.08450899582522878
2018-01-12 21:15:50,0.07604039482383351
2018-01-12 21:16:00,0.06725913012732936
2018-01-12 21:16:10,0.058188445764337786
2018-01-12 21:16:20,0.048863136672134315
2018-01-12 21:16:30,0.039330687379237596
2018-01-12 21:16:40,0.029646994709630007
2018-01-12 21:16:50,0.0198717208505529
2018-01-12 21:17:00,0.010068239932131098
2018-01-12 21:17:10,0.0003059206259091909
2018-01-12 21:17:20,-0.009339511911337793
2018-01-12 21:17:30,-0.0187881557755094
2018-01-12 21:17:40,-0.027958593751512877
2018-01-12 21:17:50,-0.03676972641490409
2018-01-12 21:18:00,-0.04514324913282444
2018-01-12 21:18:10,-0.053007003484468
2018-01-12 21:18:20,-0.06029441230550767
2018-01-12 21:18:30,-0.0669394866248833
2018-01-12 21:18:40,-0.07287480137341477
2018-01-12 21:18:50,-0.07803697477619
2018-01-12 21:19:00,-0.08237794982335692
2018-01-12 21:19:10,-0.08587577515499868
2018-01-12 21:19:20,-0.08853796929838634
2018-01-12 21:19:30,-0.09039688038979694
2018-01-12 21:19:40,-0.09150196439544486
2018-01-12 21:19:50,-0.09191486016452435
2018-01-12 21:20:00,-0.09170902141899855
2018-01-12 21:20:10,-0.09096859945086602
2018-01-12 21:20:20,-0.08978311068605682
2018-01-12 21:20:30,-0.0882435351643694
2018-01-12 21:20:40,-0.08644372405743933
2018-01-12 21:20:50,-0.0844829849417969
2018-01-12 21:21:00,-0.08246684840372552
2018-01-12 21:21:10,-0.08050564322067091
2018-01-12 21:21:20,-0.07871035688297351
2018-01-12 21:21:30,-0.07718842033885247
2018-01-12 21:21:40,-0.07604176515821176
2018-01-12 21:21:50,-0.07536349887796906
2018-01-12 21:22:00,-0.07523035939552526
2018-01-12 21:22:10,-0.07569615231973167
2018-01-12 21:22:20,-0.07679219616049096
2018-01-12 21:22:30,-0.07853164611166319
2018-01-12 21:22:40,-0.0809121757233359
2018-01-12 21:22:50,-0.08392014921834695
2018-01-12 21:23:00,-0.08753861756500972
2018-01-12 21:23:10,-0.09175365183736457
2018-01-12 21:23:20,-0.09655730788022004
2018-01-12 21:23:30,-0.10195072580282598
2018-01-12 21:23:40,-0.10794665273784844
2018-01-12 21:23:50,-0.11456750817026413
2018-01-12 21:24:00,-0.12183948926104765
2018-01-12 21:24:10,-0.12978672117591736
2018-01-12 21:24:20,-0.13842721956578763
2018-01-12 21:24:30,-0.14776959676450055
2018-01-12 21:24:40,-0.1578089085007357
2018-01-12 21:24:50,-0.1685216695730118
2018-01-12 21:25:00,-0.17986079519764303
2018-01-12 21:25:10,-0.19175181685994597
2018-01-12 21:25:20,-0.20409497078858121
2018-01-12 21:25:30,-0.2167742801752688
2018-01-12 21:25:40,-0.22966669502390313
2018-01-12 21:25:50,-0.24264827664939742
2018-01-12 21:26:00,-0.2556000600659912
2018-01-12 21:26:10,-0.2684123153623673
2018-01-12 21:26:20,-0.28098638461464354
2018-01-12 21:26:30,-0.2932363095990085
2018-01-12 21:26:40,-0.3050885855617786
2018-01-12 21:26:50,-0.31647755496527646
2018-01-12 21:27:00,-0.32734028908620993
2018-01-12 21:27:10,-0.33761600466041497
2018-01-12 21:27:20,-0.34725041432701653
2018-01-12 21:27:30,-0.3562039116736015
2018-01-12 21:27:40,-0.3644593599766867
2018-01-12 21:27:50,-0.3720220386623908
2018-01-12 21:28:00,-0.37891180168201544
2018-01-12 21:28:10,-0.38515661557142516
2018-01-12 21:28:20,-0.3907933673716208
2018-01-12 21:28:30,-0.39587140810129107
2018-01-12 21:28:40,-0.40045161613786434
2018-01-12 21:28:50,-0.40460087273318107
2018-01-12 21:29:00,-0.4083854567634157
2018-01-12 21:29:10,-0.4118643011325222
2018-01-12 21:29:20,-0.41508376611472586
2018-01-12 21:29:30,-0.41807510536979575
2018-01-12 21:29:40,-0.42085064482130075
2018-01-12 21:29:50,-0.4233980755010367
2018-01-12 21:30:00,-0.42567939935634613
2018-01-12 21:30:10,-0.42763653457200745
2018-01-12 21:30:20,-0.4291984839946043
2018-01-12 21:30:30,-0.4302860543345747
2018-01-12 21:30:40,-0.4308142951894484
2018-01-12 21:30:50,-0.43069431756910165
2018-01-12 21:31:00,-0.42983667069094167
2018-01-12 21:31:10,-0.42815872560359236
2018-01-12 21:31:20,-0.42559326528478886
2018-01-12 21:31:30,-0.4220919565946166
2018-01-12 21:31:40,-0.41762383455642377
2018-01-12 21:31:50,-0.4121746187768944
2018-01-12 21:32:00,-0.40574970848274944
2018-01-12 21:32:10,-0.39837685651743016
2018-01-12 21:32:20,-0.3901033808157457
2018-01-12 21:32:30,-0.3809898042695523
2018-01-12 21:32:40,-0.37110548039311725
2018-01-12 21:32:50,-0.3605289749359642
2018-01-12 21:33:00,-0.349353186611409
2018-01-12 21:33:10,-0.3376905578744084
2018-01-12 21:33:20,-0.3256723339153267
2018-01-12 21:33:30,-0.3134433968735761
2018-01-12 21:33:40,-0.30115841754511685
2018-01-12 21:33:50,-0.2889800125074019
2018-01-12 21:34:00,-0.27707506056096215
2018-01-12 21:34:10,-0.2656068220594211
2018-01-12 21:34:20,-0.2547251600182984
2018-01-12 21:34:30,-0.24456060026614806
2018-01-12 21:34:40,-0.23522601152806313
2018-01-12 21:34:50,-0.2268225775401662
2018-01-12 21:35:00,-0.21944335024085265
2018-01-12 21:35:10,-0.21317146627205819
2018-01-12 21:35:20,-0.20807429068713237
2018-01-12 21:35:30,-0.2041958905936821
2018-01-12 21:35:40,-0.20154980634255112
2018-01-12 21:35:50,-0.2001151409648345
2018-01-12 21:36:00,-0.19983801621051248
2018-01-12 21:36:10,-0.200636874635844
2018-01-12 21:36:20,-0.20241094367069506
2018-01-12 21:36:30,-0.20505089909850474
2018-01-12 21:36:40,-0.20844860006781862
2018-01-12 21:36:50,-0.2125041023224277
2018-01-12 21:37:00,-0.217128133197966
2018-01-12 21:37:10,-0.22223976798360048
2018-01-12 21:37:20,-0.22776364198467736
2018-01-12 21:37:30,-0.2336286569511383
2018-01-12 21:37:40,-0.239764717638832
2018-01-12 21:37:50,-0.24609640576936598
2018-01-12 21:38:00,-0.25253797435975056
2018-01-12 21:38:10,-0.2589946322965078
2018-01-12 21:38:20,-0.2653704765727095
2018-01-12 21:38:30,-0.2715782841836371
2018-01-12 21:38:40,-0.2775443558093571
2018-01-12 21:38:50,-0.2832049725141392
2018-01-12 21:39:00,-0.28849886460667395
2018-01-12 21:39:10,-0.2933624236533528
2018-01-12 21:39:20,-0.29772970500194
2018-01-12 21:39:30,-0.3015344676993454
2018-01-12 21:39:40,-0.304710522569386
2018-01-12 21:39:50,-0.3071919575956589
2018-01-12 21:40:00,-0.3089156331373797
2018-01-12 21:40:10,-0.3098241444869844
2018-01-12 21:40:20,-0.3098702544464308
2018-01-12 21:40:30,-0.3090220741034858
2018-01-12 21:40:40,-0.30726275252205165
2018-01-12 21:40:50,-0.304585086730319
2018-01-12 21:41:00,-0.3009886474251233
2018-01-12 21:41:10,-0.2964834375955361
2018-01-12 21:41:20,-0.2910961831625652
2018-01-12 21:41:30,-0.28487354237785506
2018-01-12 21:41:40,-0.2778817792229397
2018-01-12 21:41:50,-0.27020370747334493
2018-01-12 21:42:00,-0.26193179989346066
2018-01-12 21:42:10,-0.25315800901340596
2018-01-12 21:42:20,-0.24396467196801508
2018-01-12 21:42:30,-0.23442184408336908
2018-01-12 21:42:40,-0.22459043443067167
2018-01-12 21:42:50,-0.21452482393522707
2018-01-12 21:43:00,-0.2042723760920501
2018-01-12 21:43:10,-0.19387434334618622
2018-01-12 21:43:20,-0.1833697998896787
2018-01-12 21:43:30,-0.17279684603248138
2018-01-12 21:43:40,-0.1621892649704156
2018-01-12 21:43:50,-0.1515725630126189
2018-01-12 21:44:00,-0.1409601257543174
2018-01-12 21:44:10,-0.13034924519866692
2018-01-12 21:44:20,-0.11972049601326867
2018-01-12 21:44:30,-0.10904277416587937
2018-01-12 21:44:40,-0.09828157352188929
2018-01-12 21:44:50,-0.08740839466549834
2018-01-12 21:45:00,-0.07641040048875532
2018-01-12 21:45:10,-0.06529610470153002
2018-01-12 21:45:20,-0.054093379034254555
2018-01-12 21:45:30,-0.042842648781693124
2018-01-12 21:45:40,-0.03159034829166251
2018-01-12 21:45:50,-0.020384258479159905
2018-01-12 21:46:00,-0.009272276341569338
2018-01-12 21:46:10,0.0016956772862824342
2018-01-12 21:46:20,0.012468922248819701
2018-01-12 21:46:30,0.023002537286971277
2018-01-12 21:46:40,0.033264349338838047
2018-01-12 21:46:50,0.04323965228295287
2018-01-12 21:47:00,0.052931451409524
2018-01-12 21:47:10,0.062355973262066135
2018-01-12 21:47:20,0.07153849410846558
2018-01-12 21:47:30,0.08051153243452236
2018-01-12 21:47:40,0.08931143095850858
2018-01-12 21:47:50,0.09797044850545684
2018-01-12 21:48:00,0.10650666539955365
2018-01-12 21:48:10,0.11491677620420006
2018-01-12 21:48:20,0.12317587391463562
2018-01-12 21:48:30,0.13124532157156654
2018-01-12 21:48:40,0.13908534539415435
2018-01-12 21:48:50,0.14666569141430244
2018-01-12 21:49:00,0.15396869782754594
2018-01-12 21:49:10,0.1609851223155507
2018-01-12 21:49:20,0.1677081780614307
2018-01-12 21:49:30,0.17412908013847042
2018-01-12 21:49:40,0.18023471656467524
2018-01-12 21:49:50,0.18600870699040628
2018-01-12 21:50:00,0.1914356245258449
2018-01-12 21:50:10,0.19650571777073797
2018-01-12 21:50:20,0.2012172666701344
2018-01-12 21:50:30,0.20557623163858382
2018-01-12 21:50:40,0.20959398121604988
2018-01-12 21:50:50,0.21328251351567837
2018-01-12 21:51:00,0.21665008870104302
2018-01-12 21:51:10,0.21970253723545397
2018-01-12 21:51:20,0.22244892684554948
2018-01-12 21:51:30,0.22490606942592745
2018-01-12 21:51:40,0.22710031906299966
2018-01-12 21:51:50,0.229067514416604
2018-01-12 21:52:00,0.23084925531709535
2018-01-12 21:52:10,0.2324843514277483
2018-01-12 21:52:20,0.23399964943697005
2018-01-12 21:52:30,0.2354049141614036
2018-01-12 21:52:40,0.23669175873187406
2018-01-12 21:52:50,0.23783474106341326
2018-01-12 21:53:00,0.23879321027692255
2018-01-12 21:53:10,0.2395129313873923
2018-01-12 21:53:20,0.2399283510258619
2018-01-12 21:53:30,0.23996767097434313
2018-01-12 21:53:40,0.23956135187657301
2018-01-12 21:53:50,0.23865316273108517
2018-01-12 21:54:00,0.23721125482045527
2018-01-12 21:54:10,0.23523412995581466
2018-01-12 21:54:20,0.23274832790155964
2018-01-12 21:54:30,0.2297994615332635
2018-01-12 21:54:40,0.2264403317359515
2018-01-12 21:54:50,0.22272034287364156
2018-01-12 21:55:00,0.21867925899834711
2018-01-12 21:55:10,0.21434488530495835
2018-01-12 21:55:20,0.20973331499284362
2018-01-12 21:55:30,0.20485255237274927
2018-01-12 21:55:40,0.1997096840031743
2018-01-12 21:55:50,0.19431960130157508
2018-01-12 21:56:00,0.18871143344585972
2018-01-12 21:56:10,0.18292923831958896
2018-01-12 21:56:20,0.17702952589574686
2018-01-12 21:56:30,0.17107969982148444
2018-01-12 21:56:40,0.16515413838858967
2018-01-12 21:56:50,0.1593242520801621
2018-01-12 21:57:00,0.15364902257839158
2018-01-12 21:57:10,0.14817462941239962
2018-01-12 21:57:20,0.1429402761858802
2018-01-12 21:57:30,0.1379797802824907
2018-01-12 21:57:40,0.1333166073103594
2018-01-12 21:57:50,0.12896057336786618
2018-01-12 21:58:00,0.12490908471550914
2018-01-12 21:58:10,0.12114762850565329
2018-01-12 21:58:20,0.11765085466183225
2018-01-12 21:58:30,0.11438988920107293
2018-01-12 21:58:40,0.11134315595615461
2018-01-12 21:58:50,0.10850208540289633
2018-01-12 21:59:00,0.10586767359542286
2018-01-12 21:59:10,0.10344348748669738
2018-01-12 21:59:20,0.10123292243047079
2018-01-12 21:59:30,0.09924217937554938
2018-01-12 21:59:40,0.09748578706010103
2018-01-12 21:59:50,0.09598982260635673
2018-01-12 22:00:00,0.09479074469203194
2018-01-12 22:00:10,0.09393279487799122
2018-01-12 22:00:20,0.09346663756597287
2018-01-12 22:00:30,0.0934484840654663
2018-01-12 22:00:40,0.09393691256092537
2018-01-12 22:00:50,0.0949859472286808
2018-01-12 22:01:00,0.09663583970717793
2018-01-12 22:01:10,0.09890420365047727
2018-01-12 22:01:20,0.10177984418990267
2018-01-12 22:01:30,0.10522075915650576
2018-01-12 22:01:40,0.109157440388291
2018-01-12 22:01:50,0.11350100234042494
2018-01-12 22:02:00,0.11815253652567856
2018-01-12 22:02:10,0.12301065002031492
2018-01-12 22:02:20,0.12797761027801302
2018-01-12 22:02:30,0.1329623950323622
2018-01-12 22:02:40,0.13787675374698236
2018-01-12 22:02:50,0.14262638775593695
2018-01-12 22:03:00,0.14710360542864048
2018-01-12 22:03:10,0.1511872799420089
2018-01-12 22:03:20,0.15475310648395924
2018-01-12 22:03:30,0.15768966693390582
2018-01-12 22:03:40,0.15991189760825353
2018-01-12 22:03:50,0.16136793189031828
2018-01-12 22:04:00,0.1620410020893876
2018-01-12 22:04:10,0.1619495211758572
2018-01-12 22:04:20,0.16114382905453026
2018-01-12 22:04:30,0.1596951997100568
2018-01-12 22:04:40,0.1576792812691629
2018-01-12 22:04:50,0.15516214569643957
2018-01-12 22:05:00,0.15219591613225403
2018-01-12 22:05:10,0.14882457794182188
2018-01-12 22:05:20,0.14509181949786468
2018-01-12 22:05:30,0.14104580596451735
2018-01-12 22:05:40,0.13674383415840766
2018-01-12 22:05:50,0.13225474121870773
2018-01-12 22:06:00,0.1276551077715978
2018-01-12 22:06:10,0.1230236796413376
2018-01-12 22:06:20,0.1184388494531951
2018-01-12 22:06:30,0.1139772707534026
2018-01-12 22:06:40,0.10971059243306572
2018-01-12 22:06:50,0.10570153971852214
2018-01-12 22:07:00,0.10200200073270532
2018-01-12 22:07:10,0.09865287395215466
2018-01-12 22:07:20,0.09568314719268349
2018-01-12 22:07:30,0.09310892566004031
2018-01-12 22:07:40,0.09093678028777843
2018-01-12 22:07:50,0.08916969197612175
2018-01-12 22:08:00,0.08780861002385269
2018-01-12 22:08:10,0.08685016215800893
2018-01-12 22:08:20,0.08628470761972741
2018-01-12 22:08:30,0.08609436144898323
2018-01-12 22:08:40,0.08625302873003965
2018-01-12 22:08:50,0.0867301979984002
2018-01-12 22:09:00,0.08749342735265998
2018-01-12 22:09:10,0.08850861947000643
2018-01-12 22:09:20,0.08974252427963149
2018-01-12 22:09:30,0.09116505926566092
2018-01-12 22:09:40,0.09274884470585464
2018-01-12 22:09:50,0.09447203535188606
2018-01-12 22:10:00,0.09632518485527157
2018-01-12 22:10:10,0.09831301306817995
2018-01-12 22:10:20,0.10044874991292725
2018-01-12 22:10:30,0.10274897684316292
2018-01-12 22:10:40,0.10523447199559932
2018-01-12 22:10:50,0.10793447398202823
2018-01-12 22:11:00,0.11088929863817637
2018-01-12 22:11:10,0.11414772661320395
2018-01-12 22:11:20,0.11775783104971105
2018-01-12 22:11:30,0.1217563503102145
2018-01-12 22:11:40,0.1261646763682795
2018-01-12 22:11:50,0.13099159938087596
2018-01-12 22:12:00,0.13623679200677205
2018-01-12 22:12:10,0.14189316800341112
2018-01-12 22:12:20,0.1479498094009488
2018-01-12 22:12:30,0.15439446623060046
2018-01-12 22:12:40,0.16121366989099903
2018-01-12 22:12:50,0.16839170840451778
2018-01-12 22:13:00,0.1759114141368835
2018-01-12 22:13:10,0.18375543761989274
2018-01-12 22:13:20,0.1919034492312189
2018-01-12 22:13:30,0.2003268700657799
2018-01-12 22:13:40,0.2089861582457769
2018-01-12 22:13:50,0.21783054238348598
2018-01-12 22:14:00,0.22679721928748114
2018-01-12 22:14:10,0.23580870715663094
2018-01-12 22:14:20,0.2447715498872042
2018-01-12 22:14:30,0.2535806985580811
2018-01-12 22:14:40,0.2621273183748927
2018-01-12 22:14:50,0.27030384276216
2018-01-12 22:15:00,0.27800455104207794
2018-01-12 22:15:10,0.28512529320431007
2018-01-12 22:15:20,0.29156624023200317
2018-01-12 22:15:30,0.2972379819211599
2018-01-12 22:15:40,0.302066444122111
2018-01-12 22:15:50,0.3059923359618272
2018-01-12 22:16:00,0.3089693563622123
2018-01-12 22:16:10,0.3109666239473126
2018-01-12 22:16:20,0.311971642710637
2018-01-12 22:16:30,0.31198912599799195
2018-01-12 22:16:40,0.31103676931994856
2018-01-12 22:16:50,0.309140720848065
2018-01-12 22:17:00,0.30633126308395175
2018-01-12 22:17:10,0.30263786861774306
2018-01-12 22:17:20,0.2980863062611564
2018-01-12 22:17:30,0.292701075715163
2018-01-12 22:17:40,0.2865111994279223
2018-01-12 22:17:50,0.2795558385633562
2018-01-12 22:18:00,0.2718884326583528
2018-01-12 22:18:10,0.26357918378231987
2018-01-12 22:18:20,0.25471639195516244
2018-01-12 22:18:30,0.24540622098208342
2018-01-12 22:18:40,0.23576840352323003
2018-01-12 22:18:50,0.2259285580118429
2018-01-12 22:19:00,0.21601257927629858
2018-01-12 22:19:10,0.20614546082168378
2018-01-12 22:19:20,0.19645166634640562
2018-01-12 22:19:30,0.18705442126462507
2018-01-12 22:19:40,0.17807302403491537
2018-01-12 22:19:50,0.1696186833789644
2018-01-12 22:20:00,0.1617909595767244
2018-01-12 22:20:10,0.1546766275139139
2018-01-12 22:20:20,0.148351094026072
2018-01-12 22:20:30,0.1428800608359769
2018-01-12 22:20:40,0.13831738522305556
2018-01-12 22:20:50,0.13469974094315026
2018-01-12 22:21:00,0.1320452205186242
2018-01-12 22:21:10,0.13035669124391136
2018-01-12 22:21:20,0.1296226802551009
2018-01-12 22:21:30,0.12981581655352314
2018-01-12 22:21:40,0.13089407059119768
2018-01-12 22:21:50,0.13280411072141016
2018-01-12 22:22:00,0.13548318886784153
2018-01-12 22:22:10,0.13885894130399254
2018-01-12 22:22:20,0.14284853005817932
2018-01-12 22:22:30,0.14735745221343993
2018-01-12 22:22:40,0.15227872122935063
2018-01-12 22:22:50,0.15749450750441796
2018-01-12 22:23:00,0.162879278002505
2018-01-12 22:23:10,0.16830176797742882
2018-01-12 22:23:20,0.1736273965783322
2018-01-12 22:23:30,0.17872444742021937
2018-01-12 22:23:40,0.1834721221464444
2018-01-12 22:23:50,0.1877642987442374
2018-01-12 22:24:00,0.19150838734621128
2018-01-12 22:24:10,0.19462465500960566
2018-01-12 22:24:20,0.19704613619395858
2018-01-12 22:24:30,0.1987172544309158
2018-01-12 22:24:40,0.19959389774791034
2018-01-12 22:24:50,0.1996447604328168
2018-01-12 22:25:00,0.19885189912662637
2018-01-12 22:25:10,0.19721194656188848
2018-01-12 22:25:20,0.19473680628862497
2018-01-12 22:25:30,0.19145150919982185
2018-01-12 22:25:40,0.187391565951124
2018-01-12 22:25:50,0.18260052725596107
2018-01-12 22:26:00,0.17712542849536989
2018-01-12 22:26:10,0.1710121149840147
2018-01-12 22:26:20,0.16430526895717285
2018-01-12 22:26:30,0.1570529143875976
2018-01-12 22:26:40,0.1493103899660099
2018-01-12 22:26:50,0.14114162720790052
2018-01-12 22:27:00,0.1326179747165711
2018-01-12 22:27:10,0.1238129519387816
2018-01-12 22:27:20,0.11479539460748175
2018-01-12 22:27:30,0.10562840855322073
2018-01-12 22:27:40,0.09637557371287914
2018-01-12 22:27:50,0.08710806143173531
2018-01-12 22:28:00,0.07790770329077333
2018-01-12 22:28:10,0.06886669210701352
2018-01-12 22:28:20,0.060086386798918597
2018-01-12 22:28:30,0.05167523042822567
2018-01-12 22:28:40,0.043745276226381066
2018-01-12 22:28:50,0.03640834398716174
2018-01-12 22:29:00,0.029771082446887743
2018-01-12 22:29:10,0.023928425186434597
2018-01-12 22:29:20,0.01895915754633722
2018-01-12 22:29:30,0.01492572558856152
2018-01-12 22:29:40,0.01187467265466126
2018-01-12 22:29:50,0.009835375076912432
2018-01-12 22:30:00,0.008820074003535718
2018-01-12 22:30:10,0.008826113947041485
2018-01-12 22:30:20,0.009836883416016831
2018-01-12 22:30:30,0.011820423979877091
2018-01-12 22:30:40,0.014727819918833996
2018-01-12 22:30:50,0.0184921252502585
2018-01-12 22:31:00,0.02302567491365401
2018-01-12 22:31:10,0.02821578199861065
2018-01-12 22:31:20,0.03392476897350445
2018-01-12 22:31:30,0.03999738749230508
2018-01-12 22:31:40,0.046269497013484644
2018-01-12 22:31:50,0.0525731692291327
2018-01-12 22:32:00,0.05874278192559573
2018-01-12 22:32:10,0.06462491303434295
2018-01-12 22:32:20,0.07008503461813374
2018-01-12 22:32:30,0.07500671501732284
2018-01-12 22:32:40,0.07928837932129987
2018-01-12 22:32:50,0.08284151956829101
2018-01-12 22:33:00,0.08559051159799645
2018-01-12 22:33:10,0.0874749446727594
2018-01-12 22:33:20,0.08845337830805662
2018-01-12 22:33:30,0.08850505147717942
2018-01-12 22:33:40,0.08762904934435688
2018-01-12 22:33:50,0.085844722013437
2018-01-12 22:34:00,0.08319454632125588
2018-01-12 22:34:10,0.07974544165740018
2018-01-12 22:34:20,0.07558750197958979
2018-01-12 22:34:30,0.07083259887840948
2018-01-12 22:34:40,0.0656120808551363
2018-01-12 22:34:50,0.06007187952883482
2018-01-12 22:35:00,0.054367402739180844
2018-01-12 22:35:10,0.048661569599826655
2018-01-12 22:35:20,0.04312375505840373
2018-01-12 22:35:30,0.037923171053576676
2018-01-12 22:35:40,0.03321484123442535
2018-01-12 22:35:50,0.029124526583313458
2018-01-12 22:36:00,0.025741286954925297
2018-01-12 22:36:10,0.02311934106612156
2018-01-12 22:36:20,0.02128361140791746
2018-01-12 22:36:30,0.020235049462762326
2018-01-12 22:36:40,0.019954879138455315
2018-01-12 22:36:50,0.020407486759408067
2018-01-12 22:37:00,0.02154370647800548
2018-01-12 22:37:10,0.0233061667766856
2018-01-12 22:37:20,0.025636564812973873
2018-01-12 22:37:30,0.028483175540872242
2018-01-12 22:37:40,0.0318045002454774
2018-01-12 22:37:50,0.03556664053903251
2018-01-12 22:38:00,0.03973788163471277
2018-01-12 22:38:10,0.04428592387808124
2018-01-12 22:38:20,0.049177720366032254
2018-01-12 22:38:30,0.0543774285292946
2018-01-12 22:38:40,0.05984236136783289
2018-01-12 22:38:50,0.06552040071612858
2018-01-12 22:39:00,0.07135055765115497
2018-01-12 22:39:10,0.07726832480170269
2018-01-12 22:39:20,0.08321492497363532
2018-01-12 22:39:30,0.08914368457285428
2018-01-12 22:39:40,0.0950179083819503
2018-01-12 22:39:50,0.10080316907511103
2018-01-12 22:40:00,0.1064608772250864
2018-01-12 22:40:10,0.1119454662284193
2018-01-12 22:40:20,0.11720539125862028
2018-01-12 22:40:30,0.12218757923313185
2018-01-12 22:40:40,0.12684054659606558
2018-01-12 22:40:50,0.1311130290479875
2018-01-12 22:41:00,0.13495047903694635
2018-01-12 22:41:10,0.13829226073215545
2018-01-12 22:41:20,0.1410733284210679
2018-01-12 22:41:30,0.14323326540915998
2018-01-12 22:41:40,0.14472728434741491
2018-01-12 22:41:50,0.14553053557333687
2018-01-12 22:42:00,0.1456364287311383
2018-01-12 22:42:10,0.14505725905228925
2018-01-12 22:42:20,0.14382902860032323
2018-01-12 22:42:30,0.14201361070671367
2018-01-12 22:42:40,0.13969469155386569
2018-01-12 22:42:50,0.13697103536873295
2018-01-12 22:43:00,0.13395165213743765
2018-01-12 22:43:10,0.13075470693100605
2018-01-12 22:43:20,0.12750730498339508
2018-01-12 22:43:30,0.12434265546575334
2018-01-12 22:43:40,0.12139480800826048
2018-01-12 22:43:50,0.11879035390700941
2018-01-12 22:44:00,0.11663613972334594
2018-01-12 22:44:10,0.11500769399687022
2018-01-12 22:44:20,0.1139456958752638
2018-01-12 22:44:30,0.11345958356031609
2018-01-12 22:44:40,0.11353003894340045
2018-01-12 22:44:50,0.11410953622262895
2018-01-12 22:45:00,0.11512674883171799
2018-01-12 22:45:10,0.11649490873879148
2018-01-12 22:45:20,0.11812187528921027
2018-01-12 22:45:30,0.11992156455446884
2018-01-12 22:45:40,0.12182335590591531
2018-01-12 22:45:50,0.12377577384812125
2018-01-12 22:46:00,0.12574647417327
2018-01-12 22:46:10,0.12772299496976047
2018-01-12 22:46:20,0.1297146904799601
2018-01-12 22:46:30,0.1317530175845308
2018-01-12 22:46:40,0.13388902744843112
2018-01-12 22:46:50,0.1361876577555748
2018-01-12 22:47:00,0.13871813624420487
2018-01-12 22:47:10,0.14154384775236228
2018-01-12 22:47:20,0.14471508338208644
2018-01-12 22:47:30,0.14826374859451905
2018-01-12 22:47:40,0.15220052819517654
2018-01-12 22:47:50,0.15651512326490857
2018-01-12 22:48:00,0.16117678034880056
2018-01-12 22:48:10,0.16613401076030243
2018-01-12 22:48:20,0.17131552954529428
2018-01-12 22:48:30,0.1766343826682047
2018-01-12 22:48:40,0.18199563289369716
2018-01-12 22:48:50,0.18730465114516412
2018-01-12 22:49:00,0.19247098854243627
2018-01-12 22:49:10,0.19740643109892422
2018-01-12 22:49:20,0.20202147457521077
2018-01-12 22:49:30,0.20622462625943797
2018-01-12 22:49:40,0.2099238655657779
2018-01-12 22:49:50,0.21302765595907097
2018-01-12 22:50:00,0.2154452722971817
2018-01-12 22:50:10,0.21708804847917518
2018-01-12 22:50:20,0.2178735589926738
2018-01-12 22:50:30,0.21773239631872546
2018-01-12 22:50:40,0.21661344629787357
2018-01-12 22:50:50,0.21448346490214334
2018-01-12 22:51:00,0.21132206637032402
2018-01-12 22:51:10,0.20711960694622633
2018-01-12 22:51:20,0.20188373713432872
2018-01-12 22:51:30,0.19565021643679945
2018-01-12 22:51:40,0.1884898757217514
2018-01-12 22:51:50,0.18050970009804615
2018-01-12 22:52:00,0.17184938647403053
2018-01-12 22:52:10,0.16267412230206074
2018-01-12 22:52:20,0.15316554037919056
2018-01-12 22:52:30,0.14351459730263505
2018-01-12 22:52:40,0.13391659964203398
2018-01-12 22:52:50,0.12456484480858411
2018-01-12 22:53:00,0.11564267325064671
2018-01-12 22:53:10,0.10731706988600913
2018-01-12 22:53:20,0.09973760641389116
2018-01-12 22:53:30,0.09304064051629386
2018-01-12 22:53:40,0.08735195475606551
2018-01-12 22:53:50,0.08278369232597084
2018-01-12 22:54:00,0.0794286806583569
2018-01-12 22:54:10,0.0773561576458755
2018-01-12 22:54:20,0.0766117003923697
2018-01-12 22:54:30,0.07722162971221205
2018-01-12 22:54:40,0.07919607171240807
2018-01-12 22:54:50,0.08252590286570151
2018-01-12 22:55:00,0.08717796911379494
2018-01-12 22:55:10,0.09309438931554592
2018-01-12 22:55:20,0.10019571384453706
2018-01-12 22:55:30,0.10838501786703941
2018-01-12 22:55:40,0.11755032805291148
2018-01-12 22:55:50,0.12756397826726976
2018-01-12 22:56:00,0.13828154138133406
2018-01-12 22:56:10,0.14954456943860253
2018-01-12 22:56:20,0.16118691109548597
2018-01-12 22:56:30,0.17304197934260698
2018-01-12 22:56:40,0.18494970487896129
2018-01-12 22:56:50,0.19676305520449347
2018-01-12 22:57:00,0.20835331882145336
2018-01-12 22:57:10,0.21961169169192468
2018-01-12 22:57:20,0.2304467558632794
2018-01-12 22:57:30,0.24078015896281052
2018-01-12 22:57:40,0.25054262843739716
2018-01-12 22:57:50,0.2596731200237318
2018-01-12 22:58:00,0.2681217119174873
2018-01-12 22:58:10,0.2758523213769912
2018-01-12 22:58:20,0.2828451121098299
2018-01-12 22:58:30,0.28910299943489204
2018-01-12 22:58:40,0.29465849778936964
2018-01-12 22:58:50,0.2995716188352774
2018-01-12 22:59:00,0.30391908557492653
2018-01-12 22:59:10,0.3077830513439671
2018-01-12 22:59:20,0.31124426827380997
2018-01-12 22:59:30,0.3143781393660865
2018-01-12 22:59:40,0.31725034833178045
2018-01-12 22:59:50,0.319912116470102
2018-01-12 23:00:00,0.3223964564763251
2018-01-12 23:00:10,0.3247164286413251
2018-01-12 23:00:20,0.3268673405960798
2018-01-12 23:00:30,0.32883293403163816
2018-01-12 23:00:40,0.330593185207544
2018-01-12 23:00:50,0.33213226858846356
2018-01-12 23:01:00,0.33344510606491634
2018-01-12 23:01:10,0.33453973265311066
2018-01-12 23:01:20,0.3354344722566922
2018-01-12 23:01:30,0.3361519120652049
2018-01-12 23:01:40,0.33671306222069747
2018-01-12 23:01:50,0.3371348239792026
2018-01-12 23:02:00,0.3374317017384855
2018-01-12 23:02:10,0.3376189643721847
2018-01-12 23:02:20,0.33771376615547855
2018-01-12 23:02:30,0.3377351908516471
2018-01-12 23:02:40,0.3377045649598986
2018-01-12 23:02:50,0.33764263176715165
2018-01-12 23:03:00,0.3375645291655832
2018-01-12 23:03:10,0.3374803844842122
2018-01-12 23:03:20,0.33740136538738824
2018-01-12 23:03:30,0.3373426392710686
2018-01-12 23:03:40,0.3373211635371652
2018-01-12 23:03:50,0.33735195250630623
2018-01-12 23:04:00,0.33744386560672096
2018-01-12 23:04:10,0.3375961955146438
2018-01-12 23:04:20,0.3377993453768996
2018-01-12 23:04:30,0.33803831291841313
2018-01-12 23:04:40,0.3382928544663474
2018-01-12 23:04:50,0.33853236983688034
2018-01-12 23:05:00,0.338709426830712
2018-01-12 23:05:10,0.3387561192824562
2018-01-12 23:05:20,0.3385853362397625
2018-01-12 23:05:30,0.33809476610009026
2018-01-12 23:05:40,0.3371702064952833
2018-01-12 23:05:50,0.3356904665396111
2018-01-12 23:06:00,0.3335364151744156
2018-01-12 23:06:10,0.33060162673160215
2018-01-12 23:06:20,0.326803439088507
2018-01-12 23:06:30,0.32209264471652505
2018-01-12 23:06:40,0.3164561076819816
2018-01-12 23:06:50,0.3099125040877708
2018-01-12 23:07:00,0.30250691860720796
2018-01-12 23:07:10,0.29430591055114425
2018-01-12 23:07:20,0.28539148773247774
2018-01-12 23:07:30,0.2758539036060328
2018-01-12 23:07:40,0.26578531079715
2018-01-12 23:07:50,0.2552751657090013
2018-01-12 23:08:00,0.2444073804874497
2018-01-12 23:08:10,0.23326086949317645
2018-01-12 23:08:20,0.22191279899603866
2018-01-12 23:08:30,0.21044122216612388
2018-01-12 23:08:40,0.19892552694149024
2018-01-12 23:08:50,0.1874454826257595
2018-01-12 23:09:00,0.17608074461674253
2018-01-12 23:09:10,0.16490976103027558
2018-01-12 23:09:20,0.154005619025315
2018-01-12 23:09:30,0.14343271391776644
2018-01-12 23:09:40,0.13324986880715325
2018-01-12 23:09:50,0.1235170801390881
2018-01-12 23:10:00,0.11429956980333549
2018-01-12 23:10:10,0.10566894449277375
2018-01-12 23:10:20,0.09770474368145017
2018-01-12 23:10:30,0.09049547650107366
2018-01-12 23:10:40,0.08413390673216692
2018-01-12 23:10:50,0.07870552108628319
2018-01-12 23:11:00,0.07427674993062104
2018-01-12 23:11:10,0.07088877903500222
2018-01-12 23:11:20,0.06855721135416568
2018-01-12 23:11:30,0.06727542816750405
2018-01-12 23:11:40,0.06701817958416113
2018-01-12 23:11:50,0.06774223756814726
2018-01-12 23:12:00,0.06938706236841186
2018-01-12 23:12:10,0.0718797039265126
2018-01-12 23:12:20,0.07513932374915455
2018-01-12 23:12:30,0.07907625996895941
2018-01-12 23:12:40,0.08358838780556298
2018-01-12 23:12:50,0.0885587686464463
2018-01-12 23:13:00,0.09385790817316304
2018-01-12 23:13:10,0.09935290366296005
2018-01-12 23:13:20,0.10491970033019299
2018-01-12 23:13:30,0.11045144154814084
2018-01-12 23:13:40,0.11586049609945458
2018-01-12 23:13:50,0.12107792830635802
2018-01-12 23:14:00,0.12605531175536958
2018-01-12 23:14:10,0.13076794708038736
2018-01-12 23:14:20,0.135213168597983
2018-01-12 23:14:30,0.1394017731081384
2018-01-12 23:14:40,0.14334897614713715
2018-01-12 23:14:50,0.14707027981102724
2018-01-12 23:15:00,0.15058033567347334
2018-01-12 23:15:10,0.15389250742719537
2018-01-12 23:15:20,0.15701894671484098
2018-01-12 23:15:30,0.15996961176940455
2018-01-12 23:15:40,0.16274980968774694
2018-01-12 23:15:50,0.165357569419257
2018-01-12 23:16:00,0.16778243822752126
2018-01-12 23:16:10,0.17000680498282955
2018-01-12 23:16:20,0.17200722472265173
2018-01-12 23:16:30,0.17375354273757984
2018-01-12 23:16:40,0.17520824208719907
2018-01-12 23:16:50,0.17632786631369013
2018-01-12 23:17:00,0.1770660532926143
2018-01-12 23:17:10,0.1773773345314869
2018-01-12 23:17:20,0.17722090688923584
2018-01-12 23:17:30,0.1765642928790169
2018-01-12 23:17:40,0.17538589023752907
2018-01-12 23:17:50,0.17367540397373135
2018-01-12 23:18:00,0.17143311876233125
2018-01-12 23:18:10,0.16866862323635398
2018-01-12 23:18:20,0.16539924331838202
2018-01-12 23:18:30,0.16164968604545843
2018-01-12 23:18:40,0.15745375985183083
2018-01-12 23:18:50,0.152857208166097
2018-01-12 23:19:00,0.1479192020453122
2018-01-12 23:19:10,0.1427096603329497
2018-01-12 23:19:20,0.13730380274992263
2018-01-12 23:19:30,0.13177910662894515
2018-01-12 23:19:40,0.12621575005819716
2018-01-12 23:19:50,0.12069634524638877
2018-01-12 23:20:00,0.1153024196012196
2018-01-12 23:20:10,0.11011066860776027
2018-01-12 23:20:20,0.10519228624613154
2018-01-12 23:20:30,0.10061403132492142
2018-01-12 23:20:40,0.09643879671868111
2018-01-12 23:20:50,0.09272530613174616
2018-01-12 23:21:00,0.08952637123146302
2018-01-12 23:21:10,0.08688527701149806
2018-01-12 23:21:20,0.0848321388328367
2018-01-12 23:21:30,0.08338191536132955
2018-01-12 23:21:40,0.08253372141640142
2018-01-12 23:21:50,0.08227116844400445
2018-01-12 23:22:00,0.08256178966627849
2018-01-12 23:22:10,0.08335425686162512
2018-01-12 23:22:20,0.08457827104490906
2018-01-12 23:22:30,0.08614949390751181
2018-01-12 23:22:40,0.0879757394383892
2018-01-12 23:22:50,0.08996492911422484
2018-01-12 23:23:00,0.09203550432454954
2018-01-12 23:23:10,0.0941235762753945
2018-01-12 23:23:20,0.09618345879000466
2018-01-12 23:23:30,0.09818449941473707
2018-01-12 23:23:40,0.100109151681276
2018-01-12 23:23:50,0.10195452710317716
2018-01-12 23:24:00,0.1037335042989893
2018-01-12 23:24:10,0.10547015550706791
2018-01-12 23:24:20,0.10719076553658491
2018-01-12 23:24:30,0.10891730806102463
2018-01-12 23:24:40,0.11066694928489017
2018-01-12 23:24:50,0.11245364087434835
2018-01-12 23:25:00,0.1142860547593319
2018-01-12 23:25:10,0.11616090087393743
2018-01-12 23:25:20,0.11805689359102853
2018-01-12 23:25:30,0.11993425963885045
2018-01-12 23:25:40,0.12173809622880181
2018-01-12 23:25:50,0.12340096268538714
2018-01-12 23:26:00,0.12484298278099466
2018-01-12 23:26:10,0.12597225304954177
2018-01-12 23:26:20,0.12668877296163952
2018-01-12 23:26:30,0.12689059329777433
2018-01-12 23:26:40,0.126478624551101
2018-01-12 23:26:50,0.12536007763091597
2018-01-12 23:27:00,0.12345331681096673
2018-01-12 23:27:10,0.12069300932780579
2018-01-12 23:27:20,0.1170326045576473
2018-01-12 23:27:30,0.11244606967841166
2018-01-12 23:27:40,0.1069309071002731
2018-01-12 23:27:50,0.10051102972290896
2018-01-12 23:28:00,0.0932378478967092
2018-01-12 23:28:10,0.08518810552885928
2018-01-12 23:28:20,0.07645914826293455
2018-01-12 23:28:30,0.06716122838892959
2018-01-12 23:28:40,0.05740493540779073
2018-01-12 23:28:50,0.047290342416945734
2018-01-12 23:29:00,0.036905250683808184
2018-01-12 23:29:10,0.02632825519613096
2018-01-12 23:29:20,0.0156291635579735
2018-01-12 23:29:30,0.004864473936270256
2018-01-12 23:29:40,-0.005928124542122811
2018-01-12 23:29:50,-0.016730173095030755
2018-01-12 23:30:00,-0.027538493319826468
2018-01-12 23:30:10,-0.03836099191908283
2018-01-12 23:30:20,-0.049212391160374014
2018-01-12 23:30:30,-0.06011073241124787
2018-01-12 23:30:40,-0.0710769085679406
2018-01-12 23:30:50,-0.0821324075651762
2018-01-12 23:31:00,-0.09329024915012539
2018-01-12 23:31:10,-0.10454632791795584
2018-01-12 23:31:20,-0.11587818823309888
2018-01-12 23:31:30,-0.1272461562573924
2018-01-12 23:31:40,-0.1385917497096045
2018-01-12 23:31:50,-0.1498374364905204
2018-01-12 23:32:00,-0.16089223472894218
2018-01-12 23:32:10,-0.17166079693136188
2018-01-12 23:32:20,-0.18205137877285216
2018-01-12 23:32:30,-0.1919802149578153
2018-01-12 23:32:40,-0.20137251598802838
2018-01-12 23:32:50,-0.21016276424803493
2018-01-12 23:33:00,-0.2182959931368595
2018-01-12 23:33:10,-0.22572765758353683
2018-01-12 23:33:20,-0.23241933289254105
2018-01-12 23:33:30,-0.23833190781587443
2018-01-12 23:33:40,-0.2434203741282384
2018-01-12 23:33:50,-0.2476324077987612
2018-01-12 23:34:00,-0.25090901599723614
2018-01-12 23:34:10,-0.25318524252895475
2018-01-12 23:34:20,-0.25439311872297665
2018-01-12 23:34:30,-0.2544668097063089
2018-01-12 23:34:40,-0.2533447671145432
2018-01-12 23:34:50,-0.2509681610687296
2018-01-12 23:35:00,-0.24728132380201645
2018-01-12 23:35:10,-0.2422391766236307
2018-01-12 23:35:20,-0.23581819580116048
2018-01-12 23:35:30,-0.22802085195350058
2018-01-12 23:35:40,-0.2188722346945238
2018-01-12 23:35:50,-0.2084174556575248
2018-01-12 23:36:00,-0.1967229184907851
2018-01-12 23:36:10,-0.18387755700467498
2018-01-12 23:36:20,-0.16999214573493018
2018-01-12 23:36:30,-0.15519852536935197
2018-01-12 23:36:40,-0.13964906208304853
2018-01-12 23:36:50,-0.12351298854241141
2018-01-12 23:37:00,-0.10696767978662615
2018-01-12 23:37:10,-0.09018751637367754
2018-01-12 23:37:20,-0.07333508168570996
2018-01-12 23:37:30,-0.05655690372688156
2018-01-12 23:37:40,-0.039982932775736446
2018-01-12 23:37:50,-0.023728419397141154
2018-01-12 23:38:00,-0.007896033971819691
2018-01-12 23:38:10,0.007422078338433034
2018-01-12 23:38:20,0.02214125908847164
2018-01-12 23:38:30,0.03618186746821937
2018-01-12 23:38:40,0.049468285935987705
2018-01-12 23:38:50,0.06192849315463679
2018-01-12 23:39:00,0.07349360966376063
2018-01-12 23:39:10,0.08409892623262999
2018-01-12 23:39:20,0.09368866847473982
2018-01-12 23:39:30,0.10222088107507946
2018-01-12 23:39:40,0.10966686568230664
2018-01-12 23:39:50,0.11600598603975884
2018-01-12 23:40:00,0.12121983219213467
2018-01-12 23:40:10,0.12528882780267184
2018-01-12 23:40:20,0.12819442481366966
2018-01-12 23:40:30,0.12992804832796934
2018-01-12 23:40:40,0.1305012181933773
2018-01-12 23:40:50,0.12994887500101257
2018-01-12 23:41:00,0.12832548319852932
2018-01-12 23:41:10,0.12569905758401292
2018-01-12 23:41:20,0.1221447032365343
2018-01-12 23:41:30,0.11773803519158492
2018-01-12 23:41:40,0.1125538921156075
2018-01-12 23:41:50,0.10667196810737527
2018-01-12 23:42:00,0.10018211763247512
2018-01-12 23:42:10,0.09318566804126356
2018-01-12 23:42:20,0.08579395738843333
2018-01-12 23:42:30,0.0781230569330751
2018-01-12 23:42:40,0.07028717283571713
2018-01-12 23:42:50,0.06239761258249936
2018-01-12 23:43:00,0.0545659948197709
2018-01-12 23:43:10,0.046903123343583764
2018-01-12 23:43:20,0.03951435789396837
2018-01-12 23:43:30,0.032497465517972814
2018-01-12 23:43:40,0.02593955387072103
2018-01-12 23:43:50,0.019910786779446035
2018-01-12 23:44:00,0.014461267765397374
2018-01-12 23:44:10,0.009624955804359151
2018-01-12 23:44:20,0.005428211706523027
2018-01-12 23:44:30,0.0018974656886798175
2018-01-12 23:44:40,-0.0009384665410460612
2018-01-12 23:44:50,-0.0030514054378822384
2018-01-12 23:45:00,-0.0044199841108209775
2018-01-12 23:45:10,-0.00503448699521691
2018-01-12 23:45:20,-0.0048960278968864755
2018-01-12 23:45:30,-0.004012032884495186
2018-01-12 23:45:40,-0.002392547876767347
2018-01-12 23:45:50,-5.017962661972774e-05
2018-01-12 23:46:00,0.0029953766249113186
2018-01-12 23:46:10,0.006712042424559201
2018-01-12 23:46:20,0.011055879165884535
2018-01-12 23:46:30,0.01597924087400245
2018-01-12 23:46:40,0.021441515761829715
2018-01-12 23:46:50,0.02741637063674235
2018-01-12 23:47:00,0.03389425321072427
2018-01-12 23:47:10,0.04088168472081564
2018-01-12 23:47:20,0.04839741109845357
2018-01-12 23:47:30,0.056465629341020104
2018-01-12 23:47:40,0.06510755690547687
2018-01-12 23:47:50,0.07433401594368447
2018-01-12 23:48:00,0.08414407457367754
2018-01-12 23:48:10,0.09452964081122421
2018-01-12 23:48:20,0.10547797821432786
2018-01-12 23:48:30,0.11696773180919108
2018-01-12 23:48:40,0.12896147371029845
2018-01-12 23:48:50,0.141399023571269
2018-01-12 23:49:00,0.1541950443923041
2018-01-12 23:49:10,0.16724275179671305
2018-01-12 23:49:20,0.18042346913305213
2018-01-12 23:49:30,0.19361895192983822
2018-01-12 23:49:40,0.2067206244922246
2018-01-12 23:49:50,0.21963311529894855
2018-01-12 23:50:00,0.23227312214722298
2018-01-12 23:50:10,0.2445644945695282
2018-01-12 23:50:20,0.2564339680760433
2018-01-12 23:50:30,0.267812114786055
2018-01-12 23:50:40,0.27863607506810273
2018-01-12 23:50:50,0.2888501762027212
2018-01-12 23:51:00,0.29840750925466164
2018-01-12 23:51:10,0.30727345367941644
2018-01-12 23:51:20,0.3154255812045141
2018-01-12 23:51:30,0.32284827316540116
2018-01-12 23:51:40,0.3295277119569139
2018-01-12 23:51:50,0.33545187085906875
2018-01-12 23:52:00,0.3406158724987447
2018-01-12 23:52:10,0.34502944540162356
2018-01-12 23:52:20,0.34871993439407634
2018-01-12 23:52:30,0.35172848963018494
2018-01-12 23:52:40,0.35410540329289686
2018-01-12 23:52:50,0.3559073646116653
2018-01-12 23:53:00,0.3571922105402731
2018-01-12 23:53:10,0.3580115940688753
2018-01-12 23:53:20,0.358407170671927
2018-01-12 23:53:30,0.3584127842951284
2018-01-12 23:53:40,0.3580605479596714
2018-01-12 23:53:50,0.3573857680332721
2018-01-12 23:54:00,0.3564287961572112
2018-01-12 23:54:10,0.3552378844683408
2018-01-12 23:54:20,0.3538746556482435
2018-01-12 23:54:30,0.35241719032935487
2018-01-12 23:54:40,0.35095746233982733
2018-01-12 23:54:50,0.34959569568275245
2018-01-12 23:55:00,0.3484350537856351
2018-01-12 23:55:10,0.34757788643100546
2018-01-12 23:55:20,0.3471216047191998
2018-01-12 23:55:30,0.3471528530164457
2018-01-12 23:55:40,0.3477439378651605
2018-01-12 23:55:50,0.34895336126650206
2018-01-12 23:56:00,0.35082634435531834
2018-01-12 23:56:10,0.3533933583511001
2018-01-12 23:56:20,0.356667448329816
2018-01-12 23:56:30,0.3606409359586266
2018-01-12 23:56:40,0.36528391961715734
2018-01-12 23:56:50,0.37054534928266875
2018-01-12 23:57:00,0.37635374527087884
2018-01-12 23:57:10,0.3826173880838976
2018-01-12 23:57:20,0.38922618628704114
2018-01-12 23:57:30,0.39605549105580273
2018-01-12 23:57:40,0.4029725397967739
2018-01-12 23:57:50,0.40984586110036203
2018-01-12 23:58:00,0.41655482613545625
2018-01-12 23:58:10,0.4229964286159182
2018-01-12 23:58:20,0.4290892236025703
2018-01-12 23:58:30,0.4347746798978148
2018-01-12 23:58:40,0.4400144131936093
2018-01-12 23:58:50,0.44478465865827854
2018-01-12 23:59:00,0.44907288049279454
2018-01-12 23:59:10,0.4528778563062859
2018-01-12 23:59:20,0.45620974013037463
2018-01-12 23:59:30,0.45908745065484313
2018-01-12 23:59:40,0.46153442623061247
2018-01-12 23:59:50,0.4635746319836761
