
OS:Version,
  {6a6d06df-81f2-4a04-9ade-aa1334aeb42c}, !- Handle
  3.9.0;                                  !- Version Identifier

OS:SimulationControl,
  {b10246ac-46fc-40e6-8898-d62b3ced188d}, !- Handle
  ,                                       !- Do Zone Sizing Calculation
  ,                                       !- Do System Sizing Calculation
  ,                                       !- Do Plant Sizing Calculation
  No;                                     !- Run Simulation for Sizing Periods

OS:Timestep,
  {c50e7e01-eb52-4691-942e-9a05a50419dd}, !- Handle
  4;                                      !- Number of Timesteps per Hour

OS:ShadowCalculation,
  {99511148-b94a-48d2-8a47-c97e9b33dd94}, !- Handle
  PolygonClipping,                        !- Shading Calculation Method
  ,                                       !- Shading Calculation Update Frequency Method
  20,                                     !- Shading Calculation Update Frequency
  200,                                    !- Maximum Figures in Shadow Overlap Calculations
  ,                                       !- Polygon Clipping Algorithm
  512,                                    !- Pixel Counting Resolution
  ,                                       !- Sky Diffuse Modeling Algorithm
  No,                                     !- Output External Shading Calculation Results
  No,                                     !- Disable Self-Shading Within Shading Zone Groups
  No;                                     !- Disable Self-Shading From Shading Zone Groups to Other Zones

OS:SurfaceConvectionAlgorithm:Outside,
  {6fab343a-094a-4df4-a5c8-434ad4ff6d06}, !- Handle
  DOE-2;                                  !- Algorithm

OS:SurfaceConvectionAlgorithm:Inside,
  {5f3018ac-4a25-4da8-8f88-428183b85e30}, !- Handle
  TARP;                                   !- Algorithm

OS:ZoneCapacitanceMultiplier:ResearchSpecial,
  {76832327-5f8f-4c4a-a156-2b6ed72eda5c}, !- Handle
  7,                                      !- Temperature Capacity Multiplier
  15,                                     !- Humidity Capacity Multiplier
  ;                                       !- Carbon Dioxide Capacity Multiplier

OS:ConvergenceLimits,
  {ea7c7479-b0c9-435f-9fb7-1db8f320adea}, !- Handle
  0;                                      !- Minimum System Timestep {minutes}

OS:RunPeriod,
  {dc71fe8d-0ad2-4872-88f9-f00d1e84b9fc}, !- Handle
  Run Period 1,                           !- Name
  1,                                      !- Begin Month
  1,                                      !- Begin Day of Month
  12,                                     !- End Month
  31,                                     !- End Day of Month
  ,                                       !- Use Weather File Holidays and Special Days
  ,                                       !- Use Weather File Daylight Saving Period
  ,                                       !- Apply Weekend Holiday Rule
  ,                                       !- Use Weather File Rain Indicators
  ,                                       !- Use Weather File Snow Indicators
  ;                                       !- Number of Times Runperiod to be Repeated

OS:PerformancePrecisionTradeoffs,
  {050d38a8-65d6-4aff-8488-51af39f5a2a2}, !- Handle
  ,                                       !- Use Coil Direct Solutions
  CarrollMRT;                             !- Zone Radiant Exchange Algorithm

OS:WeatherFile,
  {bdaf6e3d-e625-4247-8c34-88b74e22b8e4}, !- Handle
  Portland Intl Arpt,                     !- City
  OR,                                     !- State Province Region
  USA,                                    !- Country
  customized weather file,                !- Data Source
  726980,                                 !- WMO Number
  45.59,                                  !- Latitude {deg}
  -122.6,                                 !- Longitude {deg}
  -8,                                     !- Time Zone {hr}
  33,                                     !- Elevation {m}
  /weather/G4100510.epw,                  !- Url
  23418E60,                               !- Checksum
  2018,                                   !- Start Date Actual Year
  Monday;                                 !- Start Day of Week

OS:YearDescription,
  {4812e243-6bd2-4cac-b099-05d1dc05fd35}, !- Handle
  2018,                                   !- Calendar Year
  ,                                       !- Day of Week for Start Day
  ;                                       !- Is Leap Year

OS:Site,
  {e0cf2b6d-a205-47a0-a9a4-b21c275f0407}, !- Handle
  Portland Intl Arpt_OR,                  !- Name
  45.59,                                  !- Latitude {deg}
  -122.6,                                 !- Longitude {deg}
  -8,                                     !- Time Zone {hr}
  33,                                     !- Elevation {m}
  Suburbs,                                !- Terrain
  Yes;                                    !- Keep Site Location Information

OS:RunPeriodControl:DaylightSavingTime,
  {10ef64f1-cc33-4b3d-9738-27d2e98cd81b}, !- Handle
  Mar 11,                                 !- Start Date
  Nov 4;                                  !- End Date

OS:Site:GroundTemperature:Shallow,
  {58ae4c18-b0e1-4eed-953e-0531c8f12918}, !- Handle
  10.2558044641633,                       !- January Surface Ground Temperature {C}
  8.96328398056839,                       !- February Surface Ground Temperature {C}
  8.85977430498792,                       !- March Surface Ground Temperature {C}
  9.47314131759795,                       !- April Surface Ground Temperature {C}
  11.9354680782591,                       !- May Surface Ground Temperature {C}
  14.3863242762951,                       !- June Surface Ground Temperature {C}
  16.5110856158237,                       !- July Surface Ground Temperature {C}
  17.857069666975,                        !- August Surface Ground Temperature {C}
  17.9714184050852,                       !- September Surface Ground Temperature {C}
  16.8766866085166,                       !- October Surface Ground Temperature {C}
  14.8061079306247,                       !- November Surface Ground Temperature {C}
  12.4304340182317;                       !- December Surface Ground Temperature {C}

OS:ThermalZone,
  {776ee8a8-7156-44f5-80e4-c44a5c482ab2}, !- Handle
  conditioned space,                      !- Name
  1,                                      !- Multiplier
  ,                                       !- Ceiling Height {m}
  384.656044105728,                       !- Volume {m3}
  ,                                       !- Floor Area {m2}
  ,                                       !- Zone Inside Convection Algorithm
  ,                                       !- Zone Outside Convection Algorithm
  ,                                       !- Zone Conditioning Equipment List Name
  {119b799e-7c22-4a68-adcc-37d2c1b19d9b}, !- Zone Air Inlet Port List
  {29e137ef-2cdc-4d86-a84c-f1d77ae0b0b8}, !- Zone Air Exhaust Port List
  {9597cafc-8a6d-4a35-a530-5c65fb93fbf7}, !- Zone Air Node Name
  {b4035acd-943c-45b7-9364-3cddf0445e4e}, !- Zone Return Air Port List
  ,                                       !- Primary Daylighting Control Name
  ,                                       !- Fraction of Zone Controlled by Primary Daylighting Control
  ,                                       !- Secondary Daylighting Control Name
  ,                                       !- Fraction of Zone Controlled by Secondary Daylighting Control
  ,                                       !- Illuminance Map Name
  ,                                       !- Group Rendering Name
  {a8163b0d-3c25-40c5-b4a7-c2982321dc2b}, !- Thermostat Name
  No;                                     !- Use Ideal Air Loads

OS:Node,
  {fb2545e6-a101-4071-82e1-00ab708b1750}, !- Handle
  Node 1,                                 !- Name
  {9597cafc-8a6d-4a35-a530-5c65fb93fbf7}, !- Inlet Port
  ;                                       !- Outlet Port

OS:Connection,
  {9597cafc-8a6d-4a35-a530-5c65fb93fbf7}, !- Handle
  {776ee8a8-7156-44f5-80e4-c44a5c482ab2}, !- Source Object
  11,                                     !- Outlet Port
  {fb2545e6-a101-4071-82e1-00ab708b1750}, !- Target Object
  2;                                      !- Inlet Port

OS:PortList,
  {119b799e-7c22-4a68-adcc-37d2c1b19d9b}, !- Handle
  {776ee8a8-7156-44f5-80e4-c44a5c482ab2}, !- HVAC Component
  {7f45814b-f8e4-47b3-8619-e0ed9f8d31fe}, !- Port 1
  {77d39b40-7a98-4b11-9682-1d718e404bf7}; !- Port 2

OS:PortList,
  {29e137ef-2cdc-4d86-a84c-f1d77ae0b0b8}, !- Handle
  {776ee8a8-7156-44f5-80e4-c44a5c482ab2}, !- HVAC Component
  {e039a76d-f9b4-42f8-ac19-2455c0592d57}; !- Port 1

OS:PortList,
  {b4035acd-943c-45b7-9364-3cddf0445e4e}, !- Handle
  {776ee8a8-7156-44f5-80e4-c44a5c482ab2}, !- HVAC Component
  {6cc24246-c293-4afa-86e7-e9aa23543286}; !- Port 1

OS:Sizing:Zone,
  {67675bf0-87b0-4804-90e3-04ca278c24b5}, !- Handle
  {776ee8a8-7156-44f5-80e4-c44a5c482ab2}, !- Zone or ZoneList Name
  SupplyAirTemperature,                   !- Zone Cooling Design Supply Air Temperature Input Method
  14,                                     !- Zone Cooling Design Supply Air Temperature {C}
  11.11,                                  !- Zone Cooling Design Supply Air Temperature Difference {deltaC}
  SupplyAirTemperature,                   !- Zone Heating Design Supply Air Temperature Input Method
  40,                                     !- Zone Heating Design Supply Air Temperature {C}
  11.11,                                  !- Zone Heating Design Supply Air Temperature Difference {deltaC}
  0.0085,                                 !- Zone Cooling Design Supply Air Humidity Ratio {kg-H2O/kg-air}
  0.008,                                  !- Zone Heating Design Supply Air Humidity Ratio {kg-H2O/kg-air}
  ,                                       !- Zone Heating Sizing Factor
  ,                                       !- Zone Cooling Sizing Factor
  DesignDay,                              !- Cooling Design Air Flow Method
  ,                                       !- Cooling Design Air Flow Rate {m3/s}
  ,                                       !- Cooling Minimum Air Flow per Zone Floor Area {m3/s-m2}
  ,                                       !- Cooling Minimum Air Flow {m3/s}
  ,                                       !- Cooling Minimum Air Flow Fraction
  DesignDay,                              !- Heating Design Air Flow Method
  ,                                       !- Heating Design Air Flow Rate {m3/s}
  ,                                       !- Heating Maximum Air Flow per Zone Floor Area {m3/s-m2}
  ,                                       !- Heating Maximum Air Flow {m3/s}
  ,                                       !- Heating Maximum Air Flow Fraction
  No,                                     !- Account for Dedicated Outdoor Air System
  NeutralSupplyAir,                       !- Dedicated Outdoor Air System Control Strategy
  autosize,                               !- Dedicated Outdoor Air Low Setpoint Temperature for Design {C}
  autosize,                               !- Dedicated Outdoor Air High Setpoint Temperature for Design {C}
  Sensible Load Only No Latent Load,      !- Zone Load Sizing Method
  HumidityRatioDifference,                !- Zone Latent Cooling Design Supply Air Humidity Ratio Input Method
  ,                                       !- Zone Dehumidification Design Supply Air Humidity Ratio {kgWater/kgDryAir}
  0.005,                                  !- Zone Cooling Design Supply Air Humidity Ratio Difference {kgWater/kgDryAir}
  HumidityRatioDifference,                !- Zone Latent Heating Design Supply Air Humidity Ratio Input Method
  ,                                       !- Zone Humidification Design Supply Air Humidity Ratio {kgWater/kgDryAir}
  0.005,                                  !- Zone Humidification Design Supply Air Humidity Ratio Difference {kgWater/kgDryAir}
  ,                                       !- Zone Humidistat Dehumidification Set Point Schedule Name
  ,                                       !- Zone Humidistat Humidification Set Point Schedule Name
  ,                                       !- Design Zone Air Distribution Effectiveness in Cooling Mode
  ,                                       !- Design Zone Air Distribution Effectiveness in Heating Mode
  ,                                       !- Design Zone Secondary Recirculation Fraction {dimensionless}
  ,                                       !- Design Minimum Zone Ventilation Efficiency {dimensionless}
  Coincident;                             !- Sizing Option

OS:ZoneHVAC:EquipmentList,
  {2586670e-f176-451f-afb3-3a29851cd220}, !- Handle
  Zone HVAC Equipment List 1,             !- Name
  {776ee8a8-7156-44f5-80e4-c44a5c482ab2}, !- Thermal Zone
  ,                                       !- Load Distribution Scheme
  {452a7949-dc02-4c35-977e-43aa5a0d7165}, !- Zone Equipment 1
  1,                                      !- Zone Equipment Cooling Sequence 1
  1,                                      !- Zone Equipment Heating or No-Load Sequence 1
  {5423e35d-8016-4251-93ee-8d66f6f4de6b}, !- Zone Equipment Sequential Cooling Fraction Schedule Name 1
  {955b5ede-bb21-4d1a-bb3e-3b2db8e52ebf}, !- Zone Equipment Sequential Heating Fraction Schedule Name 1
  {f3a57f41-5aef-4d4a-9b04-9fbfbf79aeef}, !- Zone Equipment 2
  2,                                      !- Zone Equipment Cooling Sequence 2
  2,                                      !- Zone Equipment Heating or No-Load Sequence 2
  {6abd72ff-d4eb-4c83-acf6-00b771ff80f5}, !- Zone Equipment Sequential Cooling Fraction Schedule Name 2
  {4a087dc3-656c-48f2-9464-b50b4c924f33}; !- Zone Equipment Sequential Heating Fraction Schedule Name 2

OS:AdditionalProperties,
  {9da1ec00-a832-403a-8af5-7773961f4f09}, !- Handle
  {776ee8a8-7156-44f5-80e4-c44a5c482ab2}, !- Object Name
  ObjectType,                             !- Feature Name 1
  String,                                 !- Feature Data Type 1
  conditioned space;                      !- Feature Value 1

OS:Space,
  {7694b88f-d262-43ae-90bc-ede964cc3a49}, !- Handle
  conditioned space 1,                    !- Name
  ,                                       !- Space Type Name
  ,                                       !- Default Construction Set Name
  ,                                       !- Default Schedule Set Name
  ,                                       !- Direction of Relative North {deg}
  ,                                       !- X Origin {m}
  ,                                       !- Y Origin {m}
  ,                                       !- Z Origin {m}
  ,                                       !- Building Story Name
  {776ee8a8-7156-44f5-80e4-c44a5c482ab2}, !- Thermal Zone Name
  ,                                       !- Part of Total Floor Area
  ,                                       !- Design Specification Outdoor Air Object Name
  ,                                       !- Building Unit Name
  384.656044105728;                       !- Volume {m3}

OS:Schedule:Ruleset,
  {64216b51-56f6-4798-9bc7-6b0c0499313b}, !- Handle
  heating setpoint,                       !- Name
  {4e136fa4-cd7d-4de7-a1f0-457284e497fa}, !- Schedule Type Limits Name
  {e29d9bac-acbe-4170-ad09-780d83842a74}; !- Default Day Schedule Name

OS:Schedule:Day,
  {e29d9bac-acbe-4170-ad09-780d83842a74}, !- Handle
  heating setpoint default day,           !- Name
  {4e136fa4-cd7d-4de7-a1f0-457284e497fa}, !- Schedule Type Limits Name
  ,                                       !- Interpolate to Timestep
  24,                                     !- Hour 1
  0,                                      !- Minute 1
  0;                                      !- Value Until Time 1

OS:Schedule:Rule,
  {e9098e29-1fe9-4660-9a0e-4dcae59703e1}, !- Handle
  heating setpoint allday rule,           !- Name
  {64216b51-56f6-4798-9bc7-6b0c0499313b}, !- Schedule Ruleset Name
  0,                                      !- Rule Order
  {e6bebab4-7a88-4bfa-8496-038bd96cc464}, !- Day Schedule Name
  Yes,                                    !- Apply Sunday
  Yes,                                    !- Apply Monday
  Yes,                                    !- Apply Tuesday
  Yes,                                    !- Apply Wednesday
  Yes,                                    !- Apply Thursday
  Yes,                                    !- Apply Friday
  Yes,                                    !- Apply Saturday
  DateRange,                              !- Date Specification Type
  1,                                      !- Start Month
  1,                                      !- Start Day
  12,                                     !- End Month
  31;                                     !- End Day

OS:Schedule:Day,
  {e6bebab4-7a88-4bfa-8496-038bd96cc464}, !- Handle
  heating setpoint day,                   !- Name
  {4e136fa4-cd7d-4de7-a1f0-457284e497fa}, !- Schedule Type Limits Name
  ,                                       !- Interpolate to Timestep
  24,                                     !- Hour 1
  0,                                      !- Minute 1
  20;                                     !- Value Until Time 1

OS:Schedule:Ruleset,
  {e29212c0-790d-47f2-8efe-895aca303a10}, !- Handle
  cooling setpoint,                       !- Name
  {4e136fa4-cd7d-4de7-a1f0-457284e497fa}, !- Schedule Type Limits Name
  {5b1c3d37-1ce8-456d-8673-73914ba361f9}; !- Default Day Schedule Name

OS:Schedule:Day,
  {5b1c3d37-1ce8-456d-8673-73914ba361f9}, !- Handle
  cooling setpoint default day,           !- Name
  {4e136fa4-cd7d-4de7-a1f0-457284e497fa}, !- Schedule Type Limits Name
  ,                                       !- Interpolate to Timestep
  24,                                     !- Hour 1
  0,                                      !- Minute 1
  0;                                      !- Value Until Time 1

OS:Schedule:Rule,
  {494368e6-ddad-48e5-b148-1fa7694b1d51}, !- Handle
  cooling setpoint allday rule,           !- Name
  {e29212c0-790d-47f2-8efe-895aca303a10}, !- Schedule Ruleset Name
  0,                                      !- Rule Order
  {d385ebf6-fe98-4447-adbc-27aefc235c83}, !- Day Schedule Name
  Yes,                                    !- Apply Sunday
  Yes,                                    !- Apply Monday
  Yes,                                    !- Apply Tuesday
  Yes,                                    !- Apply Wednesday
  Yes,                                    !- Apply Thursday
  Yes,                                    !- Apply Friday
  Yes,                                    !- Apply Saturday
  DateRange,                              !- Date Specification Type
  1,                                      !- Start Month
  1,                                      !- Start Day
  12,                                     !- End Month
  31;                                     !- End Day

OS:Schedule:Day,
  {d385ebf6-fe98-4447-adbc-27aefc235c83}, !- Handle
  cooling setpoint day,                   !- Name
  {4e136fa4-cd7d-4de7-a1f0-457284e497fa}, !- Schedule Type Limits Name
  ,                                       !- Interpolate to Timestep
  24,                                     !- Hour 1
  0,                                      !- Minute 1
  20;                                     !- Value Until Time 1

OS:ThermostatSetpoint:DualSetpoint,
  {a8163b0d-3c25-40c5-b4a7-c2982321dc2b}, !- Handle
  conditioned space temperature setpoint, !- Name
  {64216b51-56f6-4798-9bc7-6b0c0499313b}, !- Heating Setpoint Temperature Schedule Name
  {e29212c0-790d-47f2-8efe-895aca303a10}, !- Cooling Setpoint Temperature Schedule Name
  0;                                      !- Temperature Difference Between Cutout And Setpoint {deltaC}

OS:ScheduleTypeLimits,
  {4e136fa4-cd7d-4de7-a1f0-457284e497fa}, !- Handle
  Temperature,                            !- Name
  ,                                       !- Lower Limit Value
  ,                                       !- Upper Limit Value
  Continuous,                             !- Numeric Type
  Temperature;                            !- Unit Type

OS:Surface,
  {ec33dbe0-fb77-4e3f-ba3e-bc5502ecd766}, !- Handle
  Roof1,                                  !- Name
  RoofCeiling,                            !- Surface Type
  {53507c80-65d1-4ff1-ae05-45f42520a200}, !- Construction Name
  {e891a3cc-1d3d-436c-b5ee-086bdfb7f6d5}, !- Space Name
  Outdoors,                               !- Outside Boundary Condition
  ,                                       !- Outside Boundary Condition Object
  SunExposed,                             !- Sun Exposure
  WindExposed,                            !- Wind Exposure
  ,                                       !- View Factor to Ground
  ,                                       !- Number of Vertices
  19.1817512076269, -9.02591766192525, 2.4384, !- X,Y,Z Vertex 1 {m}
  10.0980975370823, -9.02591766192525, 6.98022683527234, !- X,Y,Z Vertex 2 {m}
  10.0980975370823, -19.1817512076269, 6.98022683527234, !- X,Y,Z Vertex 3 {m}
  19.1817512076269, -19.1817512076269, 2.4384; !- X,Y,Z Vertex 4 {m}

OS:AdditionalProperties,
  {de24872c-536b-4118-a3db-ec707e8dc7f2}, !- Handle
  {ec33dbe0-fb77-4e3f-ba3e-bc5502ecd766}, !- Object Name
  Length,                                 !- Feature Name 1
  Double,                                 !- Feature Data Type 1
  33.319663863850728,                     !- Feature Value 1
  Width,                                  !- Feature Name 2
  Double,                                 !- Feature Data Type 2
  33.319663863850728,                     !- Feature Value 2
  Azimuth,                                !- Feature Name 3
  Integer,                                !- Feature Data Type 3
  90,                                     !- Feature Value 3
  Tilt,                                   !- Feature Name 4
  Double,                                 !- Feature Data Type 4
  0.5,                                    !- Feature Value 4
  SurfaceType,                            !- Feature Name 5
  String,                                 !- Feature Data Type 5
  Roof;                                   !- Feature Value 5

OS:ThermalZone,
  {b15e7419-ca05-4f50-8407-8c30c9d58429}, !- Handle
  attic - vented,                         !- Name
  1,                                      !- Multiplier
  ,                                       !- Ceiling Height {m}
  228.872875481565,                       !- Volume {m3}
  ,                                       !- Floor Area {m2}
  ,                                       !- Zone Inside Convection Algorithm
  ,                                       !- Zone Outside Convection Algorithm
  ,                                       !- Zone Conditioning Equipment List Name
  {2b0d2f85-d9ca-4e24-9ffe-a667011da2d0}, !- Zone Air Inlet Port List
  {80736a33-3201-42fd-860c-ed2e5db4253b}, !- Zone Air Exhaust Port List
  {d33a209d-b60a-4f48-ad88-b0d289b7797b}, !- Zone Air Node Name
  {7f513197-bc61-4456-8f2c-8eb287477955}, !- Zone Return Air Port List
  ,                                       !- Primary Daylighting Control Name
  ,                                       !- Fraction of Zone Controlled by Primary Daylighting Control
  ,                                       !- Secondary Daylighting Control Name
  ,                                       !- Fraction of Zone Controlled by Secondary Daylighting Control
  ,                                       !- Illuminance Map Name
  ,                                       !- Group Rendering Name
  ,                                       !- Thermostat Name
  No;                                     !- Use Ideal Air Loads

OS:Node,
  {2ec8623e-a518-425c-9495-63f4b8d71a57}, !- Handle
  Node 2,                                 !- Name
  {d33a209d-b60a-4f48-ad88-b0d289b7797b}, !- Inlet Port
  ;                                       !- Outlet Port

OS:Connection,
  {d33a209d-b60a-4f48-ad88-b0d289b7797b}, !- Handle
  {b15e7419-ca05-4f50-8407-8c30c9d58429}, !- Source Object
  11,                                     !- Outlet Port
  {2ec8623e-a518-425c-9495-63f4b8d71a57}, !- Target Object
  2;                                      !- Inlet Port

OS:PortList,
  {2b0d2f85-d9ca-4e24-9ffe-a667011da2d0}, !- Handle
  {b15e7419-ca05-4f50-8407-8c30c9d58429}; !- HVAC Component

OS:PortList,
  {80736a33-3201-42fd-860c-ed2e5db4253b}, !- Handle
  {b15e7419-ca05-4f50-8407-8c30c9d58429}; !- HVAC Component

OS:PortList,
  {7f513197-bc61-4456-8f2c-8eb287477955}, !- Handle
  {b15e7419-ca05-4f50-8407-8c30c9d58429}; !- HVAC Component

OS:Sizing:Zone,
  {156a92a0-60d7-427a-bbed-cb93b89bcf3d}, !- Handle
  {b15e7419-ca05-4f50-8407-8c30c9d58429}, !- Zone or ZoneList Name
  SupplyAirTemperature,                   !- Zone Cooling Design Supply Air Temperature Input Method
  14,                                     !- Zone Cooling Design Supply Air Temperature {C}
  11.11,                                  !- Zone Cooling Design Supply Air Temperature Difference {deltaC}
  SupplyAirTemperature,                   !- Zone Heating Design Supply Air Temperature Input Method
  40,                                     !- Zone Heating Design Supply Air Temperature {C}
  11.11,                                  !- Zone Heating Design Supply Air Temperature Difference {deltaC}
  0.0085,                                 !- Zone Cooling Design Supply Air Humidity Ratio {kg-H2O/kg-air}
  0.008,                                  !- Zone Heating Design Supply Air Humidity Ratio {kg-H2O/kg-air}
  ,                                       !- Zone Heating Sizing Factor
  ,                                       !- Zone Cooling Sizing Factor
  DesignDay,                              !- Cooling Design Air Flow Method
  ,                                       !- Cooling Design Air Flow Rate {m3/s}
  ,                                       !- Cooling Minimum Air Flow per Zone Floor Area {m3/s-m2}
  ,                                       !- Cooling Minimum Air Flow {m3/s}
  ,                                       !- Cooling Minimum Air Flow Fraction
  DesignDay,                              !- Heating Design Air Flow Method
  ,                                       !- Heating Design Air Flow Rate {m3/s}
  ,                                       !- Heating Maximum Air Flow per Zone Floor Area {m3/s-m2}
  ,                                       !- Heating Maximum Air Flow {m3/s}
  ,                                       !- Heating Maximum Air Flow Fraction
  No,                                     !- Account for Dedicated Outdoor Air System
  NeutralSupplyAir,                       !- Dedicated Outdoor Air System Control Strategy
  autosize,                               !- Dedicated Outdoor Air Low Setpoint Temperature for Design {C}
  autosize,                               !- Dedicated Outdoor Air High Setpoint Temperature for Design {C}
  Sensible Load Only No Latent Load,      !- Zone Load Sizing Method
  HumidityRatioDifference,                !- Zone Latent Cooling Design Supply Air Humidity Ratio Input Method
  ,                                       !- Zone Dehumidification Design Supply Air Humidity Ratio {kgWater/kgDryAir}
  0.005,                                  !- Zone Cooling Design Supply Air Humidity Ratio Difference {kgWater/kgDryAir}
  HumidityRatioDifference,                !- Zone Latent Heating Design Supply Air Humidity Ratio Input Method
  ,                                       !- Zone Humidification Design Supply Air Humidity Ratio {kgWater/kgDryAir}
  0.005,                                  !- Zone Humidification Design Supply Air Humidity Ratio Difference {kgWater/kgDryAir}
  ,                                       !- Zone Humidistat Dehumidification Set Point Schedule Name
  ,                                       !- Zone Humidistat Humidification Set Point Schedule Name
  ,                                       !- Design Zone Air Distribution Effectiveness in Cooling Mode
  ,                                       !- Design Zone Air Distribution Effectiveness in Heating Mode
  ,                                       !- Design Zone Secondary Recirculation Fraction {dimensionless}
  ,                                       !- Design Minimum Zone Ventilation Efficiency {dimensionless}
  Coincident;                             !- Sizing Option

OS:ZoneHVAC:EquipmentList,
  {fac495d2-4199-447d-b975-ca5eb1d3aeed}, !- Handle
  Zone HVAC Equipment List 2,             !- Name
  {b15e7419-ca05-4f50-8407-8c30c9d58429}; !- Thermal Zone

OS:AdditionalProperties,
  {d424e598-9058-4b73-bb29-f9719669ade0}, !- Handle
  {b15e7419-ca05-4f50-8407-8c30c9d58429}, !- Object Name
  ObjectType,                             !- Feature Name 1
  String,                                 !- Feature Data Type 1
  attic - vented;                         !- Feature Value 1

OS:Space,
  {e891a3cc-1d3d-436c-b5ee-086bdfb7f6d5}, !- Handle
  attic - vented 1,                       !- Name
  ,                                       !- Space Type Name
  ,                                       !- Default Construction Set Name
  ,                                       !- Default Schedule Set Name
  ,                                       !- Direction of Relative North {deg}
  ,                                       !- X Origin {m}
  ,                                       !- Y Origin {m}
  ,                                       !- Z Origin {m}
  ,                                       !- Building Story Name
  {b15e7419-ca05-4f50-8407-8c30c9d58429}, !- Thermal Zone Name
  ,                                       !- Part of Total Floor Area
  ,                                       !- Design Specification Outdoor Air Object Name
  ,                                       !- Building Unit Name
  228.872875481565;                       !- Volume {m3}

OS:Material,
  {c86600cc-754d-4e10-b6b0-d355eae03771}, !- Handle
  slate or tile shingles,                 !- Name
  Rough,                                  !- Roughness
  0.01905,                                !- Thickness {m}
  0.8409775,                              !- Conductivity {W/m-K}
  1899.972,                               !- Density {kg/m3}
  799.717,                                !- Specific Heat {J/kg-K}
  0.9,                                    !- Thermal Absorptance
  0.75,                                   !- Solar Absorptance
  0.75;                                   !- Visible Absorptance

OS:Material,
  {36b3268c-f3f2-4c85-b999-9cf492b3fbd0}, !- Handle
  roof rigid ins,                         !- Name
  Rough,                                  !- Roughness
  0.00329813704738803,                    !- Thickness {m}
  0.029427,                               !- Conductivity {W/m-K}
  32.04,                                  !- Density {kg/m3}
  1214.23,                                !- Specific Heat {J/kg-K}
  0.9,                                    !- Thermal Absorptance
  0.7,                                    !- Solar Absorptance
  0.7;                                    !- Visible Absorptance

OS:Material,
  {b63e0773-aca6-488e-8ce3-78dd7c9016f9}, !- Handle
  osb sheathing 0.5 in.,                  !- Name
  Rough,                                  !- Roughness
  0.0127,                                 !- Thickness {m}
  0.1154577,                              !- Conductivity {W/m-K}
  512.64,                                 !- Density {kg/m3}
  1214.23,                                !- Specific Heat {J/kg-K}
  0.9,                                    !- Thermal Absorptance
  0.6,                                    !- Solar Absorptance
  0.6;                                    !- Visible Absorptance

OS:Construction,
  {53507c80-65d1-4ff1-ae05-45f42520a200}, !- Handle
  Roof1 construction,                     !- Name
  ,                                       !- Surface Rendering Name
  {c86600cc-754d-4e10-b6b0-d355eae03771}, !- Layer 1
  {36b3268c-f3f2-4c85-b999-9cf492b3fbd0}, !- Layer 2
  {b63e0773-aca6-488e-8ce3-78dd7c9016f9}; !- Layer 3

OS:Surface,
  {1589e292-f70e-484d-afd7-04bce52802e7}, !- Handle
  Roof2,                                  !- Name
  RoofCeiling,                            !- Surface Type
  {bfc26409-bd9d-441e-83fc-1a30d98b371c}, !- Construction Name
  {e891a3cc-1d3d-436c-b5ee-086bdfb7f6d5}, !- Space Name
  Outdoors,                               !- Outside Boundary Condition
  ,                                       !- Outside Boundary Condition Object
  SunExposed,                             !- Sun Exposure
  WindExposed,                            !- Wind Exposure
  ,                                       !- View Factor to Ground
  ,                                       !- Number of Vertices
  -14.4450768299649, -19.1817512076269, 2.4384, !- X,Y,Z Vertex 1 {m}
  -14.4450768299649, -14.9451408493334, 4.55670517914676, !- X,Y,Z Vertex 2 {m}
  -19.181751207627, -14.9451408493334, 4.55670517914676, !- X,Y,Z Vertex 3 {m}
  -19.181751207627, -19.1817512076269, 2.4384; !- X,Y,Z Vertex 4 {m}

OS:AdditionalProperties,
  {26ecb9aa-35c6-4b7f-b814-0d38080f399b}, !- Handle
  {1589e292-f70e-484d-afd7-04bce52802e7}, !- Object Name
  Length,                                 !- Feature Name 1
  Double,                                 !- Feature Data Type 1
  15.540270267920052,                     !- Feature Value 1
  Width,                                  !- Feature Name 2
  Double,                                 !- Feature Data Type 2
  15.540270267920054,                     !- Feature Value 2
  Azimuth,                                !- Feature Name 3
  Integer,                                !- Feature Data Type 3
  180,                                    !- Feature Value 3
  Tilt,                                   !- Feature Name 4
  Double,                                 !- Feature Data Type 4
  0.5,                                    !- Feature Value 4
  SurfaceType,                            !- Feature Name 5
  String,                                 !- Feature Data Type 5
  Roof;                                   !- Feature Value 5

OS:Construction,
  {bfc26409-bd9d-441e-83fc-1a30d98b371c}, !- Handle
  Roof2 construction,                     !- Name
  ,                                       !- Surface Rendering Name
  {c86600cc-754d-4e10-b6b0-d355eae03771}, !- Layer 1
  {36b3268c-f3f2-4c85-b999-9cf492b3fbd0}, !- Layer 2
  {b63e0773-aca6-488e-8ce3-78dd7c9016f9}; !- Layer 3

OS:Surface,
  {ddeb6625-4d3c-4798-826e-7755fc84725a}, !- Handle
  Roof3,                                  !- Name
  RoofCeiling,                            !- Surface Type
  {1ac300ee-c2c4-4508-84a7-8821849b8322}, !- Construction Name
  {e891a3cc-1d3d-436c-b5ee-086bdfb7f6d5}, !- Space Name
  Outdoors,                               !- Outside Boundary Condition
  ,                                       !- Outside Boundary Condition Object
  SunExposed,                             !- Sun Exposure
  WindExposed,                            !- Wind Exposure
  ,                                       !- View Factor to Ground
  ,                                       !- Number of Vertices
  14.4450768299649, 19.1817512076269, 2.4384, !- X,Y,Z Vertex 1 {m}
  14.4450768299649, 14.9451408493334, 4.55670517914676, !- X,Y,Z Vertex 2 {m}
  19.181751207627, 14.9451408493334, 4.55670517914676, !- X,Y,Z Vertex 3 {m}
  19.181751207627, 19.1817512076269, 2.4384; !- X,Y,Z Vertex 4 {m}

OS:AdditionalProperties,
  {3ab6406c-c96f-4404-b431-2a0323406c8b}, !- Handle
  {ddeb6625-4d3c-4798-826e-7755fc84725a}, !- Object Name
  Length,                                 !- Feature Name 1
  Double,                                 !- Feature Data Type 1
  15.540270267920052,                     !- Feature Value 1
  Width,                                  !- Feature Name 2
  Double,                                 !- Feature Data Type 2
  15.540270267920054,                     !- Feature Value 2
  Azimuth,                                !- Feature Name 3
  Integer,                                !- Feature Data Type 3
  0,                                      !- Feature Value 3
  Tilt,                                   !- Feature Name 4
  Double,                                 !- Feature Data Type 4
  0.5,                                    !- Feature Value 4
  SurfaceType,                            !- Feature Name 5
  String,                                 !- Feature Data Type 5
  Roof;                                   !- Feature Value 5

OS:Construction,
  {1ac300ee-c2c4-4508-84a7-8821849b8322}, !- Handle
  Roof3 construction,                     !- Name
  ,                                       !- Surface Rendering Name
  {c86600cc-754d-4e10-b6b0-d355eae03771}, !- Layer 1
  {36b3268c-f3f2-4c85-b999-9cf492b3fbd0}, !- Layer 2
  {b63e0773-aca6-488e-8ce3-78dd7c9016f9}; !- Layer 3

OS:Surface,
  {b9051e76-bbe1-4317-80b5-72fadcda16ab}, !- Handle
  Roof4,                                  !- Name
  RoofCeiling,                            !- Surface Type
  {7f850cfe-ec54-430a-bcd6-5b3c2f26f8be}, !- Construction Name
  {e891a3cc-1d3d-436c-b5ee-086bdfb7f6d5}, !- Space Name
  Outdoors,                               !- Outside Boundary Condition
  ,                                       !- Outside Boundary Condition Object
  SunExposed,                             !- Sun Exposure
  WindExposed,                            !- Wind Exposure
  ,                                       !- View Factor to Ground
  ,                                       !- Number of Vertices
  -19.181751207627, 9.79114070734529, 2.4384, !- X,Y,Z Vertex 1 {m}
  -10.7825338360857, 9.79114070734529, 6.63800868577062, !- X,Y,Z Vertex 2 {m}
  -10.7825338360857, 19.181751207627, 6.63800868577062, !- X,Y,Z Vertex 3 {m}
  -19.181751207627, 19.181751207627, 2.4384; !- X,Y,Z Vertex 4 {m}

OS:AdditionalProperties,
  {7c373b62-f871-41a5-94b8-15aa7504d3d8}, !- Handle
  {b9051e76-bbe1-4317-80b5-72fadcda16ab}, !- Object Name
  Length,                                 !- Feature Name 1
  Double,                                 !- Feature Data Type 1
  30.809089567853189,                     !- Feature Value 1
  Width,                                  !- Feature Name 2
  Double,                                 !- Feature Data Type 2
  30.809089567853185,                     !- Feature Value 2
  Azimuth,                                !- Feature Name 3
  Integer,                                !- Feature Data Type 3
  270,                                    !- Feature Value 3
  Tilt,                                   !- Feature Name 4
  Double,                                 !- Feature Data Type 4
  0.5,                                    !- Feature Value 4
  SurfaceType,                            !- Feature Name 5
  String,                                 !- Feature Data Type 5
  Roof;                                   !- Feature Value 5

OS:Construction,
  {7f850cfe-ec54-430a-bcd6-5b3c2f26f8be}, !- Handle
  Roof4 construction,                     !- Name
  ,                                       !- Surface Rendering Name
  {c86600cc-754d-4e10-b6b0-d355eae03771}, !- Layer 1
  {36b3268c-f3f2-4c85-b999-9cf492b3fbd0}, !- Layer 2
  {b63e0773-aca6-488e-8ce3-78dd7c9016f9}; !- Layer 3

OS:Surface,
  {3d3ef07a-39aa-4309-8e6c-c325b6323786}, !- Handle
  Wall1,                                  !- Name
  Wall,                                   !- Surface Type
  {f949ff86-364a-4c8f-b213-8c1c36d1ae98}, !- Construction Name
  {696b3cdc-37e9-4369-b12d-2648cf32d8ba}, !- Space Name
  Outdoors,                               !- Outside Boundary Condition
  ,                                       !- Outside Boundary Condition Object
  SunExposed,                             !- Sun Exposure
  WindExposed,                            !- Wind Exposure
  ,                                       !- View Factor to Ground
  ,                                       !- Number of Vertices
  -2.75103765158654, -19.181751207627, 0, !- X,Y,Z Vertex 1 {m}
  -2.75103765158654, -19.181751207627, 2.4384, !- X,Y,Z Vertex 2 {m}
  -10.0662376515865, -19.181751207627, 2.4384, !- X,Y,Z Vertex 3 {m}
  -10.0662376515865, -19.181751207627, 0; !- X,Y,Z Vertex 4 {m}

OS:AdditionalProperties,
  {6efc608e-0423-4462-a568-b3031b8379df}, !- Handle
  {3d3ef07a-39aa-4309-8e6c-c325b6323786}, !- Object Name
  Length,                                 !- Feature Name 1
  Double,                                 !- Feature Data Type 1
  24,                                     !- Feature Value 1
  Azimuth,                                !- Feature Name 2
  Integer,                                !- Feature Data Type 2
  180,                                    !- Feature Value 2
  Tilt,                                   !- Feature Name 3
  Double,                                 !- Feature Data Type 3
  90,                                     !- Feature Value 3
  SurfaceType,                            !- Feature Name 4
  String,                                 !- Feature Data Type 4
  Wall;                                   !- Feature Value 4

OS:ThermalZone,
  {02f2652b-3959-4e14-8d55-11ba3deb0dc1}, !- Handle
  garage,                                 !- Name
  1,                                      !- Multiplier
  ,                                       !- Ceiling Height {m}
  130.484029095936,                       !- Volume {m3}
  ,                                       !- Floor Area {m2}
  ,                                       !- Zone Inside Convection Algorithm
  ,                                       !- Zone Outside Convection Algorithm
  ,                                       !- Zone Conditioning Equipment List Name
  {ea41dcce-2185-476a-a19a-cfcb65eaa575}, !- Zone Air Inlet Port List
  {5336310b-089a-4b8a-a092-22c8b0dccbff}, !- Zone Air Exhaust Port List
  {2f410b5b-cf68-45c9-86aa-5b5b1d3390f8}, !- Zone Air Node Name
  {6664dcc1-3c2f-4af8-8746-b1052cb14770}, !- Zone Return Air Port List
  ,                                       !- Primary Daylighting Control Name
  ,                                       !- Fraction of Zone Controlled by Primary Daylighting Control
  ,                                       !- Secondary Daylighting Control Name
  ,                                       !- Fraction of Zone Controlled by Secondary Daylighting Control
  ,                                       !- Illuminance Map Name
  ,                                       !- Group Rendering Name
  ,                                       !- Thermostat Name
  No;                                     !- Use Ideal Air Loads

OS:Node,
  {4b68f303-2ddf-4850-94e4-c7ae988c62eb}, !- Handle
  Node 3,                                 !- Name
  {2f410b5b-cf68-45c9-86aa-5b5b1d3390f8}, !- Inlet Port
  ;                                       !- Outlet Port

OS:Connection,
  {2f410b5b-cf68-45c9-86aa-5b5b1d3390f8}, !- Handle
  {02f2652b-3959-4e14-8d55-11ba3deb0dc1}, !- Source Object
  11,                                     !- Outlet Port
  {4b68f303-2ddf-4850-94e4-c7ae988c62eb}, !- Target Object
  2;                                      !- Inlet Port

OS:PortList,
  {ea41dcce-2185-476a-a19a-cfcb65eaa575}, !- Handle
  {02f2652b-3959-4e14-8d55-11ba3deb0dc1}; !- HVAC Component

OS:PortList,
  {5336310b-089a-4b8a-a092-22c8b0dccbff}, !- Handle
  {02f2652b-3959-4e14-8d55-11ba3deb0dc1}; !- HVAC Component

OS:PortList,
  {6664dcc1-3c2f-4af8-8746-b1052cb14770}, !- Handle
  {02f2652b-3959-4e14-8d55-11ba3deb0dc1}; !- HVAC Component

OS:Sizing:Zone,
  {14c3b5b8-6c70-442a-abea-b754964b7a55}, !- Handle
  {02f2652b-3959-4e14-8d55-11ba3deb0dc1}, !- Zone or ZoneList Name
  SupplyAirTemperature,                   !- Zone Cooling Design Supply Air Temperature Input Method
  14,                                     !- Zone Cooling Design Supply Air Temperature {C}
  11.11,                                  !- Zone Cooling Design Supply Air Temperature Difference {deltaC}
  SupplyAirTemperature,                   !- Zone Heating Design Supply Air Temperature Input Method
  40,                                     !- Zone Heating Design Supply Air Temperature {C}
  11.11,                                  !- Zone Heating Design Supply Air Temperature Difference {deltaC}
  0.0085,                                 !- Zone Cooling Design Supply Air Humidity Ratio {kg-H2O/kg-air}
  0.008,                                  !- Zone Heating Design Supply Air Humidity Ratio {kg-H2O/kg-air}
  ,                                       !- Zone Heating Sizing Factor
  ,                                       !- Zone Cooling Sizing Factor
  DesignDay,                              !- Cooling Design Air Flow Method
  ,                                       !- Cooling Design Air Flow Rate {m3/s}
  ,                                       !- Cooling Minimum Air Flow per Zone Floor Area {m3/s-m2}
  ,                                       !- Cooling Minimum Air Flow {m3/s}
  ,                                       !- Cooling Minimum Air Flow Fraction
  DesignDay,                              !- Heating Design Air Flow Method
  ,                                       !- Heating Design Air Flow Rate {m3/s}
  ,                                       !- Heating Maximum Air Flow per Zone Floor Area {m3/s-m2}
  ,                                       !- Heating Maximum Air Flow {m3/s}
  ,                                       !- Heating Maximum Air Flow Fraction
  No,                                     !- Account for Dedicated Outdoor Air System
  NeutralSupplyAir,                       !- Dedicated Outdoor Air System Control Strategy
  autosize,                               !- Dedicated Outdoor Air Low Setpoint Temperature for Design {C}
  autosize,                               !- Dedicated Outdoor Air High Setpoint Temperature for Design {C}
  Sensible Load Only No Latent Load,      !- Zone Load Sizing Method
  HumidityRatioDifference,                !- Zone Latent Cooling Design Supply Air Humidity Ratio Input Method
  ,                                       !- Zone Dehumidification Design Supply Air Humidity Ratio {kgWater/kgDryAir}
  0.005,                                  !- Zone Cooling Design Supply Air Humidity Ratio Difference {kgWater/kgDryAir}
  HumidityRatioDifference,                !- Zone Latent Heating Design Supply Air Humidity Ratio Input Method
  ,                                       !- Zone Humidification Design Supply Air Humidity Ratio {kgWater/kgDryAir}
  0.005,                                  !- Zone Humidification Design Supply Air Humidity Ratio Difference {kgWater/kgDryAir}
  ,                                       !- Zone Humidistat Dehumidification Set Point Schedule Name
  ,                                       !- Zone Humidistat Humidification Set Point Schedule Name
  ,                                       !- Design Zone Air Distribution Effectiveness in Cooling Mode
  ,                                       !- Design Zone Air Distribution Effectiveness in Heating Mode
  ,                                       !- Design Zone Secondary Recirculation Fraction {dimensionless}
  ,                                       !- Design Minimum Zone Ventilation Efficiency {dimensionless}
  Coincident;                             !- Sizing Option

OS:ZoneHVAC:EquipmentList,
  {c111ee03-877c-4ddd-b911-773d6d3fd633}, !- Handle
  Zone HVAC Equipment List 3,             !- Name
  {02f2652b-3959-4e14-8d55-11ba3deb0dc1}; !- Thermal Zone

OS:AdditionalProperties,
  {0603c6f6-191c-4471-9477-96c10e8e32e7}, !- Handle
  {02f2652b-3959-4e14-8d55-11ba3deb0dc1}, !- Object Name
  ObjectType,                             !- Feature Name 1
  String,                                 !- Feature Data Type 1
  garage;                                 !- Feature Value 1

OS:Space,
  {696b3cdc-37e9-4369-b12d-2648cf32d8ba}, !- Handle
  garage 1,                               !- Name
  ,                                       !- Space Type Name
  ,                                       !- Default Construction Set Name
  ,                                       !- Default Schedule Set Name
  ,                                       !- Direction of Relative North {deg}
  ,                                       !- X Origin {m}
  ,                                       !- Y Origin {m}
  ,                                       !- Z Origin {m}
  ,                                       !- Building Story Name
  {02f2652b-3959-4e14-8d55-11ba3deb0dc1}, !- Thermal Zone Name
  ,                                       !- Part of Total Floor Area
  ,                                       !- Design Specification Outdoor Air Object Name
  ,                                       !- Building Unit Name
  130.484029095936;                       !- Volume {m3}

OS:Material,
  {b8b082a4-2852-41da-bc5d-845b98a707da}, !- Handle
  wood siding,                            !- Name
  Rough,                                  !- Roughness
  0.0254,                                 !- Thickness {m}
  0.1024175,                              !- Conductivity {W/m-K}
  544.68,                                 !- Density {kg/m3}
  1172.36,                                !- Specific Heat {J/kg-K}
  0.9,                                    !- Thermal Absorptance
  0.85,                                   !- Solar Absorptance
  0.85;                                   !- Visible Absorptance

OS:Material,
  {22433f71-c2b3-4c49-aa48-cbf6a8f9fbcf}, !- Handle
  osb sheathing 0.5 in. 1,                !- Name
  Rough,                                  !- Roughness
  0.0127,                                 !- Thickness {m}
  0.1154577,                              !- Conductivity {W/m-K}
  512.64,                                 !- Density {kg/m3}
  1214.23,                                !- Specific Heat {J/kg-K}
  0.9,                                    !- Thermal Absorptance
  0.7,                                    !- Solar Absorptance
  0.7;                                    !- Visible Absorptance

OS:Material,
  {5b102b33-fb20-42a5-89c6-af51a090cb8b}, !- Handle
  wall stud and cavity,                   !- Name
  Rough,                                  !- Roughness
  0.1397,                                 !- Thickness {m}
  0.727959376833552,                      !- Conductivity {W/m-K}
  139.0536,                               !- Density {kg/m3}
  1170.23755760369,                       !- Specific Heat {J/kg-K}
  0.9,                                    !- Thermal Absorptance
  0.6,                                    !- Solar Absorptance
  0.6;                                    !- Visible Absorptance

OS:Construction,
  {f949ff86-364a-4c8f-b213-8c1c36d1ae98}, !- Handle
  Wall1 construction,                     !- Name
  ,                                       !- Surface Rendering Name
  {b8b082a4-2852-41da-bc5d-845b98a707da}, !- Layer 1
  {22433f71-c2b3-4c49-aa48-cbf6a8f9fbcf}, !- Layer 2
  {5b102b33-fb20-42a5-89c6-af51a090cb8b}; !- Layer 3

OS:Surface,
  {6ce3497d-39c5-4cbd-ba51-8069c4d357bc}, !- Handle
  Wall2,                                  !- Name
  Wall,                                   !- Surface Type
  {490ea919-938e-4458-a6e6-eb89e55a0e28}, !- Construction Name
  {696b3cdc-37e9-4369-b12d-2648cf32d8ba}, !- Space Name
  Outdoors,                               !- Outside Boundary Condition
  ,                                       !- Outside Boundary Condition Object
  SunExposed,                             !- Sun Exposure
  WindExposed,                            !- Wind Exposure
  ,                                       !- View Factor to Ground
  ,                                       !- Number of Vertices
  -19.181751207627, -9.13981040762694, 0, !- X,Y,Z Vertex 1 {m}
  -19.181751207627, -9.13981040762694, 2.4384, !- X,Y,Z Vertex 2 {m}
  -19.181751207627, -1.82461040762694, 2.4384, !- X,Y,Z Vertex 3 {m}
  -19.181751207627, -1.82461040762694, 0; !- X,Y,Z Vertex 4 {m}

OS:AdditionalProperties,
  {0124ad1d-3f6a-4d41-808e-83593b620108}, !- Handle
  {6ce3497d-39c5-4cbd-ba51-8069c4d357bc}, !- Object Name
  Length,                                 !- Feature Name 1
  Double,                                 !- Feature Data Type 1
  24,                                     !- Feature Value 1
  Azimuth,                                !- Feature Name 2
  Integer,                                !- Feature Data Type 2
  270,                                    !- Feature Value 2
  Tilt,                                   !- Feature Name 3
  Double,                                 !- Feature Data Type 3
  90,                                     !- Feature Value 3
  SurfaceType,                            !- Feature Name 4
  String,                                 !- Feature Data Type 4
  Wall;                                   !- Feature Value 4

OS:Construction,
  {490ea919-938e-4458-a6e6-eb89e55a0e28}, !- Handle
  Wall2 construction,                     !- Name
  ,                                       !- Surface Rendering Name
  {b8b082a4-2852-41da-bc5d-845b98a707da}, !- Layer 1
  {22433f71-c2b3-4c49-aa48-cbf6a8f9fbcf}, !- Layer 2
  {5b102b33-fb20-42a5-89c6-af51a090cb8b}; !- Layer 3

OS:Surface,
  {4336af9b-fee3-4c0d-8535-adac9c7ae52a}, !- Handle
  Wall3,                                  !- Name
  Wall,                                   !- Surface Type
  {23ac180c-6121-4a12-9717-b04425f44c5d}, !- Construction Name
  {7694b88f-d262-43ae-90bc-ede964cc3a49}, !- Space Name
  Outdoors,                               !- Outside Boundary Condition
  ,                                       !- Outside Boundary Condition Object
  SunExposed,                             !- Sun Exposure
  WindExposed,                            !- Wind Exposure
  ,                                       !- View Factor to Ground
  ,                                       !- Number of Vertices
  19.181751207627, 14.6810894538642, 0,   !- X,Y,Z Vertex 1 {m}
  19.181751207627, 14.6810894538642, 2.4384, !- X,Y,Z Vertex 2 {m}
  19.181751207627, -0.261730546135773, 2.4384, !- X,Y,Z Vertex 3 {m}
  19.181751207627, -0.261730546135773, 0; !- X,Y,Z Vertex 4 {m}

OS:AdditionalProperties,
  {5b965949-eccd-4e72-af26-50ba72ff303a}, !- Handle
  {4336af9b-fee3-4c0d-8535-adac9c7ae52a}, !- Object Name
  Length,                                 !- Feature Name 1
  Double,                                 !- Feature Data Type 1
  49.025000000000006,                     !- Feature Value 1
  Azimuth,                                !- Feature Name 2
  Integer,                                !- Feature Data Type 2
  90,                                     !- Feature Value 2
  Tilt,                                   !- Feature Name 3
  Double,                                 !- Feature Data Type 3
  90,                                     !- Feature Value 3
  SurfaceType,                            !- Feature Name 4
  String,                                 !- Feature Data Type 4
  Wall;                                   !- Feature Value 4

OS:Material,
  {b8163f1d-58f7-4037-a66d-1157420e7dd5}, !- Handle
  wall stud and cavity 1,                 !- Name
  Rough,                                  !- Roughness
  0.1397,                                 !- Thickness {m}
  0.0951300644874275,                     !- Conductivity {W/m-K}
  139.0536,                               !- Density {kg/m3}
  1170.23755760369,                       !- Specific Heat {J/kg-K}
  0.9,                                    !- Thermal Absorptance
  0.7,                                    !- Solar Absorptance
  0.7;                                    !- Visible Absorptance

OS:Material,
  {e032027c-7a22-441e-8613-90145e93e14f}, !- Handle
  gypsum board,                           !- Name
  Rough,                                  !- Roughness
  0.0127,                                 !- Thickness {m}
  0.1602906,                              !- Conductivity {W/m-K}
  801,                                    !- Density {kg/m3}
  837.4,                                  !- Specific Heat {J/kg-K}
  0.9,                                    !- Thermal Absorptance
  0.6,                                    !- Solar Absorptance
  0.6;                                    !- Visible Absorptance

OS:Construction,
  {23ac180c-6121-4a12-9717-b04425f44c5d}, !- Handle
  Wall3 construction,                     !- Name
  ,                                       !- Surface Rendering Name
  {b8b082a4-2852-41da-bc5d-845b98a707da}, !- Layer 1
  {22433f71-c2b3-4c49-aa48-cbf6a8f9fbcf}, !- Layer 2
  {b8163f1d-58f7-4037-a66d-1157420e7dd5}, !- Layer 3
  {e032027c-7a22-441e-8613-90145e93e14f}; !- Layer 4

OS:Surface,
  {254b064c-26e2-474c-910f-340f47e3607e}, !- Handle
  Wall4,                                  !- Name
  Wall,                                   !- Surface Type
  {9c4472a9-9ca0-457e-a2d0-a8dc6bc6b8dc}, !- Construction Name
  {7694b88f-d262-43ae-90bc-ede964cc3a49}, !- Space Name
  Outdoors,                               !- Outside Boundary Condition
  ,                                       !- Outside Boundary Condition Object
  SunExposed,                             !- Sun Exposure
  WindExposed,                            !- Wind Exposure
  ,                                       !- View Factor to Ground
  ,                                       !- Number of Vertices
  3.47770274841346, -19.181751207627, 0,  !- X,Y,Z Vertex 1 {m}
  3.47770274841346, -19.181751207627, 2.4384, !- X,Y,Z Vertex 2 {m}
  -1.82200725158654, -19.181751207627, 2.4384, !- X,Y,Z Vertex 3 {m}
  -1.82200725158654, -19.181751207627, 0; !- X,Y,Z Vertex 4 {m}

OS:AdditionalProperties,
  {bfb38dfc-089a-4c12-b167-2d0b178f4954}, !- Handle
  {254b064c-26e2-474c-910f-340f47e3607e}, !- Object Name
  Length,                                 !- Feature Name 1
  Double,                                 !- Feature Data Type 1
  17.387499999999999,                     !- Feature Value 1
  Azimuth,                                !- Feature Name 2
  Integer,                                !- Feature Data Type 2
  180,                                    !- Feature Value 2
  Tilt,                                   !- Feature Name 3
  Double,                                 !- Feature Data Type 3
  90,                                     !- Feature Value 3
  SurfaceType,                            !- Feature Name 4
  String,                                 !- Feature Data Type 4
  Wall;                                   !- Feature Value 4

OS:Construction,
  {9c4472a9-9ca0-457e-a2d0-a8dc6bc6b8dc}, !- Handle
  Wall4 construction,                     !- Name
  ,                                       !- Surface Rendering Name
  {b8b082a4-2852-41da-bc5d-845b98a707da}, !- Layer 1
  {22433f71-c2b3-4c49-aa48-cbf6a8f9fbcf}, !- Layer 2
  {b8163f1d-58f7-4037-a66d-1157420e7dd5}, !- Layer 3
  {e032027c-7a22-441e-8613-90145e93e14f}; !- Layer 4

OS:Surface,
  {aedb5032-2325-447b-a2b7-0bebdd0e13e0}, !- Handle
  Wall5,                                  !- Name
  Wall,                                   !- Surface Type
  {506eea1a-9807-469c-9f51-dba6527effe5}, !- Construction Name
  {7694b88f-d262-43ae-90bc-ede964cc3a49}, !- Space Name
  Surface,                                !- Outside Boundary Condition
  {8f224146-57b9-4ab0-880f-9f29bdeb4bb5}, !- Outside Boundary Condition Object
  NoSun,                                  !- Sun Exposure
  NoWind,                                 !- Wind Exposure
  ,                                       !- View Factor to Ground
  ,                                       !- Number of Vertices
  6.71890219884204e-16, -3.6576, 0,       !- X,Y,Z Vertex 1 {m}
  6.71890219884204e-16, -3.6576, 2.4384,  !- X,Y,Z Vertex 2 {m}
  -6.71890219884204e-16, 3.6576, 2.4384,  !- X,Y,Z Vertex 3 {m}
  -6.71890219884204e-16, 3.6576, 0;       !- X,Y,Z Vertex 4 {m}

OS:AdditionalProperties,
  {2f00d979-7161-43d1-9cd8-53b30e4ff207}, !- Handle
  {aedb5032-2325-447b-a2b7-0bebdd0e13e0}, !- Object Name
  Length,                                 !- Feature Name 1
  Double,                                 !- Feature Data Type 1
  24,                                     !- Feature Value 1
  Azimuth,                                !- Feature Name 2
  Integer,                                !- Feature Data Type 2
  270,                                    !- Feature Value 2
  Tilt,                                   !- Feature Name 3
  Double,                                 !- Feature Data Type 3
  90,                                     !- Feature Value 3
  SurfaceType,                            !- Feature Name 4
  String,                                 !- Feature Data Type 4
  Wall;                                   !- Feature Value 4

OS:Surface,
  {8f224146-57b9-4ab0-880f-9f29bdeb4bb5}, !- Handle
  Wall5 Reversed,                         !- Name
  Wall,                                   !- Surface Type
  {0884b1a5-9954-4a06-8f34-d5e43dc93ace}, !- Construction Name
  {696b3cdc-37e9-4369-b12d-2648cf32d8ba}, !- Space Name
  Surface,                                !- Outside Boundary Condition
  {aedb5032-2325-447b-a2b7-0bebdd0e13e0}, !- Outside Boundary Condition Object
  NoSun,                                  !- Sun Exposure
  NoWind,                                 !- Wind Exposure
  ,                                       !- View Factor to Ground
  ,                                       !- Number of Vertices
  -6.71890219884204e-16, 3.6576, 0,       !- X,Y,Z Vertex 1 {m}
  -6.71890219884204e-16, 3.6576, 2.4384,  !- X,Y,Z Vertex 2 {m}
  6.71890219884204e-16, -3.6576, 2.4384,  !- X,Y,Z Vertex 3 {m}
  6.71890219884204e-16, -3.6576, 0;       !- X,Y,Z Vertex 4 {m}

OS:AdditionalProperties,
  {49bdfe31-968b-4e21-b97f-1f52d53adea3}, !- Handle
  {8f224146-57b9-4ab0-880f-9f29bdeb4bb5}, !- Object Name
  SurfaceType,                            !- Feature Name 1
  String,                                 !- Feature Data Type 1
  Wall;                                   !- Feature Value 1

OS:Material,
  {6e65d287-0c97-497a-9804-4406da8b3278}, !- Handle
  osb sheathing 0.5 in. 2,                !- Name
  Rough,                                  !- Roughness
  0.0127,                                 !- Thickness {m}
  0.1154577,                              !- Conductivity {W/m-K}
  512.64,                                 !- Density {kg/m3}
  1214.23;                                !- Specific Heat {J/kg-K}

OS:Material,
  {659e6145-a3f0-4c92-8910-2a2b4989b62d}, !- Handle
  wall stud and cavity 2,                 !- Name
  Rough,                                  !- Roughness
  0.1397,                                 !- Thickness {m}
  0.0856281891198488,                     !- Conductivity {W/m-K}
  139.0536,                               !- Density {kg/m3}
  1170.23755760369,                       !- Specific Heat {J/kg-K}
  0.9,                                    !- Thermal Absorptance
  0.7,                                    !- Solar Absorptance
  0.7;                                    !- Visible Absorptance

OS:Construction,
  {506eea1a-9807-469c-9f51-dba6527effe5}, !- Handle
  Wall5 construction,                     !- Name
  ,                                       !- Surface Rendering Name
  {6e65d287-0c97-497a-9804-4406da8b3278}, !- Layer 1
  {659e6145-a3f0-4c92-8910-2a2b4989b62d}, !- Layer 2
  {e032027c-7a22-441e-8613-90145e93e14f}; !- Layer 3

OS:Construction,
  {0884b1a5-9954-4a06-8f34-d5e43dc93ace}, !- Handle
  Wall5 construction Reversed,            !- Name
  ,                                       !- Surface Rendering Name
  {e032027c-7a22-441e-8613-90145e93e14f}, !- Layer 1
  {659e6145-a3f0-4c92-8910-2a2b4989b62d}, !- Layer 2
  {6e65d287-0c97-497a-9804-4406da8b3278}; !- Layer 3

OS:Surface,
  {6e2cac24-fdd7-448c-8e08-8b33dfeb117a}, !- Handle
  Wall6,                                  !- Name
  Wall,                                   !- Surface Type
  {92db72a9-7ced-46fc-b1bd-c590fc8090f2}, !- Construction Name
  {7694b88f-d262-43ae-90bc-ede964cc3a49}, !- Space Name
  Surface,                                !- Outside Boundary Condition
  {c50a5e7a-0610-42a8-bbdf-a49703815f5a}, !- Outside Boundary Condition Object
  NoSun,                                  !- Sun Exposure
  NoWind,                                 !- Wind Exposure
  ,                                       !- View Factor to Ground
  ,                                       !- Number of Vertices
  1.8288, 2.23963406628068e-16, 0,        !- X,Y,Z Vertex 1 {m}
  1.8288, 2.23963406628068e-16, 2.4384,   !- X,Y,Z Vertex 2 {m}
  -1.8288, -2.23963406628068e-16, 2.4384, !- X,Y,Z Vertex 3 {m}
  -1.8288, -2.23963406628068e-16, 0;      !- X,Y,Z Vertex 4 {m}

OS:AdditionalProperties,
  {46a19da6-db97-4fbd-bf6b-bacc83bdbac9}, !- Handle
  {6e2cac24-fdd7-448c-8e08-8b33dfeb117a}, !- Object Name
  Length,                                 !- Feature Name 1
  Double,                                 !- Feature Data Type 1
  12,                                     !- Feature Value 1
  Azimuth,                                !- Feature Name 2
  Integer,                                !- Feature Data Type 2
  180,                                    !- Feature Value 2
  Tilt,                                   !- Feature Name 3
  Double,                                 !- Feature Data Type 3
  90,                                     !- Feature Value 3
  SurfaceType,                            !- Feature Name 4
  String,                                 !- Feature Data Type 4
  Wall;                                   !- Feature Value 4

OS:Surface,
  {c50a5e7a-0610-42a8-bbdf-a49703815f5a}, !- Handle
  Wall6 Reversed,                         !- Name
  Wall,                                   !- Surface Type
  {7e1865ca-0d74-4476-8a42-3bcd524fba38}, !- Construction Name
  {696b3cdc-37e9-4369-b12d-2648cf32d8ba}, !- Space Name
  Surface,                                !- Outside Boundary Condition
  {6e2cac24-fdd7-448c-8e08-8b33dfeb117a}, !- Outside Boundary Condition Object
  NoSun,                                  !- Sun Exposure
  NoWind,                                 !- Wind Exposure
  ,                                       !- View Factor to Ground
  ,                                       !- Number of Vertices
  -1.8288, -2.23963406628068e-16, 0,      !- X,Y,Z Vertex 1 {m}
  -1.8288, -2.23963406628068e-16, 2.4384, !- X,Y,Z Vertex 2 {m}
  1.8288, 2.23963406628068e-16, 2.4384,   !- X,Y,Z Vertex 3 {m}
  1.8288, 2.23963406628068e-16, 0;        !- X,Y,Z Vertex 4 {m}

OS:AdditionalProperties,
  {5e14897c-913f-46ca-b85d-dc099f3699e9}, !- Handle
  {c50a5e7a-0610-42a8-bbdf-a49703815f5a}, !- Object Name
  SurfaceType,                            !- Feature Name 1
  String,                                 !- Feature Data Type 1
  Wall;                                   !- Feature Value 1

OS:Material,
  {800bc50f-d576-4208-a713-e42b0997bdb3}, !- Handle
  osb sheathing 0.5 in. 3,                !- Name
  Rough,                                  !- Roughness
  0.0127,                                 !- Thickness {m}
  0.1154577,                              !- Conductivity {W/m-K}
  512.64,                                 !- Density {kg/m3}
  1214.23;                                !- Specific Heat {J/kg-K}

OS:Construction,
  {92db72a9-7ced-46fc-b1bd-c590fc8090f2}, !- Handle
  Wall6 construction,                     !- Name
  ,                                       !- Surface Rendering Name
  {800bc50f-d576-4208-a713-e42b0997bdb3}, !- Layer 1
  {659e6145-a3f0-4c92-8910-2a2b4989b62d}, !- Layer 2
  {e032027c-7a22-441e-8613-90145e93e14f}; !- Layer 3

OS:Construction,
  {7e1865ca-0d74-4476-8a42-3bcd524fba38}, !- Handle
  Wall6 construction Reversed,            !- Name
  ,                                       !- Surface Rendering Name
  {e032027c-7a22-441e-8613-90145e93e14f}, !- Layer 1
  {659e6145-a3f0-4c92-8910-2a2b4989b62d}, !- Layer 2
  {800bc50f-d576-4208-a713-e42b0997bdb3}; !- Layer 3

OS:Surface,
  {c15f563a-0b38-43a6-9214-7c0ad4a7e229}, !- Handle
  Wall7,                                  !- Name
  Wall,                                   !- Surface Type
  {79fff962-8866-4c25-90a3-92ef4bbf35f5}, !- Construction Name
  {7694b88f-d262-43ae-90bc-ede964cc3a49}, !- Space Name
  Outdoors,                               !- Outside Boundary Condition
  ,                                       !- Outside Boundary Condition Object
  SunExposed,                             !- Sun Exposure
  WindExposed,                            !- Wind Exposure
  ,                                       !- View Factor to Ground
  ,                                       !- Number of Vertices
  -19.181751207627, -18.2527208076269, 0, !- X,Y,Z Vertex 1 {m}
  -19.181751207627, -18.2527208076269, 2.4384, !- X,Y,Z Vertex 2 {m}
  -19.181751207627, -10.0688408076269, 2.4384, !- X,Y,Z Vertex 3 {m}
  -19.181751207627, -10.0688408076269, 0; !- X,Y,Z Vertex 4 {m}

OS:AdditionalProperties,
  {05ce2a83-98a1-4be6-85e4-d2e003f3d333}, !- Handle
  {c15f563a-0b38-43a6-9214-7c0ad4a7e229}, !- Object Name
  Length,                                 !- Feature Name 1
  Double,                                 !- Feature Data Type 1
  26.850000000000001,                     !- Feature Value 1
  Azimuth,                                !- Feature Name 2
  Integer,                                !- Feature Data Type 2
  270,                                    !- Feature Value 2
  Tilt,                                   !- Feature Name 3
  Double,                                 !- Feature Data Type 3
  90,                                     !- Feature Value 3
  SurfaceType,                            !- Feature Name 4
  String,                                 !- Feature Data Type 4
  Wall;                                   !- Feature Value 4

OS:Construction,
  {79fff962-8866-4c25-90a3-92ef4bbf35f5}, !- Handle
  Wall7 construction,                     !- Name
  ,                                       !- Surface Rendering Name
  {b8b082a4-2852-41da-bc5d-845b98a707da}, !- Layer 1
  {800bc50f-d576-4208-a713-e42b0997bdb3}, !- Layer 2
  {b8163f1d-58f7-4037-a66d-1157420e7dd5}, !- Layer 3
  {e032027c-7a22-441e-8613-90145e93e14f}; !- Layer 4

OS:Surface,
  {0f59b475-2fd3-4c99-b277-ffd9352343f1}, !- Handle
  Wall8,                                  !- Name
  Wall,                                   !- Surface Type
  {085adbb2-a24e-4ca4-96ea-9fb4fd330610}, !- Construction Name
  {7694b88f-d262-43ae-90bc-ede964cc3a49}, !- Space Name
  Outdoors,                               !- Outside Boundary Condition
  ,                                       !- Outside Boundary Condition Object
  SunExposed,                             !- Sun Exposure
  WindExposed,                            !- Wind Exposure
  ,                                       !- View Factor to Ground
  ,                                       !- Number of Vertices
  -10.1269847700351, 19.181751207627, 0,  !- X,Y,Z Vertex 1 {m}
  -10.1269847700351, 19.181751207627, 2.4384, !- X,Y,Z Vertex 2 {m}
  -1.82499477003508, 19.181751207627, 2.4384, !- X,Y,Z Vertex 3 {m}
  -1.82499477003508, 19.181751207627, 0;  !- X,Y,Z Vertex 4 {m}

OS:AdditionalProperties,
  {43d547e2-ed37-4260-b1a6-8e541b52e6d2}, !- Handle
  {0f59b475-2fd3-4c99-b277-ffd9352343f1}, !- Object Name
  Length,                                 !- Feature Name 1
  Double,                                 !- Feature Data Type 1
  27.237499999999997,                     !- Feature Value 1
  Azimuth,                                !- Feature Name 2
  Integer,                                !- Feature Data Type 2
  0,                                      !- Feature Value 2
  Tilt,                                   !- Feature Name 3
  Double,                                 !- Feature Data Type 3
  90,                                     !- Feature Value 3
  SurfaceType,                            !- Feature Name 4
  String,                                 !- Feature Data Type 4
  Wall;                                   !- Feature Value 4

OS:Construction,
  {085adbb2-a24e-4ca4-96ea-9fb4fd330610}, !- Handle
  Wall8 construction,                     !- Name
  ,                                       !- Surface Rendering Name
  {b8b082a4-2852-41da-bc5d-845b98a707da}, !- Layer 1
  {800bc50f-d576-4208-a713-e42b0997bdb3}, !- Layer 2
  {b8163f1d-58f7-4037-a66d-1157420e7dd5}, !- Layer 3
  {e032027c-7a22-441e-8613-90145e93e14f}; !- Layer 4

OS:Surface,
  {c0037887-bac3-40e1-b124-2d0a1947046c}, !- Handle
  Wall9,                                  !- Name
  Wall,                                   !- Surface Type
  {73df744c-d028-469f-85ed-b1d47a932057}, !- Construction Name
  {e891a3cc-1d3d-436c-b5ee-086bdfb7f6d5}, !- Space Name
  Outdoors,                               !- Outside Boundary Condition
  ,                                       !- Outside Boundary Condition Object
  SunExposed,                             !- Sun Exposure
  WindExposed,                            !- Wind Exposure
  ,                                       !- View Factor to Ground
  ,                                       !- Number of Vertices
  9.66072314841346, -19.181751207627, 0,  !- X,Y,Z Vertex 1 {m}
  9.66072314841346, -19.181751207627, 2.4384, !- X,Y,Z Vertex 2 {m}
  4.40673314841346, -19.181751207627, 2.4384, !- X,Y,Z Vertex 3 {m}
  4.40673314841346, -19.181751207627, 0;  !- X,Y,Z Vertex 4 {m}

OS:AdditionalProperties,
  {17e5fd32-9208-4f9c-b87c-5689b0b87bfd}, !- Handle
  {c0037887-bac3-40e1-b124-2d0a1947046c}, !- Object Name
  Length,                                 !- Feature Name 1
  Double,                                 !- Feature Data Type 1
  17.237500000000001,                     !- Feature Value 1
  Azimuth,                                !- Feature Name 2
  Integer,                                !- Feature Data Type 2
  180,                                    !- Feature Value 2
  Tilt,                                   !- Feature Name 3
  Double,                                 !- Feature Data Type 3
  90,                                     !- Feature Value 3
  SurfaceType,                            !- Feature Name 4
  String,                                 !- Feature Data Type 4
  Wall;                                   !- Feature Value 4

OS:Construction,
  {73df744c-d028-469f-85ed-b1d47a932057}, !- Handle
  Wall9 construction,                     !- Name
  ,                                       !- Surface Rendering Name
  {b8b082a4-2852-41da-bc5d-845b98a707da}, !- Layer 1
  {800bc50f-d576-4208-a713-e42b0997bdb3}, !- Layer 2
  {5b102b33-fb20-42a5-89c6-af51a090cb8b}; !- Layer 3

OS:Surface,
  {3b66d261-ed33-47d2-a866-65716fb3310b}, !- Handle
  Wall10,                                 !- Name
  Wall,                                   !- Surface Type
  {1638729b-41eb-4eed-94fd-83e8ab0d0204}, !- Construction Name
  {e891a3cc-1d3d-436c-b5ee-086bdfb7f6d5}, !- Space Name
  Outdoors,                               !- Outside Boundary Condition
  ,                                       !- Outside Boundary Condition Object
  SunExposed,                             !- Sun Exposure
  WindExposed,                            !- Wind Exposure
  ,                                       !- View Factor to Ground
  ,                                       !- Number of Vertices
  3.69066602996492, 19.181751207627, 0,   !- X,Y,Z Vertex 1 {m}
  3.69066602996492, 19.181751207627, 2.4384, !- X,Y,Z Vertex 2 {m}
  8.94465602996492, 19.181751207627, 2.4384, !- X,Y,Z Vertex 3 {m}
  8.94465602996492, 19.181751207627, 0;   !- X,Y,Z Vertex 4 {m}

OS:AdditionalProperties,
  {7b74f140-cab4-4526-8534-f3b80e8dd809}, !- Handle
  {3b66d261-ed33-47d2-a866-65716fb3310b}, !- Object Name
  Length,                                 !- Feature Name 1
  Double,                                 !- Feature Data Type 1
  17.237500000000001,                     !- Feature Value 1
  Azimuth,                                !- Feature Name 2
  Integer,                                !- Feature Data Type 2
  0,                                      !- Feature Value 2
  Tilt,                                   !- Feature Name 3
  Double,                                 !- Feature Data Type 3
  90,                                     !- Feature Value 3
  SurfaceType,                            !- Feature Name 4
  String,                                 !- Feature Data Type 4
  Wall;                                   !- Feature Value 4

OS:Construction,
  {1638729b-41eb-4eed-94fd-83e8ab0d0204}, !- Handle
  Wall10 construction,                    !- Name
  ,                                       !- Surface Rendering Name
  {b8b082a4-2852-41da-bc5d-845b98a707da}, !- Layer 1
  {800bc50f-d576-4208-a713-e42b0997bdb3}, !- Layer 2
  {5b102b33-fb20-42a5-89c6-af51a090cb8b}; !- Layer 3

OS:Surface,
  {af7d7d31-b9e1-4323-8fea-ef4e043f36f4}, !- Handle
  Wall11,                                 !- Name
  Wall,                                   !- Surface Type
  {bb286d4a-e1b2-41cb-87e0-48e74fe99ac0}, !- Construction Name
  {e891a3cc-1d3d-436c-b5ee-086bdfb7f6d5}, !- Space Name
  Outdoors,                               !- Outside Boundary Condition
  ,                                       !- Outside Boundary Condition Object
  SunExposed,                             !- Sun Exposure
  WindExposed,                            !- Wind Exposure
  ,                                       !- View Factor to Ground
  ,                                       !- Number of Vertices
  -19.181751207627, -0.895580007626945, 0, !- X,Y,Z Vertex 1 {m}
  -19.181751207627, -0.895580007626945, 2.4384, !- X,Y,Z Vertex 2 {m}
  -19.181751207627, 1.84761999237306, 2.4384, !- X,Y,Z Vertex 3 {m}
  -19.181751207627, 1.84761999237306, 0;  !- X,Y,Z Vertex 4 {m}

OS:AdditionalProperties,
  {a4e83b6d-4b38-42ee-9dda-f1cc4570c663}, !- Handle
  {af7d7d31-b9e1-4323-8fea-ef4e043f36f4}, !- Object Name
  Length,                                 !- Feature Name 1
  Double,                                 !- Feature Data Type 1
  9,                                      !- Feature Value 1
  Azimuth,                                !- Feature Name 2
  Integer,                                !- Feature Data Type 2
  270,                                    !- Feature Value 2
  Tilt,                                   !- Feature Name 3
  Double,                                 !- Feature Data Type 3
  90,                                     !- Feature Value 3
  SurfaceType,                            !- Feature Name 4
  String,                                 !- Feature Data Type 4
  Wall;                                   !- Feature Value 4

OS:Construction,
  {bb286d4a-e1b2-41cb-87e0-48e74fe99ac0}, !- Handle
  Wall11 construction,                    !- Name
  ,                                       !- Surface Rendering Name
  {b8b082a4-2852-41da-bc5d-845b98a707da}, !- Layer 1
  {800bc50f-d576-4208-a713-e42b0997bdb3}, !- Layer 2
  {5b102b33-fb20-42a5-89c6-af51a090cb8b}; !- Layer 3

OS:Surface,
  {72ae5604-dacb-4458-89d9-bc587122f1c1}, !- Handle
  Wall12,                                 !- Name
  Wall,                                   !- Surface Type
  {0e75edc3-d018-453d-9ad1-1acb38d0312b}, !- Construction Name
  {696b3cdc-37e9-4369-b12d-2648cf32d8ba}, !- Space Name
  Outdoors,                               !- Outside Boundary Condition
  ,                                       !- Outside Boundary Condition Object
  SunExposed,                             !- Sun Exposure
  WindExposed,                            !- Wind Exposure
  ,                                       !- View Factor to Ground
  ,                                       !- Number of Vertices
  -0.895964370035083, 19.181751207627, 0, !- X,Y,Z Vertex 1 {m}
  -0.895964370035083, 19.181751207627, 2.4384, !- X,Y,Z Vertex 2 {m}
  2.76163562996492, 19.181751207627, 2.4384, !- X,Y,Z Vertex 3 {m}
  2.76163562996492, 19.181751207627, 0;   !- X,Y,Z Vertex 4 {m}

OS:AdditionalProperties,
  {84f0da7a-dc79-463e-b6ce-95331ad54b95}, !- Handle
  {72ae5604-dacb-4458-89d9-bc587122f1c1}, !- Object Name
  Length,                                 !- Feature Name 1
  Double,                                 !- Feature Data Type 1
  12,                                     !- Feature Value 1
  Azimuth,                                !- Feature Name 2
  Integer,                                !- Feature Data Type 2
  0,                                      !- Feature Value 2
  Tilt,                                   !- Feature Name 3
  Double,                                 !- Feature Data Type 3
  90,                                     !- Feature Value 3
  SurfaceType,                            !- Feature Name 4
  String,                                 !- Feature Data Type 4
  Wall;                                   !- Feature Value 4

OS:Construction,
  {0e75edc3-d018-453d-9ad1-1acb38d0312b}, !- Handle
  Wall12 construction,                    !- Name
  ,                                       !- Surface Rendering Name
  {b8b082a4-2852-41da-bc5d-845b98a707da}, !- Layer 1
  {800bc50f-d576-4208-a713-e42b0997bdb3}, !- Layer 2
  {5b102b33-fb20-42a5-89c6-af51a090cb8b}; !- Layer 3

OS:Surface,
  {06e33771-8f9c-4561-906a-258b480980a6}, !- Handle
  Floor1,                                 !- Name
  RoofCeiling,                            !- Surface Type
  {38ca8fe6-aa7d-4496-936e-6190cc250967}, !- Construction Name
  {696b3cdc-37e9-4369-b12d-2648cf32d8ba}, !- Space Name
  Surface,                                !- Outside Boundary Condition
  {504cdb1f-d0de-47e1-828e-4f0310127208}, !- Outside Boundary Condition Object
  NoSun,                                  !- Sun Exposure
  NoWind,                                 !- Wind Exposure
  ,                                       !- View Factor to Ground
  ,                                       !- Number of Vertices
  3.6576, -3.6576, 2.4384,                !- X,Y,Z Vertex 1 {m}
  3.6576, 3.6576, 2.4384,                 !- X,Y,Z Vertex 2 {m}
  -3.6576, 3.6576, 2.4384,                !- X,Y,Z Vertex 3 {m}
  -3.6576, -3.6576, 2.4384;               !- X,Y,Z Vertex 4 {m}

OS:AdditionalProperties,
  {2f49c98f-fb7f-4ed8-a52e-125c09cd3f09}, !- Handle
  {06e33771-8f9c-4561-906a-258b480980a6}, !- Object Name
  SurfaceType,                            !- Feature Name 1
  String,                                 !- Feature Data Type 1
  Ceiling,                                !- Feature Value 1
  Tilt,                                   !- Feature Name 2
  Double,                                 !- Feature Data Type 2
  0;                                      !- Feature Value 2

OS:Surface,
  {504cdb1f-d0de-47e1-828e-4f0310127208}, !- Handle
  Surface 1 Reversed,                     !- Name
  Floor,                                  !- Surface Type
  {38ca8fe6-aa7d-4496-936e-6190cc250967}, !- Construction Name
  {e891a3cc-1d3d-436c-b5ee-086bdfb7f6d5}, !- Space Name
  Surface,                                !- Outside Boundary Condition
  {06e33771-8f9c-4561-906a-258b480980a6}, !- Outside Boundary Condition Object
  NoSun,                                  !- Sun Exposure
  NoWind,                                 !- Wind Exposure
  ,                                       !- View Factor to Ground
  ,                                       !- Number of Vertices
  -3.6576, -3.6576, 2.4384,               !- X,Y,Z Vertex 1 {m}
  -3.6576, 3.6576, 2.4384,                !- X,Y,Z Vertex 2 {m}
  3.6576, 3.6576, 2.4384,                 !- X,Y,Z Vertex 3 {m}
  3.6576, -3.6576, 2.4384;                !- X,Y,Z Vertex 4 {m}

OS:AdditionalProperties,
  {c9eae3d6-c85f-4e15-a8ae-3061220b1914}, !- Handle
  {504cdb1f-d0de-47e1-828e-4f0310127208}, !- Object Name
  SurfaceType,                            !- Feature Name 1
  String,                                 !- Feature Data Type 1
  Ceiling;                                !- Feature Value 1

OS:Material,
  {33bb8542-2c0e-4080-a71f-905d8c6b335d}, !- Handle
  ceiling stud and cavity,                !- Name
  Rough,                                  !- Roughness
  0.1397,                                 !- Thickness {m}
  1.39188596491228,                       !- Conductivity {W/m-K}
  65.682,                                 !- Density {kg/m3}
  1177.46609756098,                       !- Specific Heat {J/kg-K}
  0.9,                                    !- Thermal Absorptance
  0.7,                                    !- Solar Absorptance
  0.7;                                    !- Visible Absorptance

OS:Construction,
  {38ca8fe6-aa7d-4496-936e-6190cc250967}, !- Handle
  Floor1 construction,                    !- Name
  ,                                       !- Surface Rendering Name
  {33bb8542-2c0e-4080-a71f-905d8c6b335d}; !- Layer 1

OS:Surface,
  {3f4dedcc-a3d2-425e-974e-d438e2f18cb5}, !- Handle
  Floor2,                                 !- Name
  RoofCeiling,                            !- Surface Type
  {874aae86-197b-4f66-98e8-e9fc167a917e}, !- Construction Name
  {7694b88f-d262-43ae-90bc-ede964cc3a49}, !- Space Name
  Surface,                                !- Outside Boundary Condition
  {150e7500-e9e8-448e-a68e-37a8c21e2f72}, !- Outside Boundary Condition Object
  NoSun,                                  !- Sun Exposure
  NoWind,                                 !- Wind Exposure
  ,                                       !- View Factor to Ground
  ,                                       !- Number of Vertices
  6.27991564274553, -6.27991564274553, 2.4384, !- X,Y,Z Vertex 1 {m}
  6.27991564274553, 6.27991564274553, 2.4384, !- X,Y,Z Vertex 2 {m}
  -6.27991564274553, 6.27991564274553, 2.4384, !- X,Y,Z Vertex 3 {m}
  -6.27991564274553, -6.27991564274553, 2.4384; !- X,Y,Z Vertex 4 {m}

OS:AdditionalProperties,
  {68102dac-ecfd-48a6-8e5f-699957ab935a}, !- Handle
  {3f4dedcc-a3d2-425e-974e-d438e2f18cb5}, !- Object Name
  SurfaceType,                            !- Feature Name 1
  String,                                 !- Feature Data Type 1
  Ceiling,                                !- Feature Value 1
  Tilt,                                   !- Feature Name 2
  Double,                                 !- Feature Data Type 2
  0;                                      !- Feature Value 2

OS:Surface,
  {150e7500-e9e8-448e-a68e-37a8c21e2f72}, !- Handle
  Surface 1 Reversed 1,                   !- Name
  Floor,                                  !- Surface Type
  {75ad5277-a635-4c38-a214-4156a4ea4574}, !- Construction Name
  {e891a3cc-1d3d-436c-b5ee-086bdfb7f6d5}, !- Space Name
  Surface,                                !- Outside Boundary Condition
  {3f4dedcc-a3d2-425e-974e-d438e2f18cb5}, !- Outside Boundary Condition Object
  NoSun,                                  !- Sun Exposure
  NoWind,                                 !- Wind Exposure
  ,                                       !- View Factor to Ground
  ,                                       !- Number of Vertices
  -6.27991564274553, -6.27991564274553, 2.4384, !- X,Y,Z Vertex 1 {m}
  -6.27991564274553, 6.27991564274553, 2.4384, !- X,Y,Z Vertex 2 {m}
  6.27991564274553, 6.27991564274553, 2.4384, !- X,Y,Z Vertex 3 {m}
  6.27991564274553, -6.27991564274553, 2.4384; !- X,Y,Z Vertex 4 {m}

OS:AdditionalProperties,
  {f49fd89c-4cd3-420d-841a-60acdfa43580}, !- Handle
  {150e7500-e9e8-448e-a68e-37a8c21e2f72}, !- Object Name
  SurfaceType,                            !- Feature Name 1
  String,                                 !- Feature Data Type 1
  Ceiling;                                !- Feature Value 1

OS:Material,
  {13cba8e3-df64-4625-89f7-f2bf1bbc8fa3}, !- Handle
  ceiling stud and cavity 1,              !- Name
  Rough,                                  !- Roughness
  0.1397,                                 !- Thickness {m}
  0.11806112353267,                       !- Conductivity {W/m-K}
  65.682,                                 !- Density {kg/m3}
  1177.46609756098,                       !- Specific Heat {J/kg-K}
  0.9,                                    !- Thermal Absorptance
  0.7,                                    !- Solar Absorptance
  0.7;                                    !- Visible Absorptance

OS:Construction,
  {874aae86-197b-4f66-98e8-e9fc167a917e}, !- Handle
  Floor2 construction,                    !- Name
  ,                                       !- Surface Rendering Name
  {13cba8e3-df64-4625-89f7-f2bf1bbc8fa3}, !- Layer 1
  {e032027c-7a22-441e-8613-90145e93e14f}; !- Layer 2

OS:Construction,
  {75ad5277-a635-4c38-a214-4156a4ea4574}, !- Handle
  Floor2 construction Reversed,           !- Name
  ,                                       !- Surface Rendering Name
  {e032027c-7a22-441e-8613-90145e93e14f}, !- Layer 1
  {13cba8e3-df64-4625-89f7-f2bf1bbc8fa3}; !- Layer 2

OS:Surface,
  {9b084d5a-b585-4d8b-a734-c0736a241b0e}, !- Handle
  Slab1,                                  !- Name
  Floor,                                  !- Surface Type
  {ffc0404d-9141-4c6e-a161-f877bbaf2853}, !- Construction Name
  {696b3cdc-37e9-4369-b12d-2648cf32d8ba}, !- Space Name
  Foundation,                             !- Outside Boundary Condition
  {12456dd8-6f0c-49c8-bc41-d7a2f8c836c2}, !- Outside Boundary Condition Object
  NoSun,                                  !- Sun Exposure
  NoWind,                                 !- Wind Exposure
  ,                                       !- View Factor to Ground
  ,                                       !- Number of Vertices
  -3.6576, -3.6576, 0,                    !- X,Y,Z Vertex 1 {m}
  -3.6576, 3.6576, 0,                     !- X,Y,Z Vertex 2 {m}
  3.6576, 3.6576, 0,                      !- X,Y,Z Vertex 3 {m}
  3.6576, -3.6576, 0;                     !- X,Y,Z Vertex 4 {m}

OS:AdditionalProperties,
  {a1c51a95-9da4-4944-93b9-b5955d499681}, !- Handle
  {9b084d5a-b585-4d8b-a734-c0736a241b0e}, !- Object Name
  SurfaceType,                            !- Feature Name 1
  String,                                 !- Feature Data Type 1
  Slab;                                   !- Feature Value 1

OS:Foundation:Kiva,
  {12456dd8-6f0c-49c8-bc41-d7a2f8c836c2}, !- Handle
  Foundation Kiva 1,                      !- Name
  13.4258307666913,                       !- Initial Indoor Air Temperature {C}
  ,                                       !- Interior Horizontal Insulation Material Name
  ,                                       !- Interior Horizontal Insulation Depth {m}
  ,                                       !- Interior Horizontal Insulation Width {m}
  ,                                       !- Interior Vertical Insulation Material Name
  ,                                       !- Interior Vertical Insulation Depth {m}
  ,                                       !- Exterior Horizontal Insulation Material Name
  ,                                       !- Exterior Horizontal Insulation Depth {m}
  ,                                       !- Exterior Horizontal Insulation Width {m}
  ,                                       !- Exterior Vertical Insulation Material Name
  ,                                       !- Exterior Vertical Insulation Depth {m}
  0.1016,                                 !- Wall Height Above Grade {m}
  0.2032,                                 !- Wall Depth Below Slab {m}
  ,                                       !- Footing Wall Construction Name
  ,                                       !- Footing Material Name
  ;                                       !- Footing Depth {m}

OS:Foundation:Kiva:Settings,
  {25e628ac-604f-4414-b602-acdcf9ec968d}, !- Handle
  1.3848,                                 !- Soil Conductivity {W/m-K}
  1842.3,                                 !- Soil Density {kg/m3}
  418.7,                                  !- Soil Specific Heat {J/kg-K}
  0.9,                                    !- Ground Solar Absorptivity {dimensionless}
  0.9,                                    !- Ground Thermal Absorptivity {dimensionless}
  0.03,                                   !- Ground Surface Roughness {m}
  40,                                     !- Far-Field Width {m}
  ZeroFlux,                               !- Deep-Ground Boundary Condition
  40,                                     !- Deep-Ground Depth {m}
  0.2,                                    !- Minimum Cell Dimension {m}
  3,                                      !- Maximum Cell Growth Coefficient {dimensionless}
  Timestep;                               !- Simulation Timestep

OS:Material,
  {3dc3e340-3cd8-4d0d-a713-868337418a00}, !- Handle
  concrete 4.0 in.,                       !- Name
  Rough,                                  !- Roughness
  0.1016,                                 !- Thickness {m}
  1.803125,                               !- Conductivity {W/m-K}
  2242.8,                                 !- Density {kg/m3}
  837.4,                                  !- Specific Heat {J/kg-K}
  0.9,                                    !- Thermal Absorptance
  0.7,                                    !- Solar Absorptance
  0.7;                                    !- Visible Absorptance

OS:Construction,
  {ffc0404d-9141-4c6e-a161-f877bbaf2853}, !- Handle
  Slab1 construction,                     !- Name
  ,                                       !- Surface Rendering Name
  {3dc3e340-3cd8-4d0d-a713-868337418a00}; !- Layer 1

OS:SurfaceProperty:ExposedFoundationPerimeter,
  {33f35f0c-cbb1-4852-823d-b0b01b157677}, !- Handle
  {9b084d5a-b585-4d8b-a734-c0736a241b0e}, !- Surface Name
  TotalExposedPerimeter,                  !- Exposed Perimeter Calculation Method
  18.288;                                 !- Total Exposed Perimeter {m}

OS:Surface,
  {e4c3d8ce-5c2a-4217-abdb-4637d3a649ec}, !- Handle
  Slab2,                                  !- Name
  Floor,                                  !- Surface Type
  {8c690527-15d9-4e0e-b014-7a62110cbb63}, !- Construction Name
  {7694b88f-d262-43ae-90bc-ede964cc3a49}, !- Space Name
  Foundation,                             !- Outside Boundary Condition
  {03f55838-d987-4c8d-838a-0b7f49259447}, !- Outside Boundary Condition Object
  NoSun,                                  !- Sun Exposure
  NoWind,                                 !- Wind Exposure
  ,                                       !- View Factor to Ground
  ,                                       !- Number of Vertices
  -6.27991571541551, -6.27991557007555, 0, !- X,Y,Z Vertex 1 {m}
  -6.27991571541551, 6.27991557007555, 0, !- X,Y,Z Vertex 2 {m}
  6.27991571541551, 6.27991557007555, 0,  !- X,Y,Z Vertex 3 {m}
  6.27991571541551, -6.27991557007555, 0; !- X,Y,Z Vertex 4 {m}

OS:AdditionalProperties,
  {3c8c079f-723f-4a56-ae11-59329eabaed7}, !- Handle
  {e4c3d8ce-5c2a-4217-abdb-4637d3a649ec}, !- Object Name
  SurfaceType,                            !- Feature Name 1
  String,                                 !- Feature Data Type 1
  Slab;                                   !- Feature Value 1

OS:Foundation:Kiva,
  {03f55838-d987-4c8d-838a-0b7f49259447}, !- Handle
  Foundation Kiva 2,                      !- Name
  20,                                     !- Initial Indoor Air Temperature {C}
  ,                                       !- Interior Horizontal Insulation Material Name
  ,                                       !- Interior Horizontal Insulation Depth {m}
  ,                                       !- Interior Horizontal Insulation Width {m}
  ,                                       !- Interior Vertical Insulation Material Name
  ,                                       !- Interior Vertical Insulation Depth {m}
  ,                                       !- Exterior Horizontal Insulation Material Name
  ,                                       !- Exterior Horizontal Insulation Depth {m}
  ,                                       !- Exterior Horizontal Insulation Width {m}
  ,                                       !- Exterior Vertical Insulation Material Name
  ,                                       !- Exterior Vertical Insulation Depth {m}
  0.1016,                                 !- Wall Height Above Grade {m}
  0.2032,                                 !- Wall Depth Below Slab {m}
  ,                                       !- Footing Wall Construction Name
  ,                                       !- Footing Material Name
  ;                                       !- Footing Depth {m}

OS:Material,
  {d7579a2c-d449-456e-8cb8-18043f0ee9a0}, !- Handle
  floor covering,                         !- Name
  Rough,                                  !- Roughness
  0.0127,                                 !- Thickness {m}
  0.045078125,                            !- Conductivity {W/m-K}
  54.468,                                 !- Density {kg/m3}
  1339.84,                                !- Specific Heat {J/kg-K}
  0.9,                                    !- Thermal Absorptance
  0.9,                                    !- Solar Absorptance
  0.9;                                    !- Visible Absorptance

OS:Construction,
  {8c690527-15d9-4e0e-b014-7a62110cbb63}, !- Handle
  Slab2 construction,                     !- Name
  ,                                       !- Surface Rendering Name
  {3dc3e340-3cd8-4d0d-a713-868337418a00}, !- Layer 1
  {d7579a2c-d449-456e-8cb8-18043f0ee9a0}; !- Layer 2

OS:SurfaceProperty:ExposedFoundationPerimeter,
  {28ee696e-fe21-4cd2-adb0-5e55c5e6a541}, !- Handle
  {e4c3d8ce-5c2a-4217-abdb-4637d3a649ec}, !- Surface Name
  TotalExposedPerimeter,                  !- Exposed Perimeter Calculation Method
  45.72;                                  !- Total Exposed Perimeter {m}

OS:Surface,
  {e918f24a-7aff-46d9-9876-2b1bc9f91d65}, !- Handle
  surface Window1,                        !- Name
  Wall,                                   !- Surface Type
  {777dfef7-a91e-4284-a68a-876524d67930}, !- Construction Name
  {7694b88f-d262-43ae-90bc-ede964cc3a49}, !- Space Name
  Outdoors,                               !- Outside Boundary Condition
  ,                                       !- Outside Boundary Condition Object
  SunExposed,                             !- Sun Exposure
  WindExposed,                            !- Wind Exposure
  ,                                       !- View Factor to Ground
  ,                                       !- Number of Vertices
  19.181751207627, -1.19045096420731, -0.000309981928464043, !- X,Y,Z Vertex 1 {m}
  19.181751207627, -1.19045096420731, 1.15854998192846, !- X,Y,Z Vertex 2 {m}
  19.181751207627, -8.09719724385371, 1.15854998192846, !- X,Y,Z Vertex 3 {m}
  19.181751207627, -8.09719724385371, -0.000309981928464043; !- X,Y,Z Vertex 4 {m}

OS:AdditionalProperties,
  {b9d056b4-24d3-435d-acf9-60fcf0ef8967}, !- Handle
  {e918f24a-7aff-46d9-9876-2b1bc9f91d65}, !- Object Name
  Length,                                 !- Feature Name 1
  Double,                                 !- Feature Data Type 1
  22.657894736842106,                     !- Feature Value 1
  Azimuth,                                !- Feature Name 2
  Integer,                                !- Feature Data Type 2
  90,                                     !- Feature Value 2
  Tilt,                                   !- Feature Name 3
  Double,                                 !- Feature Data Type 3
  90,                                     !- Feature Value 3
  SurfaceType,                            !- Feature Name 4
  String,                                 !- Feature Data Type 4
  Window;                                 !- Feature Value 4

OS:SubSurface,
  {b6de175b-e399-4725-95a4-07c6585c7182}, !- Handle
  Window1,                                !- Name
  FixedWindow,                            !- Sub Surface Type
  {b0064865-5d20-436b-b8e2-d8d007a85d7e}, !- Construction Name
  {e918f24a-7aff-46d9-9876-2b1bc9f91d65}, !- Surface Name
  ,                                       !- Outside Boundary Condition Object
  ,                                       !- View Factor to Ground
  ,                                       !- Frame and Divider Name
  ,                                       !- Multiplier
  ,                                       !- Number of Vertices
  19.181751207627, -1.19076094613577, 0,  !- X,Y,Z Vertex 1 {m}
  19.181751207627, -1.19076094613577, 1.15824, !- X,Y,Z Vertex 2 {m}
  19.181751207627, -8.09688726192525, 1.15824, !- X,Y,Z Vertex 3 {m}
  19.181751207627, -8.09688726192525, 0;  !- X,Y,Z Vertex 4 {m}

OS:ShadingSurfaceGroup,
  {499af712-59de-448d-9492-a439ec1c81f1}, !- Handle
  Window1 Shading Surfaces,               !- Name
  Space,                                  !- Shading Surface Type
  {7694b88f-d262-43ae-90bc-ede964cc3a49}, !- Space Name
  ,                                       !- Direction of Relative North {deg}
  ,                                       !- X Origin {m}
  ,                                       !- Y Origin {m}
  ,                                       !- Z Origin {m}
  {b6de175b-e399-4725-95a4-07c6585c7182}; !- Shaded Object Name

OS:ShadingSurface,
  {73cae776-7fca-4a4c-80c9-c7104997b667}, !- Handle
  Window1 overhangs,                      !- Name
  ,                                       !- Construction Name
  {499af712-59de-448d-9492-a439ec1c81f1}, !- Shading Surface Group Name
  ,                                       !- Transmittance Schedule Name
  ,                                       !- Number of Vertices
  19.181751207627, -0.885960946135771, 1.46304, !- X,Y,Z Vertex 1 {m}
  19.181751207627, -8.40168726192525, 1.46304, !- X,Y,Z Vertex 2 {m}
  19.791351207627, -8.40168726192525, 1.46304, !- X,Y,Z Vertex 3 {m}
  19.791351207627, -0.885960946135771, 1.46304; !- X,Y,Z Vertex 4 {m}

OS:WindowMaterial:SimpleGlazingSystem,
  {f8d3d898-f738-44a9-9f46-4e78798fc6b5}, !- Handle
  WindowMaterial,                         !- Name
  4.31528,                                !- U-Factor {W/m2-K}
  0.67;                                   !- Solar Heat Gain Coefficient

OS:Construction,
  {b0064865-5d20-436b-b8e2-d8d007a85d7e}, !- Handle
  WindowConstruction,                     !- Name
  ,                                       !- Surface Rendering Name
  {f8d3d898-f738-44a9-9f46-4e78798fc6b5}; !- Layer 1

OS:Schedule:Ruleset,
  {83951dd7-4051-414e-b743-13dcceef9279}, !- Handle
  trans schedule winter=0.85 summer=0.7,  !- Name
  {99c8cb7c-efc2-4f15-b744-0fc6287ca168}, !- Schedule Type Limits Name
  {cbee0feb-810d-4e4c-9ae8-8ff94837e9dd}; !- Default Day Schedule Name

OS:Schedule:Day,
  {cbee0feb-810d-4e4c-9ae8-8ff94837e9dd}, !- Handle
  trans schedule winter=0.85 summer=0.7 default day, !- Name
  {99c8cb7c-efc2-4f15-b744-0fc6287ca168}, !- Schedule Type Limits Name
  ,                                       !- Interpolate to Timestep
  24,                                     !- Hour 1
  0,                                      !- Minute 1
  0;                                      !- Value Until Time 1

OS:ScheduleTypeLimits,
  {99c8cb7c-efc2-4f15-b744-0fc6287ca168}, !- Handle
  Fractional,                             !- Name
  0,                                      !- Lower Limit Value
  1,                                      !- Upper Limit Value
  Continuous;                             !- Numeric Type

OS:Schedule:Rule,
  {55e3a02e-7a26-4f82-b43e-aa7360111c2d}, !- Handle
  trans schedule winter=0.85 summer=0.7 allday rule, !- Name
  {83951dd7-4051-414e-b743-13dcceef9279}, !- Schedule Ruleset Name
  2,                                      !- Rule Order
  {765a3c45-296a-4b7f-a966-4362a0278c9a}, !- Day Schedule Name
  Yes,                                    !- Apply Sunday
  Yes,                                    !- Apply Monday
  Yes,                                    !- Apply Tuesday
  Yes,                                    !- Apply Wednesday
  Yes,                                    !- Apply Thursday
  Yes,                                    !- Apply Friday
  Yes,                                    !- Apply Saturday
  DateRange,                              !- Date Specification Type
  1,                                      !- Start Month
  1,                                      !- Start Day
  5,                                      !- End Month
  31;                                     !- End Day

OS:Schedule:Day,
  {765a3c45-296a-4b7f-a966-4362a0278c9a}, !- Handle
  trans schedule winter=0.85 summer=0.7 day, !- Name
  {99c8cb7c-efc2-4f15-b744-0fc6287ca168}, !- Schedule Type Limits Name
  ,                                       !- Interpolate to Timestep
  24,                                     !- Hour 1
  0,                                      !- Minute 1
  0.85;                                   !- Value Until Time 1

OS:Schedule:Rule,
  {00b8b079-fc91-480d-82ad-985c68d1ac9a}, !- Handle
  trans schedule winter=0.85 summer=0.7 allday rule 1, !- Name
  {83951dd7-4051-414e-b743-13dcceef9279}, !- Schedule Ruleset Name
  1,                                      !- Rule Order
  {d46da31e-b0c4-45ea-9188-00b715a2ac9f}, !- Day Schedule Name
  Yes,                                    !- Apply Sunday
  Yes,                                    !- Apply Monday
  Yes,                                    !- Apply Tuesday
  Yes,                                    !- Apply Wednesday
  Yes,                                    !- Apply Thursday
  Yes,                                    !- Apply Friday
  Yes,                                    !- Apply Saturday
  DateRange,                              !- Date Specification Type
  6,                                      !- Start Month
  1,                                      !- Start Day
  9,                                      !- End Month
  30;                                     !- End Day

OS:Schedule:Day,
  {d46da31e-b0c4-45ea-9188-00b715a2ac9f}, !- Handle
  trans schedule winter=0.85 summer=0.7 day 1, !- Name
  {99c8cb7c-efc2-4f15-b744-0fc6287ca168}, !- Schedule Type Limits Name
  ,                                       !- Interpolate to Timestep
  24,                                     !- Hour 1
  0,                                      !- Minute 1
  0.7;                                    !- Value Until Time 1

OS:Schedule:Rule,
  {c6010f83-f8e3-4c0c-b55e-2447159f560f}, !- Handle
  trans schedule winter=0.85 summer=0.7 allday rule 2, !- Name
  {83951dd7-4051-414e-b743-13dcceef9279}, !- Schedule Ruleset Name
  0,                                      !- Rule Order
  {0129260b-d822-4b82-881e-68fe623da8ee}, !- Day Schedule Name
  Yes,                                    !- Apply Sunday
  Yes,                                    !- Apply Monday
  Yes,                                    !- Apply Tuesday
  Yes,                                    !- Apply Wednesday
  Yes,                                    !- Apply Thursday
  Yes,                                    !- Apply Friday
  Yes,                                    !- Apply Saturday
  DateRange,                              !- Date Specification Type
  10,                                     !- Start Month
  1,                                      !- Start Day
  12,                                     !- End Month
  31;                                     !- End Day

OS:Schedule:Day,
  {0129260b-d822-4b82-881e-68fe623da8ee}, !- Handle
  trans schedule winter=0.85 summer=0.7 day 2, !- Name
  {99c8cb7c-efc2-4f15-b744-0fc6287ca168}, !- Schedule Type Limits Name
  ,                                       !- Interpolate to Timestep
  24,                                     !- Hour 1
  0,                                      !- Minute 1
  0.85;                                   !- Value Until Time 1

OS:SurfaceProperty:IncidentSolarMultiplier,
  {5f8501ca-c957-448e-8f28-41d43c5f8055}, !- Handle
  {b6de175b-e399-4725-95a4-07c6585c7182}, !- Surface Name
  1,                                      !- Incident Solar Multiplier {dimensionless}
  {83951dd7-4051-414e-b743-13dcceef9279}; !- Incident Solar Multiplier Schedule Name

OS:Surface,
  {82825095-df23-4a3c-ac8e-338790889dab}, !- Handle
  surface Window2,                        !- Name
  Wall,                                   !- Surface Type
  {777dfef7-a91e-4284-a68a-876524d67930}, !- Construction Name
  {7694b88f-d262-43ae-90bc-ede964cc3a49}, !- Space Name
  Outdoors,                               !- Outside Boundary Condition
  ,                                       !- Outside Boundary Condition Object
  SunExposed,                             !- Sun Exposure
  WindExposed,                            !- Wind Exposure
  ,                                       !- View Factor to Ground
  ,                                       !- Number of Vertices
  -10.994583102867, -19.181751207627, -0.000684948719551104, !- X,Y,Z Vertex 1 {m}
  -10.994583102867, -19.181751207627, 1.12844494871955, !- X,Y,Z Vertex 2 {m}
  -13.5167313786845, -19.181751207627, 1.12844494871955, !- X,Y,Z Vertex 3 {m}
  -13.5167313786845, -19.181751207627, -0.000684948719551104; !- X,Y,Z Vertex 4 {m}

OS:AdditionalProperties,
  {2747a021-1264-4eaa-a75c-584e9621f0a2}, !- Handle
  {82825095-df23-4a3c-ac8e-338790889dab}, !- Object Name
  Length,                                 !- Feature Name 1
  Double,                                 !- Feature Data Type 1
  8.2702702702702702,                     !- Feature Value 1
  Azimuth,                                !- Feature Name 2
  Integer,                                !- Feature Data Type 2
  180,                                    !- Feature Value 2
  Tilt,                                   !- Feature Name 3
  Double,                                 !- Feature Data Type 3
  90,                                     !- Feature Value 3
  SurfaceType,                            !- Feature Name 4
  String,                                 !- Feature Data Type 4
  Window;                                 !- Feature Value 4

OS:SubSurface,
  {77dab708-7a69-4a2d-a6d6-e90eb38df4dc}, !- Handle
  Window2,                                !- Name
  FixedWindow,                            !- Sub Surface Type
  {1197503a-0ab8-499c-9d31-387bce877674}, !- Construction Name
  {82825095-df23-4a3c-ac8e-338790889dab}, !- Surface Name
  ,                                       !- Outside Boundary Condition Object
  ,                                       !- View Factor to Ground
  ,                                       !- Frame and Divider Name
  ,                                       !- Multiplier
  ,                                       !- Number of Vertices
  -10.9952680515865, -19.181751207627, 0, !- X,Y,Z Vertex 1 {m}
  -10.9952680515865, -19.181751207627, 1.12776, !- X,Y,Z Vertex 2 {m}
  -13.5160464299649, -19.181751207627, 1.12776, !- X,Y,Z Vertex 3 {m}
  -13.5160464299649, -19.181751207627, 0; !- X,Y,Z Vertex 4 {m}

OS:ShadingSurfaceGroup,
  {e8221051-391f-406d-8b34-680cdbc39d9d}, !- Handle
  Window2 Shading Surfaces,               !- Name
  Space,                                  !- Shading Surface Type
  {7694b88f-d262-43ae-90bc-ede964cc3a49}, !- Space Name
  ,                                       !- Direction of Relative North {deg}
  ,                                       !- X Origin {m}
  ,                                       !- Y Origin {m}
  ,                                       !- Z Origin {m}
  {77dab708-7a69-4a2d-a6d6-e90eb38df4dc}; !- Shaded Object Name

OS:ShadingSurface,
  {f15f2b67-fb39-4b0c-8d0b-bfb94b3475a6}, !- Handle
  Window2 overhangs,                      !- Name
  ,                                       !- Construction Name
  {e8221051-391f-406d-8b34-680cdbc39d9d}, !- Shading Surface Group Name
  ,                                       !- Transmittance Schedule Name
  ,                                       !- Number of Vertices
  -10.6904680515865, -19.181751207627, 1.43256, !- X,Y,Z Vertex 1 {m}
  -13.8208464299649, -19.181751207627, 1.43256, !- X,Y,Z Vertex 2 {m}
  -13.8208464299649, -19.791351207627, 1.43256, !- X,Y,Z Vertex 3 {m}
  -10.6904680515865, -19.791351207627, 1.43256; !- X,Y,Z Vertex 4 {m}

OS:Construction,
  {1197503a-0ab8-499c-9d31-387bce877674}, !- Handle
  WindowConstruction 1,                   !- Name
  ,                                       !- Surface Rendering Name
  {f8d3d898-f738-44a9-9f46-4e78798fc6b5}; !- Layer 1

OS:SurfaceProperty:IncidentSolarMultiplier,
  {6a8a4b34-3e2e-46d2-bf1a-36d26109c8ec}, !- Handle
  {77dab708-7a69-4a2d-a6d6-e90eb38df4dc}, !- Surface Name
  1,                                      !- Incident Solar Multiplier {dimensionless}
  {83951dd7-4051-414e-b743-13dcceef9279}; !- Incident Solar Multiplier Schedule Name

OS:Surface,
  {51750f81-3d2f-428d-bc02-a6b73b159bde}, !- Handle
  surface Window3,                        !- Name
  Wall,                                   !- Surface Type
  {777dfef7-a91e-4284-a68a-876524d67930}, !- Construction Name
  {7694b88f-d262-43ae-90bc-ede964cc3a49}, !- Space Name
  Outdoors,                               !- Outside Boundary Condition
  ,                                       !- Outside Boundary Condition Object
  SunExposed,                             !- Sun Exposure
  WindExposed,                            !- Wind Exposure
  ,                                       !- View Factor to Ground
  ,                                       !- Number of Vertices
  -19.181751207627, 2.77618494507489, -0.000465447298166943, !- X,Y,Z Vertex 1 {m}
  -19.181751207627, 2.77618494507489, 1.12822544729817, !- X,Y,Z Vertex 2 {m}
  -19.181751207627, 7.01960232615771, 1.12822544729817, !- X,Y,Z Vertex 3 {m}
  -19.181751207627, 7.01960232615771, -0.000465447298166943; !- X,Y,Z Vertex 4 {m}

OS:AdditionalProperties,
  {9cac6a5d-dc5b-40a5-88b3-87711daf4dff}, !- Handle
  {51750f81-3d2f-428d-bc02-a6b73b159bde}, !- Object Name
  Length,                                 !- Feature Name 1
  Double,                                 !- Feature Data Type 1
  13.918918918918918,                     !- Feature Value 1
  Azimuth,                                !- Feature Name 2
  Integer,                                !- Feature Data Type 2
  270,                                    !- Feature Value 2
  Tilt,                                   !- Feature Name 3
  Double,                                 !- Feature Data Type 3
  90,                                     !- Feature Value 3
  SurfaceType,                            !- Feature Name 4
  String,                                 !- Feature Data Type 4
  Window;                                 !- Feature Value 4

OS:SubSurface,
  {bf7c0930-1d69-484b-9509-33108b38609c}, !- Handle
  Window3,                                !- Name
  FixedWindow,                            !- Sub Surface Type
  {5eb64c63-ef8a-49f4-a597-5217fe05ca17}, !- Construction Name
  {51750f81-3d2f-428d-bc02-a6b73b159bde}, !- Surface Name
  ,                                       !- Outside Boundary Condition Object
  ,                                       !- View Factor to Ground
  ,                                       !- Frame and Divider Name
  ,                                       !- Multiplier
  ,                                       !- Number of Vertices
  -19.181751207627, 2.77665039237306, 0,  !- X,Y,Z Vertex 1 {m}
  -19.181751207627, 2.77665039237306, 1.12776, !- X,Y,Z Vertex 2 {m}
  -19.181751207627, 7.01913687885954, 1.12776, !- X,Y,Z Vertex 3 {m}
  -19.181751207627, 7.01913687885954, 0;  !- X,Y,Z Vertex 4 {m}

OS:ShadingSurfaceGroup,
  {1bb51e89-773d-42c4-aa43-fab8bbdbf938}, !- Handle
  Window3 Shading Surfaces,               !- Name
  Space,                                  !- Shading Surface Type
  {7694b88f-d262-43ae-90bc-ede964cc3a49}, !- Space Name
  ,                                       !- Direction of Relative North {deg}
  ,                                       !- X Origin {m}
  ,                                       !- Y Origin {m}
  ,                                       !- Z Origin {m}
  {bf7c0930-1d69-484b-9509-33108b38609c}; !- Shaded Object Name

OS:ShadingSurface,
  {f47ed685-a631-43aa-ab61-d8054487b6c3}, !- Handle
  Window3 overhangs,                      !- Name
  ,                                       !- Construction Name
  {1bb51e89-773d-42c4-aa43-fab8bbdbf938}, !- Shading Surface Group Name
  ,                                       !- Transmittance Schedule Name
  ,                                       !- Number of Vertices
  -19.181751207627, 2.47185039237306, 1.43256, !- X,Y,Z Vertex 1 {m}
  -19.181751207627, 7.32393687885954, 1.43256, !- X,Y,Z Vertex 2 {m}
  -19.791351207627, 7.32393687885954, 1.43256, !- X,Y,Z Vertex 3 {m}
  -19.791351207627, 2.47185039237306, 1.43256; !- X,Y,Z Vertex 4 {m}

OS:Construction,
  {5eb64c63-ef8a-49f4-a597-5217fe05ca17}, !- Handle
  WindowConstruction 2,                   !- Name
  ,                                       !- Surface Rendering Name
  {f8d3d898-f738-44a9-9f46-4e78798fc6b5}; !- Layer 1

OS:SurfaceProperty:IncidentSolarMultiplier,
  {bc2bbc87-7dca-4b26-9821-68e78bcb1fb0}, !- Handle
  {bf7c0930-1d69-484b-9509-33108b38609c}, !- Surface Name
  1,                                      !- Incident Solar Multiplier {dimensionless}
  {83951dd7-4051-414e-b743-13dcceef9279}; !- Incident Solar Multiplier Schedule Name

OS:Surface,
  {f87cf55e-f4a2-43b1-9946-c7882adcfd8b}, !- Handle
  surface Window4,                        !- Name
  Wall,                                   !- Surface Type
  {777dfef7-a91e-4284-a68a-876524d67930}, !- Construction Name
  {7694b88f-d262-43ae-90bc-ede964cc3a49}, !- Space Name
  Outdoors,                               !- Outside Boundary Condition
  ,                                       !- Outside Boundary Condition Object
  SunExposed,                             !- Sun Exposure
  WindExposed,                            !- Wind Exposure
  ,                                       !- View Factor to Ground
  ,                                       !- Number of Vertices
  9.87317230047938, 19.181751207627, -0.000514129485544579, !- X,Y,Z Vertex 1 {m}
  9.87317230047938, 19.181751207627, 1.21971412948554, !- X,Y,Z Vertex 2 {m}
  13.5165605594505, 19.181751207627, 1.21971412948554, !- X,Y,Z Vertex 3 {m}
  13.5165605594505, 19.181751207627, -0.000514129485544579; !- X,Y,Z Vertex 4 {m}

OS:AdditionalProperties,
  {d62f8b61-3112-4fae-b792-016ba9c76960}, !- Handle
  {f87cf55e-f4a2-43b1-9946-c7882adcfd8b}, !- Object Name
  Length,                                 !- Feature Name 1
  Double,                                 !- Feature Data Type 1
  11.949999999999999,                     !- Feature Value 1
  Azimuth,                                !- Feature Name 2
  Integer,                                !- Feature Data Type 2
  0,                                      !- Feature Value 2
  Tilt,                                   !- Feature Name 3
  Double,                                 !- Feature Data Type 3
  90,                                     !- Feature Value 3
  SurfaceType,                            !- Feature Name 4
  String,                                 !- Feature Data Type 4
  Window;                                 !- Feature Value 4

OS:SubSurface,
  {feb63399-002d-4df4-892d-2e17a489cfe3}, !- Handle
  Window4,                                !- Name
  FixedWindow,                            !- Sub Surface Type
  {9c9f0880-7d23-4ff8-865b-91b2ce40000b}, !- Construction Name
  {f87cf55e-f4a2-43b1-9946-c7882adcfd8b}, !- Surface Name
  ,                                       !- Outside Boundary Condition Object
  ,                                       !- View Factor to Ground
  ,                                       !- Frame and Divider Name
  ,                                       !- Multiplier
  ,                                       !- Number of Vertices
  9.87368642996492, 19.181751207627, 0,   !- X,Y,Z Vertex 1 {m}
  9.87368642996492, 19.181751207627, 1.2192, !- X,Y,Z Vertex 2 {m}
  13.5160464299649, 19.181751207627, 1.2192, !- X,Y,Z Vertex 3 {m}
  13.5160464299649, 19.181751207627, 0;   !- X,Y,Z Vertex 4 {m}

OS:ShadingSurfaceGroup,
  {a201ec15-67f7-440f-8df7-f49c395a343a}, !- Handle
  Window4 Shading Surfaces,               !- Name
  Space,                                  !- Shading Surface Type
  {7694b88f-d262-43ae-90bc-ede964cc3a49}, !- Space Name
  ,                                       !- Direction of Relative North {deg}
  ,                                       !- X Origin {m}
  ,                                       !- Y Origin {m}
  ,                                       !- Z Origin {m}
  {feb63399-002d-4df4-892d-2e17a489cfe3}; !- Shaded Object Name

OS:ShadingSurface,
  {42fe759a-7a12-4a31-8e57-0d660605304c}, !- Handle
  Window4 overhangs,                      !- Name
  ,                                       !- Construction Name
  {a201ec15-67f7-440f-8df7-f49c395a343a}, !- Shading Surface Group Name
  ,                                       !- Transmittance Schedule Name
  ,                                       !- Number of Vertices
  9.56888642996492, 19.181751207627, 1.524, !- X,Y,Z Vertex 1 {m}
  13.8208464299649, 19.181751207627, 1.524, !- X,Y,Z Vertex 2 {m}
  13.8208464299649, 19.791351207627, 1.524, !- X,Y,Z Vertex 3 {m}
  9.56888642996492, 19.791351207627, 1.524; !- X,Y,Z Vertex 4 {m}

OS:Construction,
  {9c9f0880-7d23-4ff8-865b-91b2ce40000b}, !- Handle
  WindowConstruction 3,                   !- Name
  ,                                       !- Surface Rendering Name
  {f8d3d898-f738-44a9-9f46-4e78798fc6b5}; !- Layer 1

OS:SurfaceProperty:IncidentSolarMultiplier,
  {37790e81-774e-4f7b-b3eb-fa3d4f8954c5}, !- Handle
  {feb63399-002d-4df4-892d-2e17a489cfe3}, !- Surface Name
  1,                                      !- Incident Solar Multiplier {dimensionless}
  {83951dd7-4051-414e-b743-13dcceef9279}; !- Incident Solar Multiplier Schedule Name

OS:Material,
  {99492f2f-d86a-41a1-8eec-6637cde50849}, !- Handle
  wood siding 1,                          !- Name
  Rough,                                  !- Roughness
  0.0254,                                 !- Thickness {m}
  0.1024175,                              !- Conductivity {W/m-K}
  544.68,                                 !- Density {kg/m3}
  1172.36;                                !- Specific Heat {J/kg-K}

OS:Material,
  {5767b85b-84c0-4623-b8d4-59d8a3e847ea}, !- Handle
  wall rigid ins,                         !- Name
  Rough,                                  !- Roughness
  0.5129784,                              !- Thickness {m}
  0.029427,                               !- Conductivity {W/m-K}
  32.04,                                  !- Density {kg/m3}
  1214.23,                                !- Specific Heat {J/kg-K}
  0.9,                                    !- Thermal Absorptance
  0.7,                                    !- Solar Absorptance
  0.7;                                    !- Visible Absorptance

OS:Material,
  {c037e1e6-6bf5-4ece-802f-e80e884cb8db}, !- Handle
  wall stud and cavity 3,                 !- Name
  Rough,                                  !- Roughness
  0.0889,                                 !- Thickness {m}
  0.380278417457636,                      !- Conductivity {W/m-K}
  52.34794524,                            !- Density {kg/m3}
  1209.88641434781,                       !- Specific Heat {J/kg-K}
  0.9,                                    !- Thermal Absorptance
  0.7,                                    !- Solar Absorptance
  0.7;                                    !- Visible Absorptance

OS:Construction,
  {777dfef7-a91e-4284-a68a-876524d67930}, !- Handle
  AdiabaticWallConstruction,              !- Name
  ,                                       !- Surface Rendering Name
  {99492f2f-d86a-41a1-8eec-6637cde50849}, !- Layer 1
  {5767b85b-84c0-4623-b8d4-59d8a3e847ea}, !- Layer 2
  {c037e1e6-6bf5-4ece-802f-e80e884cb8db}, !- Layer 3
  {e032027c-7a22-441e-8613-90145e93e14f}; !- Layer 4

OS:Surface,
  {86f2f685-3327-4164-90d0-137d9edcfd94}, !- Handle
  surface Door1,                          !- Name
  Wall,                                   !- Surface Type
  {86b2af63-100c-4bd3-bbb6-aade4df6fe5e}, !- Construction Name
  {7694b88f-d262-43ae-90bc-ede964cc3a49}, !- Space Name
  Outdoors,                               !- Outside Boundary Condition
  ,                                       !- Outside Boundary Condition Object
  SunExposed,                             !- Sun Exposure
  WindExposed,                            !- Wind Exposure
  ,                                       !- View Factor to Ground
  ,                                       !- Number of Vertices
  -19.181751207627, 7.94731943459159, -0.000847844267953146, !- X,Y,Z Vertex 1 {m}
  -19.181751207627, 7.94731943459159, 2.03386384426795, !- X,Y,Z Vertex 2 {m}
  -19.181751207627, 8.86295815161325, 2.03386384426795, !- X,Y,Z Vertex 3 {m}
  -19.181751207627, 8.86295815161325, -0.000847844267953146; !- X,Y,Z Vertex 4 {m}

OS:AdditionalProperties,
  {c19c783f-d360-41a5-841f-9b7e52929ed0}, !- Handle
  {86f2f685-3327-4164-90d0-137d9edcfd94}, !- Object Name
  Length,                                 !- Feature Name 1
  Double,                                 !- Feature Data Type 1
  2.9985007496251876,                     !- Feature Value 1
  Azimuth,                                !- Feature Name 2
  Integer,                                !- Feature Data Type 2
  270,                                    !- Feature Value 2
  Tilt,                                   !- Feature Name 3
  Double,                                 !- Feature Data Type 3
  90,                                     !- Feature Value 3
  SurfaceType,                            !- Feature Name 4
  String,                                 !- Feature Data Type 4
  Door;                                   !- Feature Value 4

OS:SubSurface,
  {886047b8-5e04-4b1d-9250-0ce4365ea75f}, !- Handle
  Door1,                                  !- Name
  Door,                                   !- Sub Surface Type
  {7ae0e299-b3ce-48a1-84b7-76929531ce80}, !- Construction Name
  {86f2f685-3327-4164-90d0-137d9edcfd94}, !- Surface Name
  ,                                       !- Outside Boundary Condition Object
  ,                                       !- View Factor to Ground
  ,                                       !- Frame and Divider Name
  ,                                       !- Multiplier
  ,                                       !- Number of Vertices
  -19.181751207627, 7.94816727885954, 0,  !- X,Y,Z Vertex 1 {m}
  -19.181751207627, 7.94816727885954, 2.033016, !- X,Y,Z Vertex 2 {m}
  -19.181751207627, 8.8621103073453, 2.033016, !- X,Y,Z Vertex 3 {m}
  -19.181751207627, 8.8621103073453, 0;   !- X,Y,Z Vertex 4 {m}

OS:Material,
  {38ba34e4-78de-4cc6-b00f-1dd406dd2823}, !- Handle
  door material,                          !- Name
  Rough,                                  !- Roughness
  0.04445,                                !- Thickness {m}
  0.0612266553480475,                     !- Conductivity {W/m-K}
  512.64,                                 !- Density {kg/m3}
  1214.23,                                !- Specific Heat {J/kg-K}
  0.9,                                    !- Thermal Absorptance
  0.7,                                    !- Solar Absorptance
  0.7;                                    !- Visible Absorptance

OS:Construction,
  {7ae0e299-b3ce-48a1-84b7-76929531ce80}, !- Handle
  Door,                                   !- Name
  ,                                       !- Surface Rendering Name
  {38ba34e4-78de-4cc6-b00f-1dd406dd2823}; !- Layer 1

OS:Material,
  {dac0cc73-1100-4787-942c-84e52de7287f}, !- Handle
  wood siding 2,                          !- Name
  Rough,                                  !- Roughness
  0.0254,                                 !- Thickness {m}
  0.1024175,                              !- Conductivity {W/m-K}
  544.68,                                 !- Density {kg/m3}
  1172.36;                                !- Specific Heat {J/kg-K}

OS:Construction,
  {86b2af63-100c-4bd3-bbb6-aade4df6fe5e}, !- Handle
  AdiabaticWallConstruction 1,            !- Name
  ,                                       !- Surface Rendering Name
  {dac0cc73-1100-4787-942c-84e52de7287f}, !- Layer 1
  {5767b85b-84c0-4623-b8d4-59d8a3e847ea}, !- Layer 2
  {c037e1e6-6bf5-4ece-802f-e80e884cb8db}, !- Layer 3
  {e032027c-7a22-441e-8613-90145e93e14f}; !- Layer 4

OS:InternalMass:Definition,
  {2787d250-e898-48c2-a81e-e20003274a14}, !- Handle
  partition wall mass,                    !- Name
  {39f5505e-451d-446b-ac72-a214444b7177}, !- Construction Name
  SurfaceArea,                            !- Design Level Calculation Method
  157.74936,                              !- Surface Area {m2}
  ,                                       !- Surface Area per Space Floor Area {dimensionless}
  ;                                       !- Surface Area per Person {m2/person}

OS:InternalMass,
  {aad19bed-3bf6-4279-afa9-33d0d130ab39}, !- Handle
  partition wall mass,                    !- Name
  {2787d250-e898-48c2-a81e-e20003274a14}, !- Internal Mass Definition Name
  {7694b88f-d262-43ae-90bc-ede964cc3a49}, !- Space or SpaceType Name
  1;                                      !- Multiplier

OS:Material,
  {e0f83c62-9bb5-4c6e-b965-b8699b801e42}, !- Handle
  wall stud and cavity 4,                 !- Name
  Rough,                                  !- Roughness
  0.0889,                                 !- Thickness {m}
  0.391763531157105,                      !- Conductivity {W/m-K}
  83.034082224,                           !- Density {kg/m3}
  1211.67419087611,                       !- Specific Heat {J/kg-K}
  0.9,                                    !- Thermal Absorptance
  0.7,                                    !- Solar Absorptance
  0.7;                                    !- Visible Absorptance

OS:Construction,
  {39f5505e-451d-446b-ac72-a214444b7177}, !- Handle
  PartitionWallConstruction,              !- Name
  ,                                       !- Surface Rendering Name
  {e032027c-7a22-441e-8613-90145e93e14f}, !- Layer 1
  {e0f83c62-9bb5-4c6e-b965-b8699b801e42}, !- Layer 2
  {e032027c-7a22-441e-8613-90145e93e14f}; !- Layer 3

OS:InternalMass:Definition,
  {bd1b0984-9a16-44d8-be15-0ddc18e98fcc}, !- Handle
  furniture mass conditioned space 1,     !- Name
  {9c01ebdc-0e2a-48f8-85f0-5a594b1d8128}, !- Construction Name
  SurfaceArea,                            !- Design Level Calculation Method
  63.09974,                               !- Surface Area {m2}
  ,                                       !- Surface Area per Space Floor Area {dimensionless}
  ;                                       !- Surface Area per Person {m2/person}

OS:InternalMass,
  {29217d55-7cab-480c-8f17-d28d2bc3b997}, !- Handle
  furniture mass conditioned space 1,     !- Name
  {bd1b0984-9a16-44d8-be15-0ddc18e98fcc}, !- Internal Mass Definition Name
  {7694b88f-d262-43ae-90bc-ede964cc3a49}, !- Space or SpaceType Name
  1;                                      !- Multiplier

OS:Material,
  {f3e4e493-f684-40fb-ab33-095d8b259dd6}, !- Handle
  furniture material conditioned space 1, !- Name
  Rough,                                  !- Roughness
  0.1524,                                 !- Thickness {m}
  0.1154577,                              !- Conductivity {W/m-K}
  640.8,                                  !- Density {kg/m3}
  1214.23,                                !- Specific Heat {J/kg-K}
  0.9,                                    !- Thermal Absorptance
  0.6,                                    !- Solar Absorptance
  0.6;                                    !- Visible Absorptance

OS:Construction,
  {9c01ebdc-0e2a-48f8-85f0-5a594b1d8128}, !- Handle
  furniture construction conditioned space 1, !- Name
  ,                                       !- Surface Rendering Name
  {f3e4e493-f684-40fb-ab33-095d8b259dd6}; !- Layer 1

OS:InternalMass:Definition,
  {d8501795-b008-4add-8e30-1a28c29c6598}, !- Handle
  furniture mass garage 1,                !- Name
  {bce0e831-db1f-4e1f-ad41-4f36044cc689}, !- Construction Name
  SurfaceArea,                            !- Design Level Calculation Method
  5.35122,                                !- Surface Area {m2}
  ,                                       !- Surface Area per Space Floor Area {dimensionless}
  ;                                       !- Surface Area per Person {m2/person}

OS:InternalMass,
  {b5c27f39-7bf6-4d8c-8d74-13c40d794397}, !- Handle
  furniture mass garage 1,                !- Name
  {d8501795-b008-4add-8e30-1a28c29c6598}, !- Internal Mass Definition Name
  {696b3cdc-37e9-4369-b12d-2648cf32d8ba}, !- Space or SpaceType Name
  1;                                      !- Multiplier

OS:Material,
  {47049c8c-54c6-4f2e-9575-5c1abac96029}, !- Handle
  furniture material garage 1,            !- Name
  Rough,                                  !- Roughness
  0.1524,                                 !- Thickness {m}
  0.1154577,                              !- Conductivity {W/m-K}
  640.8,                                  !- Density {kg/m3}
  1214.23,                                !- Specific Heat {J/kg-K}
  0.9,                                    !- Thermal Absorptance
  0.6,                                    !- Solar Absorptance
  0.6;                                    !- Visible Absorptance

OS:Construction,
  {bce0e831-db1f-4e1f-ad41-4f36044cc689}, !- Handle
  furniture construction garage 1,        !- Name
  ,                                       !- Surface Rendering Name
  {47049c8c-54c6-4f2e-9575-5c1abac96029}; !- Layer 1

OS:ShadingSurface,
  {22194972-8153-4d47-aee9-da902ed4e8f1}, !- Handle
  Neighbor azimuth 0 distance 15.0,       !- Name
  ,                                       !- Construction Name
  {0cdf2799-1878-4e97-88bb-d442b44bfbc5}, !- Shading Surface Group Name
  ,                                       !- Transmittance Schedule Name
  ,                                       !- Number of Vertices
  -19.181751207627, 23.753751207627, 0,   !- X,Y,Z Vertex 1 {m}
  -19.181751207627, 23.753751207627, 2.4384, !- X,Y,Z Vertex 2 {m}
  19.181751207627, 23.753751207627, 2.4384, !- X,Y,Z Vertex 3 {m}
  19.181751207627, 23.753751207627, 0;    !- X,Y,Z Vertex 4 {m}

OS:AdditionalProperties,
  {d26aea50-bf42-4f17-adc3-7a632560380c}, !- Handle
  {22194972-8153-4d47-aee9-da902ed4e8f1}, !- Object Name
  Azimuth,                                !- Feature Name 1
  Integer,                                !- Feature Data Type 1
  0,                                      !- Feature Value 1
  Distance,                               !- Feature Name 2
  Double,                                 !- Feature Data Type 2
  15;                                     !- Feature Value 2

OS:ShadingSurface,
  {0985825a-118d-471c-9229-e94422699922}, !- Handle
  Neighbor azimuth 180 distance 15.0,     !- Name
  ,                                       !- Construction Name
  {0cdf2799-1878-4e97-88bb-d442b44bfbc5}, !- Shading Surface Group Name
  ,                                       !- Transmittance Schedule Name
  ,                                       !- Number of Vertices
  19.181751207627, -23.753751207627, 0,   !- X,Y,Z Vertex 1 {m}
  19.181751207627, -23.753751207627, 2.4384, !- X,Y,Z Vertex 2 {m}
  -19.181751207627, -23.753751207627, 2.4384, !- X,Y,Z Vertex 3 {m}
  -19.181751207627, -23.753751207627, 0;  !- X,Y,Z Vertex 4 {m}

OS:AdditionalProperties,
  {de54694c-de99-4708-8b56-885f4415a35f}, !- Handle
  {0985825a-118d-471c-9229-e94422699922}, !- Object Name
  Azimuth,                                !- Feature Name 1
  Integer,                                !- Feature Data Type 1
  180,                                    !- Feature Value 1
  Distance,                               !- Feature Name 2
  Double,                                 !- Feature Data Type 2
  15;                                     !- Feature Value 2

OS:ShadingSurfaceGroup,
  {0cdf2799-1878-4e97-88bb-d442b44bfbc5}, !- Handle
  neighbors,                              !- Name
  Building;                               !- Shading Surface Type

OS:ZoneHVAC:IdealLoadsAirSystem,
  {452a7949-dc02-4c35-977e-43aa5a0d7165}, !- Handle
  ideal air system,                       !- Name
  ,                                       !- Availability Schedule Name
  {39a9d316-c177-463a-9a92-a4f81866467d}, !- Zone Supply Air Node Name
  {f7d2986b-f7d7-47b6-962e-bb0ee110af58}, !- Zone Exhaust Air Node Name
  50,                                     !- Maximum Heating Supply Air Temperature {C}
  10,                                     !- Minimum Cooling Supply Air Temperature {C}
  0.015,                                  !- Maximum Heating Supply Air Humidity Ratio {kg-H2O/kg-air}
  0.01,                                   !- Minimum Cooling Supply Air Humidity Ratio {kg-H2O/kg-air}
  LimitCapacity,                          !- Heating Limit
  ,                                       !- Maximum Heating Air Flow Rate {m3/s}
  0,                                      !- Maximum Sensible Heating Capacity {W}
  NoLimit,                                !- Cooling Limit
  ,                                       !- Maximum Cooling Air Flow Rate {m3/s}
  ,                                       !- Maximum Total Cooling Capacity {W}
  ,                                       !- Heating Availability Schedule Name
  ,                                       !- Cooling Availability Schedule Name
  None,                                   !- Dehumidification Control Type
  ,                                       !- Cooling Sensible Heat Ratio {dimensionless}
  None,                                   !- Humidification Control Type
  ,                                       !- Design Specification Outdoor Air Object Name
  ,                                       !- Demand Controlled Ventilation Type
  ,                                       !- Outdoor Air Economizer Type
  ,                                       !- Heat Recovery Type
  ,                                       !- Sensible Heat Recovery Effectiveness {dimensionless}
  ;                                       !- Latent Heat Recovery Effectiveness {dimensionless}

OS:Node,
  {c0b25225-7fb2-4387-b60d-41e52ddeca76}, !- Handle
  Node 4,                                 !- Name
  {e039a76d-f9b4-42f8-ac19-2455c0592d57}, !- Inlet Port
  {39a9d316-c177-463a-9a92-a4f81866467d}; !- Outlet Port

OS:Connection,
  {e039a76d-f9b4-42f8-ac19-2455c0592d57}, !- Handle
  {29e137ef-2cdc-4d86-a84c-f1d77ae0b0b8}, !- Source Object
  2,                                      !- Outlet Port
  {c0b25225-7fb2-4387-b60d-41e52ddeca76}, !- Target Object
  2;                                      !- Inlet Port

OS:Connection,
  {39a9d316-c177-463a-9a92-a4f81866467d}, !- Handle
  {c0b25225-7fb2-4387-b60d-41e52ddeca76}, !- Source Object
  3,                                      !- Outlet Port
  {452a7949-dc02-4c35-977e-43aa5a0d7165}, !- Target Object
  3;                                      !- Inlet Port

OS:Node,
  {6c9fe790-2947-42d7-9f1e-99666b352d06}, !- Handle
  Node 5,                                 !- Name
  {f7d2986b-f7d7-47b6-962e-bb0ee110af58}, !- Inlet Port
  {7f45814b-f8e4-47b3-8619-e0ed9f8d31fe}; !- Outlet Port

OS:Connection,
  {7f45814b-f8e4-47b3-8619-e0ed9f8d31fe}, !- Handle
  {6c9fe790-2947-42d7-9f1e-99666b352d06}, !- Source Object
  3,                                      !- Outlet Port
  {119b799e-7c22-4a68-adcc-37d2c1b19d9b}, !- Target Object
  2;                                      !- Inlet Port

OS:Connection,
  {f7d2986b-f7d7-47b6-962e-bb0ee110af58}, !- Handle
  {452a7949-dc02-4c35-977e-43aa5a0d7165}, !- Source Object
  4,                                      !- Outlet Port
  {6c9fe790-2947-42d7-9f1e-99666b352d06}, !- Target Object
  2;                                      !- Inlet Port

OS:Schedule:Constant,
  {955b5ede-bb21-4d1a-bb3e-3b2db8e52ebf}, !- Handle
  Sequential Fraction Schedule,           !- Name
  {99c8cb7c-efc2-4f15-b744-0fc6287ca168}, !- Schedule Type Limits Name
  0;                                      !- Value

OS:Schedule:Constant,
  {5423e35d-8016-4251-93ee-8d66f6f4de6b}, !- Handle
  Sequential Fraction Schedule 1,         !- Name
  {99c8cb7c-efc2-4f15-b744-0fc6287ca168}, !- Schedule Type Limits Name
  0.2;                                    !- Value

OS:Curve:Biquadratic,
  {336d81e1-47fe-40af-b61b-0c5dede3eeb5}, !- Handle
  Cool-CAP-fT1,                           !- Name
  1.557359706,                            !- Coefficient1 Constant
  -0.0744481692,                          !- Coefficient2 x
  0.00309859668,                          !- Coefficient3 x**2
  0.0014595786,                           !- Coefficient4 y
  -4.1148e-05,                            !- Coefficient5 y**2
  -0.00042671448,                         !- Coefficient6 x*y
  -100,                                   !- Minimum Value of x
  100,                                    !- Maximum Value of x
  -100,                                   !- Minimum Value of y
  100;                                    !- Maximum Value of y

OS:Curve:Biquadratic,
  {e40bc263-2a4f-4014-bce2-b3ba69965fe8}, !- Handle
  Cool-EIR-fT1,                           !- Name
  -0.350447695,                           !- Coefficient1 Constant
  0.116809893,                            !- Coefficient2 x
  -0.00339950844,                         !- Coefficient3 x**2
  -0.001226088,                           !- Coefficient4 y
  0.0006008094,                           !- Coefficient5 y**2
  -0.000466884,                           !- Coefficient6 x*y
  -100,                                   !- Minimum Value of x
  100,                                    !- Maximum Value of x
  -100,                                   !- Minimum Value of y
  100;                                    !- Maximum Value of y

OS:Curve:Quadratic,
  {3875ca42-0cfe-4537-a6c1-84a716b9df38}, !- Handle
  Cool-CAP-fFF1,                          !- Name
  0.718664047,                            !- Coefficient1 Constant
  0.41797409,                             !- Coefficient2 x
  -0.136638137,                           !- Coefficient3 x**2
  0,                                      !- Minimum Value of x
  2,                                      !- Maximum Value of x
  0,                                      !- Minimum Curve Output
  2;                                      !- Maximum Curve Output

OS:Curve:Quadratic,
  {bd69dd65-c16f-43b7-9792-c789fcfb764b}, !- Handle
  Cool-EIR-fFF1,                          !- Name
  1.143487507,                            !- Coefficient1 Constant
  -0.13943972,                            !- Coefficient2 x
  -0.004047787,                           !- Coefficient3 x**2
  0,                                      !- Minimum Value of x
  2,                                      !- Maximum Value of x
  0,                                      !- Minimum Curve Output
  2;                                      !- Maximum Curve Output

OS:Curve:Quadratic,
  {28a0bb7c-13cf-452e-88ae-5fb727164f80}, !- Handle
  Cool-PLF-fPLR1,                         !- Name
  0.93,                                   !- Coefficient1 Constant
  0.07,                                   !- Coefficient2 x
  0,                                      !- Coefficient3 x**2
  0,                                      !- Minimum Value of x
  1,                                      !- Maximum Value of x
  0.7,                                    !- Minimum Curve Output
  1;                                      !- Maximum Curve Output

OS:Schedule:Constant,
  {01e75fd4-67df-4b46-990d-9049a59cf4d0}, !- Handle
  Always On Discrete,                     !- Name
  {a8cf1fa1-f509-488c-bc7f-0ea15d47f9d4}, !- Schedule Type Limits Name
  1;                                      !- Value

OS:ScheduleTypeLimits,
  {a8cf1fa1-f509-488c-bc7f-0ea15d47f9d4}, !- Handle
  OnOff,                                  !- Name
  0,                                      !- Lower Limit Value
  1,                                      !- Upper Limit Value
  Discrete,                               !- Numeric Type
  Availability;                           !- Unit Type

OS:Coil:Cooling:DX:SingleSpeed,
  {095d2e8a-8ffc-4c31-9472-091e970e4c36}, !- Handle
  central ac and furnace clg coil,        !- Name
  {01e75fd4-67df-4b46-990d-9049a59cf4d0}, !- Availability Schedule Name
  7557.39707420002,                       !- Rated Total Cooling Capacity {W}
  0.730031800184905,                      !- Rated Sensible Heat Ratio
  3.7702,                                 !- Rated COP {W/W}
  0.388889129502766,                      !- Rated Air Flow Rate {m3/s}
  773.3,                                  !- Rated Evaporator Fan Power Per Volume Flow Rate 2017 {W/(m3/s)}
  934.4,                                  !- Rated Evaporator Fan Power Per Volume Flow Rate 2023 {W/(m3/s)}
  ,                                       !- Air Inlet Node Name
  ,                                       !- Air Outlet Node Name
  {336d81e1-47fe-40af-b61b-0c5dede3eeb5}, !- Total Cooling Capacity Function of Temperature Curve Name
  {3875ca42-0cfe-4537-a6c1-84a716b9df38}, !- Total Cooling Capacity Function of Flow Fraction Curve Name
  {e40bc263-2a4f-4014-bce2-b3ba69965fe8}, !- Energy Input Ratio Function of Temperature Curve Name
  {bd69dd65-c16f-43b7-9792-c789fcfb764b}, !- Energy Input Ratio Function of Flow Fraction Curve Name
  {28a0bb7c-13cf-452e-88ae-5fb727164f80}, !- Part Load Fraction Correlation Curve Name
  -25,                                    !- Minimum Outdoor Dry-Bulb Temperature for Compressor Operation {C}
  1000,                                   !- Nominal Time for Condensate Removal to Begin {s}
  1.5,                                    !- Ratio of Initial Moisture Evaporation Rate and Steady State Latent Capacity {dimensionless}
  3,                                      !- Maximum Cycling Rate {cycles/hr}
  45,                                     !- Latent Capacity Time Constant {s}
  ,                                       !- Condenser Air Inlet Node Name
  AirCooled,                              !- Condenser Type
  0.9,                                    !- Evaporative Condenser Effectiveness {dimensionless}
  autosize,                               !- Evaporative Condenser Air Flow Rate {m3/s}
  autosize,                               !- Evaporative Condenser Pump Rated Power Consumption {W}
  50,                                     !- Crankcase Heater Capacity {W}
  ,                                       !- Crankcase Heater Capacity Function of Temperature Curve Name
  10,                                     !- Maximum Outdoor Dry-Bulb Temperature for Crankcase Heater Operation {C}
  ,                                       !- Supply Water Storage Tank Name
  ,                                       !- Condensate Collection Water Storage Tank Name
  0,                                      !- Basin Heater Capacity {W/K}
  2;                                      !- Basin Heater Setpoint Temperature {C}

OS:AdditionalProperties,
  {cbaf48e2-ae8d-490c-a6f2-ff741eef5c4e}, !- Handle
  {095d2e8a-8ffc-4c31-9472-091e970e4c36}, !- Object Name
  HPXML_ID,                               !- Feature Name 1
  String,                                 !- Feature Data Type 1
  CoolingSystem1;                         !- Feature Value 1

OS:Coil:Heating:Gas,
  {baabc920-e8ff-4021-a125-40a6869e6773}, !- Handle
  central ac and furnace htg coil,        !- Name
  {01e75fd4-67df-4b46-990d-9049a59cf4d0}, !- Availability Schedule Name
  0.925,                                  !- Gas Burner Efficiency
  14531.3428723493,                       !- Nominal Capacity {W}
  ,                                       !- Air Inlet Node Name
  ,                                       !- Air Outlet Node Name
  ,                                       !- Temperature Setpoint Node Name
  0,                                      !- On Cycle Parasitic Electric Load {W}
  ,                                       !- Part Load Fraction Correlation Curve Name
  0,                                      !- Off Cycle Parasitic Gas Load {W}
  NaturalGas;                             !- Fuel Type

OS:AdditionalProperties,
  {7053b004-609c-4d77-909f-c330ad7c988a}, !- Handle
  {baabc920-e8ff-4021-a125-40a6869e6773}, !- Object Name
  HPXML_ID,                               !- Feature Name 1
  String,                                 !- Feature Data Type 1
  HeatingSystem1,                         !- Feature Value 1
  IsHeatPumpBackup,                       !- Feature Name 2
  Boolean,                                !- Feature Data Type 2
  false;                                  !- Feature Value 2

OS:Fan:SystemModel,
  {4c04bf4c-6f16-433c-93be-4bb5dc0d588f}, !- Handle
  central ac and furnace supply fan,      !- Name
  {01e75fd4-67df-4b46-990d-9049a59cf4d0}, !- Availability Schedule Name
  ,                                       !- Air Inlet Node Name
  ,                                       !- Air Outlet Node Name
  0.427112436096,                         !- Design Maximum Air Flow Rate {m3/s}
  Discrete,                               !- Speed Control Method
  0.2,                                    !- Electric Power Minimum Flow Rate Fraction
  500,                                    !- Design Pressure Rise {Pa}
  1,                                      !- Motor Efficiency
  1,                                      !- Motor In Air Stream Fraction
  autosize,                               !- Design Electric Power Consumption {W}
  PowerPerFlow,                           !- Design Power Sizing Method
  794.580001233493,                       !- Electric Power Per Unit Flow Rate {W/(m3/s)}
  1.66667,                                !- Electric Power Per Unit Flow Rate Per Unit Pressure {W-s/m3-Pa}
  0.7,                                    !- Fan Total Efficiency
  ,                                       !- Electric Power Function of Flow Fraction Curve Name
  ,                                       !- Night Ventilation Mode Pressure Rise {Pa}
  ,                                       !- Night Ventilation Mode Flow Fraction
  ,                                       !- Motor Loss Zone Name
  0,                                      !- Motor Loss Radiative Fraction
  supply fan,                             !- End-Use Subcategory
  0.92376,                                !- Speed Flow Fraction 1
  0.78827,                                !- Speed Electric Power Fraction 1
  1,                                      !- Speed Flow Fraction 2
  1;                                      !- Speed Electric Power Fraction 2

OS:EnergyManagementSystem:Sensor,
  {11d96b7b-35e2-4bdb-b401-088e5831eee5}, !- Handle
  central_ac_and_furnace_supply_fan_s,    !- Name
  central ac and furnace supply fan,      !- Output Variable or Output Meter Index Key Name
  Fan Electricity Energy;                 !- Output Variable or Output Meter Name

OS:EnergyManagementSystem:Sensor,
  {afe72f9f-bad0-40f0-b0f2-3b380b1ea982}, !- Handle
  central_ac_and_furnace_clg_coil_s,      !- Name
  central ac and furnace clg coil,        !- Output Variable or Output Meter Index Key Name
  Cooling Coil Total Cooling Energy;      !- Output Variable or Output Meter Name

OS:EnergyManagementSystem:Program,
  {94ae85e9-4869-4144-98ed-666b3d1a4368}, !- Handle
  central_ac_and_furnace_supply_fan_disaggregate_program, !- Name
  Set central_ac_and_furnace_supply_fan_clg = 0, !- Program Line 1
  If central_ac_and_furnace_clg_coil_s > 0, !- Program Line 2
  Set central_ac_and_furnace_supply_fan_clg = central_ac_and_furnace_supply_fan_s, !- Program Line 3
  EndIf;                                  !- Program Line 4

OS:EnergyManagementSystem:ProgramCallingManager,
  {2929f33f-2f8b-49e2-91d0-dde9b1eef56d}, !- Handle
  central_ac_and_furnace_supply_fan_disaggregate_program_calling_manager, !- Name
  EndOfSystemTimestepBeforeHVACReporting, !- EnergyPlus Model Calling Point
  {94ae85e9-4869-4144-98ed-666b3d1a4368}; !- Program Name 1

OS:EnergyManagementSystem:OutputVariable,
  {0399a741-e998-4783-9fce-8ef28c77d6a6}, !- Handle
  central ac and furnace supply fan disaggregate clg, !- Name
  central_ac_and_furnace_supply_fan_clg,  !- EMS Variable Name
  Summed,                                 !- Type of Data in Variable
  SystemTimestep,                         !- Update Frequency
  {94ae85e9-4869-4144-98ed-666b3d1a4368}, !- EMS Program or Subroutine Name
  J;                                      !- Units

OS:AdditionalProperties,
  {c851a37f-c4af-4327-ab14-6afac8682927}, !- Handle
  {0399a741-e998-4783-9fce-8ef28c77d6a6}, !- Object Name
  HPXML_ID,                               !- Feature Name 1
  String,                                 !- Feature Data Type 1
  CoolingSystem1,                         !- Feature Value 1
  ObjectType,                             !- Feature Name 2
  String,                                 !- Feature Data Type 2
  disaggregate clg;                       !- Feature Value 2

OS:EnergyManagementSystem:Sensor,
  {ae541156-8efd-46a7-868b-c62bdb47b401}, !- Handle
  central_ac_and_furnace_supply_fan_s_1,  !- Name
  central ac and furnace supply fan,      !- Output Variable or Output Meter Index Key Name
  Fan Electricity Energy;                 !- Output Variable or Output Meter Name

OS:EnergyManagementSystem:Sensor,
  {fb6eea25-3173-4020-9d7a-c338cfcedd14}, !- Handle
  central_ac_and_furnace_htg_coil_s,      !- Name
  central ac and furnace htg coil,        !- Output Variable or Output Meter Index Key Name
  Heating Coil Heating Energy;            !- Output Variable or Output Meter Name

OS:EnergyManagementSystem:Program,
  {61a455d8-4f99-4c9a-a73b-14cbe18998a9}, !- Handle
  central_ac_and_furnace_supply_fan_disaggregate_program_1, !- Name
  Set central_ac_and_furnace_supply_fan_primary_htg = 0, !- Program Line 1
  If central_ac_and_furnace_htg_coil_s > 0, !- Program Line 2
  Set central_ac_and_furnace_supply_fan_primary_htg = central_ac_and_furnace_supply_fan_s_1, !- Program Line 3
  EndIf;                                  !- Program Line 4

OS:EnergyManagementSystem:ProgramCallingManager,
  {4dbb66da-edf2-4d3a-9157-c3b4127dec7c}, !- Handle
  central_ac_and_furnace_supply_fan_disaggregate_program_calling_manager 1, !- Name
  EndOfSystemTimestepBeforeHVACReporting, !- EnergyPlus Model Calling Point
  {61a455d8-4f99-4c9a-a73b-14cbe18998a9}; !- Program Name 1

OS:EnergyManagementSystem:OutputVariable,
  {895ff6d2-de46-4aa7-b015-3f98f1ef2394}, !- Handle
  central ac and furnace supply fan disaggregate htg primary, !- Name
  central_ac_and_furnace_supply_fan_primary_htg, !- EMS Variable Name
  Summed,                                 !- Type of Data in Variable
  SystemTimestep,                         !- Update Frequency
  {61a455d8-4f99-4c9a-a73b-14cbe18998a9}, !- EMS Program or Subroutine Name
  J;                                      !- Units

OS:AdditionalProperties,
  {54e974af-b439-4bf5-98b5-c2f2a6d0c308}, !- Handle
  {895ff6d2-de46-4aa7-b015-3f98f1ef2394}, !- Object Name
  HPXML_ID,                               !- Feature Name 1
  String,                                 !- Feature Data Type 1
  HeatingSystem1,                         !- Feature Value 1
  ObjectType,                             !- Feature Name 2
  String,                                 !- Feature Data Type 2
  disaggregate htg primary;               !- Feature Value 2

OS:Schedule:Constant,
  {9da90220-5c18-463a-a662-f9c1b734d4a0}, !- Handle
  central ac and furnace auto fan schedule, !- Name
  {a8cf1fa1-f509-488c-bc7f-0ea15d47f9d4}, !- Schedule Type Limits Name
  0;                                      !- Value

OS:AirLoopHVAC:UnitarySystem,
  {f23bbfe1-2dc9-4651-be2c-ecece0fb2a3a}, !- Handle
  central ac and furnace unitary system,  !- Name
  Load,                                   !- Control Type
  {776ee8a8-7156-44f5-80e4-c44a5c482ab2}, !- Controlling Zone or Thermostat Location
  None,                                   !- Dehumidification Control Type
  {01e75fd4-67df-4b46-990d-9049a59cf4d0}, !- Availability Schedule Name
  {cc7e9db2-a11b-4566-934a-872193cf3fba}, !- Air Inlet Node Name
  {b9281a17-0852-4715-a674-79be9f5016b9}, !- Air Outlet Node Name
  {4c04bf4c-6f16-433c-93be-4bb5dc0d588f}, !- Supply Fan Name
  BlowThrough,                            !- Fan Placement
  {9da90220-5c18-463a-a662-f9c1b734d4a0}, !- Supply Air Fan Operating Mode Schedule Name
  {baabc920-e8ff-4021-a125-40a6869e6773}, !- Heating Coil Name
  1,                                      !- DX Heating Coil Sizing Ratio
  {095d2e8a-8ffc-4c31-9472-091e970e4c36}, !- Cooling Coil Name
  No,                                     !- Use DOAS DX Cooling Coil
  2,                                      !- DOAS DX Cooling Coil Leaving Minimum Air Temperature {C}
  SensibleOnlyLoadControl,                !- Latent Load Control
  ,                                       !- Supplemental Heating Coil Name
  SupplyAirFlowRate,                      !- Supply Air Flow Rate Method During Cooling Operation
  0.3945480625152,                        !- Supply Air Flow Rate During Cooling Operation {m3/s}
  ,                                       !- Supply Air Flow Rate Per Floor Area During Cooling Operation {m3/s-m2}
  ,                                       !- Fraction of Autosized Design Cooling Supply Air Flow Rate
  ,                                       !- Design Supply Air Flow Rate Per Unit of Capacity During Cooling Operation {m3/s-W}
  SupplyAirFlowRate,                      !- Supply Air Flow Rate Method During Heating Operation
  0.427112436096,                         !- Supply Air Flow Rate During Heating Operation {m3/s}
  ,                                       !- Supply Air Flow Rate Per Floor Area during Heating Operation {m3/s-m2}
  ,                                       !- Fraction of Autosized Design Heating Supply Air Flow Rate
  ,                                       !- Design Supply Air Flow Rate Per Unit of Capacity During Heating Operation {m3/s-W}
  SupplyAirFlowRate,                      !- Supply Air Flow Rate Method When No Cooling or Heating is Required
  0,                                      !- Supply Air Flow Rate When No Cooling or Heating is Required {m3/s}
  ,                                       !- Supply Air Flow Rate Per Floor Area When No Cooling or Heating is Required {m3/s-m2}
  ,                                       !- Fraction of Autosized Design Cooling Supply Air Flow Rate When No Cooling or Heating is Required
  ,                                       !- Fraction of Autosized Design Heating Supply Air Flow Rate When No Cooling or Heating is Required
  ,                                       !- Design Supply Air Flow Rate Per Unit of Capacity During Cooling Operation When No Cooling or Heating is Required {m3/s-W}
  ,                                       !- Design Supply Air Flow Rate Per Unit of Capacity During Heating Operation When No Cooling or Heating is Required {m3/s-W}
  Yes,                                    !- No Load Supply Air Flow Rate Control Set To Low Speed
  48.8888888888889,                       !- Maximum Supply Air Temperature {C}
  21,                                     !- Maximum Outdoor Dry-Bulb Temperature for Supplemental Heater Operation {C}
  ,                                       !- Outdoor Dry-Bulb Temperature Sensor Node Name
  0,                                      !- Ancilliary On-Cycle Electric Power {W}
  0;                                      !- Ancilliary Off-Cycle Electric Power {W}

OS:AirLoopHVAC,
  {e7296008-4fd7-4b33-93a0-6571d129cf74}, !- Handle
  central ac and furnace airloop,         !- Name
  ,                                       !- Controller List Name
  {01e75fd4-67df-4b46-990d-9049a59cf4d0}, !- Availability Schedule
  {c7d49cef-28d3-48a6-8eef-f93f2f1c9bf9}, !- Availability Manager List Name
  0.427112436096,                         !- Design Supply Air Flow Rate {m3/s}
  1,                                      !- Design Return Air Flow Fraction of Supply Air Flow
  ,                                       !- Branch List Name
  ,                                       !- Connector List Name
  {e9c85787-8137-4a67-a804-bd279c055f3d}, !- Supply Side Inlet Node Name
  {65f21bbc-ef7d-4070-a151-37e793e1515e}, !- Demand Side Outlet Node Name
  {b7f22ab5-dc3b-4698-ac2c-2ce989f8cfee}, !- Demand Side Inlet Node A
  {27662d3c-29d3-4fcc-bb7b-d14ac9d2a323}, !- Supply Side Outlet Node A
  ,                                       !- Demand Side Inlet Node B
  ,                                       !- Supply Side Outlet Node B
  ,                                       !- Return Air Bypass Flow Temperature Setpoint Schedule Name
  {d03ff5fa-ed24-473f-a55d-e441c5cc2d12}, !- Demand Mixer Name
  {43b05b5c-e672-480c-bdcd-b7ef3a67b4eb}, !- Demand Splitter A Name
  ,                                       !- Demand Splitter B Name
  ;                                       !- Supply Splitter Name

OS:Node,
  {fdc155bb-544a-4c3b-844b-69bbdc9c9338}, !- Handle
  Node 6,                                 !- Name
  {e9c85787-8137-4a67-a804-bd279c055f3d}, !- Inlet Port
  {cc7e9db2-a11b-4566-934a-872193cf3fba}; !- Outlet Port

OS:Node,
  {51c27c78-786e-4a84-b327-849ed610fa86}, !- Handle
  Node 7,                                 !- Name
  {b9281a17-0852-4715-a674-79be9f5016b9}, !- Inlet Port
  {27662d3c-29d3-4fcc-bb7b-d14ac9d2a323}; !- Outlet Port

OS:Connection,
  {e9c85787-8137-4a67-a804-bd279c055f3d}, !- Handle
  {e7296008-4fd7-4b33-93a0-6571d129cf74}, !- Source Object
  9,                                      !- Outlet Port
  {fdc155bb-544a-4c3b-844b-69bbdc9c9338}, !- Target Object
  2;                                      !- Inlet Port

OS:Connection,
  {27662d3c-29d3-4fcc-bb7b-d14ac9d2a323}, !- Handle
  {51c27c78-786e-4a84-b327-849ed610fa86}, !- Source Object
  3,                                      !- Outlet Port
  {e7296008-4fd7-4b33-93a0-6571d129cf74}, !- Target Object
  12;                                     !- Inlet Port

OS:Node,
  {6444a8b9-515a-4f3a-9210-0b94ca2a9558}, !- Handle
  Node 8,                                 !- Name
  {b7f22ab5-dc3b-4698-ac2c-2ce989f8cfee}, !- Inlet Port
  {3f285448-c5b1-4b79-922e-4e4b36f98cd7}; !- Outlet Port

OS:Node,
  {2ca1f86b-799a-4beb-bebd-0881744abdf8}, !- Handle
  Node 9,                                 !- Name
  {c666f2ef-cfaa-4fc6-bd20-0baebadc12ea}, !- Inlet Port
  {65f21bbc-ef7d-4070-a151-37e793e1515e}; !- Outlet Port

OS:Node,
  {57b934cc-9fdb-4a88-a8d4-0e0fc1e8cf16}, !- Handle
  Node 10,                                !- Name
  {13d24127-fdf9-4ee0-b9e9-b666e675c2bb}, !- Inlet Port
  {77d39b40-7a98-4b11-9682-1d718e404bf7}; !- Outlet Port

OS:Connection,
  {b7f22ab5-dc3b-4698-ac2c-2ce989f8cfee}, !- Handle
  {e7296008-4fd7-4b33-93a0-6571d129cf74}, !- Source Object
  11,                                     !- Outlet Port
  {6444a8b9-515a-4f3a-9210-0b94ca2a9558}, !- Target Object
  2;                                      !- Inlet Port

OS:Connection,
  {65f21bbc-ef7d-4070-a151-37e793e1515e}, !- Handle
  {2ca1f86b-799a-4beb-bebd-0881744abdf8}, !- Source Object
  3,                                      !- Outlet Port
  {e7296008-4fd7-4b33-93a0-6571d129cf74}, !- Target Object
  10;                                     !- Inlet Port

OS:AirLoopHVAC:ZoneSplitter,
  {43b05b5c-e672-480c-bdcd-b7ef3a67b4eb}, !- Handle
  central ac and furnace zone splitter,   !- Name
  {3f285448-c5b1-4b79-922e-4e4b36f98cd7}, !- Inlet Node Name
  {6ab0d4d2-cb86-47f5-88e6-1dd68f65d99d}; !- Outlet Node Name 1

OS:AirLoopHVAC:ZoneMixer,
  {d03ff5fa-ed24-473f-a55d-e441c5cc2d12}, !- Handle
  central ac and furnace zone mixer,      !- Name
  {c666f2ef-cfaa-4fc6-bd20-0baebadc12ea}, !- Outlet Node Name
  {d042362b-3eba-4bd4-ac69-5a6f0389b658}; !- Inlet Node Name 1

OS:Connection,
  {3f285448-c5b1-4b79-922e-4e4b36f98cd7}, !- Handle
  {6444a8b9-515a-4f3a-9210-0b94ca2a9558}, !- Source Object
  3,                                      !- Outlet Port
  {43b05b5c-e672-480c-bdcd-b7ef3a67b4eb}, !- Target Object
  2;                                      !- Inlet Port

OS:Connection,
  {c666f2ef-cfaa-4fc6-bd20-0baebadc12ea}, !- Handle
  {d03ff5fa-ed24-473f-a55d-e441c5cc2d12}, !- Source Object
  2,                                      !- Outlet Port
  {2ca1f86b-799a-4beb-bebd-0881744abdf8}, !- Target Object
  2;                                      !- Inlet Port

OS:Sizing:System,
  {27b1cbc1-e68c-482f-a4d0-e7fbc33d53f8}, !- Handle
  {e7296008-4fd7-4b33-93a0-6571d129cf74}, !- AirLoop Name
  ,                                       !- Type of Load to Size On
  ,                                       !- Design Outdoor Air Flow Rate {m3/s}
  0.3,                                    !- Central Heating Maximum System Air Flow Ratio
  7,                                      !- Preheat Design Temperature {C}
  0.008,                                  !- Preheat Design Humidity Ratio {kg-H2O/kg-Air}
  12.8,                                   !- Precool Design Temperature {C}
  0.008,                                  !- Precool Design Humidity Ratio {kg-H2O/kg-Air}
  12.8,                                   !- Central Cooling Design Supply Air Temperature {C}
  16.7,                                   !- Central Heating Design Supply Air Temperature {C}
  ,                                       !- Sizing Option
  Yes,                                    !- 100% Outdoor Air in Cooling
  Yes,                                    !- 100% Outdoor Air in Heating
  0.0085,                                 !- Central Cooling Design Supply Air Humidity Ratio {kg-H2O/kg-Air}
  ,                                       !- Central Heating Design Supply Air Humidity Ratio {kg-H2O/kg-Air}
  ,                                       !- Cooling Design Air Flow Method
  ,                                       !- Cooling Design Air Flow Rate {m3/s}
  ,                                       !- Heating Design Air Flow Method
  ,                                       !- Heating Design Air Flow Rate {m3/s}
  ,                                       !- System Outdoor Air Method
  1,                                      !- Zone Maximum Outdoor Air Fraction {dimensionless}
  0.0099676501,                           !- Cooling Supply Air Flow Rate Per Floor Area {m3/s-m2}
  1,                                      !- Cooling Fraction of Autosized Cooling Supply Air Flow Rate
  3.9475456e-05,                          !- Cooling Supply Air Flow Rate Per Unit Cooling Capacity {m3/s-W}
  0.0099676501,                           !- Heating Supply Air Flow Rate Per Floor Area {m3/s-m2}
  1,                                      !- Heating Fraction of Autosized Heating Supply Air Flow Rate
  1,                                      !- Heating Fraction of Autosized Cooling Supply Air Flow Rate
  3.1588213e-05,                          !- Heating Supply Air Flow Rate Per Unit Heating Capacity {m3/s-W}
  CoolingDesignCapacity,                  !- Cooling Design Capacity Method
  autosize,                               !- Cooling Design Capacity {W}
  234.7,                                  !- Cooling Design Capacity Per Floor Area {W/m2}
  1,                                      !- Fraction of Autosized Cooling Design Capacity
  HeatingDesignCapacity,                  !- Heating Design Capacity Method
  autosize,                               !- Heating Design Capacity {W}
  157,                                    !- Heating Design Capacity Per Floor Area {W/m2}
  1,                                      !- Fraction of Autosized Heating Design Capacity
  OnOff,                                  !- Central Cooling Capacity Control Method
  autosize;                               !- Occupant Diversity

OS:AvailabilityManagerAssignmentList,
  {c7d49cef-28d3-48a6-8eef-f93f2f1c9bf9}, !- Handle
  Air Loop HVAC 1 AvailabilityManagerAssignmentList; !- Name

OS:Connection,
  {cc7e9db2-a11b-4566-934a-872193cf3fba}, !- Handle
  {fdc155bb-544a-4c3b-844b-69bbdc9c9338}, !- Source Object
  3,                                      !- Outlet Port
  {f23bbfe1-2dc9-4651-be2c-ecece0fb2a3a}, !- Target Object
  6;                                      !- Inlet Port

OS:Connection,
  {b9281a17-0852-4715-a674-79be9f5016b9}, !- Handle
  {f23bbfe1-2dc9-4651-be2c-ecece0fb2a3a}, !- Source Object
  7,                                      !- Outlet Port
  {51c27c78-786e-4a84-b327-849ed610fa86}, !- Target Object
  2;                                      !- Inlet Port

OS:AirTerminal:SingleDuct:ConstantVolume:NoReheat,
  {f3a57f41-5aef-4d4a-9b04-9fbfbf79aeef}, !- Handle
  central ac and furnace terminal,        !- Name
  {01e75fd4-67df-4b46-990d-9049a59cf4d0}, !- Availability Schedule Name
  {841e1044-8a3f-4087-abca-df065ccf75cc}, !- Air Inlet Node Name
  {13d24127-fdf9-4ee0-b9e9-b666e675c2bb}, !- Air Outlet Node Name
  0.427112436096;                         !- Maximum Air Flow Rate {m3/s}

OS:Node,
  {a90bedfd-d4d0-4102-a0dc-58fee521423e}, !- Handle
  Node 11,                                !- Name
  {6cc24246-c293-4afa-86e7-e9aa23543286}, !- Inlet Port
  {33bf2cdd-7ea2-4c93-8bb2-6977fafcd60f}; !- Outlet Port

OS:Connection,
  {77d39b40-7a98-4b11-9682-1d718e404bf7}, !- Handle
  {57b934cc-9fdb-4a88-a8d4-0e0fc1e8cf16}, !- Source Object
  3,                                      !- Outlet Port
  {119b799e-7c22-4a68-adcc-37d2c1b19d9b}, !- Target Object
  3;                                      !- Inlet Port

OS:Connection,
  {6cc24246-c293-4afa-86e7-e9aa23543286}, !- Handle
  {b4035acd-943c-45b7-9364-3cddf0445e4e}, !- Source Object
  2,                                      !- Outlet Port
  {a90bedfd-d4d0-4102-a0dc-58fee521423e}, !- Target Object
  2;                                      !- Inlet Port

OS:Node,
  {183d00f1-ee48-43ce-a774-ddee765cfca9}, !- Handle
  Node 12,                                !- Name
  {6ab0d4d2-cb86-47f5-88e6-1dd68f65d99d}, !- Inlet Port
  {841e1044-8a3f-4087-abca-df065ccf75cc}; !- Outlet Port

OS:Connection,
  {6ab0d4d2-cb86-47f5-88e6-1dd68f65d99d}, !- Handle
  {43b05b5c-e672-480c-bdcd-b7ef3a67b4eb}, !- Source Object
  3,                                      !- Outlet Port
  {183d00f1-ee48-43ce-a774-ddee765cfca9}, !- Target Object
  2;                                      !- Inlet Port

OS:Connection,
  {841e1044-8a3f-4087-abca-df065ccf75cc}, !- Handle
  {183d00f1-ee48-43ce-a774-ddee765cfca9}, !- Source Object
  3,                                      !- Outlet Port
  {f3a57f41-5aef-4d4a-9b04-9fbfbf79aeef}, !- Target Object
  3;                                      !- Inlet Port

OS:Connection,
  {13d24127-fdf9-4ee0-b9e9-b666e675c2bb}, !- Handle
  {f3a57f41-5aef-4d4a-9b04-9fbfbf79aeef}, !- Source Object
  4,                                      !- Outlet Port
  {57b934cc-9fdb-4a88-a8d4-0e0fc1e8cf16}, !- Target Object
  2;                                      !- Inlet Port

OS:Schedule:Constant,
  {4a087dc3-656c-48f2-9464-b50b4c924f33}, !- Handle
  Sequential Fraction Schedule 2,         !- Name
  {99c8cb7c-efc2-4f15-b744-0fc6287ca168}, !- Schedule Type Limits Name
  1;                                      !- Value

OS:Schedule:Constant,
  {6abd72ff-d4eb-4c83-acf6-00b771ff80f5}, !- Handle
  Sequential Fraction Schedule 3,         !- Name
  {99c8cb7c-efc2-4f15-b744-0fc6287ca168}, !- Schedule Type Limits Name
  1;                                      !- Value

OS:Schedule:File,
  {96f4fe5b-aed3-4019-bc77-6483d97d19a6}, !- Handle
  ceiling_fan,                            !- Name
  {99c8cb7c-efc2-4f15-b744-0fc6287ca168}, !- Schedule Type Limits Name
  {b4145d16-91c9-4b02-993f-96a3259487e1}, !- External File Name
  4,                                      !- Column Number
  1,                                      !- Rows to Skip at Top
  8760,                                   !- Number of Hours of Data
  ,                                       !- Column Separator
  Yes,                                    !- Interpolate to Timestep
  15,                                     !- Minutes per Item
  ,                                       !- Adjust Schedule for Daylight Savings
  Yes;                                    !- Translate File With Relative Path

OS:External:File,
  {b4145d16-91c9-4b02-993f-96a3259487e1}, !- Handle
  External File 1,                        !- Name
  in.schedules.csv;                       !- File Name

OS:ElectricEquipment:Definition,
  {1d80b750-f833-477d-b8c3-9a9f680182c1}, !- Handle
  ceiling fan,                            !- Name
  EquipmentLevel,                         !- Design Level Calculation Method
  19.5130752982787,                       !- Design Level {W}
  ,                                       !- Watts per Space Floor Area {W/m2}
  ,                                       !- Watts per Person {W/person}
  0,                                      !- Fraction Latent
  0.558,                                  !- Fraction Radiant
  0;                                      !- Fraction Lost

OS:ElectricEquipment,
  {4025e299-16b0-40bd-973f-dd274a50089e}, !- Handle
  ceiling fan,                            !- Name
  {1d80b750-f833-477d-b8c3-9a9f680182c1}, !- Electric Equipment Definition Name
  {7694b88f-d262-43ae-90bc-ede964cc3a49}, !- Space or SpaceType Name
  {96f4fe5b-aed3-4019-bc77-6483d97d19a6}, !- Schedule Name
  ,                                       !- Multiplier
  ceiling fan;                            !- End-Use Subcategory

OS:PlantLoop,
  {67ee0daa-dae4-464d-8528-a9e7d3ba726d}, !- Handle
  dhw loop,                               !- Name
  Water,                                  !- Fluid Type
  0,                                      !- Glycol Concentration
  ,                                       !- User Defined Fluid Type
  ,                                       !- Plant Equipment Operation Heating Load
  ,                                       !- Plant Equipment Operation Cooling Load
  ,                                       !- Primary Plant Equipment Operation Scheme
  {a1f622fa-726d-4760-b0ed-edf58e4dc617}, !- Loop Temperature Setpoint Node Name
  ,                                       !- Maximum Loop Temperature {C}
  ,                                       !- Minimum Loop Temperature {C}
  0.01,                                   !- Maximum Loop Flow Rate {m3/s}
  ,                                       !- Minimum Loop Flow Rate {m3/s}
  0.003,                                  !- Plant Loop Volume {m3}
  {15b405dc-112a-4935-aad1-edebd988422a}, !- Plant Side Inlet Node Name
  {ecf62b13-e2ee-462f-8401-66cea322889a}, !- Plant Side Outlet Node Name
  ,                                       !- Plant Side Branch List Name
  {3c8e8f8c-7d12-49eb-b570-bc8fa5f16b0d}, !- Demand Side Inlet Node Name
  {c5641a60-6ec0-44ec-b84f-fae9c2d1e83f}, !- Demand Side Outlet Node Name
  ,                                       !- Demand Side Branch List Name
  ,                                       !- Demand Side Connector List Name
  Optimal,                                !- Load Distribution Scheme
  {d54dd6ef-2ec6-4298-afb4-5467b1ae5924}, !- Availability Manager List Name
  ,                                       !- Plant Loop Demand Calculation Scheme
  ,                                       !- Common Pipe Simulation
  ,                                       !- Pressure Simulation Type
  ,                                       !- Plant Equipment Operation Heating Load Schedule
  ,                                       !- Plant Equipment Operation Cooling Load Schedule
  ,                                       !- Primary Plant Equipment Operation Scheme Schedule
  ,                                       !- Component Setpoint Operation Scheme Schedule
  {3ea41fc0-3874-4c55-85df-7ebbeb604a37}, !- Demand Mixer Name
  {72894904-9855-4b59-8a60-00cd45453323}, !- Demand Splitter Name
  {c48d31f4-cfcf-4385-8b6a-76aea8d3c7d9}, !- Supply Mixer Name
  {161e63be-613e-4bbf-a079-5e4683330517}; !- Supply Splitter Name

OS:Node,
  {e0d1f809-893a-4206-8be1-a9aeb950ca43}, !- Handle
  Node 13,                                !- Name
  {15b405dc-112a-4935-aad1-edebd988422a}, !- Inlet Port
  {860c6cce-0e43-4e5c-a6f2-bc9ab8ac9913}; !- Outlet Port

OS:Node,
  {a1f622fa-726d-4760-b0ed-edf58e4dc617}, !- Handle
  Node 14,                                !- Name
  {df77608d-88ed-448a-96d0-58f2dc13f89a}, !- Inlet Port
  {ecf62b13-e2ee-462f-8401-66cea322889a}; !- Outlet Port

OS:Node,
  {37422f26-69d5-445d-8dc0-f866e35bb6ef}, !- Handle
  Node 15,                                !- Name
  {2f32c75a-9677-480c-9aeb-0d76d0ed3c6c}, !- Inlet Port
  {def7ef87-b273-4183-81f3-bf9df7d3a1e0}; !- Outlet Port

OS:Connector:Mixer,
  {c48d31f4-cfcf-4385-8b6a-76aea8d3c7d9}, !- Handle
  Connector Mixer 1,                      !- Name
  {6ee322c0-7346-4e08-bd9f-653212705b9b}, !- Outlet Branch Name
  {b01a5aff-a34f-4358-9aaf-9c845a86b865}, !- Inlet Branch Name 1
  {045d4083-d537-4998-b3f0-53aedb3a8d4c}; !- Inlet Branch Name 2

OS:Connector:Splitter,
  {161e63be-613e-4bbf-a079-5e4683330517}, !- Handle
  Connector Splitter 1,                   !- Name
  {73b34b5d-e815-4e58-8999-c144dc560a9e}, !- Inlet Branch Name
  {2f32c75a-9677-480c-9aeb-0d76d0ed3c6c}, !- Outlet Branch Name 1
  {11b611f9-6ea3-46d7-a6e8-21265997eaaf}; !- Outlet Branch Name 2

OS:Connection,
  {15b405dc-112a-4935-aad1-edebd988422a}, !- Handle
  {67ee0daa-dae4-464d-8528-a9e7d3ba726d}, !- Source Object
  14,                                     !- Outlet Port
  {e0d1f809-893a-4206-8be1-a9aeb950ca43}, !- Target Object
  2;                                      !- Inlet Port

OS:Connection,
  {2f32c75a-9677-480c-9aeb-0d76d0ed3c6c}, !- Handle
  {161e63be-613e-4bbf-a079-5e4683330517}, !- Source Object
  3,                                      !- Outlet Port
  {37422f26-69d5-445d-8dc0-f866e35bb6ef}, !- Target Object
  2;                                      !- Inlet Port

OS:Connection,
  {ecf62b13-e2ee-462f-8401-66cea322889a}, !- Handle
  {a1f622fa-726d-4760-b0ed-edf58e4dc617}, !- Source Object
  3,                                      !- Outlet Port
  {67ee0daa-dae4-464d-8528-a9e7d3ba726d}, !- Target Object
  15;                                     !- Inlet Port

OS:Node,
  {747f2c51-f744-417f-b998-42226174e8a6}, !- Handle
  Node 16,                                !- Name
  {3c8e8f8c-7d12-49eb-b570-bc8fa5f16b0d}, !- Inlet Port
  {26e57e3f-1bff-4392-b83e-d058c708a663}; !- Outlet Port

OS:Node,
  {fca17e6f-0fa2-4885-99ce-bf76891348b6}, !- Handle
  Node 17,                                !- Name
  {971867ee-7b0b-4032-b64f-26e7edf41115}, !- Inlet Port
  {c5641a60-6ec0-44ec-b84f-fae9c2d1e83f}; !- Outlet Port

OS:Node,
  {7d252cc9-cf44-41d5-83ff-318e9d9a961e}, !- Handle
  Node 18,                                !- Name
  {151082c4-640d-4037-b788-2a3aa0c3bc33}, !- Inlet Port
  {67b827b8-7840-47a1-8b6b-afd48467b2ea}; !- Outlet Port

OS:Connector:Mixer,
  {3ea41fc0-3874-4c55-85df-7ebbeb604a37}, !- Handle
  Connector Mixer 2,                      !- Name
  {971867ee-7b0b-4032-b64f-26e7edf41115}, !- Outlet Branch Name
  {9fb051e7-0507-4f6d-bfee-570caa2cc814}; !- Inlet Branch Name 1

OS:Connector:Splitter,
  {72894904-9855-4b59-8a60-00cd45453323}, !- Handle
  Connector Splitter 2,                   !- Name
  {26e57e3f-1bff-4392-b83e-d058c708a663}, !- Inlet Branch Name
  {151082c4-640d-4037-b788-2a3aa0c3bc33}; !- Outlet Branch Name 1

OS:Connection,
  {3c8e8f8c-7d12-49eb-b570-bc8fa5f16b0d}, !- Handle
  {67ee0daa-dae4-464d-8528-a9e7d3ba726d}, !- Source Object
  17,                                     !- Outlet Port
  {747f2c51-f744-417f-b998-42226174e8a6}, !- Target Object
  2;                                      !- Inlet Port

OS:Connection,
  {26e57e3f-1bff-4392-b83e-d058c708a663}, !- Handle
  {747f2c51-f744-417f-b998-42226174e8a6}, !- Source Object
  3,                                      !- Outlet Port
  {72894904-9855-4b59-8a60-00cd45453323}, !- Target Object
  2;                                      !- Inlet Port

OS:Connection,
  {151082c4-640d-4037-b788-2a3aa0c3bc33}, !- Handle
  {72894904-9855-4b59-8a60-00cd45453323}, !- Source Object
  3,                                      !- Outlet Port
  {7d252cc9-cf44-41d5-83ff-318e9d9a961e}, !- Target Object
  2;                                      !- Inlet Port

OS:Connection,
  {971867ee-7b0b-4032-b64f-26e7edf41115}, !- Handle
  {3ea41fc0-3874-4c55-85df-7ebbeb604a37}, !- Source Object
  2,                                      !- Outlet Port
  {fca17e6f-0fa2-4885-99ce-bf76891348b6}, !- Target Object
  2;                                      !- Inlet Port

OS:Connection,
  {c5641a60-6ec0-44ec-b84f-fae9c2d1e83f}, !- Handle
  {fca17e6f-0fa2-4885-99ce-bf76891348b6}, !- Source Object
  3,                                      !- Outlet Port
  {67ee0daa-dae4-464d-8528-a9e7d3ba726d}, !- Target Object
  18;                                     !- Inlet Port

OS:Sizing:Plant,
  {47d29827-c6c4-4bf1-aab8-26a7c4c4d901}, !- Handle
  {67ee0daa-dae4-464d-8528-a9e7d3ba726d}, !- Plant or Condenser Loop Name
  Heating,                                !- Loop Type
  51.6666666666667,                       !- Design Loop Exit Temperature {C}
  5.55555555555556,                       !- Loop Design Temperature Difference {deltaC}
  NonCoincident,                          !- Sizing Option
  1,                                      !- Zone Timesteps in Averaging Window
  None;                                   !- Coincident Sizing Factor Mode

OS:AvailabilityManagerAssignmentList,
  {d54dd6ef-2ec6-4298-afb4-5467b1ae5924}, !- Handle
  Plant Loop 1 AvailabilityManagerAssignmentList; !- Name

OS:Pipe:Adiabatic,
  {971ffce1-cc33-47d3-8ed4-77705b134048}, !- Handle
  Pipe Adiabatic 1,                       !- Name
  {def7ef87-b273-4183-81f3-bf9df7d3a1e0}, !- Inlet Node Name
  {eab4f87e-ec8d-4757-93d4-dcc63a6d77d4}; !- Outlet Node Name

OS:Pipe:Adiabatic,
  {d88ceecc-6026-40f1-9f15-7246161aca70}, !- Handle
  Pipe Adiabatic 2,                       !- Name
  {5a4f309e-3b7b-452f-90a2-094df020714e}, !- Inlet Node Name
  {df77608d-88ed-448a-96d0-58f2dc13f89a}; !- Outlet Node Name

OS:Node,
  {9bc360b0-84f5-4de8-8ecc-edb33a1b4869}, !- Handle
  Node 19,                                !- Name
  {eab4f87e-ec8d-4757-93d4-dcc63a6d77d4}, !- Inlet Port
  {b01a5aff-a34f-4358-9aaf-9c845a86b865}; !- Outlet Port

OS:Connection,
  {def7ef87-b273-4183-81f3-bf9df7d3a1e0}, !- Handle
  {37422f26-69d5-445d-8dc0-f866e35bb6ef}, !- Source Object
  3,                                      !- Outlet Port
  {971ffce1-cc33-47d3-8ed4-77705b134048}, !- Target Object
  2;                                      !- Inlet Port

OS:Connection,
  {eab4f87e-ec8d-4757-93d4-dcc63a6d77d4}, !- Handle
  {971ffce1-cc33-47d3-8ed4-77705b134048}, !- Source Object
  3,                                      !- Outlet Port
  {9bc360b0-84f5-4de8-8ecc-edb33a1b4869}, !- Target Object
  2;                                      !- Inlet Port

OS:Connection,
  {b01a5aff-a34f-4358-9aaf-9c845a86b865}, !- Handle
  {9bc360b0-84f5-4de8-8ecc-edb33a1b4869}, !- Source Object
  3,                                      !- Outlet Port
  {c48d31f4-cfcf-4385-8b6a-76aea8d3c7d9}, !- Target Object
  3;                                      !- Inlet Port

OS:Node,
  {348e5d01-4d1e-4bac-961b-4b62ee74ccda}, !- Handle
  Node 20,                                !- Name
  {6ee322c0-7346-4e08-bd9f-653212705b9b}, !- Inlet Port
  {5a4f309e-3b7b-452f-90a2-094df020714e}; !- Outlet Port

OS:Connection,
  {6ee322c0-7346-4e08-bd9f-653212705b9b}, !- Handle
  {c48d31f4-cfcf-4385-8b6a-76aea8d3c7d9}, !- Source Object
  2,                                      !- Outlet Port
  {348e5d01-4d1e-4bac-961b-4b62ee74ccda}, !- Target Object
  2;                                      !- Inlet Port

OS:Connection,
  {5a4f309e-3b7b-452f-90a2-094df020714e}, !- Handle
  {348e5d01-4d1e-4bac-961b-4b62ee74ccda}, !- Source Object
  3,                                      !- Outlet Port
  {d88ceecc-6026-40f1-9f15-7246161aca70}, !- Target Object
  2;                                      !- Inlet Port

OS:Connection,
  {df77608d-88ed-448a-96d0-58f2dc13f89a}, !- Handle
  {d88ceecc-6026-40f1-9f15-7246161aca70}, !- Source Object
  3,                                      !- Outlet Port
  {a1f622fa-726d-4760-b0ed-edf58e4dc617}, !- Target Object
  2;                                      !- Inlet Port

OS:Pump:VariableSpeed,
  {37b8fc92-23c7-4d9e-a56f-b6bf31019a7c}, !- Handle
  dhw loop pump,                          !- Name
  {860c6cce-0e43-4e5c-a6f2-bc9ab8ac9913}, !- Inlet Node Name
  {d9e98246-0551-485b-9434-450fbfc428fd}, !- Outlet Node Name
  0.01,                                   !- Rated Flow Rate {m3/s}
  1,                                      !- Rated Pump Head {Pa}
  0,                                      !- Rated Power Consumption {W}
  0.85,                                   !- Motor Efficiency
  0,                                      !- Fraction of Motor Inefficiencies to Fluid Stream
  0,                                      !- Coefficient 1 of the Part Load Performance Curve
  1,                                      !- Coefficient 2 of the Part Load Performance Curve
  0,                                      !- Coefficient 3 of the Part Load Performance Curve
  0,                                      !- Coefficient 4 of the Part Load Performance Curve
  0,                                      !- Minimum Flow Rate {m3/s}
  Intermittent,                           !- Pump Control Type
  ,                                       !- Pump Flow Rate Schedule Name
  ,                                       !- Pump Curve Name
  ,                                       !- Impeller Diameter {m}
  ,                                       !- VFD Control Type
  ,                                       !- Pump RPM Schedule Name
  ,                                       !- Minimum Pressure Schedule {Pa}
  ,                                       !- Maximum Pressure Schedule {Pa}
  ,                                       !- Minimum RPM Schedule {rev/min}
  ,                                       !- Maximum RPM Schedule {rev/min}
  ,                                       !- Zone Name
  0.5,                                    !- Skin Loss Radiative Fraction
  PowerPerFlowPerPressure,                !- Design Power Sizing Method
  348701.1,                               !- Design Electric Power per Unit Flow Rate {W/(m3/s)}
  1.282051282,                            !- Design Shaft Power per Unit Flow Rate per Unit Head {W-s/m3-Pa}
  0,                                      !- Design Minimum Flow Rate Fraction
  General;                                !- End-Use Subcategory

OS:Node,
  {07f770c2-f627-496b-a50f-f01800d59cba}, !- Handle
  Node 21,                                !- Name
  {d9e98246-0551-485b-9434-450fbfc428fd}, !- Inlet Port
  {73b34b5d-e815-4e58-8999-c144dc560a9e}; !- Outlet Port

OS:Connection,
  {860c6cce-0e43-4e5c-a6f2-bc9ab8ac9913}, !- Handle
  {e0d1f809-893a-4206-8be1-a9aeb950ca43}, !- Source Object
  3,                                      !- Outlet Port
  {37b8fc92-23c7-4d9e-a56f-b6bf31019a7c}, !- Target Object
  2;                                      !- Inlet Port

OS:Connection,
  {d9e98246-0551-485b-9434-450fbfc428fd}, !- Handle
  {37b8fc92-23c7-4d9e-a56f-b6bf31019a7c}, !- Source Object
  3,                                      !- Outlet Port
  {07f770c2-f627-496b-a50f-f01800d59cba}, !- Target Object
  2;                                      !- Inlet Port

OS:Connection,
  {73b34b5d-e815-4e58-8999-c144dc560a9e}, !- Handle
  {07f770c2-f627-496b-a50f-f01800d59cba}, !- Source Object
  3,                                      !- Outlet Port
  {161e63be-613e-4bbf-a079-5e4683330517}, !- Target Object
  2;                                      !- Inlet Port

OS:Schedule:Constant,
  {60608f56-4700-43fd-96c3-99af54873c75}, !- Handle
  dhw temp,                               !- Name
  {4e136fa4-cd7d-4de7-a1f0-457284e497fa}, !- Schedule Type Limits Name
  51.6666666666667;                       !- Value

OS:SetpointManager:Scheduled,
  {45354bee-fa8f-422b-bcb5-953aa27d247b}, !- Handle
  Setpoint Manager Scheduled 1,           !- Name
  Temperature,                            !- Control Variable
  {60608f56-4700-43fd-96c3-99af54873c75}, !- Schedule Name
  {a1f622fa-726d-4760-b0ed-edf58e4dc617}; !- Setpoint Node or NodeList Name

OS:Schedule:Constant,
  {98d659f7-5026-4c9f-b89a-5092681f47ef}, !- Handle
  water heater Tamb act,                  !- Name
  {4e136fa4-cd7d-4de7-a1f0-457284e497fa}, !- Schedule Type Limits Name
  23;                                     !- Value

OS:Schedule:Constant,
  {1d8d3b43-30f3-4c61-a577-88985f66a026}, !- Handle
  water heater RHamb act,                 !- Name
  {99c8cb7c-efc2-4f15-b744-0fc6287ca168}, !- Schedule Type Limits Name
  0.5;                                    !- Value

OS:Schedule:Constant,
  {4524d9c4-3e53-48dd-84ef-46aed2a1e0e4}, !- Handle
  water heater TopElementSetpoint,        !- Name
  {4e136fa4-cd7d-4de7-a1f0-457284e497fa}, !- Schedule Type Limits Name
  0;                                      !- Value

OS:Schedule:Constant,
  {7e6752f9-dc59-4b75-9c57-d57b61a8184e}, !- Handle
  water heater BottomElementSetpoint,     !- Name
  {4e136fa4-cd7d-4de7-a1f0-457284e497fa}, !- Schedule Type Limits Name
  0;                                      !- Value

OS:Schedule:Constant,
  {1d2c8345-e41b-4d06-b1d9-6509bf65458b}, !- Handle
  water heater setpoint,                  !- Name
  {4e136fa4-cd7d-4de7-a1f0-457284e497fa}, !- Schedule Type Limits Name
  51.6666666666667;                       !- Value

OS:Curve:Biquadratic,
  {9723ef35-b87d-4dae-9dd7-50ddf0d63452}, !- Handle
  HPWH-Cap-fT,                            !- Name
  0.563,                                  !- Coefficient1 Constant
  0.0437,                                 !- Coefficient2 x
  3.9e-05,                                !- Coefficient3 x**2
  0.0055,                                 !- Coefficient4 y
  -0.000148,                              !- Coefficient5 y**2
  -0.000145,                              !- Coefficient6 x*y
  0,                                      !- Minimum Value of x
  100,                                    !- Maximum Value of x
  0,                                      !- Minimum Value of y
  100;                                    !- Maximum Value of y

OS:Curve:Biquadratic,
  {0f7ae858-21ea-4b6a-9fae-258c6c7b4120}, !- Handle
  HPWH-COP-fT,                            !- Name
  1.1332,                                 !- Coefficient1 Constant
  0.063,                                  !- Coefficient2 x
  -9.79e-05,                              !- Coefficient3 x**2
  -0.00972,                               !- Coefficient4 y
  -2.14e-05,                              !- Coefficient5 y**2
  -0.000686,                              !- Coefficient6 x*y
  0,                                      !- Minimum Value of x
  100,                                    !- Maximum Value of x
  0,                                      !- Minimum Value of y
  100;                                    !- Maximum Value of y

OS:Coil:WaterHeating:AirToWaterHeatPump:Wrapped,
  {b717a251-a019-4395-ae5d-a8f30bd31dbf}, !- Handle
  water heater coil,                      !- Name
  2110.99091845052,                       !- Rated Heating Capacity {W}
  4.222255,                               !- Rated COP {W/W}
  0.88,                                   !- Rated Sensible Heat Ratio
  19.7222222222222,                       !- Rated Evaporator Inlet Air Dry-Bulb Temperature {C}
  13.5609953322795,                       !- Rated Evaporator Inlet Air Wet-Bulb Temperature {C}
  48.89,                                  !- Rated Condenser Water Temperature {C}
  0.0854224872192,                        !- Rated Evaporator Air Flow Rate {m3/s}
  Yes,                                    !- Evaporator Fan Power Included in Rated COP
  ,                                       !- Evaporator Air Inlet Node Name
  ,                                       !- Evaporator Air Outlet Node Name
  0,                                      !- Crankcase Heater Capacity {W}
  ,                                       !- Crankcase Heater Capacity Function of Temperature Curve Name
  0,                                      !- Maximum Ambient Temperature for Crankcase Heater Operation {C}
  WetBulbTemperature,                     !- Evaporator Air Temperature Type for Curve Objects
  {9723ef35-b87d-4dae-9dd7-50ddf0d63452}, !- Heating Capacity Function of Temperature Curve Name
  {fed2b04f-e2a0-4cb1-b3bf-6599366a8a53}, !- Heating Capacity Function of Air Flow Fraction Curve Name
  {0f7ae858-21ea-4b6a-9fae-258c6c7b4120}, !- Heating COP Function of Temperature Curve Name
  {672cc319-3e2d-460e-bb73-5f9db4e3297d}, !- Heating COP Function of Air Flow Fraction Curve Name
  {3eebaadd-e51d-47d6-bf03-0dcc8768869f}; !- Part Load Fraction Correlation Curve Name

OS:Curve:Biquadratic,
  {1382b3cd-218c-4ff2-8e27-97abc7f7fc9f}, !- Handle
  HPWH-Htg-Cap-fT,                        !- Name
  0.563,                                  !- Coefficient1 Constant
  0.0437,                                 !- Coefficient2 x
  3.9e-05,                                !- Coefficient3 x**2
  0.0055,                                 !- Coefficient4 y
  -0.000148,                              !- Coefficient5 y**2
  -0.000145,                              !- Coefficient6 x*y
  0,                                      !- Minimum Value of x
  100,                                    !- Maximum Value of x
  0,                                      !- Minimum Value of y
  100,                                    !- Maximum Value of y
  0;                                      !- Minimum Curve Output

OS:Curve:Cubic,
  {fed2b04f-e2a0-4cb1-b3bf-6599366a8a53}, !- Handle
  HPWH-Htg-Cap-FF,                        !- Name
  1,                                      !- Coefficient1 Constant
  0,                                      !- Coefficient2 x
  0,                                      !- Coefficient3 x**2
  0,                                      !- Coefficient4 x**3
  0,                                      !- Minimum Value of x
  100;                                    !- Maximum Value of x

OS:Curve:Biquadratic,
  {487c2384-262c-4d83-88c5-bd6189b96951}, !- Handle
  HPWH-Htg-COP-fT,                        !- Name
  1.1332,                                 !- Coefficient1 Constant
  0.063,                                  !- Coefficient2 x
  -9.79e-05,                              !- Coefficient3 x**2
  -0.00972,                               !- Coefficient4 y
  -2.14e-05,                              !- Coefficient5 y**2
  -0.000686,                              !- Coefficient6 x*y
  0,                                      !- Minimum Value of x
  100,                                    !- Maximum Value of x
  0,                                      !- Minimum Value of y
  100;                                    !- Maximum Value of y

OS:Curve:Cubic,
  {672cc319-3e2d-460e-bb73-5f9db4e3297d}, !- Handle
  HPWH-Htg-COP-FF,                        !- Name
  1,                                      !- Coefficient1 Constant
  0,                                      !- Coefficient2 x
  0,                                      !- Coefficient3 x**2
  0,                                      !- Coefficient4 x**3
  0,                                      !- Minimum Value of x
  100;                                    !- Maximum Value of x

OS:Curve:Cubic,
  {3eebaadd-e51d-47d6-bf03-0dcc8768869f}, !- Handle
  HPWH-COP-fPLR,                          !- Name
  1,                                      !- Coefficient1 Constant
  0,                                      !- Coefficient2 x
  0,                                      !- Coefficient3 x**2
  0,                                      !- Coefficient4 x**3
  0,                                      !- Minimum Value of x
  1;                                      !- Maximum Value of x

OS:AdditionalProperties,
  {8efcf318-d3ce-41c4-9d81-563a8a93be66}, !- Handle
  {b717a251-a019-4395-ae5d-a8f30bd31dbf}, !- Object Name
  HPXML_ID,                               !- Feature Name 1
  String,                                 !- Feature Data Type 1
  WaterHeatingSystem1;                    !- Feature Value 1

OS:WaterHeater:Stratified,
  {0d917630-49cd-414b-ac46-6d2bc824a10b}, !- Handle
  water heater tank,                      !- Name
  Domestic Hot Water,                     !- End-Use Subcategory
  0.224853459967809,                      !- Tank Volume {m3}
  1.3343,                                 !- Tank Height {m}
  VerticalCylinder,                       !- Tank Shape
  ,                                       !- Tank Perimeter {m}
  90,                                     !- Maximum Temperature Limit {C}
  MasterSlave,                            !- Heater Priority Control
  {4524d9c4-3e53-48dd-84ef-46aed2a1e0e4}, !- Heater 1 Setpoint Temperature Schedule Name
  18.5,                                   !- Heater 1 Deadband Temperature Difference {deltaC}
  4500.10628249447,                       !- Heater 1 Capacity {W}
  1.05632083333333,                       !- Heater 1 Height {m}
  {7e6752f9-dc59-4b75-9c57-d57b61a8184e}, !- Heater 2 Setpoint Temperature Schedule Name
  3.89,                                   !- Heater 2 Deadband Temperature Difference {deltaC}
  4500.10628249447,                       !- Heater 2 Capacity {W}
  0.277979166666667,                      !- Heater 2 Height {m}
  Electricity,                            !- Heater Fuel Type
  1,                                      !- Heater Thermal Efficiency
  3,                                      !- Off Cycle Parasitic Fuel Consumption Rate {W}
  Electricity,                            !- Off Cycle Parasitic Fuel Type
  0,                                      !- Off Cycle Parasitic Heat Fraction to Tank
  0,                                      !- Off Cycle Parasitic Height {m}
  3,                                      !- On Cycle Parasitic Fuel Consumption Rate {W}
  Electricity,                            !- On Cycle Parasitic Fuel Type
  0,                                      !- On Cycle Parasitic Heat Fraction to Tank
  0,                                      !- On Cycle Parasitic Height {m}
  Schedule,                               !- Ambient Temperature Indicator
  {98d659f7-5026-4c9f-b89a-5092681f47ef}, !- Ambient Temperature Schedule Name
  ,                                       !- Ambient Temperature Thermal Zone Name
  ,                                       !- Ambient Temperature Outdoor Air Node Name
  0.925959286188401,                      !- Uniform Skin Loss Coefficient per Unit Area to Ambient Temperature {W/m2-K}
  1,                                      !- Skin Loss Fraction to Zone
  0,                                      !- Off Cycle Flue Loss Coefficient to Ambient Temperature {W/K}
  1,                                      !- Off Cycle Flue Loss Fraction to Zone
  ,                                       !- Peak Use Flow Rate {m3/s}
  ,                                       !- Use Flow Rate Fraction Schedule Name
  ,                                       !- Cold Water Supply Temperature Schedule Name
  {bfe7c9fe-8267-4d85-9c12-9e5d76f5fe28}, !- Use Side Inlet Node Name
  {685589c4-dd45-466b-a974-6733ca802a0f}, !- Use Side Outlet Node Name
  1,                                      !- Use Side Effectiveness
  0,                                      !- Use Side Inlet Height {m}
  autocalculate,                          !- Use Side Outlet Height {m}
  ,                                       !- Source Side Inlet Node Name
  ,                                       !- Source Side Outlet Node Name
  1,                                      !- Source Side Effectiveness
  0,                                      !- Source Side Inlet Height {m}
  0,                                      !- Source Side Outlet Height {m}
  Fixed,                                  !- Inlet Mode
  0.00374132212924807,                    !- Use Side Design Flow Rate {m3/s}
  0,                                      !- Source Side Design Flow Rate {m3/s}
  1.5,                                    !- Indirect Water Heating Recovery Time {hr}
  6,                                      !- Number of Nodes
  0,                                      !- Additional Destratification Conductivity {W/m-K}
  0,                                      !- Node 1 Additional Loss Coefficient {W/m2-K}
  0,                                      !- Node 2 Additional Loss Coefficient {W/m2-K}
  0,                                      !- Node 3 Additional Loss Coefficient {W/m2-K}
  0,                                      !- Node 4 Additional Loss Coefficient {W/m2-K}
  0,                                      !- Node 5 Additional Loss Coefficient {W/m2-K}
  0,                                      !- Node 6 Additional Loss Coefficient {W/m2-K}
  0,                                      !- Node 7 Additional Loss Coefficient {W/m2-K}
  0,                                      !- Node 8 Additional Loss Coefficient {W/m2-K}
  0,                                      !- Node 9 Additional Loss Coefficient {W/m2-K}
  0,                                      !- Node 10 Additional Loss Coefficient {W/m2-K}
  0,                                      !- Node 11 Additional Loss Coefficient {W/m2-K}
  0,                                      !- Node 12 Additional Loss Coefficient {W/m2-K}
  ;                                       !- Source Side Flow Control Mode

OS:WaterHeater:Sizing,
  {c5975be3-5230-41bc-b2fd-ed5c6b88fae3}, !- Handle
  {0d917630-49cd-414b-ac46-6d2bc824a10b}, !- WaterHeater Name
  PeakDraw,                               !- Design Mode
  0.538503,                               !- Time Storage Can Meet Peak Draw {hr}
  0,                                      !- Time for Tank Recovery {hr}
  1;                                      !- Nominal Tank Volume for Autosizing Plant Connections {m3}

OS:AdditionalProperties,
  {379b8315-db4a-4b2b-a701-0ad7e39d6491}, !- Handle
  {0d917630-49cd-414b-ac46-6d2bc824a10b}, !- Object Name
  HPXML_ID,                               !- Feature Name 1
  String,                                 !- Feature Data Type 1
  WaterHeatingSystem1;                    !- Feature Value 1

OS:Node,
  {13d2b628-226d-4bf5-9bd8-7bd37c951448}, !- Handle
  Node 22,                                !- Name
  {11b611f9-6ea3-46d7-a6e8-21265997eaaf}, !- Inlet Port
  {bfe7c9fe-8267-4d85-9c12-9e5d76f5fe28}; !- Outlet Port

OS:Connection,
  {11b611f9-6ea3-46d7-a6e8-21265997eaaf}, !- Handle
  {161e63be-613e-4bbf-a079-5e4683330517}, !- Source Object
  4,                                      !- Outlet Port
  {13d2b628-226d-4bf5-9bd8-7bd37c951448}, !- Target Object
  2;                                      !- Inlet Port

OS:Node,
  {14f1025b-f7d6-44e6-b39a-0e43d15d32d6}, !- Handle
  Node 23,                                !- Name
  {685589c4-dd45-466b-a974-6733ca802a0f}, !- Inlet Port
  {045d4083-d537-4998-b3f0-53aedb3a8d4c}; !- Outlet Port

OS:Connection,
  {bfe7c9fe-8267-4d85-9c12-9e5d76f5fe28}, !- Handle
  {13d2b628-226d-4bf5-9bd8-7bd37c951448}, !- Source Object
  3,                                      !- Outlet Port
  {0d917630-49cd-414b-ac46-6d2bc824a10b}, !- Target Object
  38;                                     !- Inlet Port

OS:Connection,
  {685589c4-dd45-466b-a974-6733ca802a0f}, !- Handle
  {0d917630-49cd-414b-ac46-6d2bc824a10b}, !- Source Object
  39,                                     !- Outlet Port
  {14f1025b-f7d6-44e6-b39a-0e43d15d32d6}, !- Target Object
  2;                                      !- Inlet Port

OS:Connection,
  {045d4083-d537-4998-b3f0-53aedb3a8d4c}, !- Handle
  {14f1025b-f7d6-44e6-b39a-0e43d15d32d6}, !- Source Object
  3,                                      !- Outlet Port
  {c48d31f4-cfcf-4385-8b6a-76aea8d3c7d9}, !- Target Object
  4;                                      !- Inlet Port

OS:Fan:SystemModel,
  {c4cae8f8-91cc-4938-b6fb-6f88efd9ef5d}, !- Handle
  water heater fan,                       !- Name
  {01e75fd4-67df-4b46-990d-9049a59cf4d0}, !- Availability Schedule Name
  ,                                       !- Air Inlet Node Name
  ,                                       !- Air Outlet Node Name
  0.0854224872192,                        !- Design Maximum Air Flow Rate {m3/s}
  Discrete,                               !- Speed Control Method
  0.2,                                    !- Electric Power Minimum Flow Rate Fraction
  500,                                    !- Design Pressure Rise {Pa}
  1,                                      !- Motor Efficiency
  1,                                      !- Motor In Air Stream Fraction
  autosize,                               !- Design Electric Power Consumption {W}
  PowerPerFlow,                           !- Design Power Sizing Method
  97.8922561519664,                       !- Electric Power Per Unit Flow Rate {W/(m3/s)}
  1.66667,                                !- Electric Power Per Unit Flow Rate Per Unit Pressure {W-s/m3-Pa}
  0.7,                                    !- Fan Total Efficiency
  ,                                       !- Electric Power Function of Flow Fraction Curve Name
  ,                                       !- Night Ventilation Mode Pressure Rise {Pa}
  ,                                       !- Night Ventilation Mode Flow Fraction
  ,                                       !- Motor Loss Zone Name
  0,                                      !- Motor Loss Radiative Fraction
  Domestic Hot Water;                     !- End-Use Subcategory

OS:AdditionalProperties,
  {3783a846-aa00-4f75-8ffc-707c27713f9e}, !- Handle
  {c4cae8f8-91cc-4938-b6fb-6f88efd9ef5d}, !- Object Name
  HPXML_ID,                               !- Feature Name 1
  String,                                 !- Feature Data Type 1
  WaterHeatingSystem1,                    !- Feature Value 1
  ObjectType,                             !- Feature Name 2
  String,                                 !- Feature Data Type 2
  water heater;                           !- Feature Value 2

OS:WaterHeater:HeatPump:WrappedCondenser,
  {f3ae59ec-21ed-4528-a228-313a1d673184}, !- Handle
  water heater hpwh,                      !- Name
  ,                                       !- Availability Schedule Name
  {1d2c8345-e41b-4d06-b1d9-6509bf65458b}, !- Compressor Setpoint Temperature Schedule Name
  3.89,                                   !- Dead Band Temperature Difference {deltaC}
  0.0555958333333333,                     !- Condenser Bottom Location {m}
  0.722745833333333,                      !- Condenser Top Location {m}
  0.0854224872192,                        !- Evaporator Air Flow Rate {m3/s}
  Schedule,                               !- Inlet Air Configuration
  ,                                       !- Air Inlet Node Name
  ,                                       !- Air Outlet Node Name
  ,                                       !- Outdoor Air Node Name
  {98d659f7-5026-4c9f-b89a-5092681f47ef}, !- Inlet Air Temperature Schedule Name
  {1d8d3b43-30f3-4c61-a577-88985f66a026}, !- Inlet Air Humidity Schedule Name
  {0d917630-49cd-414b-ac46-6d2bc824a10b}, !- Tank Name
  {b717a251-a019-4395-ae5d-a8f30bd31dbf}, !- DX Coil Name
  5.55555555555556,                       !- Minimum Inlet Air Temperature for Compressor Operation {C}
  48.8888888888889,                       !- Maximum Inlet Air Temperature for Compressor Operation {C}
  Schedule,                               !- Compressor Location
  {98d659f7-5026-4c9f-b89a-5092681f47ef}, !- Compressor Ambient Temperature Schedule Name
  {c4cae8f8-91cc-4938-b6fb-6f88efd9ef5d}, !- Fan Name
  DrawThrough,                            !- Fan Placement
  0,                                      !- On Cycle Parasitic Electric Load {W}
  0,                                      !- Off Cycle Parasitic Electric Load {W}
  Outdoors,                               !- Parasitic Heat Rejection Location
  {01e75fd4-67df-4b46-990d-9049a59cf4d0}, !- Inlet Air Mixer Schedule Name
  MutuallyExclusive,                      !- Tank Element Control Logic
  1.05632083333333,                       !- Control Sensor 1 Height In Stratified Tank {m}
  0.75,                                   !- Control Sensor 1 Weight {dimensionless}
  0.389170833333333;                      !- Control Sensor 2 Height In Stratified Tank {m}

OS:EnergyManagementSystem:Sensor,
  {2f41a2b8-7167-4d6a-b6d1-9b561d205334}, !- Handle
  water_heater_amb_temp,                  !- Name
  garage,                                 !- Output Variable or Output Meter Index Key Name
  Zone Mean Air Temperature;              !- Output Variable or Output Meter Name

OS:EnergyManagementSystem:Sensor,
  {97becb6a-9991-4f2f-9679-ebc771fe7ab6}, !- Handle
  water_heater_amb_rh,                    !- Name
  garage,                                 !- Output Variable or Output Meter Index Key Name
  Zone Air Relative Humidity;             !- Output Variable or Output Meter Name

OS:EnergyManagementSystem:Actuator,
  {2a147163-202a-475c-abb3-18e9d8b39f75}, !- Handle
  water_heater_Tamb_act,                  !- Name
  {98d659f7-5026-4c9f-b89a-5092681f47ef}, !- Actuated Component Name
  Schedule:Constant,                      !- Actuated Component Type
  Schedule Value,                         !- Actuated Component Control Type
  ;                                       !- Zone or Space Name

OS:EnergyManagementSystem:Actuator,
  {41f34d68-01d9-4282-b740-439d18f8a526}, !- Handle
  water_heater_RHamb_act,                 !- Name
  {1d8d3b43-30f3-4c61-a577-88985f66a026}, !- Actuated Component Name
  Schedule:Constant,                      !- Actuated Component Type
  Schedule Value,                         !- Actuated Component Control Type
  ;                                       !- Zone or Space Name

OS:OtherEquipment:Definition,
  {a0192cdd-c2b7-4d49-96f8-eb0445605e88}, !- Handle
  water heater sens,                      !- Name
  EquipmentLevel,                         !- Design Level Calculation Method
  0,                                      !- Design Level {W}
  ,                                       !- Watts per Space Floor Area {W/m2}
  ,                                       !- Watts per Person {W/Person}
  0,                                      !- Fraction Latent
  0,                                      !- Fraction Radiant
  0;                                      !- Fraction Lost

OS:OtherEquipment,
  {a22a6469-166e-4cd8-bbf7-d0423b6cb993}, !- Handle
  water heater sens,                      !- Name
  {a0192cdd-c2b7-4d49-96f8-eb0445605e88}, !- Other Equipment Definition Name
  {696b3cdc-37e9-4369-b12d-2648cf32d8ba}, !- Space or SpaceType Name
  {01e75fd4-67df-4b46-990d-9049a59cf4d0}, !- Schedule Name
  ,                                       !- Multiplier
  ,                                       !- Fuel Type
  General;                                !- End-Use Subcategory

OS:EnergyManagementSystem:Actuator,
  {d7849b80-d52e-4590-bcae-b37b8e6b31b0}, !- Handle
  water_heater_sens_act,                  !- Name
  {a22a6469-166e-4cd8-bbf7-d0423b6cb993}, !- Actuated Component Name
  OtherEquipment,                         !- Actuated Component Type
  Power Level,                            !- Actuated Component Control Type
  {696b3cdc-37e9-4369-b12d-2648cf32d8ba}; !- Zone or Space Name

OS:OtherEquipment:Definition,
  {9a0876a5-41ae-4b29-8cdd-ea0e0f2c7143}, !- Handle
  water heater lat,                       !- Name
  EquipmentLevel,                         !- Design Level Calculation Method
  0,                                      !- Design Level {W}
  ,                                       !- Watts per Space Floor Area {W/m2}
  ,                                       !- Watts per Person {W/Person}
  1,                                      !- Fraction Latent
  0,                                      !- Fraction Radiant
  0;                                      !- Fraction Lost

OS:OtherEquipment,
  {164378c3-9197-4c6f-aa3f-e18ae8aae5f7}, !- Handle
  water heater lat,                       !- Name
  {9a0876a5-41ae-4b29-8cdd-ea0e0f2c7143}, !- Other Equipment Definition Name
  {696b3cdc-37e9-4369-b12d-2648cf32d8ba}, !- Space or SpaceType Name
  {01e75fd4-67df-4b46-990d-9049a59cf4d0}, !- Schedule Name
  ,                                       !- Multiplier
  ,                                       !- Fuel Type
  General;                                !- End-Use Subcategory

OS:EnergyManagementSystem:Actuator,
  {eb0dba7e-ab87-4eb1-b83c-1aaad59ffb93}, !- Handle
  water_heater_lat_act,                   !- Name
  {164378c3-9197-4c6f-aa3f-e18ae8aae5f7}, !- Actuated Component Name
  OtherEquipment,                         !- Actuated Component Type
  Power Level,                            !- Actuated Component Control Type
  {696b3cdc-37e9-4369-b12d-2648cf32d8ba}; !- Zone or Space Name

OS:EnergyManagementSystem:Sensor,
  {2c77b453-0a08-41c7-91ee-b8c7e2f7b8e9}, !- Handle
  water_heater_tl,                        !- Name
  water heater tank,                      !- Output Variable or Output Meter Index Key Name
  Water Heater Heat Loss Rate;            !- Output Variable or Output Meter Name

OS:EnergyManagementSystem:Sensor,
  {e3ffad41-1145-4ff5-88ce-e357e54fa48a}, !- Handle
  water_heater_sens_cool,                 !- Name
  water heater coil,                      !- Output Variable or Output Meter Index Key Name
  Cooling Coil Sensible Cooling Rate;     !- Output Variable or Output Meter Name

OS:EnergyManagementSystem:Sensor,
  {452ef73e-4502-40e2-a751-c495c5c30cd8}, !- Handle
  water_heater_lat_cool,                  !- Name
  water heater coil,                      !- Output Variable or Output Meter Index Key Name
  Cooling Coil Latent Cooling Rate;       !- Output Variable or Output Meter Name

OS:EnergyManagementSystem:Sensor,
  {d46c956e-1aab-465a-a8b6-50a536c3013f}, !- Handle
  water_heater_fan_pwr,                   !- Name
  water heater fan,                       !- Output Variable or Output Meter Index Key Name
  Fan Electricity Rate;                   !- Output Variable or Output Meter Name

OS:EnergyManagementSystem:Program,
  {62050e3d-703f-4cd0-bdf4-53a7d424f6b1}, !- Handle
  water_heater_InletAir,                  !- Name
  Set water_heater_Tamb_act = water_heater_amb_temp, !- Program Line 1
  Set water_heater_RHamb_act = 0,         !- Program Line 2
  Set water_heater_RHamb_act = water_heater_RHamb_act + (water_heater_amb_rh / 100) / 1, !- Program Line 3
  Set water_heater_sens_act = (0 - water_heater_sens_cool - (water_heater_tl + water_heater_fan_pwr)) / 1, !- Program Line 4
  Set water_heater_lat_act = (0 - water_heater_lat_cool) / 1; !- Program Line 5

OS:EnergyManagementSystem:Actuator,
  {1dd702f8-c7d3-4a50-89a0-094e4e58146e}, !- Handle
  water_heater_LESchedOverride,           !- Name
  {7e6752f9-dc59-4b75-9c57-d57b61a8184e}, !- Actuated Component Name
  Schedule:Constant,                      !- Actuated Component Type
  Schedule Value,                         !- Actuated Component Control Type
  ;                                       !- Zone or Space Name

OS:EnergyManagementSystem:Actuator,
  {cd93fb89-a6bd-4c55-baec-0bf09ca84644}, !- Handle
  water_heater_UESchedOverride,           !- Name
  {4524d9c4-3e53-48dd-84ef-46aed2a1e0e4}, !- Actuated Component Name
  Schedule:Constant,                      !- Actuated Component Type
  Schedule Value,                         !- Actuated Component Control Type
  ;                                       !- Zone or Space Name

OS:EnergyManagementSystem:Actuator,
  {2f823060-d7ba-4801-91bd-da71d79d4343}, !- Handle
  water_heater_HPWHSchedOverride,         !- Name
  {1d2c8345-e41b-4d06-b1d9-6509bf65458b}, !- Actuated Component Name
  Schedule:Constant,                      !- Actuated Component Type
  Schedule Value,                         !- Actuated Component Control Type
  ;                                       !- Zone or Space Name

OS:EnergyManagementSystem:Sensor,
  {6e3746fd-1fdb-4f3d-9f58-e54583737ec8}, !- Handle
  water_heater_T_set,                     !- Name
  water heater setpoint,                  !- Output Variable or Output Meter Index Key Name
  Schedule Value;                         !- Output Variable or Output Meter Name

OS:EnergyManagementSystem:Program,
  {dc282003-e19b-48d1-9ba4-16170a95ec52}, !- Handle
  water_heater_Control,                   !- Name
  Set water_heater_HPWHSchedOverride = water_heater_T_set, !- Program Line 1
  If (water_heater_amb_temp<5.56) || (water_heater_amb_temp>48.89), !- Program Line 2
  Set water_heater_UESchedOverride = water_heater_T_set, !- Program Line 3
  Set water_heater_LESchedOverride = water_heater_T_set, !- Program Line 4
  Else,                                   !- Program Line 5
  Set water_heater_UESchedOverride = water_heater_T_set - 9.0, !- Program Line 6
  Set water_heater_LESchedOverride = 0,   !- Program Line 7
  EndIf;                                  !- Program Line 8

OS:EnergyManagementSystem:ProgramCallingManager,
  {12b47fa4-1299-46be-a5d2-3883d49aec7e}, !- Handle
  water_heater_ProgramManager,            !- Name
  InsideHVACSystemIterationLoop,          !- EnergyPlus Model Calling Point
  {dc282003-e19b-48d1-9ba4-16170a95ec52}, !- Program Name 1
  {62050e3d-703f-4cd0-bdf4-53a7d424f6b1}; !- Program Name 2

OS:OtherEquipment:Definition,
  {8fe4f3d4-75d5-4f4b-8e6a-d4d330fccc8e}, !- Handle
  water heater energy adjustment1,        !- Name
  EquipmentLevel,                         !- Design Level Calculation Method
  0.01,                                   !- Design Level {W}
  ,                                       !- Watts per Space Floor Area {W/m2}
  ,                                       !- Watts per Person {W/Person}
  0,                                      !- Fraction Latent
  0,                                      !- Fraction Radiant
  1;                                      !- Fraction Lost

OS:OtherEquipment,
  {dac6f835-2937-4f83-a595-6c87cb804d3b}, !- Handle
  water heater energy adjustment1,        !- Name
  {8fe4f3d4-75d5-4f4b-8e6a-d4d330fccc8e}, !- Other Equipment Definition Name
  {696b3cdc-37e9-4369-b12d-2648cf32d8ba}, !- Space or SpaceType Name
  {01e75fd4-67df-4b46-990d-9049a59cf4d0}, !- Schedule Name
  ,                                       !- Multiplier
  Electricity,                            !- Fuel Type
  water heater energy adjustment1;        !- End-Use Subcategory

OS:AdditionalProperties,
  {d57f0234-0d08-4a95-9ec3-012b87cf63c5}, !- Handle
  {dac6f835-2937-4f83-a595-6c87cb804d3b}, !- Object Name
  HPXML_ID,                               !- Feature Name 1
  String,                                 !- Feature Data Type 1
  WaterHeatingSystem1;                    !- Feature Value 1

OS:EnergyManagementSystem:Sensor,
  {819cb3a8-0627-495c-a496-780f5c473078}, !- Handle
  water_heater_tank_energy,               !- Name
  water heater tank,                      !- Output Variable or Output Meter Index Key Name
  Water Heater Electricity Rate;          !- Output Variable or Output Meter Name

OS:EnergyManagementSystem:Sensor,
  {7b2de3a9-1baf-4ea1-99ba-076729a6b8ab}, !- Handle
  water_heater_coil_energy,               !- Name
  water heater coil,                      !- Output Variable or Output Meter Index Key Name
  Cooling Coil Water Heating Electricity Rate; !- Output Variable or Output Meter Name

OS:EnergyManagementSystem:Sensor,
  {2851e5c8-056b-463f-a862-7eb2af613f16}, !- Handle
  water_heater_fan_energy,                !- Name
  water heater fan,                       !- Output Variable or Output Meter Index Key Name
  Fan Electricity Rate;                   !- Output Variable or Output Meter Name

OS:EnergyManagementSystem:Sensor,
  {19454c8e-1304-425c-b976-304876e88690}, !- Handle
  water_heater_tank_on_cycle_parasitic,   !- Name
  water heater tank,                      !- Output Variable or Output Meter Index Key Name
  Water Heater On Cycle Parasitic Electricity Rate; !- Output Variable or Output Meter Name

OS:EnergyManagementSystem:Sensor,
  {4421ecdd-53d9-41df-8710-a7c1793f25f1}, !- Handle
  water_heater_tank_off_cycle_parasitic,  !- Name
  water heater tank,                      !- Output Variable or Output Meter Index Key Name
  Water Heater Off Cycle Parasitic Electricity Rate; !- Output Variable or Output Meter Name

OS:EnergyManagementSystem:Actuator,
  {ee39993f-cff1-4caf-95e2-2630452456b4}, !- Handle
  water_heater_hpwh_ec_adj_act,           !- Name
  {dac6f835-2937-4f83-a595-6c87cb804d3b}, !- Actuated Component Name
  OtherEquipment,                         !- Actuated Component Type
  Power Level,                            !- Actuated Component Control Type
  {696b3cdc-37e9-4369-b12d-2648cf32d8ba}; !- Zone or Space Name

OS:EnergyManagementSystem:Program,
  {f914257d-e6a4-4dae-83eb-a9482f4a5415}, !- Handle
  water_heater_hpwh_EC_adj,               !- Name
  If WarmupFlag == 0,                     !- Program Line 1
  Set dhw_e_cons = water_heater_tank_energy + water_heater_tank_on_cycle_parasitic + water_heater_tank_off_cycle_parasitic + water_heater_coil_energy + water_heater_fan_energy, !- Program Line 2
  Set water_heater_hpwh_ec_adj_act = 0.0 * dhw_e_cons / 1, !- Program Line 3
  EndIf;                                  !- Program Line 4

OS:EnergyManagementSystem:ProgramCallingManager,
  {0ac7b7e0-defd-4775-b5c5-7ce586cc500d}, !- Handle
  water_heater_hpwh_EC_adj_ProgramManager, !- Name
  EndOfSystemTimestepBeforeHVACReporting, !- EnergyPlus Model Calling Point
  {f914257d-e6a4-4dae-83eb-a9482f4a5415}; !- Program Name 1

OS:WaterUse:Connections,
  {08850806-4128-42ba-aa01-4d582f3797bf}, !- Handle
  Water Use Connections 1,                !- Name
  {67b827b8-7840-47a1-8b6b-afd48467b2ea}, !- Inlet Node Name
  {10b14b43-83b6-48b6-bf31-b5fe232fab83}, !- Outlet Node Name
  ,                                       !- Supply Water Storage Tank Name
  ,                                       !- Reclamation Water Storage Tank Name
  ,                                       !- Hot Water Supply Temperature Schedule Name
  ,                                       !- Cold Water Supply Temperature Schedule Name
  None,                                   !- Drain Water Heat Exchanger Type
  Plant,                                  !- Drain Water Heat Exchanger Destination
  ,                                       !- Drain Water Heat Exchanger U-Factor Times Area {W/K}
  {6ae4c33a-d993-4f2d-b7bd-2be2bbfce999}, !- Water Use Equipment Name 1
  {5e1df593-4e35-4317-92f1-7cdb752388d6}, !- Water Use Equipment Name 2
  {1dd16bb4-4924-43ed-b700-3a6501ce56cd}, !- Water Use Equipment Name 3
  {3280a092-0a7b-47f6-9ad7-b0a2a6d2abc7}; !- Water Use Equipment Name 4

OS:AdditionalProperties,
  {30592a80-547e-4898-86c4-ee5f7102898d}, !- Handle
  {08850806-4128-42ba-aa01-4d582f3797bf}, !- Object Name
  HPXML_ID,                               !- Feature Name 1
  String,                                 !- Feature Data Type 1
  WaterHeatingSystem1;                    !- Feature Value 1

OS:Node,
  {bdbb6e73-e0ed-4646-8279-cd2a3f84b4fc}, !- Handle
  Node 24,                                !- Name
  {10b14b43-83b6-48b6-bf31-b5fe232fab83}, !- Inlet Port
  {9fb051e7-0507-4f6d-bfee-570caa2cc814}; !- Outlet Port

OS:Connection,
  {67b827b8-7840-47a1-8b6b-afd48467b2ea}, !- Handle
  {7d252cc9-cf44-41d5-83ff-318e9d9a961e}, !- Source Object
  3,                                      !- Outlet Port
  {08850806-4128-42ba-aa01-4d582f3797bf}, !- Target Object
  2;                                      !- Inlet Port

OS:Connection,
  {10b14b43-83b6-48b6-bf31-b5fe232fab83}, !- Handle
  {08850806-4128-42ba-aa01-4d582f3797bf}, !- Source Object
  3,                                      !- Outlet Port
  {bdbb6e73-e0ed-4646-8279-cd2a3f84b4fc}, !- Target Object
  2;                                      !- Inlet Port

OS:Connection,
  {9fb051e7-0507-4f6d-bfee-570caa2cc814}, !- Handle
  {bdbb6e73-e0ed-4646-8279-cd2a3f84b4fc}, !- Source Object
  3,                                      !- Outlet Port
  {3ea41fc0-3874-4c55-85df-7ebbeb604a37}, !- Target Object
  3;                                      !- Inlet Port

OS:Schedule:File,
  {7f41a378-d678-407c-852f-e1cfb7fe2a9b}, !- Handle
  clothes_washer,                         !- Name
  {99c8cb7c-efc2-4f15-b744-0fc6287ca168}, !- Schedule Type Limits Name
  {b4145d16-91c9-4b02-993f-96a3259487e1}, !- External File Name
  10,                                     !- Column Number
  1,                                      !- Rows to Skip at Top
  8760,                                   !- Number of Hours of Data
  ,                                       !- Column Separator
  Yes,                                    !- Interpolate to Timestep
  15,                                     !- Minutes per Item
  ,                                       !- Adjust Schedule for Daylight Savings
  Yes;                                    !- Translate File With Relative Path

OS:ElectricEquipment:Definition,
  {e511636c-81f6-49da-a37b-67aa8f508755}, !- Handle
  clothes washer,                         !- Name
  EquipmentLevel,                         !- Design Level Calculation Method
  383.926027275424,                       !- Design Level {W}
  ,                                       !- Watts per Space Floor Area {W/m2}
  ,                                       !- Watts per Person {W/person}
  0.03,                                   !- Fraction Latent
  0.162,                                  !- Fraction Radiant
  0.7;                                    !- Fraction Lost

OS:ElectricEquipment,
  {580ff9f1-9f71-4482-a207-0be0c37c3483}, !- Handle
  clothes washer,                         !- Name
  {e511636c-81f6-49da-a37b-67aa8f508755}, !- Electric Equipment Definition Name
  {7694b88f-d262-43ae-90bc-ede964cc3a49}, !- Space or SpaceType Name
  {7f41a378-d678-407c-852f-e1cfb7fe2a9b}, !- Schedule Name
  ,                                       !- Multiplier
  clothes washer;                         !- End-Use Subcategory

OS:Schedule:File,
  {30c79371-c469-49ae-ba77-21e5894bde18}, !- Handle
  clothes_dryer,                          !- Name
  {99c8cb7c-efc2-4f15-b744-0fc6287ca168}, !- Schedule Type Limits Name
  {b4145d16-91c9-4b02-993f-96a3259487e1}, !- External File Name
  11,                                     !- Column Number
  1,                                      !- Rows to Skip at Top
  8760,                                   !- Number of Hours of Data
  ,                                       !- Column Separator
  Yes,                                    !- Interpolate to Timestep
  15,                                     !- Minutes per Item
  ,                                       !- Adjust Schedule for Daylight Savings
  Yes;                                    !- Translate File With Relative Path

OS:ElectricEquipment:Definition,
  {f1326532-5e4c-485b-8eb1-8c8042add5c5}, !- Handle
  clothes dryer,                          !- Name
  EquipmentLevel,                         !- Design Level Calculation Method
  231.013963306743,                       !- Design Level {W}
  ,                                       !- Watts per Space Floor Area {W/m2}
  ,                                       !- Watts per Person {W/person}
  0.015,                                  !- Fraction Latent
  0.081,                                  !- Fraction Radiant
  0.85;                                   !- Fraction Lost

OS:ElectricEquipment,
  {6c4ade5b-09ce-4b9c-b63f-1eeb64593511}, !- Handle
  clothes dryer,                          !- Name
  {f1326532-5e4c-485b-8eb1-8c8042add5c5}, !- Electric Equipment Definition Name
  {7694b88f-d262-43ae-90bc-ede964cc3a49}, !- Space or SpaceType Name
  {30c79371-c469-49ae-ba77-21e5894bde18}, !- Schedule Name
  ,                                       !- Multiplier
  clothes dryer;                          !- End-Use Subcategory

OS:OtherEquipment:Definition,
  {1862e9c9-d5e8-463b-bf8a-a8333c99b7f4}, !- Handle
  clothes dryer 2,                        !- Name
  EquipmentLevel,                         !- Design Level Calculation Method
  3069.05811499489,                       !- Design Level {W}
  ,                                       !- Watts per Space Floor Area {W/m2}
  ,                                       !- Watts per Person {W/Person}
  0.015,                                  !- Fraction Latent
  0.081,                                  !- Fraction Radiant
  0.85;                                   !- Fraction Lost

OS:OtherEquipment,
  {7477c352-b466-4311-9ac2-d7dd95c71371}, !- Handle
  clothes dryer 1,                        !- Name
  {1862e9c9-d5e8-463b-bf8a-a8333c99b7f4}, !- Other Equipment Definition Name
  {7694b88f-d262-43ae-90bc-ede964cc3a49}, !- Space or SpaceType Name
  {30c79371-c469-49ae-ba77-21e5894bde18}, !- Schedule Name
  ,                                       !- Multiplier
  NaturalGas,                             !- Fuel Type
  clothes dryer;                          !- End-Use Subcategory

OS:Schedule:File,
  {2ffa2629-4627-403a-910e-92ed64e96012}, !- Handle
  dishwasher,                             !- Name
  {99c8cb7c-efc2-4f15-b744-0fc6287ca168}, !- Schedule Type Limits Name
  {b4145d16-91c9-4b02-993f-96a3259487e1}, !- External File Name
  8,                                      !- Column Number
  1,                                      !- Rows to Skip at Top
  8760,                                   !- Number of Hours of Data
  ,                                       !- Column Separator
  Yes,                                    !- Interpolate to Timestep
  15,                                     !- Minutes per Item
  ,                                       !- Adjust Schedule for Daylight Savings
  Yes;                                    !- Translate File With Relative Path

OS:ElectricEquipment:Definition,
  {6e517484-9cf5-4d91-a962-fcb784691274}, !- Handle
  dishwasher,                             !- Name
  EquipmentLevel,                         !- Design Level Calculation Method
  628.905089216424,                       !- Design Level {W}
  ,                                       !- Watts per Space Floor Area {W/m2}
  ,                                       !- Watts per Person {W/person}
  0.3,                                    !- Fraction Latent
  0.18,                                   !- Fraction Radiant
  0.4;                                    !- Fraction Lost

OS:ElectricEquipment,
  {fd486dfd-7c2c-4f7c-8a6c-3cbf359f881c}, !- Handle
  dishwasher,                             !- Name
  {6e517484-9cf5-4d91-a962-fcb784691274}, !- Electric Equipment Definition Name
  {7694b88f-d262-43ae-90bc-ede964cc3a49}, !- Space or SpaceType Name
  {2ffa2629-4627-403a-910e-92ed64e96012}, !- Schedule Name
  ,                                       !- Multiplier
  dishwasher;                             !- End-Use Subcategory

OS:Schedule:Constant,
  {63fddff8-ba61-40fe-bc2d-27625134798f}, !- Handle
  fridge schedule,                        !- Name
  {99c8cb7c-efc2-4f15-b744-0fc6287ca168}, !- Schedule Type Limits Name
  0;                                      !- Value

OS:EnergyManagementSystem:Sensor,
  {1d67e4a8-d8fd-4d80-af4d-8758224d3d66}, !- Handle
  fridge_tin_s,                           !- Name
  conditioned space,                      !- Output Variable or Output Meter Index Key Name
  Zone Mean Air Temperature;              !- Output Variable or Output Meter Name

OS:EnergyManagementSystem:Actuator,
  {ec595e2e-0681-467f-b485-f0a58dbc267c}, !- Handle
  fridge_schedule_act,                    !- Name
  {63fddff8-ba61-40fe-bc2d-27625134798f}, !- Actuated Component Name
  Schedule:Constant,                      !- Actuated Component Type
  Schedule Value,                         !- Actuated Component Control Type
  ;                                       !- Zone or Space Name

OS:EnergyManagementSystem:Program,
  {fc836895-93a7-4e0b-a617-fbf759a0993c}, !- Handle
  fridge_schedule_program,                !- Name
  Set Tin = fridge_tin_s*(9.0/5.0)+32.0,  !- Program Line 1
  Set fridge_schedule_act = 0,            !- Program Line 2
  If (Hour == 0),                         !- Program Line 3
  Set fridge_schedule_act = (-0.487+0.019*Tin), !- Program Line 4
  ElseIf (Hour == 1),                     !- Program Line 5
  Set fridge_schedule_act = (-0.34+0.016*Tin), !- Program Line 6
  ElseIf (Hour == 2),                     !- Program Line 7
  Set fridge_schedule_act = (-0.37+0.017*Tin), !- Program Line 8
  ElseIf (Hour == 3),                     !- Program Line 9
  Set fridge_schedule_act = (-0.361+0.016*Tin), !- Program Line 10
  ElseIf (Hour == 4),                     !- Program Line 11
  Set fridge_schedule_act = (-0.515+0.018*Tin), !- Program Line 12
  ElseIf (Hour == 5),                     !- Program Line 13
  Set fridge_schedule_act = (-0.684+0.021*Tin), !- Program Line 14
  ElseIf (Hour == 6),                     !- Program Line 15
  Set fridge_schedule_act = (-0.471+0.019*Tin), !- Program Line 16
  ElseIf (Hour == 7),                     !- Program Line 17
  Set fridge_schedule_act = (-0.159+0.015*Tin), !- Program Line 18
  ElseIf (Hour == 8),                     !- Program Line 19
  Set fridge_schedule_act = (-0.079+0.015*Tin), !- Program Line 20
  ElseIf (Hour == 9),                     !- Program Line 21
  Set fridge_schedule_act = (-0.417+0.019*Tin), !- Program Line 22
  ElseIf (Hour == 10),                    !- Program Line 23
  Set fridge_schedule_act = (-0.411+0.018*Tin), !- Program Line 24
  ElseIf (Hour == 11),                    !- Program Line 25
  Set fridge_schedule_act = (-0.386+0.018*Tin), !- Program Line 26
  ElseIf (Hour == 12),                    !- Program Line 27
  Set fridge_schedule_act = (-0.24+0.016*Tin), !- Program Line 28
  ElseIf (Hour == 13),                    !- Program Line 29
  Set fridge_schedule_act = (-0.314+0.017*Tin), !- Program Line 30
  ElseIf (Hour == 14),                    !- Program Line 31
  Set fridge_schedule_act = (-0.16+0.015*Tin), !- Program Line 32
  ElseIf (Hour == 15),                    !- Program Line 33
  Set fridge_schedule_act = (-0.121+0.015*Tin), !- Program Line 34
  ElseIf (Hour == 16),                    !- Program Line 35
  Set fridge_schedule_act = (-0.469+0.02*Tin), !- Program Line 36
  ElseIf (Hour == 17),                    !- Program Line 37
  Set fridge_schedule_act = (-0.412+0.02*Tin), !- Program Line 38
  ElseIf (Hour == 18),                    !- Program Line 39
  Set fridge_schedule_act = (-0.091+0.017*Tin), !- Program Line 40
  ElseIf (Hour == 19),                    !- Program Line 41
  Set fridge_schedule_act = (0.077+0.014*Tin), !- Program Line 42
  ElseIf (Hour == 20),                    !- Program Line 43
  Set fridge_schedule_act = (-0.118+0.016*Tin), !- Program Line 44
  ElseIf (Hour == 21),                    !- Program Line 45
  Set fridge_schedule_act = (-0.247+0.017*Tin), !- Program Line 46
  ElseIf (Hour == 22),                    !- Program Line 47
  Set fridge_schedule_act = (-0.445+0.019*Tin), !- Program Line 48
  ElseIf (Hour == 23),                    !- Program Line 49
  Set fridge_schedule_act = (-0.544+0.02*Tin), !- Program Line 50
  EndIf;                                  !- Program Line 51

OS:EnergyManagementSystem:ProgramCallingManager,
  {ad5f5be5-acc9-4a9a-a4b4-46888ca92f45}, !- Handle
  fridge_schedule_program_calling_manager, !- Name
  BeginZoneTimestepAfterInitHeatBalance,  !- EnergyPlus Model Calling Point
  {fc836895-93a7-4e0b-a617-fbf759a0993c}; !- Program Name 1

OS:ElectricEquipment:Definition,
  {ed18b4e4-3dbe-4ad8-bfce-052cc2752f1a}, !- Handle
  fridge,                                 !- Name
  EquipmentLevel,                         !- Design Level Calculation Method
  54.7945205479452,                       !- Design Level {W}
  ,                                       !- Watts per Space Floor Area {W/m2}
  ,                                       !- Watts per Person {W/person}
  0,                                      !- Fraction Latent
  0.6,                                    !- Fraction Radiant
  0;                                      !- Fraction Lost

OS:ElectricEquipment,
  {d5a63640-cdf1-4011-ab13-8b1986bc47d8}, !- Handle
  fridge,                                 !- Name
  {ed18b4e4-3dbe-4ad8-bfce-052cc2752f1a}, !- Electric Equipment Definition Name
  {7694b88f-d262-43ae-90bc-ede964cc3a49}, !- Space or SpaceType Name
  {63fddff8-ba61-40fe-bc2d-27625134798f}, !- Schedule Name
  ,                                       !- Multiplier
  fridge;                                 !- End-Use Subcategory

OS:Schedule:Constant,
  {c09572ec-3245-4b75-8302-1121e319dc4f}, !- Handle
  fridge schedule 1,                      !- Name
  {99c8cb7c-efc2-4f15-b744-0fc6287ca168}, !- Schedule Type Limits Name
  0;                                      !- Value

OS:EnergyManagementSystem:Sensor,
  {b67d6dad-070d-4ac8-9df7-052d41f5d501}, !- Handle
  fridge_tin_s_1,                         !- Name
  garage,                                 !- Output Variable or Output Meter Index Key Name
  Zone Mean Air Temperature;              !- Output Variable or Output Meter Name

OS:EnergyManagementSystem:Actuator,
  {28d9725a-25cf-4cdc-b20d-a8ab720ef754}, !- Handle
  fridge_schedule_1_act,                  !- Name
  {c09572ec-3245-4b75-8302-1121e319dc4f}, !- Actuated Component Name
  Schedule:Constant,                      !- Actuated Component Type
  Schedule Value,                         !- Actuated Component Control Type
  ;                                       !- Zone or Space Name

OS:EnergyManagementSystem:Program,
  {4e62b36d-87c4-4a4f-b19d-949db0b8b54b}, !- Handle
  fridge_schedule_1_program,              !- Name
  Set Tin = fridge_tin_s_1*(9.0/5.0)+32.0, !- Program Line 1
  Set fridge_schedule_1_act = 0,          !- Program Line 2
  If (Hour == 0),                         !- Program Line 3
  Set fridge_schedule_1_act = (-0.487+0.019*Tin), !- Program Line 4
  ElseIf (Hour == 1),                     !- Program Line 5
  Set fridge_schedule_1_act = (-0.34+0.016*Tin), !- Program Line 6
  ElseIf (Hour == 2),                     !- Program Line 7
  Set fridge_schedule_1_act = (-0.37+0.017*Tin), !- Program Line 8
  ElseIf (Hour == 3),                     !- Program Line 9
  Set fridge_schedule_1_act = (-0.361+0.016*Tin), !- Program Line 10
  ElseIf (Hour == 4),                     !- Program Line 11
  Set fridge_schedule_1_act = (-0.515+0.018*Tin), !- Program Line 12
  ElseIf (Hour == 5),                     !- Program Line 13
  Set fridge_schedule_1_act = (-0.684+0.021*Tin), !- Program Line 14
  ElseIf (Hour == 6),                     !- Program Line 15
  Set fridge_schedule_1_act = (-0.471+0.019*Tin), !- Program Line 16
  ElseIf (Hour == 7),                     !- Program Line 17
  Set fridge_schedule_1_act = (-0.159+0.015*Tin), !- Program Line 18
  ElseIf (Hour == 8),                     !- Program Line 19
  Set fridge_schedule_1_act = (-0.079+0.015*Tin), !- Program Line 20
  ElseIf (Hour == 9),                     !- Program Line 21
  Set fridge_schedule_1_act = (-0.417+0.019*Tin), !- Program Line 22
  ElseIf (Hour == 10),                    !- Program Line 23
  Set fridge_schedule_1_act = (-0.411+0.018*Tin), !- Program Line 24
  ElseIf (Hour == 11),                    !- Program Line 25
  Set fridge_schedule_1_act = (-0.386+0.018*Tin), !- Program Line 26
  ElseIf (Hour == 12),                    !- Program Line 27
  Set fridge_schedule_1_act = (-0.24+0.016*Tin), !- Program Line 28
  ElseIf (Hour == 13),                    !- Program Line 29
  Set fridge_schedule_1_act = (-0.314+0.017*Tin), !- Program Line 30
  ElseIf (Hour == 14),                    !- Program Line 31
  Set fridge_schedule_1_act = (-0.16+0.015*Tin), !- Program Line 32
  ElseIf (Hour == 15),                    !- Program Line 33
  Set fridge_schedule_1_act = (-0.121+0.015*Tin), !- Program Line 34
  ElseIf (Hour == 16),                    !- Program Line 35
  Set fridge_schedule_1_act = (-0.469+0.02*Tin), !- Program Line 36
  ElseIf (Hour == 17),                    !- Program Line 37
  Set fridge_schedule_1_act = (-0.412+0.02*Tin), !- Program Line 38
  ElseIf (Hour == 18),                    !- Program Line 39
  Set fridge_schedule_1_act = (-0.091+0.017*Tin), !- Program Line 40
  ElseIf (Hour == 19),                    !- Program Line 41
  Set fridge_schedule_1_act = (-0.077+0.014*Tin), !- Program Line 42
  ElseIf (Hour == 20),                    !- Program Line 43
  Set fridge_schedule_1_act = (-0.118+0.016*Tin), !- Program Line 44
  ElseIf (Hour == 21),                    !- Program Line 45
  Set fridge_schedule_1_act = (-0.247+0.017*Tin), !- Program Line 46
  ElseIf (Hour == 22),                    !- Program Line 47
  Set fridge_schedule_1_act = (-0.445+0.019*Tin), !- Program Line 48
  ElseIf (Hour == 23),                    !- Program Line 49
  Set fridge_schedule_1_act = (-0.544+0.02*Tin), !- Program Line 50
  EndIf;                                  !- Program Line 51

OS:EnergyManagementSystem:ProgramCallingManager,
  {103a7a35-57d1-49b6-99d9-794a03836c14}, !- Handle
  fridge_schedule_1_program_calling_manager, !- Name
  BeginZoneTimestepAfterInitHeatBalance,  !- EnergyPlus Model Calling Point
  {4e62b36d-87c4-4a4f-b19d-949db0b8b54b}; !- Program Name 1

OS:ElectricEquipment:Definition,
  {cbb0f2c4-9f39-4c4a-b886-554d6bc7fd1b}, !- Handle
  fridge 2,                               !- Name
  EquipmentLevel,                         !- Design Level Calculation Method
  100.821917808219,                       !- Design Level {W}
  ,                                       !- Watts per Space Floor Area {W/m2}
  ,                                       !- Watts per Person {W/person}
  0,                                      !- Fraction Latent
  0.6,                                    !- Fraction Radiant
  0;                                      !- Fraction Lost

OS:ElectricEquipment,
  {0bb3abca-7a2a-4dba-b7e9-2758a1cfd275}, !- Handle
  fridge 1,                               !- Name
  {cbb0f2c4-9f39-4c4a-b886-554d6bc7fd1b}, !- Electric Equipment Definition Name
  {696b3cdc-37e9-4369-b12d-2648cf32d8ba}, !- Space or SpaceType Name
  {c09572ec-3245-4b75-8302-1121e319dc4f}, !- Schedule Name
  ,                                       !- Multiplier
  fridge;                                 !- End-Use Subcategory

OS:Schedule:File,
  {bb75f465-3712-4dc4-af3d-bddfdec3fadd}, !- Handle
  cooking_range,                          !- Name
  {99c8cb7c-efc2-4f15-b744-0fc6287ca168}, !- Schedule Type Limits Name
  {b4145d16-91c9-4b02-993f-96a3259487e1}, !- External File Name
  12,                                     !- Column Number
  1,                                      !- Rows to Skip at Top
  8760,                                   !- Number of Hours of Data
  ,                                       !- Column Separator
  Yes,                                    !- Interpolate to Timestep
  15,                                     !- Minutes per Item
  ,                                       !- Adjust Schedule for Daylight Savings
  Yes;                                    !- Translate File With Relative Path

OS:ElectricEquipment:Definition,
  {433cbd6f-14f9-4383-b5e8-0a3d02d3cdde}, !- Handle
  cooking range,                          !- Name
  EquipmentLevel,                         !- Design Level Calculation Method
  1393.07600270909,                       !- Design Level {W}
  ,                                       !- Watts per Space Floor Area {W/m2}
  ,                                       !- Watts per Person {W/person}
  0.0799999999999999,                     !- Fraction Latent
  0.432,                                  !- Fraction Radiant
  0.2;                                    !- Fraction Lost

OS:ElectricEquipment,
  {a303aabd-0693-4874-aee4-8878962cc5e0}, !- Handle
  cooking range,                          !- Name
  {433cbd6f-14f9-4383-b5e8-0a3d02d3cdde}, !- Electric Equipment Definition Name
  {7694b88f-d262-43ae-90bc-ede964cc3a49}, !- Space or SpaceType Name
  {bb75f465-3712-4dc4-af3d-bddfdec3fadd}, !- Schedule Name
  ,                                       !- Multiplier
  cooking range;                          !- End-Use Subcategory

OS:OtherEquipment:Definition,
  {43b3e92b-997a-4a76-a1ac-87bdc8f300d5}, !- Handle
  cooking range 2,                        !- Name
  EquipmentLevel,                         !- Design Level Calculation Method
  0,                                      !- Design Level {W}
  ,                                       !- Watts per Space Floor Area {W/m2}
  ,                                       !- Watts per Person {W/Person}
  0.0799999999999999,                     !- Fraction Latent
  0.432,                                  !- Fraction Radiant
  0.2;                                    !- Fraction Lost

OS:OtherEquipment,
  {def1c26a-3092-49c0-858a-86deae90adf4}, !- Handle
  cooking range 1,                        !- Name
  {43b3e92b-997a-4a76-a1ac-87bdc8f300d5}, !- Other Equipment Definition Name
  {7694b88f-d262-43ae-90bc-ede964cc3a49}, !- Space or SpaceType Name
  {bb75f465-3712-4dc4-af3d-bddfdec3fadd}, !- Schedule Name
  ,                                       !- Multiplier
  Electricity,                            !- Fuel Type
  cooking range;                          !- End-Use Subcategory

OS:Schedule:FixedInterval,
  {950e19a3-fe7e-47cc-8fa8-a81cad024fee}, !- Handle
  mains temperature schedule,             !- Name
  {4e136fa4-cd7d-4de7-a1f0-457284e497fa}, !- Schedule Type Limits Name
  ,                                       !- Translate to Schedule File
  ,                                       !- Interpolate to Timestep
  1440,                                   !- Interval Length {minutes}
  ,                                       !- Out Of Range Value
  1,                                      !- Start Month
  1,                                      !- Start Day
  13.0633333333333,                       !- Value 1
  13.0188888888889,                       !- Value 2
  12.975,                                 !- Value 3
  12.9327777777778,                       !- Value 4
  12.8916666666667,                       !- Value 5
  12.8516666666667,                       !- Value 6
  12.8122222222222,                       !- Value 7
  12.7744444444444,                       !- Value 8
  12.7377777777778,                       !- Value 9
  12.7016666666667,                       !- Value 10
  12.6672222222222,                       !- Value 11
  12.6338888888889,                       !- Value 12
  12.6016666666667,                       !- Value 13
  12.5705555555556,                       !- Value 14
  12.5411111111111,                       !- Value 15
  12.5122222222222,                       !- Value 16
  12.485,                                 !- Value 17
  12.4583333333333,                       !- Value 18
  12.4333333333333,                       !- Value 19
  12.41,                                  !- Value 20
  12.3872222222222,                       !- Value 21
  12.3661111111111,                       !- Value 22
  12.3455555555556,                       !- Value 23
  12.3272222222222,                       !- Value 24
  12.3094444444444,                       !- Value 25
  12.2933333333333,                       !- Value 26
  12.2783333333333,                       !- Value 27
  12.2644444444444,                       !- Value 28
  12.2516666666667,                       !- Value 29
  12.2405555555556,                       !- Value 30
  12.2305555555556,                       !- Value 31
  12.2222222222222,                       !- Value 32
  12.215,                                 !- Value 33
  12.2088888888889,                       !- Value 34
  12.2038888888889,                       !- Value 35
  12.2005555555556,                       !- Value 36
  12.1983333333333,                       !- Value 37
  12.1977777777778,                       !- Value 38
  12.1977777777778,                       !- Value 39
  12.2,                                   !- Value 40
  12.2027777777778,                       !- Value 41
  12.2072222222222,                       !- Value 42
  12.2127777777778,                       !- Value 43
  12.2194444444444,                       !- Value 44
  12.2277777777778,                       !- Value 45
  12.2372222222222,                       !- Value 46
  12.2483333333333,                       !- Value 47
  12.26,                                  !- Value 48
  12.2733333333333,                       !- Value 49
  12.2883333333333,                       !- Value 50
  12.3038888888889,                       !- Value 51
  12.3211111111111,                       !- Value 52
  12.3394444444444,                       !- Value 53
  12.3594444444444,                       !- Value 54
  12.38,                                  !- Value 55
  12.4022222222222,                       !- Value 56
  12.4255555555556,                       !- Value 57
  12.4505555555556,                       !- Value 58
  12.4761111111111,                       !- Value 59
  12.5033333333333,                       !- Value 60
  12.5316666666667,                       !- Value 61
  12.5611111111111,                       !- Value 62
  12.5916666666667,                       !- Value 63
  12.6233333333333,                       !- Value 64
  12.6566666666667,                       !- Value 65
  12.6905555555556,                       !- Value 66
  12.7261111111111,                       !- Value 67
  12.7627777777778,                       !- Value 68
  12.8,                                   !- Value 69
  12.8388888888889,                       !- Value 70
  12.8788888888889,                       !- Value 71
  12.9194444444444,                       !- Value 72
  12.9616666666667,                       !- Value 73
  13.0044444444444,                       !- Value 74
  13.0488888888889,                       !- Value 75
  13.0938888888889,                       !- Value 76
  13.14,                                  !- Value 77
  13.1872222222222,                       !- Value 78
  13.2355555555556,                       !- Value 79
  13.285,                                 !- Value 80
  13.335,                                 !- Value 81
  13.3861111111111,                       !- Value 82
  13.4383333333333,                       !- Value 83
  13.4911111111111,                       !- Value 84
  13.545,                                 !- Value 85
  13.6,                                   !- Value 86
  13.6555555555556,                       !- Value 87
  13.7122222222222,                       !- Value 88
  13.77,                                  !- Value 89
  13.8283333333333,                       !- Value 90
  13.8872222222222,                       !- Value 91
  13.9472222222222,                       !- Value 92
  14.0077777777778,                       !- Value 93
  14.0688888888889,                       !- Value 94
  14.1311111111111,                       !- Value 95
  14.1944444444444,                       !- Value 96
  14.2577777777778,                       !- Value 97
  14.3222222222222,                       !- Value 98
  14.3872222222222,                       !- Value 99
  14.4527777777778,                       !- Value 100
  14.5188888888889,                       !- Value 101
  14.5855555555556,                       !- Value 102
  14.6533333333333,                       !- Value 103
  14.7211111111111,                       !- Value 104
  14.7894444444444,                       !- Value 105
  14.8588888888889,                       !- Value 106
  14.9283333333333,                       !- Value 107
  14.9983333333333,                       !- Value 108
  15.0688888888889,                       !- Value 109
  15.14,                                  !- Value 110
  15.2111111111111,                       !- Value 111
  15.2833333333333,                       !- Value 112
  15.3555555555556,                       !- Value 113
  15.4277777777778,                       !- Value 114
  15.5005555555556,                       !- Value 115
  15.5738888888889,                       !- Value 116
  15.6477777777778,                       !- Value 117
  15.7211111111111,                       !- Value 118
  15.7955555555556,                       !- Value 119
  15.8694444444444,                       !- Value 120
  15.9438888888889,                       !- Value 121
  16.0188888888889,                       !- Value 122
  16.0938888888889,                       !- Value 123
  16.1688888888889,                       !- Value 124
  16.2438888888889,                       !- Value 125
  16.3188888888889,                       !- Value 126
  16.3944444444444,                       !- Value 127
  16.4694444444444,                       !- Value 128
  16.545,                                 !- Value 129
  16.6205555555556,                       !- Value 130
  16.6955555555556,                       !- Value 131
  16.7711111111111,                       !- Value 132
  16.8461111111111,                       !- Value 133
  16.9216666666667,                       !- Value 134
  16.9966666666667,                       !- Value 135
  17.0716666666667,                       !- Value 136
  17.1466666666667,                       !- Value 137
  17.2211111111111,                       !- Value 138
  17.2955555555556,                       !- Value 139
  17.37,                                  !- Value 140
  17.4438888888889,                       !- Value 141
  17.5177777777778,                       !- Value 142
  17.5911111111111,                       !- Value 143
  17.6644444444444,                       !- Value 144
  17.7372222222222,                       !- Value 145
  17.8094444444444,                       !- Value 146
  17.8816666666667,                       !- Value 147
  17.9533333333333,                       !- Value 148
  18.025,                                 !- Value 149
  18.0961111111111,                       !- Value 150
  18.1661111111111,                       !- Value 151
  18.2361111111111,                       !- Value 152
  18.3061111111111,                       !- Value 153
  18.375,                                 !- Value 154
  18.4433333333333,                       !- Value 155
  18.5111111111111,                       !- Value 156
  18.5788888888889,                       !- Value 157
  18.6455555555556,                       !- Value 158
  18.7116666666667,                       !- Value 159
  18.7772222222222,                       !- Value 160
  18.8416666666667,                       !- Value 161
  18.9061111111111,                       !- Value 162
  18.9694444444444,                       !- Value 163
  19.0322222222222,                       !- Value 164
  19.0944444444444,                       !- Value 165
  19.1555555555556,                       !- Value 166
  19.2166666666667,                       !- Value 167
  19.2761111111111,                       !- Value 168
  19.335,                                 !- Value 169
  19.3933333333333,                       !- Value 170
  19.4505555555556,                       !- Value 171
  19.5072222222222,                       !- Value 172
  19.5627777777778,                       !- Value 173
  19.6172222222222,                       !- Value 174
  19.6711111111111,                       !- Value 175
  19.7244444444444,                       !- Value 176
  19.7761111111111,                       !- Value 177
  19.8272222222222,                       !- Value 178
  19.8772222222222,                       !- Value 179
  19.9266666666667,                       !- Value 180
  19.9744444444444,                       !- Value 181
  20.0216666666667,                       !- Value 182
  20.0677777777778,                       !- Value 183
  20.1127777777778,                       !- Value 184
  20.1566666666667,                       !- Value 185
  20.1994444444444,                       !- Value 186
  20.2416666666667,                       !- Value 187
  20.2822222222222,                       !- Value 188
  20.3222222222222,                       !- Value 189
  20.3605555555556,                       !- Value 190
  20.3977777777778,                       !- Value 191
  20.4344444444444,                       !- Value 192
  20.4694444444444,                       !- Value 193
  20.5033333333333,                       !- Value 194
  20.5366666666667,                       !- Value 195
  20.5683333333333,                       !- Value 196
  20.5983333333333,                       !- Value 197
  20.6277777777778,                       !- Value 198
  20.6561111111111,                       !- Value 199
  20.6827777777778,                       !- Value 200
  20.7088888888889,                       !- Value 201
  20.7333333333333,                       !- Value 202
  20.7561111111111,                       !- Value 203
  20.7783333333333,                       !- Value 204
  20.7988888888889,                       !- Value 205
  20.8188888888889,                       !- Value 206
  20.8366666666667,                       !- Value 207
  20.8538888888889,                       !- Value 208
  20.8694444444444,                       !- Value 209
  20.8838888888889,                       !- Value 210
  20.8972222222222,                       !- Value 211
  20.9094444444444,                       !- Value 212
  20.92,                                  !- Value 213
  20.9288888888889,                       !- Value 214
  20.9372222222222,                       !- Value 215
  20.9438888888889,                       !- Value 216
  20.9494444444444,                       !- Value 217
  20.9533333333333,                       !- Value 218
  20.9566666666667,                       !- Value 219
  20.9577777777778,                       !- Value 220
  20.9583333333333,                       !- Value 221
  20.9572222222222,                       !- Value 222
  20.955,                                 !- Value 223
  20.9511111111111,                       !- Value 224
  20.9466666666667,                       !- Value 225
  20.94,                                  !- Value 226
  20.9327777777778,                       !- Value 227
  20.9238888888889,                       !- Value 228
  20.9138888888889,                       !- Value 229
  20.9027777777778,                       !- Value 230
  20.89,                                  !- Value 231
  20.8761111111111,                       !- Value 232
  20.8611111111111,                       !- Value 233
  20.8444444444444,                       !- Value 234
  20.8266666666667,                       !- Value 235
  20.8077777777778,                       !- Value 236
  20.7872222222222,                       !- Value 237
  20.7661111111111,                       !- Value 238
  20.7433333333333,                       !- Value 239
  20.7194444444444,                       !- Value 240
  20.6944444444444,                       !- Value 241
  20.6677777777778,                       !- Value 242
  20.64,                                  !- Value 243
  20.6111111111111,                       !- Value 244
  20.5811111111111,                       !- Value 245
  20.55,                                  !- Value 246
  20.5177777777778,                       !- Value 247
  20.4844444444444,                       !- Value 248
  20.4494444444444,                       !- Value 249
  20.4138888888889,                       !- Value 250
  20.3766666666667,                       !- Value 251
  20.3388888888889,                       !- Value 252
  20.2994444444444,                       !- Value 253
  20.2594444444444,                       !- Value 254
  20.2177777777778,                       !- Value 255
  20.1755555555556,                       !- Value 256
  20.1316666666667,                       !- Value 257
  20.0872222222222,                       !- Value 258
  20.0416666666667,                       !- Value 259
  19.995,                                 !- Value 260
  19.9472222222222,                       !- Value 261
  19.8983333333333,                       !- Value 262
  19.8488888888889,                       !- Value 263
  19.7983333333333,                       !- Value 264
  19.7466666666667,                       !- Value 265
  19.6944444444444,                       !- Value 266
  19.6405555555556,                       !- Value 267
  19.5866666666667,                       !- Value 268
  19.5311111111111,                       !- Value 269
  19.475,                                 !- Value 270
  19.4183333333333,                       !- Value 271
  19.3605555555556,                       !- Value 272
  19.3016666666667,                       !- Value 273
  19.2422222222222,                       !- Value 274
  19.1822222222222,                       !- Value 275
  19.1211111111111,                       !- Value 276
  19.0594444444444,                       !- Value 277
  18.9966666666667,                       !- Value 278
  18.9333333333333,                       !- Value 279
  18.8694444444444,                       !- Value 280
  18.805,                                 !- Value 281
  18.74,                                  !- Value 282
  18.6738888888889,                       !- Value 283
  18.6072222222222,                       !- Value 284
  18.5405555555556,                       !- Value 285
  18.4727777777778,                       !- Value 286
  18.4044444444444,                       !- Value 287
  18.3355555555556,                       !- Value 288
  18.2661111111111,                       !- Value 289
  18.1966666666667,                       !- Value 290
  18.1261111111111,                       !- Value 291
  18.0555555555556,                       !- Value 292
  17.9844444444444,                       !- Value 293
  17.9127777777778,                       !- Value 294
  17.8405555555556,                       !- Value 295
  17.7683333333333,                       !- Value 296
  17.6955555555556,                       !- Value 297
  17.6227777777778,                       !- Value 298
  17.5494444444444,                       !- Value 299
  17.4755555555556,                       !- Value 300
  17.4016666666667,                       !- Value 301
  17.3277777777778,                       !- Value 302
  17.2533333333333,                       !- Value 303
  17.1788888888889,                       !- Value 304
  17.1038888888889,                       !- Value 305
  17.0288888888889,                       !- Value 306
  16.9538888888889,                       !- Value 307
  16.8788888888889,                       !- Value 308
  16.8033333333333,                       !- Value 309
  16.7283333333333,                       !- Value 310
  16.6527777777778,                       !- Value 311
  16.5772222222222,                       !- Value 312
  16.5022222222222,                       !- Value 313
  16.4266666666667,                       !- Value 314
  16.3516666666667,                       !- Value 315
  16.2761111111111,                       !- Value 316
  16.2011111111111,                       !- Value 317
  16.1261111111111,                       !- Value 318
  16.0511111111111,                       !- Value 319
  15.9761111111111,                       !- Value 320
  15.9016666666667,                       !- Value 321
  15.8272222222222,                       !- Value 322
  15.7533333333333,                       !- Value 323
  15.6794444444444,                       !- Value 324
  15.6055555555556,                       !- Value 325
  15.5322222222222,                       !- Value 326
  15.4594444444444,                       !- Value 327
  15.3866666666667,                       !- Value 328
  15.3144444444444,                       !- Value 329
  15.2422222222222,                       !- Value 330
  15.1705555555556,                       !- Value 331
  15.0994444444444,                       !- Value 332
  15.0288888888889,                       !- Value 333
  14.9583333333333,                       !- Value 334
  14.8888888888889,                       !- Value 335
  14.8194444444444,                       !- Value 336
  14.7505555555556,                       !- Value 337
  14.6822222222222,                       !- Value 338
  14.6144444444444,                       !- Value 339
  14.5477777777778,                       !- Value 340
  14.4811111111111,                       !- Value 341
  14.415,                                 !- Value 342
  14.35,                                  !- Value 343
  14.2855555555556,                       !- Value 344
  14.2216666666667,                       !- Value 345
  14.1583333333333,                       !- Value 346
  14.0961111111111,                       !- Value 347
  14.0338888888889,                       !- Value 348
  13.9733333333333,                       !- Value 349
  13.9127777777778,                       !- Value 350
  13.8533333333333,                       !- Value 351
  13.795,                                 !- Value 352
  13.7372222222222,                       !- Value 353
  13.68,                                  !- Value 354
  13.6238888888889,                       !- Value 355
  13.5688888888889,                       !- Value 356
  13.5144444444444,                       !- Value 357
  13.4611111111111,                       !- Value 358
  13.4083333333333,                       !- Value 359
  13.3572222222222,                       !- Value 360
  13.3061111111111,                       !- Value 361
  13.2566666666667,                       !- Value 362
  13.2077777777778,                       !- Value 363
  13.1605555555556,                       !- Value 364
  13.1138888888889;                       !- Value 365

OS:Site:WaterMainsTemperature,
  {577e83f6-aa98-4588-b1d7-8832147a3663}, !- Handle
  Schedule,                               !- Calculation Method
  {950e19a3-fe7e-47cc-8fa8-a81cad024fee}; !- Temperature Schedule Name

OS:Schedule:Constant,
  {8000058e-50a7-427c-b9e2-b43e0ccd7706}, !- Handle
  mixed water temperature schedule,       !- Name
  {4e136fa4-cd7d-4de7-a1f0-457284e497fa}, !- Schedule Type Limits Name
  40.5555555555556;                       !- Value

OS:Schedule:File,
  {2acf21f4-b910-4de1-8de7-3deef6764164}, !- Handle
  hot_water_fixtures,                     !- Name
  {99c8cb7c-efc2-4f15-b744-0fc6287ca168}, !- Schedule Type Limits Name
  {b4145d16-91c9-4b02-993f-96a3259487e1}, !- External File Name
  13,                                     !- Column Number
  1,                                      !- Rows to Skip at Top
  8760,                                   !- Number of Hours of Data
  ,                                       !- Column Separator
  Yes,                                    !- Interpolate to Timestep
  15,                                     !- Minutes per Item
  ,                                       !- Adjust Schedule for Daylight Savings
  Yes;                                    !- Translate File With Relative Path

OS:WaterUse:Equipment:Definition,
  {53ce0b06-052d-4b98-bf10-78e3b5a8c56a}, !- Handle
  dhw fixtures,                           !- Name
  dhw fixtures,                           !- End-Use Subcategory
  3.28296262824771e-05,                   !- Peak Flow Rate {m3/s}
  {8000058e-50a7-427c-b9e2-b43e0ccd7706}; !- Target Temperature Schedule Name

OS:WaterUse:Equipment,
  {6ae4c33a-d993-4f2d-b7bd-2be2bbfce999}, !- Handle
  dhw fixtures,                           !- Name
  {53ce0b06-052d-4b98-bf10-78e3b5a8c56a}, !- Water Use Equipment Definition Name
  ,                                       !- Space Name
  {2acf21f4-b910-4de1-8de7-3deef6764164}; !- Flow Rate Fraction Schedule Name

OS:WaterUse:Equipment:Definition,
  {eb4d0214-54da-4381-8f19-1d3d36d087c4}, !- Handle
  dhw distribution waste,                 !- Name
  dhw distribution waste,                 !- End-Use Subcategory
  1.18002564372719e-05,                   !- Peak Flow Rate {m3/s}
  {8000058e-50a7-427c-b9e2-b43e0ccd7706}; !- Target Temperature Schedule Name

OS:WaterUse:Equipment,
  {5e1df593-4e35-4317-92f1-7cdb752388d6}, !- Handle
  dhw distribution waste,                 !- Name
  {eb4d0214-54da-4381-8f19-1d3d36d087c4}, !- Water Use Equipment Definition Name
  ,                                       !- Space Name
  {2acf21f4-b910-4de1-8de7-3deef6764164}; !- Flow Rate Fraction Schedule Name

OS:Schedule:File,
  {11633bbd-b1a5-40de-b78b-37a7fc51d17c}, !- Handle
  hot_water_clothes_washer,               !- Name
  {99c8cb7c-efc2-4f15-b744-0fc6287ca168}, !- Schedule Type Limits Name
  {b4145d16-91c9-4b02-993f-96a3259487e1}, !- External File Name
  9,                                      !- Column Number
  1,                                      !- Rows to Skip at Top
  8760,                                   !- Number of Hours of Data
  ,                                       !- Column Separator
  Yes,                                    !- Interpolate to Timestep
  15,                                     !- Minutes per Item
  ,                                       !- Adjust Schedule for Daylight Savings
  Yes;                                    !- Translate File With Relative Path

OS:WaterUse:Equipment:Definition,
  {10799ed8-5ceb-4ee8-ab67-2e1512ec8951}, !- Handle
  clothes washer,                         !- Name
  clothes washer,                         !- End-Use Subcategory
  6.56061853264343e-06;                   !- Peak Flow Rate {m3/s}

OS:WaterUse:Equipment,
  {1dd16bb4-4924-43ed-b700-3a6501ce56cd}, !- Handle
  clothes washer,                         !- Name
  {10799ed8-5ceb-4ee8-ab67-2e1512ec8951}, !- Water Use Equipment Definition Name
  ,                                       !- Space Name
  {11633bbd-b1a5-40de-b78b-37a7fc51d17c}; !- Flow Rate Fraction Schedule Name

OS:Schedule:File,
  {a4688c9e-430e-416a-b31f-5c90f7955917}, !- Handle
  hot_water_dishwasher,                   !- Name
  {99c8cb7c-efc2-4f15-b744-0fc6287ca168}, !- Schedule Type Limits Name
  {b4145d16-91c9-4b02-993f-96a3259487e1}, !- External File Name
  7,                                      !- Column Number
  1,                                      !- Rows to Skip at Top
  8760,                                   !- Number of Hours of Data
  ,                                       !- Column Separator
  Yes,                                    !- Interpolate to Timestep
  15,                                     !- Minutes per Item
  ,                                       !- Adjust Schedule for Daylight Savings
  Yes;                                    !- Translate File With Relative Path

OS:WaterUse:Equipment:Definition,
  {69f9bcee-c4a8-49c1-9b1d-30f28d4665af}, !- Handle
  dishwasher,                             !- Name
  dishwasher,                             !- End-Use Subcategory
  4.76352417656935e-06;                   !- Peak Flow Rate {m3/s}

OS:WaterUse:Equipment,
  {3280a092-0a7b-47f6-9ad7-b0a2a6d2abc7}, !- Handle
  dishwasher,                             !- Name
  {69f9bcee-c4a8-49c1-9b1d-30f28d4665af}, !- Water Use Equipment Definition Name
  ,                                       !- Space Name
  {a4688c9e-430e-416a-b31f-5c90f7955917}; !- Flow Rate Fraction Schedule Name

OS:Schedule:File,
  {1a856111-281b-413c-9296-bb8c911a52f4}, !- Handle
  lighting_interior,                      !- Name
  {99c8cb7c-efc2-4f15-b744-0fc6287ca168}, !- Schedule Type Limits Name
  {b4145d16-91c9-4b02-993f-96a3259487e1}, !- External File Name
  5,                                      !- Column Number
  1,                                      !- Rows to Skip at Top
  8760,                                   !- Number of Hours of Data
  ,                                       !- Column Separator
  Yes,                                    !- Interpolate to Timestep
  15,                                     !- Minutes per Item
  ,                                       !- Adjust Schedule for Daylight Savings
  Yes;                                    !- Translate File With Relative Path

OS:Lights:Definition,
  {01acb78e-2fb3-4e1b-9241-e766895d4159}, !- Handle
  interior lighting,                      !- Name
  LightingLevel,                          !- Design Level Calculation Method
  206.596420560199,                       !- Lighting Level {W}
  ,                                       !- Watts per Space Floor Area {W/m2}
  ,                                       !- Watts per Person {W/person}
  0.6,                                    !- Fraction Radiant
  0.2,                                    !- Fraction Visible
  0;                                      !- Return Air Fraction

OS:Lights,
  {b5203ea6-e59f-479f-a555-dec26befbcc1}, !- Handle
  interior lighting,                      !- Name
  {01acb78e-2fb3-4e1b-9241-e766895d4159}, !- Lights Definition Name
  {7694b88f-d262-43ae-90bc-ede964cc3a49}, !- Space or SpaceType Name
  {1a856111-281b-413c-9296-bb8c911a52f4}, !- Schedule Name
  1,                                      !- Fraction Replaceable
  ,                                       !- Multiplier
  interior lighting;                      !- End-Use Subcategory

OS:Schedule:File,
  {d78bb5dc-b77f-4137-a0ea-3afb1f7d4f1a}, !- Handle
  lighting_garage,                        !- Name
  {99c8cb7c-efc2-4f15-b744-0fc6287ca168}, !- Schedule Type Limits Name
  {b4145d16-91c9-4b02-993f-96a3259487e1}, !- External File Name
  6,                                      !- Column Number
  1,                                      !- Rows to Skip at Top
  8760,                                   !- Number of Hours of Data
  ,                                       !- Column Separator
  Yes,                                    !- Interpolate to Timestep
  15,                                     !- Minutes per Item
  ,                                       !- Adjust Schedule for Daylight Savings
  Yes;                                    !- Translate File With Relative Path

OS:Lights:Definition,
  {b115f68e-be40-4be0-a955-017e09cf743b}, !- Handle
  garage lighting,                        !- Name
  LightingLevel,                          !- Design Level Calculation Method
  7.24282381288225,                       !- Lighting Level {W}
  ,                                       !- Watts per Space Floor Area {W/m2}
  ,                                       !- Watts per Person {W/person}
  0.6,                                    !- Fraction Radiant
  0.2,                                    !- Fraction Visible
  0;                                      !- Return Air Fraction

OS:Lights,
  {7f304e2e-bb8d-44f6-af77-c1b52c9f996b}, !- Handle
  garage lighting,                        !- Name
  {b115f68e-be40-4be0-a955-017e09cf743b}, !- Lights Definition Name
  {696b3cdc-37e9-4369-b12d-2648cf32d8ba}, !- Space or SpaceType Name
  {d78bb5dc-b77f-4137-a0ea-3afb1f7d4f1a}, !- Schedule Name
  1,                                      !- Fraction Replaceable
  ,                                       !- Multiplier
  garage lighting;                        !- End-Use Subcategory

OS:Schedule:Ruleset,
  {21f67287-5929-4597-8cff-afee898811cb}, !- Handle
  exterior lighting schedule,             !- Name
  {99c8cb7c-efc2-4f15-b744-0fc6287ca168}, !- Schedule Type Limits Name
  {688d5eca-6cce-4b78-990b-18762beba5c0}; !- Default Day Schedule Name

OS:Schedule:Day,
  {688d5eca-6cce-4b78-990b-18762beba5c0}, !- Handle
  exterior lighting schedule default day, !- Name
  {99c8cb7c-efc2-4f15-b744-0fc6287ca168}, !- Schedule Type Limits Name
  ,                                       !- Interpolate to Timestep
  24,                                     !- Hour 1
  0,                                      !- Minute 1
  0;                                      !- Value Until Time 1

OS:Schedule:Rule,
  {fa87eee5-6efb-426b-8efd-d7a6a9ceb784}, !- Handle
  exterior lighting schedule allday rule, !- Name
  {21f67287-5929-4597-8cff-afee898811cb}, !- Schedule Ruleset Name
  11,                                     !- Rule Order
  {1c0a5eea-796f-4bad-ab28-a40af4467184}, !- Day Schedule Name
  Yes,                                    !- Apply Sunday
  Yes,                                    !- Apply Monday
  Yes,                                    !- Apply Tuesday
  Yes,                                    !- Apply Wednesday
  Yes,                                    !- Apply Thursday
  Yes,                                    !- Apply Friday
  Yes,                                    !- Apply Saturday
  DateRange,                              !- Date Specification Type
  1,                                      !- Start Month
  1,                                      !- Start Day
  1,                                      !- End Month
  31;                                     !- End Day

OS:Schedule:Day,
  {1c0a5eea-796f-4bad-ab28-a40af4467184}, !- Handle
  exterior lighting schedule day,         !- Name
  {99c8cb7c-efc2-4f15-b744-0fc6287ca168}, !- Schedule Type Limits Name
  ,                                       !- Interpolate to Timestep
  1,                                      !- Hour 1
  0,                                      !- Minute 1
  0.566666666666667,                      !- Value Until Time 1
  3,                                      !- Hour 2
  0,                                      !- Minute 2
  0.524166666666667,                      !- Value Until Time 2
  5,                                      !- Hour 3
  0,                                      !- Minute 3
  0.495833333333333,                      !- Value Until Time 3
  6,                                      !- Hour 4
  0,                                      !- Minute 4
  0.5525,                                 !- Value Until Time 4
  7,                                      !- Hour 5
  0,                                      !- Minute 5
  0.623333333333333,                      !- Value Until Time 5
  8,                                      !- Hour 6
  0,                                      !- Minute 6
  0.580833333333333,                      !- Value Until Time 6
  9,                                      !- Hour 7
  0,                                      !- Minute 7
  0.439166666666667,                      !- Value Until Time 7
  10,                                     !- Hour 8
  0,                                      !- Minute 8
  0.354166666666667,                      !- Value Until Time 8
  12,                                     !- Hour 9
  0,                                      !- Minute 9
  0.34,                                   !- Value Until Time 9
  13,                                     !- Hour 10
  0,                                      !- Minute 10
  0.354166666666667,                      !- Value Until Time 10
  14,                                     !- Hour 11
  0,                                      !- Minute 11
  0.396666666666667,                      !- Value Until Time 11
  15,                                     !- Hour 12
  0,                                      !- Minute 12
  0.425,                                  !- Value Until Time 12
  16,                                     !- Hour 13
  0,                                      !- Minute 13
  0.495833333333333,                      !- Value Until Time 13
  17,                                     !- Hour 14
  0,                                      !- Minute 14
  0.623333333333333,                      !- Value Until Time 14
  18,                                     !- Hour 15
  0,                                      !- Minute 15
  0.793333333333333,                      !- Value Until Time 15
  19,                                     !- Hour 16
  0,                                      !- Minute 16
  0.906666666666667,                      !- Value Until Time 16
  20,                                     !- Hour 17
  0,                                      !- Minute 17
  0.963333333333333,                      !- Value Until Time 17
  21,                                     !- Hour 18
  0,                                      !- Minute 18
  0.991666666666667,                      !- Value Until Time 18
  22,                                     !- Hour 19
  0,                                      !- Minute 19
  0.920833333333333,                      !- Value Until Time 19
  23,                                     !- Hour 20
  0,                                      !- Minute 20
  0.793333333333333,                      !- Value Until Time 20
  24,                                     !- Hour 21
  0,                                      !- Minute 21
  0.665833333333333;                      !- Value Until Time 21

OS:Schedule:Rule,
  {8bbac818-8b4d-4d62-9cb5-fb749f113fa7}, !- Handle
  exterior lighting schedule allday rule 1, !- Name
  {21f67287-5929-4597-8cff-afee898811cb}, !- Schedule Ruleset Name
  10,                                     !- Rule Order
  {d4709d4d-942f-46b5-bb66-e5a9ae759b08}, !- Day Schedule Name
  Yes,                                    !- Apply Sunday
  Yes,                                    !- Apply Monday
  Yes,                                    !- Apply Tuesday
  Yes,                                    !- Apply Wednesday
  Yes,                                    !- Apply Thursday
  Yes,                                    !- Apply Friday
  Yes,                                    !- Apply Saturday
  DateRange,                              !- Date Specification Type
  2,                                      !- Start Month
  1,                                      !- Start Day
  2,                                      !- End Month
  28;                                     !- End Day

OS:Schedule:Day,
  {d4709d4d-942f-46b5-bb66-e5a9ae759b08}, !- Handle
  exterior lighting schedule day 1,       !- Name
  {99c8cb7c-efc2-4f15-b744-0fc6287ca168}, !- Schedule Type Limits Name
  ,                                       !- Interpolate to Timestep
  1,                                      !- Hour 1
  0,                                      !- Minute 1
  0.528571428571429,                      !- Value Until Time 1
  3,                                      !- Hour 2
  0,                                      !- Minute 2
  0.488928571428571,                      !- Value Until Time 2
  5,                                      !- Hour 3
  0,                                      !- Minute 3
  0.4625,                                 !- Value Until Time 3
  6,                                      !- Hour 4
  0,                                      !- Minute 4
  0.515357142857143,                      !- Value Until Time 4
  7,                                      !- Hour 5
  0,                                      !- Minute 5
  0.581428571428571,                      !- Value Until Time 5
  8,                                      !- Hour 6
  0,                                      !- Minute 6
  0.541785714285714,                      !- Value Until Time 6
  9,                                      !- Hour 7
  0,                                      !- Minute 7
  0.409642857142857,                      !- Value Until Time 7
  10,                                     !- Hour 8
  0,                                      !- Minute 8
  0.330357142857143,                      !- Value Until Time 8
  12,                                     !- Hour 9
  0,                                      !- Minute 9
  0.317142857142857,                      !- Value Until Time 9
  13,                                     !- Hour 10
  0,                                      !- Minute 10
  0.330357142857143,                      !- Value Until Time 10
  14,                                     !- Hour 11
  0,                                      !- Minute 11
  0.37,                                   !- Value Until Time 11
  15,                                     !- Hour 12
  0,                                      !- Minute 12
  0.396428571428571,                      !- Value Until Time 12
  16,                                     !- Hour 13
  0,                                      !- Minute 13
  0.4625,                                 !- Value Until Time 13
  17,                                     !- Hour 14
  0,                                      !- Minute 14
  0.581428571428571,                      !- Value Until Time 14
  18,                                     !- Hour 15
  0,                                      !- Minute 15
  0.74,                                   !- Value Until Time 15
  19,                                     !- Hour 16
  0,                                      !- Minute 16
  0.845714285714286,                      !- Value Until Time 16
  20,                                     !- Hour 17
  0,                                      !- Minute 17
  0.898571428571429,                      !- Value Until Time 17
  21,                                     !- Hour 18
  0,                                      !- Minute 18
  0.925,                                  !- Value Until Time 18
  22,                                     !- Hour 19
  0,                                      !- Minute 19
  0.858928571428571,                      !- Value Until Time 19
  23,                                     !- Hour 20
  0,                                      !- Minute 20
  0.74,                                   !- Value Until Time 20
  24,                                     !- Hour 21
  0,                                      !- Minute 21
  0.621071428571429;                      !- Value Until Time 21

OS:Schedule:Rule,
  {f1aad353-8eb3-436d-9ffc-0da67e3f484c}, !- Handle
  exterior lighting schedule allday rule 2, !- Name
  {21f67287-5929-4597-8cff-afee898811cb}, !- Schedule Ruleset Name
  9,                                      !- Rule Order
  {ae0eee19-323d-45ed-9396-4cd21b0f6e0a}, !- Day Schedule Name
  Yes,                                    !- Apply Sunday
  Yes,                                    !- Apply Monday
  Yes,                                    !- Apply Tuesday
  Yes,                                    !- Apply Wednesday
  Yes,                                    !- Apply Thursday
  Yes,                                    !- Apply Friday
  Yes,                                    !- Apply Saturday
  DateRange,                              !- Date Specification Type
  3,                                      !- Start Month
  1,                                      !- Start Day
  3,                                      !- End Month
  31;                                     !- End Day

OS:Schedule:Day,
  {ae0eee19-323d-45ed-9396-4cd21b0f6e0a}, !- Handle
  exterior lighting schedule day 2,       !- Name
  {99c8cb7c-efc2-4f15-b744-0fc6287ca168}, !- Schedule Type Limits Name
  ,                                       !- Interpolate to Timestep
  1,                                      !- Hour 1
  0,                                      !- Minute 1
  0.485714285714286,                      !- Value Until Time 1
  3,                                      !- Hour 2
  0,                                      !- Minute 2
  0.449285714285714,                      !- Value Until Time 2
  5,                                      !- Hour 3
  0,                                      !- Minute 3
  0.425,                                  !- Value Until Time 3
  6,                                      !- Hour 4
  0,                                      !- Minute 4
  0.473571428571429,                      !- Value Until Time 4
  7,                                      !- Hour 5
  0,                                      !- Minute 5
  0.534285714285714,                      !- Value Until Time 5
  8,                                      !- Hour 6
  0,                                      !- Minute 6
  0.497857142857143,                      !- Value Until Time 6
  9,                                      !- Hour 7
  0,                                      !- Minute 7
  0.376428571428571,                      !- Value Until Time 7
  10,                                     !- Hour 8
  0,                                      !- Minute 8
  0.303571428571429,                      !- Value Until Time 8
  12,                                     !- Hour 9
  0,                                      !- Minute 9
  0.291428571428571,                      !- Value Until Time 9
  13,                                     !- Hour 10
  0,                                      !- Minute 10
  0.303571428571429,                      !- Value Until Time 10
  14,                                     !- Hour 11
  0,                                      !- Minute 11
  0.34,                                   !- Value Until Time 11
  15,                                     !- Hour 12
  0,                                      !- Minute 12
  0.364285714285714,                      !- Value Until Time 12
  16,                                     !- Hour 13
  0,                                      !- Minute 13
  0.425,                                  !- Value Until Time 13
  17,                                     !- Hour 14
  0,                                      !- Minute 14
  0.534285714285714,                      !- Value Until Time 14
  18,                                     !- Hour 15
  0,                                      !- Minute 15
  0.68,                                   !- Value Until Time 15
  19,                                     !- Hour 16
  0,                                      !- Minute 16
  0.777142857142857,                      !- Value Until Time 16
  20,                                     !- Hour 17
  0,                                      !- Minute 17
  0.825714285714286,                      !- Value Until Time 17
  21,                                     !- Hour 18
  0,                                      !- Minute 18
  0.85,                                   !- Value Until Time 18
  22,                                     !- Hour 19
  0,                                      !- Minute 19
  0.789285714285714,                      !- Value Until Time 19
  23,                                     !- Hour 20
  0,                                      !- Minute 20
  0.68,                                   !- Value Until Time 20
  24,                                     !- Hour 21
  0,                                      !- Minute 21
  0.570714285714286;                      !- Value Until Time 21

OS:Schedule:Rule,
  {c2740b8a-ce8d-419e-9b90-20053f429772}, !- Handle
  exterior lighting schedule allday rule 3, !- Name
  {21f67287-5929-4597-8cff-afee898811cb}, !- Schedule Ruleset Name
  8,                                      !- Rule Order
  {0477d89d-72d0-48da-9325-8dfb8e2b9997}, !- Day Schedule Name
  Yes,                                    !- Apply Sunday
  Yes,                                    !- Apply Monday
  Yes,                                    !- Apply Tuesday
  Yes,                                    !- Apply Wednesday
  Yes,                                    !- Apply Thursday
  Yes,                                    !- Apply Friday
  Yes,                                    !- Apply Saturday
  DateRange,                              !- Date Specification Type
  4,                                      !- Start Month
  1,                                      !- Start Day
  4,                                      !- End Month
  30;                                     !- End Day

OS:Schedule:Day,
  {0477d89d-72d0-48da-9325-8dfb8e2b9997}, !- Handle
  exterior lighting schedule day 3,       !- Name
  {99c8cb7c-efc2-4f15-b744-0fc6287ca168}, !- Schedule Type Limits Name
  ,                                       !- Interpolate to Timestep
  1,                                      !- Hour 1
  0,                                      !- Minute 1
  0.442857142857143,                      !- Value Until Time 1
  3,                                      !- Hour 2
  0,                                      !- Minute 2
  0.409642857142857,                      !- Value Until Time 2
  5,                                      !- Hour 3
  0,                                      !- Minute 3
  0.3875,                                 !- Value Until Time 3
  6,                                      !- Hour 4
  0,                                      !- Minute 4
  0.431785714285714,                      !- Value Until Time 4
  7,                                      !- Hour 5
  0,                                      !- Minute 5
  0.487142857142857,                      !- Value Until Time 5
  8,                                      !- Hour 6
  0,                                      !- Minute 6
  0.453928571428571,                      !- Value Until Time 6
  9,                                      !- Hour 7
  0,                                      !- Minute 7
  0.343214285714286,                      !- Value Until Time 7
  10,                                     !- Hour 8
  0,                                      !- Minute 8
  0.276785714285714,                      !- Value Until Time 8
  12,                                     !- Hour 9
  0,                                      !- Minute 9
  0.265714285714286,                      !- Value Until Time 9
  13,                                     !- Hour 10
  0,                                      !- Minute 10
  0.276785714285714,                      !- Value Until Time 10
  14,                                     !- Hour 11
  0,                                      !- Minute 11
  0.31,                                   !- Value Until Time 11
  15,                                     !- Hour 12
  0,                                      !- Minute 12
  0.332142857142857,                      !- Value Until Time 12
  16,                                     !- Hour 13
  0,                                      !- Minute 13
  0.3875,                                 !- Value Until Time 13
  17,                                     !- Hour 14
  0,                                      !- Minute 14
  0.487142857142857,                      !- Value Until Time 14
  18,                                     !- Hour 15
  0,                                      !- Minute 15
  0.62,                                   !- Value Until Time 15
  19,                                     !- Hour 16
  0,                                      !- Minute 16
  0.708571428571429,                      !- Value Until Time 16
  20,                                     !- Hour 17
  0,                                      !- Minute 17
  0.752857142857143,                      !- Value Until Time 17
  21,                                     !- Hour 18
  0,                                      !- Minute 18
  0.775,                                  !- Value Until Time 18
  22,                                     !- Hour 19
  0,                                      !- Minute 19
  0.719642857142857,                      !- Value Until Time 19
  23,                                     !- Hour 20
  0,                                      !- Minute 20
  0.62,                                   !- Value Until Time 20
  24,                                     !- Hour 21
  0,                                      !- Minute 21
  0.520357142857143;                      !- Value Until Time 21

OS:Schedule:Rule,
  {ff5effeb-d358-4aec-abbf-adba7fda3ec8}, !- Handle
  exterior lighting schedule allday rule 4, !- Name
  {21f67287-5929-4597-8cff-afee898811cb}, !- Schedule Ruleset Name
  7,                                      !- Rule Order
  {2e8cd2fe-d6d0-4ce7-af46-ecb732eeb324}, !- Day Schedule Name
  Yes,                                    !- Apply Sunday
  Yes,                                    !- Apply Monday
  Yes,                                    !- Apply Tuesday
  Yes,                                    !- Apply Wednesday
  Yes,                                    !- Apply Thursday
  Yes,                                    !- Apply Friday
  Yes,                                    !- Apply Saturday
  DateRange,                              !- Date Specification Type
  5,                                      !- Start Month
  1,                                      !- Start Day
  5,                                      !- End Month
  31;                                     !- End Day

OS:Schedule:Day,
  {2e8cd2fe-d6d0-4ce7-af46-ecb732eeb324}, !- Handle
  exterior lighting schedule day 4,       !- Name
  {99c8cb7c-efc2-4f15-b744-0fc6287ca168}, !- Schedule Type Limits Name
  ,                                       !- Interpolate to Timestep
  1,                                      !- Hour 1
  0,                                      !- Minute 1
  0.4,                                    !- Value Until Time 1
  3,                                      !- Hour 2
  0,                                      !- Minute 2
  0.37,                                   !- Value Until Time 2
  5,                                      !- Hour 3
  0,                                      !- Minute 3
  0.35,                                   !- Value Until Time 3
  6,                                      !- Hour 4
  0,                                      !- Minute 4
  0.39,                                   !- Value Until Time 4
  7,                                      !- Hour 5
  0,                                      !- Minute 5
  0.44,                                   !- Value Until Time 5
  8,                                      !- Hour 6
  0,                                      !- Minute 6
  0.41,                                   !- Value Until Time 6
  9,                                      !- Hour 7
  0,                                      !- Minute 7
  0.31,                                   !- Value Until Time 7
  10,                                     !- Hour 8
  0,                                      !- Minute 8
  0.25,                                   !- Value Until Time 8
  12,                                     !- Hour 9
  0,                                      !- Minute 9
  0.24,                                   !- Value Until Time 9
  13,                                     !- Hour 10
  0,                                      !- Minute 10
  0.25,                                   !- Value Until Time 10
  14,                                     !- Hour 11
  0,                                      !- Minute 11
  0.28,                                   !- Value Until Time 11
  15,                                     !- Hour 12
  0,                                      !- Minute 12
  0.3,                                    !- Value Until Time 12
  16,                                     !- Hour 13
  0,                                      !- Minute 13
  0.35,                                   !- Value Until Time 13
  17,                                     !- Hour 14
  0,                                      !- Minute 14
  0.44,                                   !- Value Until Time 14
  18,                                     !- Hour 15
  0,                                      !- Minute 15
  0.56,                                   !- Value Until Time 15
  19,                                     !- Hour 16
  0,                                      !- Minute 16
  0.64,                                   !- Value Until Time 16
  20,                                     !- Hour 17
  0,                                      !- Minute 17
  0.68,                                   !- Value Until Time 17
  21,                                     !- Hour 18
  0,                                      !- Minute 18
  0.7,                                    !- Value Until Time 18
  22,                                     !- Hour 19
  0,                                      !- Minute 19
  0.65,                                   !- Value Until Time 19
  23,                                     !- Hour 20
  0,                                      !- Minute 20
  0.56,                                   !- Value Until Time 20
  24,                                     !- Hour 21
  0,                                      !- Minute 21
  0.47;                                   !- Value Until Time 21

OS:Schedule:Rule,
  {e9422455-88ad-47a1-b012-d8412fc6214d}, !- Handle
  exterior lighting schedule allday rule 5, !- Name
  {21f67287-5929-4597-8cff-afee898811cb}, !- Schedule Ruleset Name
  6,                                      !- Rule Order
  {ebe7e617-47aa-4edc-a9f2-5f6993e6a016}, !- Day Schedule Name
  Yes,                                    !- Apply Sunday
  Yes,                                    !- Apply Monday
  Yes,                                    !- Apply Tuesday
  Yes,                                    !- Apply Wednesday
  Yes,                                    !- Apply Thursday
  Yes,                                    !- Apply Friday
  Yes,                                    !- Apply Saturday
  DateRange,                              !- Date Specification Type
  6,                                      !- Start Month
  1,                                      !- Start Day
  6,                                      !- End Month
  30;                                     !- End Day

OS:Schedule:Day,
  {ebe7e617-47aa-4edc-a9f2-5f6993e6a016}, !- Handle
  exterior lighting schedule day 5,       !- Name
  {99c8cb7c-efc2-4f15-b744-0fc6287ca168}, !- Schedule Type Limits Name
  ,                                       !- Interpolate to Timestep
  1,                                      !- Hour 1
  0,                                      !- Minute 1
  0.380952380952381,                      !- Value Until Time 1
  3,                                      !- Hour 2
  0,                                      !- Minute 2
  0.352380952380952,                      !- Value Until Time 2
  5,                                      !- Hour 3
  0,                                      !- Minute 3
  0.333333333333333,                      !- Value Until Time 3
  6,                                      !- Hour 4
  0,                                      !- Minute 4
  0.371428571428571,                      !- Value Until Time 4
  7,                                      !- Hour 5
  0,                                      !- Minute 5
  0.419047619047619,                      !- Value Until Time 5
  8,                                      !- Hour 6
  0,                                      !- Minute 6
  0.39047619047619,                       !- Value Until Time 6
  9,                                      !- Hour 7
  0,                                      !- Minute 7
  0.295238095238095,                      !- Value Until Time 7
  10,                                     !- Hour 8
  0,                                      !- Minute 8
  0.238095238095238,                      !- Value Until Time 8
  12,                                     !- Hour 9
  0,                                      !- Minute 9
  0.228571428571429,                      !- Value Until Time 9
  13,                                     !- Hour 10
  0,                                      !- Minute 10
  0.238095238095238,                      !- Value Until Time 10
  14,                                     !- Hour 11
  0,                                      !- Minute 11
  0.266666666666667,                      !- Value Until Time 11
  15,                                     !- Hour 12
  0,                                      !- Minute 12
  0.285714285714286,                      !- Value Until Time 12
  16,                                     !- Hour 13
  0,                                      !- Minute 13
  0.333333333333333,                      !- Value Until Time 13
  17,                                     !- Hour 14
  0,                                      !- Minute 14
  0.419047619047619,                      !- Value Until Time 14
  18,                                     !- Hour 15
  0,                                      !- Minute 15
  0.533333333333333,                      !- Value Until Time 15
  19,                                     !- Hour 16
  0,                                      !- Minute 16
  0.609523809523809,                      !- Value Until Time 16
  20,                                     !- Hour 17
  0,                                      !- Minute 17
  0.647619047619048,                      !- Value Until Time 17
  21,                                     !- Hour 18
  0,                                      !- Minute 18
  0.666666666666667,                      !- Value Until Time 18
  22,                                     !- Hour 19
  0,                                      !- Minute 19
  0.619047619047619,                      !- Value Until Time 19
  23,                                     !- Hour 20
  0,                                      !- Minute 20
  0.533333333333333,                      !- Value Until Time 20
  24,                                     !- Hour 21
  0,                                      !- Minute 21
  0.447619047619048;                      !- Value Until Time 21

OS:Schedule:Rule,
  {faf1e0a0-41d6-4d2a-9e98-17123786a96c}, !- Handle
  exterior lighting schedule allday rule 6, !- Name
  {21f67287-5929-4597-8cff-afee898811cb}, !- Schedule Ruleset Name
  5,                                      !- Rule Order
  {d83af2b6-ed61-4c58-9583-89fec2d59a91}, !- Day Schedule Name
  Yes,                                    !- Apply Sunday
  Yes,                                    !- Apply Monday
  Yes,                                    !- Apply Tuesday
  Yes,                                    !- Apply Wednesday
  Yes,                                    !- Apply Thursday
  Yes,                                    !- Apply Friday
  Yes,                                    !- Apply Saturday
  DateRange,                              !- Date Specification Type
  7,                                      !- Start Month
  1,                                      !- Start Day
  7,                                      !- End Month
  31;                                     !- End Day

OS:Schedule:Day,
  {d83af2b6-ed61-4c58-9583-89fec2d59a91}, !- Handle
  exterior lighting schedule day 6,       !- Name
  {99c8cb7c-efc2-4f15-b744-0fc6287ca168}, !- Schedule Type Limits Name
  ,                                       !- Interpolate to Timestep
  1,                                      !- Hour 1
  0,                                      !- Minute 1
  0.39047619047619,                       !- Value Until Time 1
  3,                                      !- Hour 2
  0,                                      !- Minute 2
  0.361190476190476,                      !- Value Until Time 2
  5,                                      !- Hour 3
  0,                                      !- Minute 3
  0.341666666666667,                      !- Value Until Time 3
  6,                                      !- Hour 4
  0,                                      !- Minute 4
  0.380714285714286,                      !- Value Until Time 4
  7,                                      !- Hour 5
  0,                                      !- Minute 5
  0.429523809523809,                      !- Value Until Time 5
  8,                                      !- Hour 6
  0,                                      !- Minute 6
  0.400238095238095,                      !- Value Until Time 6
  9,                                      !- Hour 7
  0,                                      !- Minute 7
  0.302619047619048,                      !- Value Until Time 7
  10,                                     !- Hour 8
  0,                                      !- Minute 8
  0.244047619047619,                      !- Value Until Time 8
  12,                                     !- Hour 9
  0,                                      !- Minute 9
  0.234285714285714,                      !- Value Until Time 9
  13,                                     !- Hour 10
  0,                                      !- Minute 10
  0.244047619047619,                      !- Value Until Time 10
  14,                                     !- Hour 11
  0,                                      !- Minute 11
  0.273333333333333,                      !- Value Until Time 11
  15,                                     !- Hour 12
  0,                                      !- Minute 12
  0.292857142857143,                      !- Value Until Time 12
  16,                                     !- Hour 13
  0,                                      !- Minute 13
  0.341666666666667,                      !- Value Until Time 13
  17,                                     !- Hour 14
  0,                                      !- Minute 14
  0.429523809523809,                      !- Value Until Time 14
  18,                                     !- Hour 15
  0,                                      !- Minute 15
  0.546666666666667,                      !- Value Until Time 15
  19,                                     !- Hour 16
  0,                                      !- Minute 16
  0.624761904761905,                      !- Value Until Time 16
  20,                                     !- Hour 17
  0,                                      !- Minute 17
  0.663809523809524,                      !- Value Until Time 17
  21,                                     !- Hour 18
  0,                                      !- Minute 18
  0.683333333333333,                      !- Value Until Time 18
  22,                                     !- Hour 19
  0,                                      !- Minute 19
  0.634523809523809,                      !- Value Until Time 19
  23,                                     !- Hour 20
  0,                                      !- Minute 20
  0.546666666666667,                      !- Value Until Time 20
  24,                                     !- Hour 21
  0,                                      !- Minute 21
  0.458809523809524;                      !- Value Until Time 21

OS:Schedule:Rule,
  {1689f151-7578-478d-b733-fe9c76767dec}, !- Handle
  exterior lighting schedule allday rule 7, !- Name
  {21f67287-5929-4597-8cff-afee898811cb}, !- Schedule Ruleset Name
  4,                                      !- Rule Order
  {51c2119d-6c7e-4434-9e0e-8a0183735462}, !- Day Schedule Name
  Yes,                                    !- Apply Sunday
  Yes,                                    !- Apply Monday
  Yes,                                    !- Apply Tuesday
  Yes,                                    !- Apply Wednesday
  Yes,                                    !- Apply Thursday
  Yes,                                    !- Apply Friday
  Yes,                                    !- Apply Saturday
  DateRange,                              !- Date Specification Type
  8,                                      !- Start Month
  1,                                      !- Start Day
  8,                                      !- End Month
  31;                                     !- End Day

OS:Schedule:Day,
  {51c2119d-6c7e-4434-9e0e-8a0183735462}, !- Handle
  exterior lighting schedule day 7,       !- Name
  {99c8cb7c-efc2-4f15-b744-0fc6287ca168}, !- Schedule Type Limits Name
  ,                                       !- Interpolate to Timestep
  1,                                      !- Hour 1
  0,                                      !- Minute 1
  0.419047619047619,                      !- Value Until Time 1
  3,                                      !- Hour 2
  0,                                      !- Minute 2
  0.387619047619048,                      !- Value Until Time 2
  5,                                      !- Hour 3
  0,                                      !- Minute 3
  0.366666666666667,                      !- Value Until Time 3
  6,                                      !- Hour 4
  0,                                      !- Minute 4
  0.408571428571429,                      !- Value Until Time 4
  7,                                      !- Hour 5
  0,                                      !- Minute 5
  0.460952380952381,                      !- Value Until Time 5
  8,                                      !- Hour 6
  0,                                      !- Minute 6
  0.42952380952381,                       !- Value Until Time 6
  9,                                      !- Hour 7
  0,                                      !- Minute 7
  0.324761904761905,                      !- Value Until Time 7
  10,                                     !- Hour 8
  0,                                      !- Minute 8
  0.261904761904762,                      !- Value Until Time 8
  12,                                     !- Hour 9
  0,                                      !- Minute 9
  0.251428571428571,                      !- Value Until Time 9
  13,                                     !- Hour 10
  0,                                      !- Minute 10
  0.261904761904762,                      !- Value Until Time 10
  14,                                     !- Hour 11
  0,                                      !- Minute 11
  0.293333333333333,                      !- Value Until Time 11
  15,                                     !- Hour 12
  0,                                      !- Minute 12
  0.314285714285714,                      !- Value Until Time 12
  16,                                     !- Hour 13
  0,                                      !- Minute 13
  0.366666666666667,                      !- Value Until Time 13
  17,                                     !- Hour 14
  0,                                      !- Minute 14
  0.460952380952381,                      !- Value Until Time 14
  18,                                     !- Hour 15
  0,                                      !- Minute 15
  0.586666666666667,                      !- Value Until Time 15
  19,                                     !- Hour 16
  0,                                      !- Minute 16
  0.67047619047619,                       !- Value Until Time 16
  20,                                     !- Hour 17
  0,                                      !- Minute 17
  0.712380952380952,                      !- Value Until Time 17
  21,                                     !- Hour 18
  0,                                      !- Minute 18
  0.733333333333333,                      !- Value Until Time 18
  22,                                     !- Hour 19
  0,                                      !- Minute 19
  0.680952380952381,                      !- Value Until Time 19
  23,                                     !- Hour 20
  0,                                      !- Minute 20
  0.586666666666667,                      !- Value Until Time 20
  24,                                     !- Hour 21
  0,                                      !- Minute 21
  0.492380952380952;                      !- Value Until Time 21

OS:Schedule:Rule,
  {45748998-01d9-49ae-a615-45193a200390}, !- Handle
  exterior lighting schedule allday rule 8, !- Name
  {21f67287-5929-4597-8cff-afee898811cb}, !- Schedule Ruleset Name
  3,                                      !- Rule Order
  {263751e0-88dd-462e-bd18-87ce9a069171}, !- Day Schedule Name
  Yes,                                    !- Apply Sunday
  Yes,                                    !- Apply Monday
  Yes,                                    !- Apply Tuesday
  Yes,                                    !- Apply Wednesday
  Yes,                                    !- Apply Thursday
  Yes,                                    !- Apply Friday
  Yes,                                    !- Apply Saturday
  DateRange,                              !- Date Specification Type
  9,                                      !- Start Month
  1,                                      !- Start Day
  9,                                      !- End Month
  30;                                     !- End Day

OS:Schedule:Day,
  {263751e0-88dd-462e-bd18-87ce9a069171}, !- Handle
  exterior lighting schedule day 8,       !- Name
  {99c8cb7c-efc2-4f15-b744-0fc6287ca168}, !- Schedule Type Limits Name
  ,                                       !- Interpolate to Timestep
  1,                                      !- Hour 1
  0,                                      !- Minute 1
  0.466666666666667,                      !- Value Until Time 1
  3,                                      !- Hour 2
  0,                                      !- Minute 2
  0.431666666666667,                      !- Value Until Time 2
  5,                                      !- Hour 3
  0,                                      !- Minute 3
  0.408333333333333,                      !- Value Until Time 3
  6,                                      !- Hour 4
  0,                                      !- Minute 4
  0.455,                                  !- Value Until Time 4
  7,                                      !- Hour 5
  0,                                      !- Minute 5
  0.513333333333333,                      !- Value Until Time 5
  8,                                      !- Hour 6
  0,                                      !- Minute 6
  0.478333333333333,                      !- Value Until Time 6
  9,                                      !- Hour 7
  0,                                      !- Minute 7
  0.361666666666667,                      !- Value Until Time 7
  10,                                     !- Hour 8
  0,                                      !- Minute 8
  0.291666666666667,                      !- Value Until Time 8
  12,                                     !- Hour 9
  0,                                      !- Minute 9
  0.28,                                   !- Value Until Time 9
  13,                                     !- Hour 10
  0,                                      !- Minute 10
  0.291666666666667,                      !- Value Until Time 10
  14,                                     !- Hour 11
  0,                                      !- Minute 11
  0.326666666666667,                      !- Value Until Time 11
  15,                                     !- Hour 12
  0,                                      !- Minute 12
  0.35,                                   !- Value Until Time 12
  16,                                     !- Hour 13
  0,                                      !- Minute 13
  0.408333333333333,                      !- Value Until Time 13
  17,                                     !- Hour 14
  0,                                      !- Minute 14
  0.513333333333333,                      !- Value Until Time 14
  18,                                     !- Hour 15
  0,                                      !- Minute 15
  0.653333333333333,                      !- Value Until Time 15
  19,                                     !- Hour 16
  0,                                      !- Minute 16
  0.746666666666667,                      !- Value Until Time 16
  20,                                     !- Hour 17
  0,                                      !- Minute 17
  0.793333333333333,                      !- Value Until Time 17
  21,                                     !- Hour 18
  0,                                      !- Minute 18
  0.816666666666667,                      !- Value Until Time 18
  22,                                     !- Hour 19
  0,                                      !- Minute 19
  0.758333333333333,                      !- Value Until Time 19
  23,                                     !- Hour 20
  0,                                      !- Minute 20
  0.653333333333333,                      !- Value Until Time 20
  24,                                     !- Hour 21
  0,                                      !- Minute 21
  0.548333333333333;                      !- Value Until Time 21

OS:Schedule:Rule,
  {bbef5b05-3388-44eb-b249-71e41a2f8e95}, !- Handle
  exterior lighting schedule allday rule 9, !- Name
  {21f67287-5929-4597-8cff-afee898811cb}, !- Schedule Ruleset Name
  2,                                      !- Rule Order
  {7d0af57b-0959-46f5-91e5-1fc5629ca538}, !- Day Schedule Name
  Yes,                                    !- Apply Sunday
  Yes,                                    !- Apply Monday
  Yes,                                    !- Apply Tuesday
  Yes,                                    !- Apply Wednesday
  Yes,                                    !- Apply Thursday
  Yes,                                    !- Apply Friday
  Yes,                                    !- Apply Saturday
  DateRange,                              !- Date Specification Type
  10,                                     !- Start Month
  1,                                      !- Start Day
  10,                                     !- End Month
  31;                                     !- End Day

OS:Schedule:Day,
  {7d0af57b-0959-46f5-91e5-1fc5629ca538}, !- Handle
  exterior lighting schedule day 9,       !- Name
  {99c8cb7c-efc2-4f15-b744-0fc6287ca168}, !- Schedule Type Limits Name
  ,                                       !- Interpolate to Timestep
  1,                                      !- Hour 1
  0,                                      !- Minute 1
  0.50952380952381,                       !- Value Until Time 1
  3,                                      !- Hour 2
  0,                                      !- Minute 2
  0.471309523809524,                      !- Value Until Time 2
  5,                                      !- Hour 3
  0,                                      !- Minute 3
  0.445833333333333,                      !- Value Until Time 3
  6,                                      !- Hour 4
  0,                                      !- Minute 4
  0.496785714285714,                      !- Value Until Time 4
  7,                                      !- Hour 5
  0,                                      !- Minute 5
  0.56047619047619,                       !- Value Until Time 5
  8,                                      !- Hour 6
  0,                                      !- Minute 6
  0.522261904761905,                      !- Value Until Time 6
  9,                                      !- Hour 7
  0,                                      !- Minute 7
  0.394880952380952,                      !- Value Until Time 7
  10,                                     !- Hour 8
  0,                                      !- Minute 8
  0.318452380952381,                      !- Value Until Time 8
  12,                                     !- Hour 9
  0,                                      !- Minute 9
  0.305714285714286,                      !- Value Until Time 9
  13,                                     !- Hour 10
  0,                                      !- Minute 10
  0.318452380952381,                      !- Value Until Time 10
  14,                                     !- Hour 11
  0,                                      !- Minute 11
  0.356666666666667,                      !- Value Until Time 11
  15,                                     !- Hour 12
  0,                                      !- Minute 12
  0.382142857142857,                      !- Value Until Time 12
  16,                                     !- Hour 13
  0,                                      !- Minute 13
  0.445833333333333,                      !- Value Until Time 13
  17,                                     !- Hour 14
  0,                                      !- Minute 14
  0.56047619047619,                       !- Value Until Time 14
  18,                                     !- Hour 15
  0,                                      !- Minute 15
  0.713333333333333,                      !- Value Until Time 15
  19,                                     !- Hour 16
  0,                                      !- Minute 16
  0.815238095238095,                      !- Value Until Time 16
  20,                                     !- Hour 17
  0,                                      !- Minute 17
  0.866190476190476,                      !- Value Until Time 17
  21,                                     !- Hour 18
  0,                                      !- Minute 18
  0.891666666666667,                      !- Value Until Time 18
  22,                                     !- Hour 19
  0,                                      !- Minute 19
  0.82797619047619,                       !- Value Until Time 19
  23,                                     !- Hour 20
  0,                                      !- Minute 20
  0.713333333333333,                      !- Value Until Time 20
  24,                                     !- Hour 21
  0,                                      !- Minute 21
  0.598690476190476;                      !- Value Until Time 21

OS:Schedule:Rule,
  {aad2da3a-4c0d-4731-9162-ee173a7e4d62}, !- Handle
  exterior lighting schedule allday rule 10, !- Name
  {21f67287-5929-4597-8cff-afee898811cb}, !- Schedule Ruleset Name
  1,                                      !- Rule Order
  {970b7130-ed21-4fa2-8ff8-da650b1fe56c}, !- Day Schedule Name
  Yes,                                    !- Apply Sunday
  Yes,                                    !- Apply Monday
  Yes,                                    !- Apply Tuesday
  Yes,                                    !- Apply Wednesday
  Yes,                                    !- Apply Thursday
  Yes,                                    !- Apply Friday
  Yes,                                    !- Apply Saturday
  DateRange,                              !- Date Specification Type
  11,                                     !- Start Month
  1,                                      !- Start Day
  11,                                     !- End Month
  30;                                     !- End Day

OS:Schedule:Day,
  {970b7130-ed21-4fa2-8ff8-da650b1fe56c}, !- Handle
  exterior lighting schedule day 10,      !- Name
  {99c8cb7c-efc2-4f15-b744-0fc6287ca168}, !- Schedule Type Limits Name
  ,                                       !- Interpolate to Timestep
  1,                                      !- Hour 1
  0,                                      !- Minute 1
  0.552380952380952,                      !- Value Until Time 1
  3,                                      !- Hour 2
  0,                                      !- Minute 2
  0.510952380952381,                      !- Value Until Time 2
  5,                                      !- Hour 3
  0,                                      !- Minute 3
  0.483333333333333,                      !- Value Until Time 3
  6,                                      !- Hour 4
  0,                                      !- Minute 4
  0.538571428571428,                      !- Value Until Time 4
  7,                                      !- Hour 5
  0,                                      !- Minute 5
  0.607619047619048,                      !- Value Until Time 5
  8,                                      !- Hour 6
  0,                                      !- Minute 6
  0.566190476190476,                      !- Value Until Time 6
  9,                                      !- Hour 7
  0,                                      !- Minute 7
  0.428095238095238,                      !- Value Until Time 7
  10,                                     !- Hour 8
  0,                                      !- Minute 8
  0.345238095238095,                      !- Value Until Time 8
  12,                                     !- Hour 9
  0,                                      !- Minute 9
  0.331428571428571,                      !- Value Until Time 9
  13,                                     !- Hour 10
  0,                                      !- Minute 10
  0.345238095238095,                      !- Value Until Time 10
  14,                                     !- Hour 11
  0,                                      !- Minute 11
  0.386666666666667,                      !- Value Until Time 11
  15,                                     !- Hour 12
  0,                                      !- Minute 12
  0.414285714285714,                      !- Value Until Time 12
  16,                                     !- Hour 13
  0,                                      !- Minute 13
  0.483333333333333,                      !- Value Until Time 13
  17,                                     !- Hour 14
  0,                                      !- Minute 14
  0.607619047619048,                      !- Value Until Time 14
  18,                                     !- Hour 15
  0,                                      !- Minute 15
  0.773333333333333,                      !- Value Until Time 15
  19,                                     !- Hour 16
  0,                                      !- Minute 16
  0.883809523809524,                      !- Value Until Time 16
  20,                                     !- Hour 17
  0,                                      !- Minute 17
  0.939047619047619,                      !- Value Until Time 17
  21,                                     !- Hour 18
  0,                                      !- Minute 18
  0.966666666666667,                      !- Value Until Time 18
  22,                                     !- Hour 19
  0,                                      !- Minute 19
  0.897619047619048,                      !- Value Until Time 19
  23,                                     !- Hour 20
  0,                                      !- Minute 20
  0.773333333333333,                      !- Value Until Time 20
  24,                                     !- Hour 21
  0,                                      !- Minute 21
  0.649047619047619;                      !- Value Until Time 21

OS:Schedule:Rule,
  {d3e1e464-ad9f-4e63-bf38-814e1c80b613}, !- Handle
  exterior lighting schedule allday rule 11, !- Name
  {21f67287-5929-4597-8cff-afee898811cb}, !- Schedule Ruleset Name
  0,                                      !- Rule Order
  {3e469c20-a797-4326-8987-8d1a4802aaec}, !- Day Schedule Name
  Yes,                                    !- Apply Sunday
  Yes,                                    !- Apply Monday
  Yes,                                    !- Apply Tuesday
  Yes,                                    !- Apply Wednesday
  Yes,                                    !- Apply Thursday
  Yes,                                    !- Apply Friday
  Yes,                                    !- Apply Saturday
  DateRange,                              !- Date Specification Type
  12,                                     !- Start Month
  1,                                      !- Start Day
  12,                                     !- End Month
  31;                                     !- End Day

OS:Schedule:Day,
  {3e469c20-a797-4326-8987-8d1a4802aaec}, !- Handle
  exterior lighting schedule day 11,      !- Name
  {99c8cb7c-efc2-4f15-b744-0fc6287ca168}, !- Schedule Type Limits Name
  ,                                       !- Interpolate to Timestep
  1,                                      !- Hour 1
  0,                                      !- Minute 1
  0.571428571428571,                      !- Value Until Time 1
  3,                                      !- Hour 2
  0,                                      !- Minute 2
  0.528571428571428,                      !- Value Until Time 2
  5,                                      !- Hour 3
  0,                                      !- Minute 3
  0.5,                                    !- Value Until Time 3
  6,                                      !- Hour 4
  0,                                      !- Minute 4
  0.557142857142857,                      !- Value Until Time 4
  7,                                      !- Hour 5
  0,                                      !- Minute 5
  0.628571428571428,                      !- Value Until Time 5
  8,                                      !- Hour 6
  0,                                      !- Minute 6
  0.585714285714286,                      !- Value Until Time 6
  9,                                      !- Hour 7
  0,                                      !- Minute 7
  0.442857142857143,                      !- Value Until Time 7
  10,                                     !- Hour 8
  0,                                      !- Minute 8
  0.357142857142857,                      !- Value Until Time 8
  12,                                     !- Hour 9
  0,                                      !- Minute 9
  0.342857142857143,                      !- Value Until Time 9
  13,                                     !- Hour 10
  0,                                      !- Minute 10
  0.357142857142857,                      !- Value Until Time 10
  14,                                     !- Hour 11
  0,                                      !- Minute 11
  0.4,                                    !- Value Until Time 11
  15,                                     !- Hour 12
  0,                                      !- Minute 12
  0.428571428571428,                      !- Value Until Time 12
  16,                                     !- Hour 13
  0,                                      !- Minute 13
  0.5,                                    !- Value Until Time 13
  17,                                     !- Hour 14
  0,                                      !- Minute 14
  0.628571428571428,                      !- Value Until Time 14
  18,                                     !- Hour 15
  0,                                      !- Minute 15
  0.8,                                    !- Value Until Time 15
  19,                                     !- Hour 16
  0,                                      !- Minute 16
  0.914285714285714,                      !- Value Until Time 16
  20,                                     !- Hour 17
  0,                                      !- Minute 17
  0.971428571428571,                      !- Value Until Time 17
  21,                                     !- Hour 18
  0,                                      !- Minute 18
  1,                                      !- Value Until Time 18
  22,                                     !- Hour 19
  0,                                      !- Minute 19
  0.928571428571428,                      !- Value Until Time 19
  23,                                     !- Hour 20
  0,                                      !- Minute 20
  0.8,                                    !- Value Until Time 20
  24,                                     !- Hour 21
  0,                                      !- Minute 21
  0.671428571428571;                      !- Value Until Time 21

OS:Exterior:Lights:Definition,
  {79c25bf7-01e8-461b-ba2b-a22b0b34a65b}, !- Handle
  exterior lighting,                      !- Name
  7.09205479452055;                       !- Design Level {W}

OS:Exterior:Lights,
  {ae4cdb59-8deb-4e7d-bef0-c035ba28e46b}, !- Handle
  exterior lighting,                      !- Name
  {79c25bf7-01e8-461b-ba2b-a22b0b34a65b}, !- Exterior Lights Definition Name
  {21f67287-5929-4597-8cff-afee898811cb}, !- Schedule Name
  ,                                       !- Control Option
  ,                                       !- Multiplier
  exterior lighting;                      !- End-Use Subcategory

OS:Schedule:File,
  {36643dff-3287-4c40-ad28-010eeb590329}, !- Handle
  plug_loads_tv,                          !- Name
  {99c8cb7c-efc2-4f15-b744-0fc6287ca168}, !- Schedule Type Limits Name
  {b4145d16-91c9-4b02-993f-96a3259487e1}, !- External File Name
  3,                                      !- Column Number
  1,                                      !- Rows to Skip at Top
  8760,                                   !- Number of Hours of Data
  ,                                       !- Column Separator
  Yes,                                    !- Interpolate to Timestep
  15,                                     !- Minutes per Item
  ,                                       !- Adjust Schedule for Daylight Savings
  Yes;                                    !- Translate File With Relative Path

OS:ElectricEquipment:Definition,
  {7b1af6f6-14f0-4583-aaae-8fae61d7b6c4}, !- Handle
  misc tv,                                !- Name
  EquipmentLevel,                         !- Design Level Calculation Method
  365.193080234777,                       !- Design Level {W}
  ,                                       !- Watts per Space Floor Area {W/m2}
  ,                                       !- Watts per Person {W/person}
  0,                                      !- Fraction Latent
  0.6,                                    !- Fraction Radiant
  0;                                      !- Fraction Lost

OS:ElectricEquipment,
  {1e1fa2ff-baf9-4bb5-96d5-08f4e1889836}, !- Handle
  misc tv,                                !- Name
  {7b1af6f6-14f0-4583-aaae-8fae61d7b6c4}, !- Electric Equipment Definition Name
  {7694b88f-d262-43ae-90bc-ede964cc3a49}, !- Space or SpaceType Name
  {36643dff-3287-4c40-ad28-010eeb590329}, !- Schedule Name
  ,                                       !- Multiplier
  misc tv;                                !- End-Use Subcategory

OS:Schedule:File,
  {e5d5c64a-766c-49b6-afe2-4e762fc6a500}, !- Handle
  plug_loads_other,                       !- Name
  {99c8cb7c-efc2-4f15-b744-0fc6287ca168}, !- Schedule Type Limits Name
  {b4145d16-91c9-4b02-993f-96a3259487e1}, !- External File Name
  2,                                      !- Column Number
  1,                                      !- Rows to Skip at Top
  8760,                                   !- Number of Hours of Data
  ,                                       !- Column Separator
  Yes,                                    !- Interpolate to Timestep
  15,                                     !- Minutes per Item
  ,                                       !- Adjust Schedule for Daylight Savings
  Yes;                                    !- Translate File With Relative Path

OS:ElectricEquipment:Definition,
  {ddf760bc-0f1a-4836-87d1-024ed417c913}, !- Handle
  misc plug loads,                        !- Name
  EquipmentLevel,                         !- Design Level Calculation Method
  314.193321799758,                       !- Design Level {W}
  ,                                       !- Watts per Space Floor Area {W/m2}
  ,                                       !- Watts per Person {W/person}
  0.021,                                  !- Fraction Latent
  0.558,                                  !- Fraction Radiant
  0.0489999999999999;                     !- Fraction Lost

OS:ElectricEquipment,
  {1ca5e6bf-0832-48ad-bf62-76c7426718b6}, !- Handle
  misc plug loads,                        !- Name
  {ddf760bc-0f1a-4836-87d1-024ed417c913}, !- Electric Equipment Definition Name
  {7694b88f-d262-43ae-90bc-ede964cc3a49}, !- Space or SpaceType Name
  {e5d5c64a-766c-49b6-afe2-4e762fc6a500}, !- Schedule Name
  ,                                       !- Multiplier
  misc plug loads;                        !- End-Use Subcategory

OS:Schedule:File,
  {7037d329-41ba-4661-a21f-f492dacd9106}, !- Handle
  occupants,                              !- Name
  {99c8cb7c-efc2-4f15-b744-0fc6287ca168}, !- Schedule Type Limits Name
  {b4145d16-91c9-4b02-993f-96a3259487e1}, !- External File Name
  1,                                      !- Column Number
  1,                                      !- Rows to Skip at Top
  8760,                                   !- Number of Hours of Data
  ,                                       !- Column Separator
  Yes,                                    !- Interpolate to Timestep
  15,                                     !- Minutes per Item
  ,                                       !- Adjust Schedule for Daylight Savings
  Yes;                                    !- Translate File With Relative Path

OS:Schedule:Constant,
  {678b350c-79ed-49c7-98cf-cdd74bd75ccf}, !- Handle
  occupants activity schedule,            !- Name
  {27174cbc-795e-4969-968b-7735195c2c69}, !- Schedule Type Limits Name
  117.228428068889;                       !- Value

OS:People:Definition,
  {0a322bf5-b2ff-4998-8b57-a0f91930ec1f}, !- Handle
  occupants,                              !- Name
  People,                                 !- Number of People Calculation Method
  2,                                      !- Number of People {people}
  ,                                       !- People per Space Floor Area {person/m2}
  ,                                       !- Space Floor Area per Person {m2/person}
  0.314170909090909,                      !- Fraction Radiant
  0.563030303030303,                      !- Sensible Heat Fraction
  0,                                      !- Carbon Dioxide Generation Rate {m3/s-W}
  No,                                     !- Enable ASHRAE 55 Comfort Warnings
  EnclosureAveraged;                      !- Mean Radiant Temperature Calculation Type

OS:People,
  {60e2bccf-4f7d-4db9-b93c-3f66e222a80e}, !- Handle
  occupants,                              !- Name
  {0a322bf5-b2ff-4998-8b57-a0f91930ec1f}, !- People Definition Name
  {7694b88f-d262-43ae-90bc-ede964cc3a49}, !- Space or SpaceType Name
  {7037d329-41ba-4661-a21f-f492dacd9106}, !- Number of People Schedule Name
  {678b350c-79ed-49c7-98cf-cdd74bd75ccf}, !- Activity Level Schedule Name
  ,                                       !- Surface Name/Angle Factor List Name
  ,                                       !- Work Efficiency Schedule Name
  ,                                       !- Clothing Insulation Schedule Name
  ,                                       !- Air Velocity Schedule Name
  1;                                      !- Multiplier

OS:ScheduleTypeLimits,
  {27174cbc-795e-4969-968b-7735195c2c69}, !- Handle
  ActivityLevel,                          !- Name
  0,                                      !- Lower Limit Value
  ,                                       !- Upper Limit Value
  Continuous,                             !- Numeric Type
  ActivityLevel;                          !- Unit Type

OS:Schedule:Ruleset,
  {7e4ed2a3-1f45-4958-83b7-84bc8bfdb2e7}, !- Handle
  general water use schedule,             !- Name
  {99c8cb7c-efc2-4f15-b744-0fc6287ca168}, !- Schedule Type Limits Name
  {34994d56-b296-43e5-856e-7b094133aa19}; !- Default Day Schedule Name

OS:Schedule:Day,
  {34994d56-b296-43e5-856e-7b094133aa19}, !- Handle
  general water use schedule default day, !- Name
  {99c8cb7c-efc2-4f15-b744-0fc6287ca168}, !- Schedule Type Limits Name
  ,                                       !- Interpolate to Timestep
  24,                                     !- Hour 1
  0,                                      !- Minute 1
  0;                                      !- Value Until Time 1

OS:Schedule:Rule,
  {9a0db80b-c474-43e6-af56-77e9fa11a90a}, !- Handle
  general water use schedule allday rule, !- Name
  {7e4ed2a3-1f45-4958-83b7-84bc8bfdb2e7}, !- Schedule Ruleset Name
  0,                                      !- Rule Order
  {db662cff-1055-4985-9050-3bbec25301d1}, !- Day Schedule Name
  Yes,                                    !- Apply Sunday
  Yes,                                    !- Apply Monday
  Yes,                                    !- Apply Tuesday
  Yes,                                    !- Apply Wednesday
  Yes,                                    !- Apply Thursday
  Yes,                                    !- Apply Friday
  Yes,                                    !- Apply Saturday
  DateRange,                              !- Date Specification Type
  1,                                      !- Start Month
  1,                                      !- Start Day
  12,                                     !- End Month
  31;                                     !- End Day

OS:Schedule:Day,
  {db662cff-1055-4985-9050-3bbec25301d1}, !- Handle
  general water use schedule day,         !- Name
  {99c8cb7c-efc2-4f15-b744-0fc6287ca168}, !- Schedule Type Limits Name
  ,                                       !- Interpolate to Timestep
  1,                                      !- Hour 1
  0,                                      !- Minute 1
  0.315068493150685,                      !- Value Until Time 1
  3,                                      !- Hour 2
  0,                                      !- Minute 2
  0.287671232876712,                      !- Value Until Time 2
  4,                                      !- Hour 3
  0,                                      !- Minute 3
  0.342465753424658,                      !- Value Until Time 3
  5,                                      !- Hour 4
  0,                                      !- Minute 4
  0.36986301369863,                       !- Value Until Time 4
  6,                                      !- Hour 5
  0,                                      !- Minute 5
  0.520547945205479,                      !- Value Until Time 5
  7,                                      !- Hour 6
  0,                                      !- Minute 6
  0.602739726027397,                      !- Value Until Time 6
  8,                                      !- Hour 7
  0,                                      !- Minute 7
  0.534246575342466,                      !- Value Until Time 7
  10,                                     !- Hour 8
  0,                                      !- Minute 8
  0.506849315068493,                      !- Value Until Time 8
  11,                                     !- Hour 9
  0,                                      !- Minute 9
  0.465753424657534,                      !- Value Until Time 9
  14,                                     !- Hour 10
  0,                                      !- Minute 10
  0.479452054794521,                      !- Value Until Time 10
  15,                                     !- Hour 11
  0,                                      !- Minute 11
  0.534246575342466,                      !- Value Until Time 11
  16,                                     !- Hour 12
  0,                                      !- Minute 12
  0.589041095890411,                      !- Value Until Time 12
  17,                                     !- Hour 13
  0,                                      !- Minute 13
  0.698630136986301,                      !- Value Until Time 13
  18,                                     !- Hour 14
  0,                                      !- Minute 14
  0.876712328767123,                      !- Value Until Time 14
  19,                                     !- Hour 15
  0,                                      !- Minute 15
  0.89041095890411,                       !- Value Until Time 15
  20,                                     !- Hour 16
  0,                                      !- Minute 16
  0.986301369863014,                      !- Value Until Time 16
  21,                                     !- Hour 17
  0,                                      !- Minute 17
  1,                                      !- Value Until Time 17
  22,                                     !- Hour 18
  0,                                      !- Minute 18
  0.863013698630137,                      !- Value Until Time 18
  23,                                     !- Hour 19
  0,                                      !- Minute 19
  0.616438356164384,                      !- Value Until Time 19
  24,                                     !- Hour 20
  0,                                      !- Minute 20
  0.465753424657534;                      !- Value Until Time 20

OS:OtherEquipment:Definition,
  {54ee9974-a1f8-48ba-b6ea-28ce5094e726}, !- Handle
  general water use sensible,             !- Name
  EquipmentLevel,                         !- Design Level Calculation Method
  -43.4886080223962,                      !- Design Level {W}
  ,                                       !- Watts per Space Floor Area {W/m2}
  ,                                       !- Watts per Person {W/Person}
  0,                                      !- Fraction Latent
  0.6,                                    !- Fraction Radiant
  0;                                      !- Fraction Lost

OS:OtherEquipment,
  {94a57b6d-854d-4433-a475-2798618a4261}, !- Handle
  general water use sensible,             !- Name
  {54ee9974-a1f8-48ba-b6ea-28ce5094e726}, !- Other Equipment Definition Name
  {7694b88f-d262-43ae-90bc-ede964cc3a49}, !- Space or SpaceType Name
  {7e4ed2a3-1f45-4958-83b7-84bc8bfdb2e7}, !- Schedule Name
  ,                                       !- Multiplier
  ,                                       !- Fuel Type
  general water use sensible;             !- End-Use Subcategory

OS:OtherEquipment:Definition,
  {74505252-f57d-4b0b-abf6-0e488b64ef64}, !- Handle
  general water use latent,               !- Name
  EquipmentLevel,                         !- Design Level Calculation Method
  44.1265827122113,                       !- Design Level {W}
  ,                                       !- Watts per Space Floor Area {W/m2}
  ,                                       !- Watts per Person {W/Person}
  1,                                      !- Fraction Latent
  0,                                      !- Fraction Radiant
  0;                                      !- Fraction Lost

OS:OtherEquipment,
  {f580177c-f618-4dca-9a7f-7e7265f16730}, !- Handle
  general water use latent,               !- Name
  {74505252-f57d-4b0b-abf6-0e488b64ef64}, !- Other Equipment Definition Name
  {7694b88f-d262-43ae-90bc-ede964cc3a49}, !- Space or SpaceType Name
  {7e4ed2a3-1f45-4958-83b7-84bc8bfdb2e7}, !- Schedule Name
  ,                                       !- Multiplier
  ,                                       !- Fuel Type
  general water use latent;               !- End-Use Subcategory

OS:EnergyManagementSystem:Sensor,
  {0b85eed1-d9ca-4f32-bcde-2a670d8fac9b}, !- Handle
  out_pb_s,                               !- Name
  ,                                       !- Output Variable or Output Meter Index Key Name
  Site Outdoor Air Barometric Pressure;   !- Output Variable or Output Meter Name

OS:EnergyManagementSystem:Sensor,
  {dd9ecb5f-543a-41b9-ae2d-890975a1088c}, !- Handle
  out_wt_s,                               !- Name
  ,                                       !- Output Variable or Output Meter Index Key Name
  Site Outdoor Air Humidity Ratio;        !- Output Variable or Output Meter Name

OS:EnergyManagementSystem:Sensor,
  {e467b1bf-1c90-4d15-9562-9b5b4c7aa2ee}, !- Handle
  win_s,                                  !- Name
  conditioned space,                      !- Output Variable or Output Meter Index Key Name
  Zone Air Humidity Ratio;                !- Output Variable or Output Meter Name

OS:EnergyManagementSystem:Sensor,
  {8092759e-9922-45d1-9d24-db01906a438e}, !- Handle
  site_vw_s,                              !- Name
  ,                                       !- Output Variable or Output Meter Index Key Name
  Site Wind Speed;                        !- Output Variable or Output Meter Name

OS:EnergyManagementSystem:Sensor,
  {5a03f42f-c352-48d3-b1b5-23970b83f36d}, !- Handle
  tin_s,                                  !- Name
  conditioned space,                      !- Output Variable or Output Meter Index Key Name
  Zone Mean Air Temperature;              !- Output Variable or Output Meter Name

OS:EnergyManagementSystem:Sensor,
  {e758aaf6-50b4-4d1f-9975-302bace374d0}, !- Handle
  tout_s,                                 !- Name
  conditioned space,                      !- Output Variable or Output Meter Index Key Name
  Zone Outdoor Air Drybulb Temperature;   !- Output Variable or Output Meter Name

OS:Schedule:Ruleset,
  {90175373-cc41-48d2-93ea-a96bb54c60ea}, !- Handle
  cooling season schedule,                !- Name
  {99c8cb7c-efc2-4f15-b744-0fc6287ca168}, !- Schedule Type Limits Name
  {1a666325-0b1e-47c7-bfd0-7d8723202e06}; !- Default Day Schedule Name

OS:Schedule:Day,
  {1a666325-0b1e-47c7-bfd0-7d8723202e06}, !- Handle
  cooling season schedule default day,    !- Name
  {99c8cb7c-efc2-4f15-b744-0fc6287ca168}, !- Schedule Type Limits Name
  ,                                       !- Interpolate to Timestep
  24,                                     !- Hour 1
  0,                                      !- Minute 1
  0;                                      !- Value Until Time 1

OS:Schedule:Rule,
  {69e59870-22b4-4321-85cf-e4dd515528e8}, !- Handle
  cooling season schedule allday rule,    !- Name
  {90175373-cc41-48d2-93ea-a96bb54c60ea}, !- Schedule Ruleset Name
  2,                                      !- Rule Order
  {9ba68a34-4f39-4a2d-9e39-04fea39e909f}, !- Day Schedule Name
  Yes,                                    !- Apply Sunday
  Yes,                                    !- Apply Monday
  Yes,                                    !- Apply Tuesday
  Yes,                                    !- Apply Wednesday
  Yes,                                    !- Apply Thursday
  Yes,                                    !- Apply Friday
  Yes,                                    !- Apply Saturday
  DateRange,                              !- Date Specification Type
  1,                                      !- Start Month
  1,                                      !- Start Day
  5,                                      !- End Month
  31;                                     !- End Day

OS:Schedule:Day,
  {9ba68a34-4f39-4a2d-9e39-04fea39e909f}, !- Handle
  cooling season schedule day,            !- Name
  {99c8cb7c-efc2-4f15-b744-0fc6287ca168}, !- Schedule Type Limits Name
  ,                                       !- Interpolate to Timestep
  24,                                     !- Hour 1
  0,                                      !- Minute 1
  0;                                      !- Value Until Time 1

OS:Schedule:Rule,
  {49a50f22-ade8-4eb9-b423-bcec09eff464}, !- Handle
  cooling season schedule allday rule 1,  !- Name
  {90175373-cc41-48d2-93ea-a96bb54c60ea}, !- Schedule Ruleset Name
  1,                                      !- Rule Order
  {83ba2a21-f1c8-4a9c-a879-756ac814320a}, !- Day Schedule Name
  Yes,                                    !- Apply Sunday
  Yes,                                    !- Apply Monday
  Yes,                                    !- Apply Tuesday
  Yes,                                    !- Apply Wednesday
  Yes,                                    !- Apply Thursday
  Yes,                                    !- Apply Friday
  Yes,                                    !- Apply Saturday
  DateRange,                              !- Date Specification Type
  6,                                      !- Start Month
  1,                                      !- Start Day
  9,                                      !- End Month
  30;                                     !- End Day

OS:Schedule:Day,
  {83ba2a21-f1c8-4a9c-a879-756ac814320a}, !- Handle
  cooling season schedule day 1,          !- Name
  {99c8cb7c-efc2-4f15-b744-0fc6287ca168}, !- Schedule Type Limits Name
  ,                                       !- Interpolate to Timestep
  24,                                     !- Hour 1
  0,                                      !- Minute 1
  1;                                      !- Value Until Time 1

OS:Schedule:Rule,
  {f920a811-99d8-43dd-8796-152e65682951}, !- Handle
  cooling season schedule allday rule 2,  !- Name
  {90175373-cc41-48d2-93ea-a96bb54c60ea}, !- Schedule Ruleset Name
  0,                                      !- Rule Order
  {30d1e471-e744-49fc-8f17-ade4ceea40d8}, !- Day Schedule Name
  Yes,                                    !- Apply Sunday
  Yes,                                    !- Apply Monday
  Yes,                                    !- Apply Tuesday
  Yes,                                    !- Apply Wednesday
  Yes,                                    !- Apply Thursday
  Yes,                                    !- Apply Friday
  Yes,                                    !- Apply Saturday
  DateRange,                              !- Date Specification Type
  10,                                     !- Start Month
  1,                                      !- Start Day
  12,                                     !- End Month
  31;                                     !- End Day

OS:Schedule:Day,
  {30d1e471-e744-49fc-8f17-ade4ceea40d8}, !- Handle
  cooling season schedule day 2,          !- Name
  {99c8cb7c-efc2-4f15-b744-0fc6287ca168}, !- Schedule Type Limits Name
  ,                                       !- Interpolate to Timestep
  24,                                     !- Hour 1
  0,                                      !- Minute 1
  0;                                      !- Value Until Time 1

OS:EnergyManagementSystem:Sensor,
  {105bf315-02b6-4b36-9296-7cd3753d64ac}, !- Handle
  cool_season,                            !- Name
  cooling season schedule,                !- Output Variable or Output Meter Index Key Name
  Schedule Value;                         !- Output Variable or Output Meter Name

OS:EnergyManagementSystem:GlobalVariable,
  {6c474744-d3a5-446f-8266-b5b4cd703cb6}, !- Handle
  central_ac_and_furnace_airloop_Fan_RTF; !- Name

OS:EnergyManagementSystem:InternalVariable,
  {6c2e9208-38d8-4c9c-ae1f-27a655b8a323}, !- Handle
  central_ac_and_furnace_airloop_max_sup_fan_mfr, !- Name
  central ac and furnace supply fan,      !- Internal Data Index Key Name
  Fan Maximum Mass Flow Rate;             !- Internal Data Type

OS:EnergyManagementSystem:Sensor,
  {021df731-37da-44bd-b948-26e8d272ea9d}, !- Handle
  central_ac_and_furnace_airloop_Fan_RTF_s, !- Name
  central ac and furnace supply fan,      !- Output Variable or Output Meter Index Key Name
  Fan Runtime Fraction Speed 1;           !- Output Variable or Output Meter Name

OS:EnergyManagementSystem:Sensor,
  {9bf55801-ea7e-4ee8-93f2-6d52e072f7a0}, !- Handle
  central_ac_and_furnace_airloop_Fan_RTF_s_1, !- Name
  central ac and furnace supply fan,      !- Output Variable or Output Meter Index Key Name
  Fan Runtime Fraction Speed 2;           !- Output Variable or Output Meter Name

OS:ThermalZone,
  {f990bfaf-1876-48de-ae36-5aef4dcca792}, !- Handle
  central ac and furnace airloop ret air zone, !- Name
  1,                                      !- Multiplier
  ,                                       !- Ceiling Height {m}
  1,                                      !- Volume {m3}
  ,                                       !- Floor Area {m2}
  ,                                       !- Zone Inside Convection Algorithm
  ,                                       !- Zone Outside Convection Algorithm
  ,                                       !- Zone Conditioning Equipment List Name
  {680d0345-07c1-4b38-ada6-68650f58a525}, !- Zone Air Inlet Port List
  {fa45bf90-53e9-4da6-9776-a2d8c96f5c16}, !- Zone Air Exhaust Port List
  {20ee3b0f-8dc8-4276-bd2d-68913d9cb605}, !- Zone Air Node Name
  {88526321-bf11-44f5-8d24-fdf130a07f16}, !- Zone Return Air Port List
  ,                                       !- Primary Daylighting Control Name
  ,                                       !- Fraction of Zone Controlled by Primary Daylighting Control
  ,                                       !- Secondary Daylighting Control Name
  ,                                       !- Fraction of Zone Controlled by Secondary Daylighting Control
  ,                                       !- Illuminance Map Name
  ,                                       !- Group Rendering Name
  ,                                       !- Thermostat Name
  No;                                     !- Use Ideal Air Loads

OS:Node,
  {4e589d94-8cfe-4d84-9493-a1e2da56a183}, !- Handle
  Node 25,                                !- Name
  {20ee3b0f-8dc8-4276-bd2d-68913d9cb605}, !- Inlet Port
  ;                                       !- Outlet Port

OS:Connection,
  {20ee3b0f-8dc8-4276-bd2d-68913d9cb605}, !- Handle
  {f990bfaf-1876-48de-ae36-5aef4dcca792}, !- Source Object
  11,                                     !- Outlet Port
  {4e589d94-8cfe-4d84-9493-a1e2da56a183}, !- Target Object
  2;                                      !- Inlet Port

OS:PortList,
  {680d0345-07c1-4b38-ada6-68650f58a525}, !- Handle
  {f990bfaf-1876-48de-ae36-5aef4dcca792}; !- HVAC Component

OS:PortList,
  {fa45bf90-53e9-4da6-9776-a2d8c96f5c16}, !- Handle
  {f990bfaf-1876-48de-ae36-5aef4dcca792}; !- HVAC Component

OS:PortList,
  {88526321-bf11-44f5-8d24-fdf130a07f16}, !- Handle
  {f990bfaf-1876-48de-ae36-5aef4dcca792}; !- HVAC Component

OS:Sizing:Zone,
  {8e9bba5a-7b19-46ba-9316-218aa79b4ea5}, !- Handle
  {f990bfaf-1876-48de-ae36-5aef4dcca792}, !- Zone or ZoneList Name
  SupplyAirTemperature,                   !- Zone Cooling Design Supply Air Temperature Input Method
  14,                                     !- Zone Cooling Design Supply Air Temperature {C}
  11.11,                                  !- Zone Cooling Design Supply Air Temperature Difference {deltaC}
  SupplyAirTemperature,                   !- Zone Heating Design Supply Air Temperature Input Method
  40,                                     !- Zone Heating Design Supply Air Temperature {C}
  11.11,                                  !- Zone Heating Design Supply Air Temperature Difference {deltaC}
  0.0085,                                 !- Zone Cooling Design Supply Air Humidity Ratio {kg-H2O/kg-air}
  0.008,                                  !- Zone Heating Design Supply Air Humidity Ratio {kg-H2O/kg-air}
  ,                                       !- Zone Heating Sizing Factor
  ,                                       !- Zone Cooling Sizing Factor
  DesignDay,                              !- Cooling Design Air Flow Method
  ,                                       !- Cooling Design Air Flow Rate {m3/s}
  ,                                       !- Cooling Minimum Air Flow per Zone Floor Area {m3/s-m2}
  ,                                       !- Cooling Minimum Air Flow {m3/s}
  ,                                       !- Cooling Minimum Air Flow Fraction
  DesignDay,                              !- Heating Design Air Flow Method
  ,                                       !- Heating Design Air Flow Rate {m3/s}
  ,                                       !- Heating Maximum Air Flow per Zone Floor Area {m3/s-m2}
  ,                                       !- Heating Maximum Air Flow {m3/s}
  ,                                       !- Heating Maximum Air Flow Fraction
  No,                                     !- Account for Dedicated Outdoor Air System
  NeutralSupplyAir,                       !- Dedicated Outdoor Air System Control Strategy
  autosize,                               !- Dedicated Outdoor Air Low Setpoint Temperature for Design {C}
  autosize,                               !- Dedicated Outdoor Air High Setpoint Temperature for Design {C}
  Sensible Load Only No Latent Load,      !- Zone Load Sizing Method
  HumidityRatioDifference,                !- Zone Latent Cooling Design Supply Air Humidity Ratio Input Method
  ,                                       !- Zone Dehumidification Design Supply Air Humidity Ratio {kgWater/kgDryAir}
  0.005,                                  !- Zone Cooling Design Supply Air Humidity Ratio Difference {kgWater/kgDryAir}
  HumidityRatioDifference,                !- Zone Latent Heating Design Supply Air Humidity Ratio Input Method
  ,                                       !- Zone Humidification Design Supply Air Humidity Ratio {kgWater/kgDryAir}
  0.005,                                  !- Zone Humidification Design Supply Air Humidity Ratio Difference {kgWater/kgDryAir}
  ,                                       !- Zone Humidistat Dehumidification Set Point Schedule Name
  ,                                       !- Zone Humidistat Humidification Set Point Schedule Name
  ,                                       !- Design Zone Air Distribution Effectiveness in Cooling Mode
  ,                                       !- Design Zone Air Distribution Effectiveness in Heating Mode
  ,                                       !- Design Zone Secondary Recirculation Fraction {dimensionless}
  ,                                       !- Design Minimum Zone Ventilation Efficiency {dimensionless}
  Coincident;                             !- Sizing Option

OS:ZoneHVAC:EquipmentList,
  {f8d0d0d5-5092-48c5-be49-6484ccfc47f5}, !- Handle
  Zone HVAC Equipment List 4,             !- Name
  {f990bfaf-1876-48de-ae36-5aef4dcca792}; !- Thermal Zone

OS:Space,
  {1f3ac1bd-0da5-4f1c-8406-61ebb8de4c6e}, !- Handle
  central ac and furnace airloop ret air space, !- Name
  ,                                       !- Space Type Name
  ,                                       !- Default Construction Set Name
  ,                                       !- Default Schedule Set Name
  ,                                       !- Direction of Relative North {deg}
  ,                                       !- X Origin {m}
  ,                                       !- Y Origin {m}
  ,                                       !- Z Origin {m}
  ,                                       !- Building Story Name
  {f990bfaf-1876-48de-ae36-5aef4dcca792}; !- Thermal Zone Name

OS:Surface,
  {94e86035-9b4f-42c8-9b0d-3172af72d7f0}, !- Handle
  Surface 1,                              !- Name
  Floor,                                  !- Surface Type
  {be987232-19d2-403b-a802-e1016f20ba2b}, !- Construction Name
  {1f3ac1bd-0da5-4f1c-8406-61ebb8de4c6e}, !- Space Name
  Adiabatic,                              !- Outside Boundary Condition
  ,                                       !- Outside Boundary Condition Object
  NoSun,                                  !- Sun Exposure
  NoWind,                                 !- Wind Exposure
  ,                                       !- View Factor to Ground
  ,                                       !- Number of Vertices
  0, 0, 0,                                !- X,Y,Z Vertex 1 {m}
  0, 1, 0,                                !- X,Y,Z Vertex 2 {m}
  1, 1, 0,                                !- X,Y,Z Vertex 3 {m}
  1, 0, 0;                                !- X,Y,Z Vertex 4 {m}

OS:Surface,
  {bf7c9175-945a-40ce-8745-667fa54b39b9}, !- Handle
  Surface 2,                              !- Name
  Wall,                                   !- Surface Type
  {be987232-19d2-403b-a802-e1016f20ba2b}, !- Construction Name
  {1f3ac1bd-0da5-4f1c-8406-61ebb8de4c6e}, !- Space Name
  Adiabatic,                              !- Outside Boundary Condition
  ,                                       !- Outside Boundary Condition Object
  NoSun,                                  !- Sun Exposure
  NoWind,                                 !- Wind Exposure
  ,                                       !- View Factor to Ground
  ,                                       !- Number of Vertices
  0, 0, 1,                                !- X,Y,Z Vertex 1 {m}
  0, 1, 1,                                !- X,Y,Z Vertex 2 {m}
  0, 1, 0,                                !- X,Y,Z Vertex 3 {m}
  0, 0, 0;                                !- X,Y,Z Vertex 4 {m}

OS:Surface,
  {d331e5c8-e38a-4806-884b-54f005963ef9}, !- Handle
  Surface 3,                              !- Name
  Wall,                                   !- Surface Type
  {be987232-19d2-403b-a802-e1016f20ba2b}, !- Construction Name
  {1f3ac1bd-0da5-4f1c-8406-61ebb8de4c6e}, !- Space Name
  Adiabatic,                              !- Outside Boundary Condition
  ,                                       !- Outside Boundary Condition Object
  NoSun,                                  !- Sun Exposure
  NoWind,                                 !- Wind Exposure
  ,                                       !- View Factor to Ground
  ,                                       !- Number of Vertices
  0, 1, 1,                                !- X,Y,Z Vertex 1 {m}
  1, 1, 1,                                !- X,Y,Z Vertex 2 {m}
  1, 1, 0,                                !- X,Y,Z Vertex 3 {m}
  0, 1, 0;                                !- X,Y,Z Vertex 4 {m}

OS:Surface,
  {fbdf4420-3528-4a71-aed7-c322626fc953}, !- Handle
  Surface 4,                              !- Name
  Wall,                                   !- Surface Type
  {be987232-19d2-403b-a802-e1016f20ba2b}, !- Construction Name
  {1f3ac1bd-0da5-4f1c-8406-61ebb8de4c6e}, !- Space Name
  Adiabatic,                              !- Outside Boundary Condition
  ,                                       !- Outside Boundary Condition Object
  NoSun,                                  !- Sun Exposure
  NoWind,                                 !- Wind Exposure
  ,                                       !- View Factor to Ground
  ,                                       !- Number of Vertices
  1, 1, 1,                                !- X,Y,Z Vertex 1 {m}
  1, 0, 1,                                !- X,Y,Z Vertex 2 {m}
  1, 0, 0,                                !- X,Y,Z Vertex 3 {m}
  1, 1, 0;                                !- X,Y,Z Vertex 4 {m}

OS:Surface,
  {91aa0f09-3810-4481-a06f-92876ade78da}, !- Handle
  Surface 5,                              !- Name
  Wall,                                   !- Surface Type
  {be987232-19d2-403b-a802-e1016f20ba2b}, !- Construction Name
  {1f3ac1bd-0da5-4f1c-8406-61ebb8de4c6e}, !- Space Name
  Adiabatic,                              !- Outside Boundary Condition
  ,                                       !- Outside Boundary Condition Object
  NoSun,                                  !- Sun Exposure
  NoWind,                                 !- Wind Exposure
  ,                                       !- View Factor to Ground
  ,                                       !- Number of Vertices
  1, 0, 1,                                !- X,Y,Z Vertex 1 {m}
  0, 0, 1,                                !- X,Y,Z Vertex 2 {m}
  0, 0, 0,                                !- X,Y,Z Vertex 3 {m}
  1, 0, 0;                                !- X,Y,Z Vertex 4 {m}

OS:Surface,
  {aa2203c2-3079-4e39-9aaf-789c08231efa}, !- Handle
  Surface 6,                              !- Name
  RoofCeiling,                            !- Surface Type
  {be987232-19d2-403b-a802-e1016f20ba2b}, !- Construction Name
  {1f3ac1bd-0da5-4f1c-8406-61ebb8de4c6e}, !- Space Name
  Adiabatic,                              !- Outside Boundary Condition
  ,                                       !- Outside Boundary Condition Object
  NoSun,                                  !- Sun Exposure
  NoWind,                                 !- Wind Exposure
  ,                                       !- View Factor to Ground
  ,                                       !- Number of Vertices
  1, 0, 1,                                !- X,Y,Z Vertex 1 {m}
  1, 1, 1,                                !- X,Y,Z Vertex 2 {m}
  0, 1, 1,                                !- X,Y,Z Vertex 3 {m}
  0, 0, 1;                                !- X,Y,Z Vertex 4 {m}

OS:Material:NoMass,
  {4bae93ff-88fa-49ea-b93f-9bc3eaf37422}, !- Handle
  Adiabatic,                              !- Name
  Rough,                                  !- Roughness
  176.1;                                  !- Thermal Resistance {m2-K/W}

OS:Construction,
  {be987232-19d2-403b-a802-e1016f20ba2b}, !- Handle
  AdiabaticConst,                         !- Name
  ,                                       !- Surface Rendering Name
  {4bae93ff-88fa-49ea-b93f-9bc3eaf37422}; !- Layer 1

OS:SurfaceProperty:ConvectionCoefficients,
  {3ad4ce6c-f7f2-4bc9-b29e-338125c25f39}, !- Handle
  {aa2203c2-3079-4e39-9aaf-789c08231efa}, !- Surface Name
  Inside,                                 !- Convection Coefficient 1 Location
  Value,                                  !- Convection Coefficient 1 Type
  30;                                     !- Convection Coefficient 1 {W/m2-K}

OS:SurfaceProperty:ConvectionCoefficients,
  {a410d41e-4b34-499e-aaa0-5582e9a2e8d3}, !- Handle
  {fbdf4420-3528-4a71-aed7-c322626fc953}, !- Surface Name
  Inside,                                 !- Convection Coefficient 1 Location
  Value,                                  !- Convection Coefficient 1 Type
  30;                                     !- Convection Coefficient 1 {W/m2-K}

OS:SurfaceProperty:ConvectionCoefficients,
  {c5a7ee32-ec59-4066-af3e-208afc9df928}, !- Handle
  {91aa0f09-3810-4481-a06f-92876ade78da}, !- Surface Name
  Inside,                                 !- Convection Coefficient 1 Location
  Value,                                  !- Convection Coefficient 1 Type
  30;                                     !- Convection Coefficient 1 {W/m2-K}

OS:SurfaceProperty:ConvectionCoefficients,
  {aedede77-6493-4099-90ab-df3fddb4c98d}, !- Handle
  {bf7c9175-945a-40ce-8745-667fa54b39b9}, !- Surface Name
  Inside,                                 !- Convection Coefficient 1 Location
  Value,                                  !- Convection Coefficient 1 Type
  30;                                     !- Convection Coefficient 1 {W/m2-K}

OS:SurfaceProperty:ConvectionCoefficients,
  {b3138771-5215-4fa4-96db-92f8635f9f7b}, !- Handle
  {d331e5c8-e38a-4806-884b-54f005963ef9}, !- Surface Name
  Inside,                                 !- Convection Coefficient 1 Location
  Value,                                  !- Convection Coefficient 1 Type
  30;                                     !- Convection Coefficient 1 {W/m2-K}

OS:SurfaceProperty:ConvectionCoefficients,
  {d7dc9851-cf59-4a2b-8c11-229f1d667ce8}, !- Handle
  {94e86035-9b4f-42c8-9b0d-3172af72d7f0}, !- Surface Name
  Inside,                                 !- Convection Coefficient 1 Location
  Value,                                  !- Convection Coefficient 1 Type
  30;                                     !- Convection Coefficient 1 {W/m2-K}

OS:AirLoopHVAC:ReturnPlenum,
  {7a691c8a-d331-48d7-92f1-a11edd7e7df9}, !- Handle
  Air Loop HVAC Return Plenum 1,          !- Name
  {f990bfaf-1876-48de-ae36-5aef4dcca792}, !- ThermalZone
  {882934a7-bda8-409a-9e72-1e3a78468810}, !- Outlet Node
  ,                                       !- Induced Air Outlet Port List
  {33bf2cdd-7ea2-4c93-8bb2-6977fafcd60f}; !- Inlet Node 1

OS:Node,
  {9c0d36a9-44a2-4255-916c-7efbb99d66ad}, !- Handle
  Node 27,                                !- Name
  {882934a7-bda8-409a-9e72-1e3a78468810}, !- Inlet Port
  {d042362b-3eba-4bd4-ac69-5a6f0389b658}; !- Outlet Port

OS:Connection,
  {33bf2cdd-7ea2-4c93-8bb2-6977fafcd60f}, !- Handle
  {a90bedfd-d4d0-4102-a0dc-58fee521423e}, !- Source Object
  3,                                      !- Outlet Port
  {7a691c8a-d331-48d7-92f1-a11edd7e7df9}, !- Target Object
  5;                                      !- Inlet Port

OS:Connection,
  {882934a7-bda8-409a-9e72-1e3a78468810}, !- Handle
  {7a691c8a-d331-48d7-92f1-a11edd7e7df9}, !- Source Object
  3,                                      !- Outlet Port
  {9c0d36a9-44a2-4255-916c-7efbb99d66ad}, !- Target Object
  2;                                      !- Inlet Port

OS:Connection,
  {d042362b-3eba-4bd4-ac69-5a6f0389b658}, !- Handle
  {9c0d36a9-44a2-4255-916c-7efbb99d66ad}, !- Source Object
  3,                                      !- Outlet Port
  {d03ff5fa-ed24-473f-a55d-e441c5cc2d12}, !- Target Object
  3;                                      !- Inlet Port

OS:EnergyManagementSystem:GlobalVariable,
  {e264999b-3f54-4579-b2ac-ae6606b94d1c}, !- Handle
  central_ac_and_furnace_airloop_AH_MFR;  !- Name

OS:EnergyManagementSystem:Sensor,
  {b486937c-862a-4ae7-bc05-e8775b7683c2}, !- Handle
  central_ac_and_furnace_airloop_AH_MFR_s, !- Name
  Node 8,                                 !- Output Variable or Output Meter Index Key Name
  System Node Mass Flow Rate;             !- Output Variable or Output Meter Name

OS:EnergyManagementSystem:GlobalVariable,
  {a3f11ed5-e8cf-4c7c-b806-072235166f88}, !- Handle
  central_ac_and_furnace_airloop_AH_VFR;  !- Name

OS:EnergyManagementSystem:Sensor,
  {48b429e1-cb1d-40b1-b2ce-cb0cbb1a97e8}, !- Handle
  central_ac_and_furnace_airloop_AH_VFR_s, !- Name
  Node 8,                                 !- Output Variable or Output Meter Index Key Name
  System Node Current Density Volume Flow Rate; !- Output Variable or Output Meter Name

OS:EnergyManagementSystem:GlobalVariable,
  {185c3355-ffb8-4e12-88fd-ac6f9f4bbfa2}, !- Handle
  central_ac_and_furnace_airloop_AH_Tout; !- Name

OS:EnergyManagementSystem:Sensor,
  {e42029b7-934c-4b49-8303-ccddcb12d239}, !- Handle
  central_ac_and_furnace_airloop_AH_Tout_s, !- Name
  Node 8,                                 !- Output Variable or Output Meter Index Key Name
  System Node Temperature;                !- Output Variable or Output Meter Name

OS:EnergyManagementSystem:GlobalVariable,
  {89dd8e8b-82e4-4e24-99f2-66a774d7bc54}, !- Handle
  central_ac_and_furnace_airloop_AH_Wout; !- Name

OS:EnergyManagementSystem:Sensor,
  {e232c2f6-2495-401a-bed1-227d05cb6d42}, !- Handle
  central_ac_and_furnace_airloop_AH_Wout_s, !- Name
  Node 8,                                 !- Output Variable or Output Meter Index Key Name
  System Node Humidity Ratio;             !- Output Variable or Output Meter Name

OS:EnergyManagementSystem:GlobalVariable,
  {6fa4548c-6425-45d1-932c-33fd66c6fe48}, !- Handle
  central_ac_and_furnace_airloop_RA_T;    !- Name

OS:EnergyManagementSystem:Sensor,
  {3615e2af-b87f-42fc-98e8-1d83c35e3189}, !- Handle
  central_ac_and_furnace_airloop_RA_T_s,  !- Name
  Node 11,                                !- Output Variable or Output Meter Index Key Name
  System Node Temperature;                !- Output Variable or Output Meter Name

OS:EnergyManagementSystem:GlobalVariable,
  {9f3abc42-4399-4a06-bd80-2fa8d6443c26}, !- Handle
  central_ac_and_furnace_airloop_Ra_W;    !- Name

OS:EnergyManagementSystem:Sensor,
  {ad8f3444-3ae9-45b0-99a7-57d9af6efbff}, !- Handle
  central_ac_and_furnace_airloop_Ra_W_s,  !- Name
  Node 11,                                !- Output Variable or Output Meter Index Key Name
  System Node Humidity Ratio;             !- Output Variable or Output Meter Name

OS:EnergyManagementSystem:GlobalVariable,
  {110f7793-aa09-43f4-8cf3-fac528ba9a58}, !- Handle
  central_ac_and_furnace_airloop_0_DZ_T;  !- Name

OS:EnergyManagementSystem:Sensor,
  {f60fb43d-2198-4446-bc91-0330e54e0d2d}, !- Handle
  central_ac_and_furnace_airloop_0_DZ_T_s, !- Name
  attic - vented,                         !- Output Variable or Output Meter Index Key Name
  Zone Air Temperature;                   !- Output Variable or Output Meter Name

OS:EnergyManagementSystem:GlobalVariable,
  {1bf39c29-9286-4060-bd92-1b68727380e7}, !- Handle
  central_ac_and_furnace_airloop_0_DZ_W;  !- Name

OS:EnergyManagementSystem:Sensor,
  {124068f6-d767-4217-a1ba-74f7372dfb6a}, !- Handle
  central_ac_and_furnace_airloop_0_DZ_W_s, !- Name
  attic - vented,                         !- Output Variable or Output Meter Index Key Name
  Zone Mean Air Humidity Ratio;           !- Output Variable or Output Meter Name

OS:EnergyManagementSystem:GlobalVariable,
  {51c7a5f0-f82d-4f73-aa8d-6ee79ca0cb3f}, !- Handle
  central_ac_and_furnace_airloop_0_SupSensLkToCond; !- Name

OS:OtherEquipment:Definition,
  {80abc321-d4ef-4478-8cd1-1773777e8975}, !- Handle
  central ac and furnace airloop_0 SupSensLkToCond, !- Name
  EquipmentLevel,                         !- Design Level Calculation Method
  0,                                      !- Design Level {W}
  ,                                       !- Watts per Space Floor Area {W/m2}
  ,                                       !- Watts per Person {W/Person}
  0,                                      !- Fraction Latent
  0,                                      !- Fraction Radiant
  0;                                      !- Fraction Lost

OS:OtherEquipment,
  {4517d1a3-99ec-4599-9551-639edc735bc5}, !- Handle
  central ac and furnace airloop_0 SupSensLkToCond, !- Name
  {80abc321-d4ef-4478-8cd1-1773777e8975}, !- Other Equipment Definition Name
  {7694b88f-d262-43ae-90bc-ede964cc3a49}, !- Space or SpaceType Name
  {01e75fd4-67df-4b46-990d-9049a59cf4d0}, !- Schedule Name
  ,                                       !- Multiplier
  ,                                       !- Fuel Type
  duct load;                              !- End-Use Subcategory

OS:EnergyManagementSystem:Actuator,
  {ed4c94f7-001d-4600-8049-0a38c0e1af55}, !- Handle
  central_ac_and_furnace_airloop_0_SupSensLkToCond_act, !- Name
  {4517d1a3-99ec-4599-9551-639edc735bc5}, !- Actuated Component Name
  OtherEquipment,                         !- Actuated Component Type
  Power Level,                            !- Actuated Component Control Type
  {7694b88f-d262-43ae-90bc-ede964cc3a49}; !- Zone or Space Name

OS:EnergyManagementSystem:GlobalVariable,
  {8c008fbb-c76b-4dd3-ab31-6b5d9876f51f}, !- Handle
  central_ac_and_furnace_airloop_0_SupLatLkToCond; !- Name

OS:OtherEquipment:Definition,
  {f899e589-b389-4b71-901d-d466e6cff133}, !- Handle
  central ac and furnace airloop_0 SupLatLkToCond, !- Name
  EquipmentLevel,                         !- Design Level Calculation Method
  0,                                      !- Design Level {W}
  ,                                       !- Watts per Space Floor Area {W/m2}
  ,                                       !- Watts per Person {W/Person}
  1,                                      !- Fraction Latent
  0,                                      !- Fraction Radiant
  0;                                      !- Fraction Lost

OS:OtherEquipment,
  {214ef05f-3afc-4ae2-b604-3558bc933e0b}, !- Handle
  central ac and furnace airloop_0 SupLatLkToCond, !- Name
  {f899e589-b389-4b71-901d-d466e6cff133}, !- Other Equipment Definition Name
  {7694b88f-d262-43ae-90bc-ede964cc3a49}, !- Space or SpaceType Name
  {01e75fd4-67df-4b46-990d-9049a59cf4d0}, !- Schedule Name
  ,                                       !- Multiplier
  ,                                       !- Fuel Type
  duct load;                              !- End-Use Subcategory

OS:EnergyManagementSystem:Actuator,
  {b2c3b2de-9e9b-4c46-a66a-572b04a2c87c}, !- Handle
  central_ac_and_furnace_airloop_0_SupLatLkToCond_act, !- Name
  {214ef05f-3afc-4ae2-b604-3558bc933e0b}, !- Actuated Component Name
  OtherEquipment,                         !- Actuated Component Type
  Power Level,                            !- Actuated Component Control Type
  {7694b88f-d262-43ae-90bc-ede964cc3a49}; !- Zone or Space Name

OS:EnergyManagementSystem:GlobalVariable,
  {e74618b2-0fa7-4fcc-b042-21cf94c89234}, !- Handle
  central_ac_and_furnace_airloop_0_SupCondToLv; !- Name

OS:OtherEquipment:Definition,
  {50e51aae-6c38-4a66-a3d6-7788cdc571a5}, !- Handle
  central ac and furnace airloop_0 SupCondToLv, !- Name
  EquipmentLevel,                         !- Design Level Calculation Method
  0,                                      !- Design Level {W}
  ,                                       !- Watts per Space Floor Area {W/m2}
  ,                                       !- Watts per Person {W/Person}
  0,                                      !- Fraction Latent
  0,                                      !- Fraction Radiant
  0;                                      !- Fraction Lost

OS:OtherEquipment,
  {2bc54eb6-7c60-4ca6-9c6c-dc9110235836}, !- Handle
  central ac and furnace airloop_0 SupCondToLv, !- Name
  {50e51aae-6c38-4a66-a3d6-7788cdc571a5}, !- Other Equipment Definition Name
  {7694b88f-d262-43ae-90bc-ede964cc3a49}, !- Space or SpaceType Name
  {01e75fd4-67df-4b46-990d-9049a59cf4d0}, !- Schedule Name
  ,                                       !- Multiplier
  ,                                       !- Fuel Type
  duct load;                              !- End-Use Subcategory

OS:EnergyManagementSystem:Actuator,
  {35f3a68a-8992-4583-b01c-1c46b6bde911}, !- Handle
  central_ac_and_furnace_airloop_0_SupCondToLv_act, !- Name
  {2bc54eb6-7c60-4ca6-9c6c-dc9110235836}, !- Actuated Component Name
  OtherEquipment,                         !- Actuated Component Type
  Power Level,                            !- Actuated Component Control Type
  {7694b88f-d262-43ae-90bc-ede964cc3a49}; !- Zone or Space Name

OS:EnergyManagementSystem:GlobalVariable,
  {e70292fe-41dd-4679-96c7-961a197b78f9}, !- Handle
  central_ac_and_furnace_airloop_0_RetCondToRP; !- Name

OS:OtherEquipment:Definition,
  {68172e23-a7c6-4f77-ba23-1d9b38270a38}, !- Handle
  central ac and furnace airloop_0 RetCondToRP, !- Name
  EquipmentLevel,                         !- Design Level Calculation Method
  0,                                      !- Design Level {W}
  ,                                       !- Watts per Space Floor Area {W/m2}
  ,                                       !- Watts per Person {W/Person}
  0,                                      !- Fraction Latent
  0,                                      !- Fraction Radiant
  0;                                      !- Fraction Lost

OS:OtherEquipment,
  {8c68f559-accc-4c37-8efd-576ce0cd59fb}, !- Handle
  central ac and furnace airloop_0 RetCondToRP, !- Name
  {68172e23-a7c6-4f77-ba23-1d9b38270a38}, !- Other Equipment Definition Name
  {1f3ac1bd-0da5-4f1c-8406-61ebb8de4c6e}, !- Space or SpaceType Name
  {01e75fd4-67df-4b46-990d-9049a59cf4d0}, !- Schedule Name
  ,                                       !- Multiplier
  ,                                       !- Fuel Type
  duct load;                              !- End-Use Subcategory

OS:EnergyManagementSystem:Actuator,
  {985db159-3c80-4248-8b2a-ed512f6f9fc0}, !- Handle
  central_ac_and_furnace_airloop_0_RetCondToRP_act, !- Name
  {8c68f559-accc-4c37-8efd-576ce0cd59fb}, !- Actuated Component Name
  OtherEquipment,                         !- Actuated Component Type
  Power Level,                            !- Actuated Component Control Type
  {1f3ac1bd-0da5-4f1c-8406-61ebb8de4c6e}; !- Zone or Space Name

OS:EnergyManagementSystem:GlobalVariable,
  {138031cc-4f87-448e-99f6-eb1f8a532733}, !- Handle
  central_ac_and_furnace_airloop_0_RetSensLkToRP; !- Name

OS:OtherEquipment:Definition,
  {3a94fb9e-febf-4c95-a12b-a5a019126bbd}, !- Handle
  central ac and furnace airloop_0 RetSensLkToRP, !- Name
  EquipmentLevel,                         !- Design Level Calculation Method
  0,                                      !- Design Level {W}
  ,                                       !- Watts per Space Floor Area {W/m2}
  ,                                       !- Watts per Person {W/Person}
  0,                                      !- Fraction Latent
  0,                                      !- Fraction Radiant
  0;                                      !- Fraction Lost

OS:OtherEquipment,
  {3b4dd40f-659f-4459-9eba-c00b875a9e7d}, !- Handle
  central ac and furnace airloop_0 RetSensLkToRP, !- Name
  {3a94fb9e-febf-4c95-a12b-a5a019126bbd}, !- Other Equipment Definition Name
  {1f3ac1bd-0da5-4f1c-8406-61ebb8de4c6e}, !- Space or SpaceType Name
  {01e75fd4-67df-4b46-990d-9049a59cf4d0}, !- Schedule Name
  ,                                       !- Multiplier
  ,                                       !- Fuel Type
  duct load;                              !- End-Use Subcategory

OS:EnergyManagementSystem:Actuator,
  {4e356cd8-451e-4a89-975b-5cfc8ec0f23c}, !- Handle
  central_ac_and_furnace_airloop_0_RetSensLkToRP_act, !- Name
  {3b4dd40f-659f-4459-9eba-c00b875a9e7d}, !- Actuated Component Name
  OtherEquipment,                         !- Actuated Component Type
  Power Level,                            !- Actuated Component Control Type
  {1f3ac1bd-0da5-4f1c-8406-61ebb8de4c6e}; !- Zone or Space Name

OS:EnergyManagementSystem:GlobalVariable,
  {b4d36579-106b-476a-a4cb-c64fdfec99c9}, !- Handle
  central_ac_and_furnace_airloop_0_RetLatLkToRP; !- Name

OS:OtherEquipment:Definition,
  {687327ff-8c15-476a-a85f-be4e13658944}, !- Handle
  central ac and furnace airloop_0 RetLatLkToRP, !- Name
  EquipmentLevel,                         !- Design Level Calculation Method
  0,                                      !- Design Level {W}
  ,                                       !- Watts per Space Floor Area {W/m2}
  ,                                       !- Watts per Person {W/Person}
  1,                                      !- Fraction Latent
  0,                                      !- Fraction Radiant
  0;                                      !- Fraction Lost

OS:OtherEquipment,
  {d3b4ae72-9cdf-4b62-b283-1abb8a353fbe}, !- Handle
  central ac and furnace airloop_0 RetLatLkToRP, !- Name
  {687327ff-8c15-476a-a85f-be4e13658944}, !- Other Equipment Definition Name
  {1f3ac1bd-0da5-4f1c-8406-61ebb8de4c6e}, !- Space or SpaceType Name
  {01e75fd4-67df-4b46-990d-9049a59cf4d0}, !- Schedule Name
  ,                                       !- Multiplier
  ,                                       !- Fuel Type
  duct load;                              !- End-Use Subcategory

OS:EnergyManagementSystem:Actuator,
  {467c32bf-8f2f-4c30-b247-1e0b1b78e4a5}, !- Handle
  central_ac_and_furnace_airloop_0_RetLatLkToRP_act, !- Name
  {d3b4ae72-9cdf-4b62-b283-1abb8a353fbe}, !- Actuated Component Name
  OtherEquipment,                         !- Actuated Component Type
  Power Level,                            !- Actuated Component Control Type
  {1f3ac1bd-0da5-4f1c-8406-61ebb8de4c6e}; !- Zone or Space Name

OS:EnergyManagementSystem:GlobalVariable,
  {a35370d1-8af0-4e40-a372-88fc6a3befd5}, !- Handle
  central_ac_and_furnace_airloop_0_SupCondToDZ; !- Name

OS:OtherEquipment:Definition,
  {6f01d999-6cf9-4d9c-9e19-e7e41649aaf7}, !- Handle
  central ac and furnace airloop_0 SupCondToDZ, !- Name
  EquipmentLevel,                         !- Design Level Calculation Method
  0,                                      !- Design Level {W}
  ,                                       !- Watts per Space Floor Area {W/m2}
  ,                                       !- Watts per Person {W/Person}
  0,                                      !- Fraction Latent
  0,                                      !- Fraction Radiant
  0;                                      !- Fraction Lost

OS:OtherEquipment,
  {529f6926-71df-4915-95d6-26eea2acc9ba}, !- Handle
  central ac and furnace airloop_0 SupCondToDZ, !- Name
  {6f01d999-6cf9-4d9c-9e19-e7e41649aaf7}, !- Other Equipment Definition Name
  {e891a3cc-1d3d-436c-b5ee-086bdfb7f6d5}, !- Space or SpaceType Name
  {01e75fd4-67df-4b46-990d-9049a59cf4d0}, !- Schedule Name
  ,                                       !- Multiplier
  ,                                       !- Fuel Type
  General;                                !- End-Use Subcategory

OS:EnergyManagementSystem:Actuator,
  {3e633f90-1f64-4009-9c67-b9139028b3a7}, !- Handle
  central_ac_and_furnace_airloop_0_SupCondToDZ_act, !- Name
  {529f6926-71df-4915-95d6-26eea2acc9ba}, !- Actuated Component Name
  OtherEquipment,                         !- Actuated Component Type
  Power Level,                            !- Actuated Component Control Type
  {e891a3cc-1d3d-436c-b5ee-086bdfb7f6d5}; !- Zone or Space Name

OS:EnergyManagementSystem:GlobalVariable,
  {ef8aeffa-98e1-4cfc-8908-d07f532f9a70}, !- Handle
  central_ac_and_furnace_airloop_0_RetCondToDZ; !- Name

OS:OtherEquipment:Definition,
  {318f7e9d-976f-4546-ab4e-58e03522d42b}, !- Handle
  central ac and furnace airloop_0 RetCondToDZ, !- Name
  EquipmentLevel,                         !- Design Level Calculation Method
  0,                                      !- Design Level {W}
  ,                                       !- Watts per Space Floor Area {W/m2}
  ,                                       !- Watts per Person {W/Person}
  0,                                      !- Fraction Latent
  0,                                      !- Fraction Radiant
  0;                                      !- Fraction Lost

OS:OtherEquipment,
  {46d97cd1-a7fe-4bb2-8431-893a5d96e61e}, !- Handle
  central ac and furnace airloop_0 RetCondToDZ, !- Name
  {318f7e9d-976f-4546-ab4e-58e03522d42b}, !- Other Equipment Definition Name
  {e891a3cc-1d3d-436c-b5ee-086bdfb7f6d5}, !- Space or SpaceType Name
  {01e75fd4-67df-4b46-990d-9049a59cf4d0}, !- Schedule Name
  ,                                       !- Multiplier
  ,                                       !- Fuel Type
  General;                                !- End-Use Subcategory

OS:EnergyManagementSystem:Actuator,
  {73c87655-b482-4a04-b41c-37cfe9e8eb6a}, !- Handle
  central_ac_and_furnace_airloop_0_RetCondToDZ_act, !- Name
  {46d97cd1-a7fe-4bb2-8431-893a5d96e61e}, !- Actuated Component Name
  OtherEquipment,                         !- Actuated Component Type
  Power Level,                            !- Actuated Component Control Type
  {e891a3cc-1d3d-436c-b5ee-086bdfb7f6d5}; !- Zone or Space Name

OS:EnergyManagementSystem:GlobalVariable,
  {5945dd40-4dfe-4236-9d39-719aaa666fb6}, !- Handle
  central_ac_and_furnace_airloop_0_SupSensLkToDZ; !- Name

OS:OtherEquipment:Definition,
  {984ec3b0-8b4c-4b0e-8d07-04ed50444105}, !- Handle
  central ac and furnace airloop_0 SupSensLkToDZ, !- Name
  EquipmentLevel,                         !- Design Level Calculation Method
  0,                                      !- Design Level {W}
  ,                                       !- Watts per Space Floor Area {W/m2}
  ,                                       !- Watts per Person {W/Person}
  0,                                      !- Fraction Latent
  0,                                      !- Fraction Radiant
  0;                                      !- Fraction Lost

OS:OtherEquipment,
  {57b21820-3d17-4467-b11a-5a5e8a50741c}, !- Handle
  central ac and furnace airloop_0 SupSensLkToDZ, !- Name
  {984ec3b0-8b4c-4b0e-8d07-04ed50444105}, !- Other Equipment Definition Name
  {e891a3cc-1d3d-436c-b5ee-086bdfb7f6d5}, !- Space or SpaceType Name
  {01e75fd4-67df-4b46-990d-9049a59cf4d0}, !- Schedule Name
  ,                                       !- Multiplier
  ,                                       !- Fuel Type
  General;                                !- End-Use Subcategory

OS:EnergyManagementSystem:Actuator,
  {e09e4668-912a-4190-9847-ce545f07ce3b}, !- Handle
  central_ac_and_furnace_airloop_0_SupSensLkToDZ_act, !- Name
  {57b21820-3d17-4467-b11a-5a5e8a50741c}, !- Actuated Component Name
  OtherEquipment,                         !- Actuated Component Type
  Power Level,                            !- Actuated Component Control Type
  {e891a3cc-1d3d-436c-b5ee-086bdfb7f6d5}; !- Zone or Space Name

OS:EnergyManagementSystem:GlobalVariable,
  {5e55bdd9-6cfe-40d8-9ff3-d6cc8a9ab934}, !- Handle
  central_ac_and_furnace_airloop_0_SupLatLkToDZ; !- Name

OS:OtherEquipment:Definition,
  {0f423331-28f1-431c-8d54-a01b307307f1}, !- Handle
  central ac and furnace airloop_0 SupLatLkToDZ, !- Name
  EquipmentLevel,                         !- Design Level Calculation Method
  0,                                      !- Design Level {W}
  ,                                       !- Watts per Space Floor Area {W/m2}
  ,                                       !- Watts per Person {W/Person}
  1,                                      !- Fraction Latent
  0,                                      !- Fraction Radiant
  0;                                      !- Fraction Lost

OS:OtherEquipment,
  {29156fa9-5597-470b-b99d-284665658eae}, !- Handle
  central ac and furnace airloop_0 SupLatLkToDZ, !- Name
  {0f423331-28f1-431c-8d54-a01b307307f1}, !- Other Equipment Definition Name
  {e891a3cc-1d3d-436c-b5ee-086bdfb7f6d5}, !- Space or SpaceType Name
  {01e75fd4-67df-4b46-990d-9049a59cf4d0}, !- Schedule Name
  ,                                       !- Multiplier
  ,                                       !- Fuel Type
  General;                                !- End-Use Subcategory

OS:EnergyManagementSystem:Actuator,
  {a4fc170d-8bb3-4d1b-92b2-c0cf39c21469}, !- Handle
  central_ac_and_furnace_airloop_0_SupLatLkToDZ_act, !- Name
  {29156fa9-5597-470b-b99d-284665658eae}, !- Actuated Component Name
  OtherEquipment,                         !- Actuated Component Type
  Power Level,                            !- Actuated Component Control Type
  {e891a3cc-1d3d-436c-b5ee-086bdfb7f6d5}; !- Zone or Space Name

OS:EnergyManagementSystem:GlobalVariable,
  {a02403d8-deb1-4c85-a4c8-984789664f9b}, !- Handle
  central_ac_and_furnace_airloop_0_ZoneMixDZToCond; !- Name

OS:ZoneMixing,
  {e886cb73-03a9-4d67-bf60-2b2fd290deff}, !- Handle
  central ac and furnace airloop_0 ZoneMixDZToCond mix, !- Name
  {776ee8a8-7156-44f5-80e4-c44a5c482ab2}, !- Zone or Space Name
  {bc649b18-d932-4749-a369-7d91e8044d2c}, !- Schedule Name
  Flow/Zone,                              !- Design Flow Rate Calculation Method
  0,                                      !- Design Flow Rate {m3/s}
  ,                                       !- Flow Rate per Floor Area {m3/s-m2}
  ,                                       !- Flow Rate per Person {m3/s-person}
  ,                                       !- Air Changes per Hour {1/hr}
  {b15e7419-ca05-4f50-8407-8c30c9d58429}, !- Source Zone or Space Name
  ,                                       !- Delta Temperature {deltaC}
  ,                                       !- Delta Temperature Schedule Name
  ,                                       !- Minimum Receiving Temperature Schedule Name
  ,                                       !- Maximum Receiving Temperature Schedule Name
  ,                                       !- Minimum Source Temperature Schedule Name
  ,                                       !- Maximum Source Temperature Schedule Name
  ,                                       !- Minimum Outdoor Temperature Schedule Name
  ;                                       !- Maximum Outdoor Temperature Schedule Name

OS:Schedule:Constant,
  {bc649b18-d932-4749-a369-7d91e8044d2c}, !- Handle
  Always On Continuous,                   !- Name
  {efeb6ef7-0c60-46f1-909a-949fa84147ed}, !- Schedule Type Limits Name
  1;                                      !- Value

OS:ScheduleTypeLimits,
  {efeb6ef7-0c60-46f1-909a-949fa84147ed}, !- Handle
  Fractional 1,                           !- Name
  0,                                      !- Lower Limit Value
  1,                                      !- Upper Limit Value
  Continuous,                             !- Numeric Type
  ;                                       !- Unit Type

OS:AdditionalProperties,
  {91497b5d-fde0-4097-92e1-846a50be388d}, !- Handle
  {e886cb73-03a9-4d67-bf60-2b2fd290deff}, !- Object Name
  ObjectType,                             !- Feature Name 1
  String,                                 !- Feature Data Type 1
  duct load;                              !- Feature Value 1

OS:EnergyManagementSystem:Actuator,
  {b6a72919-648c-446f-b97c-17fa850b163e}, !- Handle
  central_ac_and_furnace_airloop_0_ZoneMixDZToCond_mix_act, !- Name
  {e886cb73-03a9-4d67-bf60-2b2fd290deff}, !- Actuated Component Name
  ZoneMixing,                             !- Actuated Component Type
  Air Exchange Flow Rate,                 !- Actuated Component Control Type
  ;                                       !- Zone or Space Name

OS:EnergyManagementSystem:GlobalVariable,
  {e0e67ecf-5836-45e6-9cc5-aa67597cec76}, !- Handle
  central_ac_and_furnace_airloop_0_ZoneMixCondToDZ; !- Name

OS:ZoneMixing,
  {59982a7a-db66-4e8a-84a7-e462de232cbc}, !- Handle
  central ac and furnace airloop_0 ZoneMixCondToDZ mix, !- Name
  {b15e7419-ca05-4f50-8407-8c30c9d58429}, !- Zone or Space Name
  {bc649b18-d932-4749-a369-7d91e8044d2c}, !- Schedule Name
  Flow/Zone,                              !- Design Flow Rate Calculation Method
  0,                                      !- Design Flow Rate {m3/s}
  ,                                       !- Flow Rate per Floor Area {m3/s-m2}
  ,                                       !- Flow Rate per Person {m3/s-person}
  ,                                       !- Air Changes per Hour {1/hr}
  {776ee8a8-7156-44f5-80e4-c44a5c482ab2}, !- Source Zone or Space Name
  ,                                       !- Delta Temperature {deltaC}
  ,                                       !- Delta Temperature Schedule Name
  ,                                       !- Minimum Receiving Temperature Schedule Name
  ,                                       !- Maximum Receiving Temperature Schedule Name
  ,                                       !- Minimum Source Temperature Schedule Name
  ,                                       !- Maximum Source Temperature Schedule Name
  ,                                       !- Minimum Outdoor Temperature Schedule Name
  ;                                       !- Maximum Outdoor Temperature Schedule Name

OS:AdditionalProperties,
  {4c77ca59-9eac-4faa-b4a0-c33af02f1a25}, !- Handle
  {59982a7a-db66-4e8a-84a7-e462de232cbc}, !- Object Name
  ObjectType,                             !- Feature Name 1
  String,                                 !- Feature Data Type 1
  duct load;                              !- Feature Value 1

OS:EnergyManagementSystem:Actuator,
  {63780bfe-572f-4de3-8fca-b698650c3e40}, !- Handle
  central_ac_and_furnace_airloop_0_ZoneMixCondToDZ_mix_act, !- Name
  {59982a7a-db66-4e8a-84a7-e462de232cbc}, !- Actuated Component Name
  ZoneMixing,                             !- Actuated Component Type
  Air Exchange Flow Rate,                 !- Actuated Component Control Type
  ;                                       !- Zone or Space Name

OS:EnergyManagementSystem:GlobalVariable,
  {517444bb-6a3c-47f2-b551-66403208bd4e}, !- Handle
  central_ac_and_furnace_airloop_0_DuctImbalLkSupFanEquivCond; !- Name

OS:EnergyManagementSystem:GlobalVariable,
  {2a0032ef-5f01-4a4d-9503-05b7fa4169c3}, !- Handle
  central_ac_and_furnace_airloop_0_DuctImbalLkExhFanEquivCond; !- Name

OS:EnergyManagementSystem:GlobalVariable,
  {8f18cb2a-558b-4f33-ae5b-ce8c90b20edd}, !- Handle
  central_ac_and_furnace_airloop_0_DuctImbalLkSupFanEquivDZ; !- Name

OS:EnergyManagementSystem:GlobalVariable,
  {1f847f7d-2486-4ad6-b730-87bde145214d}, !- Handle
  central_ac_and_furnace_airloop_0_DuctImbalLkExhFanEquivDZ; !- Name

OS:EnergyManagementSystem:Subroutine,
  {b8be3f85-c14b-4326-9dc2-e8bdc34e479f}, !- Handle
  central_ac_and_furnace_airloop_0_duct_subroutine, !- Name
  Set AH_MFR = central_ac_and_furnace_airloop_AH_MFR / 1, !- Program Line 1
  If AH_MFR > 0,                          !- Program Line 2
  Set AH_Tout = central_ac_and_furnace_airloop_AH_Tout, !- Program Line 3
  Set AH_Wout = central_ac_and_furnace_airloop_AH_Wout, !- Program Line 4
  Set RA_T = central_ac_and_furnace_airloop_RA_T, !- Program Line 5
  Set RA_W = central_ac_and_furnace_airloop_Ra_W, !- Program Line 6
  Set Fan_RTF = central_ac_and_furnace_airloop_Fan_RTF, !- Program Line 7
  Set DZ_T = central_ac_and_furnace_airloop_0_DZ_T, !- Program Line 8
  Set DZ_W = central_ac_and_furnace_airloop_0_DZ_W, !- Program Line 9
  Set AH_VFR = central_ac_and_furnace_airloop_AH_VFR / 1, !- Program Line 10
  Set h_SA = (@HFnTdbW AH_Tout AH_Wout),  !- Program Line 11
  Set h_RA = (@HFnTdbW RA_T RA_W),        !- Program Line 12
  Set h_fg = (@HfgAirFnWTdb AH_Wout AH_Tout), !- Program Line 13
  Set h_DZ = (@HFnTdbW DZ_T DZ_W),        !- Program Line 14
  Set air_cp = 1006.0,                    !- Program Line 15
  Set f_sup = 0.067,                      !- Program Line 16
  Set f_ret = 0.033,                      !- Program Line 17
  Set sup_lk_mfr = f_sup * AH_MFR,        !- Program Line 18
  Set ret_lk_mfr = f_ret * AH_MFR,        !- Program Line 19
  Set SupTotLkToCond = sup_lk_mfr*(h_RA - h_SA), !- Program Line 20
  Set SupLatLkToCond = sup_lk_mfr*h_fg*(RA_W-AH_Wout), !- Program Line 21
  Set SupSensLkToCond = SupTotLkToCond-SupLatLkToCond, !- Program Line 22
  Set supply_ua = 55.214,                 !- Program Line 23
  Set eTm = 0-((Fan_RTF/(AH_MFR*air_cp))*supply_ua), !- Program Line 24
  Set t_sup = DZ_T+((AH_Tout-DZ_T)*(@Exp eTm)), !- Program Line 25
  Set SupCondToCond = AH_MFR*air_cp*(t_sup-AH_Tout), !- Program Line 26
  Set SupCondToDZ = 0-SupCondToCond,      !- Program Line 27
  Set return_ua = 8.957,                  !- Program Line 28
  Set eTm = 0-((Fan_RTF/(AH_MFR*air_cp))*return_ua), !- Program Line 29
  Set t_ret = DZ_T+((RA_T-DZ_T)*(@Exp eTm)), !- Program Line 30
  Set RetCondToRP = AH_MFR*air_cp*(t_ret-RA_T), !- Program Line 31
  Set RetCondToDZ = 0-RetCondToRP,        !- Program Line 32
  Set RetLatLkToRP = 0,                   !- Program Line 33
  Set RetSensLkToRP = ret_lk_mfr*air_cp*(DZ_T-RA_T), !- Program Line 34
  Set SupTotLkToDZ = sup_lk_mfr*(h_SA-h_DZ), !- Program Line 35
  Set SupLatLkToDZ = sup_lk_mfr*h_fg*(AH_Wout-DZ_W), !- Program Line 36
  Set SupSensLkToDZ = SupTotLkToDZ-SupLatLkToDZ, !- Program Line 37
  Set FracOutsideToCond = 1.0,            !- Program Line 38
  Set FracOutsideToDZ = 0.0,              !- Program Line 39
  Set FracCondToOutside = 0.0,            !- Program Line 40
  Set FracDZToOutside = 1.0,              !- Program Line 41
  Set FracDZToCond = 0.0,                 !- Program Line 42
  Set FracCondToDZ = 0.0,                 !- Program Line 43
  Set lk_imbal_vfr = @ABS(f_sup - f_ret) * AH_VFR, !- Program Line 44
  Set ImbalLkCondToDZ = lk_imbal_vfr * FracCondToDZ, !- Program Line 45
  Set ImbalLkDZToCond = lk_imbal_vfr * FracDZToCond, !- Program Line 46
  Set ImbalLkOutsideToCond = lk_imbal_vfr * FracOutsideToCond, !- Program Line 47
  Set ImbalLkOutsideToDZ = lk_imbal_vfr * FracOutsideToDZ, !- Program Line 48
  Set ImbalLkCondToOutside = lk_imbal_vfr * FracCondToOutside, !- Program Line 49
  Set ImbalLkDZToOutside = lk_imbal_vfr * FracDZToOutside, !- Program Line 50
  Else,                                   !- Program Line 51
  Set SupLatLkToCond = 0,                 !- Program Line 52
  Set SupSensLkToCond = 0,                !- Program Line 53
  Set SupCondToCond = 0,                  !- Program Line 54
  Set RetCondToRP = 0,                    !- Program Line 55
  Set RetLatLkToRP = 0,                   !- Program Line 56
  Set RetSensLkToRP = 0,                  !- Program Line 57
  Set RetCondToDZ = 0,                    !- Program Line 58
  Set SupCondToDZ = 0,                    !- Program Line 59
  Set SupLatLkToDZ = 0,                   !- Program Line 60
  Set SupSensLkToDZ = 0,                  !- Program Line 61
  Set ImbalLkCondToDZ = 0,                !- Program Line 62
  Set ImbalLkDZToCond = 0,                !- Program Line 63
  Set ImbalLkOutsideToCond = 0,           !- Program Line 64
  Set ImbalLkOutsideToDZ = 0,             !- Program Line 65
  Set ImbalLkCondToOutside = 0,           !- Program Line 66
  Set ImbalLkDZToOutside = 0,             !- Program Line 67
  EndIf,                                  !- Program Line 68
  Set central_ac_and_furnace_airloop_0_SupLatLkToCond = SupLatLkToCond, !- Program Line 69
  Set central_ac_and_furnace_airloop_0_SupSensLkToCond = SupSensLkToCond, !- Program Line 70
  Set central_ac_and_furnace_airloop_0_SupCondToLv = SupCondToCond, !- Program Line 71
  Set central_ac_and_furnace_airloop_0_RetCondToRP = RetCondToRP, !- Program Line 72
  Set central_ac_and_furnace_airloop_0_RetLatLkToRP = RetLatLkToRP, !- Program Line 73
  Set central_ac_and_furnace_airloop_0_RetSensLkToRP = RetSensLkToRP, !- Program Line 74
  Set central_ac_and_furnace_airloop_0_RetCondToDZ = RetCondToDZ, !- Program Line 75
  Set central_ac_and_furnace_airloop_0_SupCondToDZ = SupCondToDZ, !- Program Line 76
  Set central_ac_and_furnace_airloop_0_SupLatLkToDZ = SupLatLkToDZ, !- Program Line 77
  Set central_ac_and_furnace_airloop_0_SupSensLkToDZ = SupSensLkToDZ, !- Program Line 78
  Set central_ac_and_furnace_airloop_0_ZoneMixCondToDZ = ImbalLkCondToDZ, !- Program Line 79
  Set central_ac_and_furnace_airloop_0_ZoneMixDZToCond = ImbalLkDZToCond, !- Program Line 80
  Set central_ac_and_furnace_airloop_0_DuctImbalLkSupFanEquivCond = ImbalLkCondToOutside, !- Program Line 81
  Set central_ac_and_furnace_airloop_0_DuctImbalLkExhFanEquivCond = ImbalLkOutsideToCond, !- Program Line 82
  Set central_ac_and_furnace_airloop_0_DuctImbalLkSupFanEquivDZ = ImbalLkDZToOutside, !- Program Line 83
  Set central_ac_and_furnace_airloop_0_DuctImbalLkExhFanEquivDZ = ImbalLkOutsideToDZ; !- Program Line 84

OS:EnergyManagementSystem:Program,
  {19a84638-9e25-4d86-8f18-6dfbc2caafd6}, !- Handle
  central_ac_and_furnace_airloop_0_duct_program, !- Name
  Set central_ac_and_furnace_airloop_AH_MFR = central_ac_and_furnace_airloop_AH_MFR_s, !- Program Line 1
  Set central_ac_and_furnace_airloop_Fan_RTF = 0, !- Program Line 2
  Set central_ac_and_furnace_airloop_Fan_RTF = central_ac_and_furnace_airloop_Fan_RTF + central_ac_and_furnace_airloop_Fan_RTF_s, !- Program Line 3
  Set central_ac_and_furnace_airloop_Fan_RTF = central_ac_and_furnace_airloop_Fan_RTF + central_ac_and_furnace_airloop_Fan_RTF_s_1, !- Program Line 4
  Set central_ac_and_furnace_airloop_AH_VFR = central_ac_and_furnace_airloop_AH_VFR_s, !- Program Line 5
  Set central_ac_and_furnace_airloop_AH_Tout = central_ac_and_furnace_airloop_AH_Tout_s, !- Program Line 6
  Set central_ac_and_furnace_airloop_AH_Wout = central_ac_and_furnace_airloop_AH_Wout_s, !- Program Line 7
  Set central_ac_and_furnace_airloop_RA_T = central_ac_and_furnace_airloop_RA_T_s, !- Program Line 8
  Set central_ac_and_furnace_airloop_Ra_W = central_ac_and_furnace_airloop_Ra_W_s, !- Program Line 9
  Set central_ac_and_furnace_airloop_0_DZ_T = central_ac_and_furnace_airloop_0_DZ_T_s, !- Program Line 10
  Set central_ac_and_furnace_airloop_0_DZ_W = central_ac_and_furnace_airloop_0_DZ_W_s, !- Program Line 11
  Run central_ac_and_furnace_airloop_0_duct_subroutine, !- Program Line 12
  Set central_ac_and_furnace_airloop_0_SupSensLkToCond_act = central_ac_and_furnace_airloop_0_SupSensLkToCond, !- Program Line 13
  Set central_ac_and_furnace_airloop_0_SupLatLkToCond_act = central_ac_and_furnace_airloop_0_SupLatLkToCond, !- Program Line 14
  Set central_ac_and_furnace_airloop_0_SupCondToLv_act = central_ac_and_furnace_airloop_0_SupCondToLv, !- Program Line 15
  Set central_ac_and_furnace_airloop_0_RetSensLkToRP_act = central_ac_and_furnace_airloop_0_RetSensLkToRP, !- Program Line 16
  Set central_ac_and_furnace_airloop_0_RetLatLkToRP_act = central_ac_and_furnace_airloop_0_RetLatLkToRP, !- Program Line 17
  Set central_ac_and_furnace_airloop_0_RetCondToRP_act = central_ac_and_furnace_airloop_0_RetCondToRP, !- Program Line 18
  Set central_ac_and_furnace_airloop_0_RetCondToDZ_act = central_ac_and_furnace_airloop_0_RetCondToDZ, !- Program Line 19
  Set central_ac_and_furnace_airloop_0_SupCondToDZ_act = central_ac_and_furnace_airloop_0_SupCondToDZ, !- Program Line 20
  Set central_ac_and_furnace_airloop_0_SupSensLkToDZ_act = central_ac_and_furnace_airloop_0_SupSensLkToDZ, !- Program Line 21
  Set central_ac_and_furnace_airloop_0_SupLatLkToDZ_act = central_ac_and_furnace_airloop_0_SupLatLkToDZ, !- Program Line 22
  Set central_ac_and_furnace_airloop_0_ZoneMixDZToCond_mix_act = central_ac_and_furnace_airloop_0_ZoneMixDZToCond, !- Program Line 23
  Set central_ac_and_furnace_airloop_0_ZoneMixCondToDZ_mix_act = central_ac_and_furnace_airloop_0_ZoneMixCondToDZ; !- Program Line 24

OS:EnergyManagementSystem:ProgramCallingManager,
  {97f42fc2-2148-4801-a7f4-6a3a12ebe8a1}, !- Handle
  central_ac_and_furnace_airloop_0_duct_program_calling_manager, !- Name
  EndOfSystemTimestepAfterHVACReporting,  !- EnergyPlus Model Calling Point
  {19a84638-9e25-4d86-8f18-6dfbc2caafd6}; !- Program Name 1

OS:Schedule:Ruleset,
  {b6ae0da0-80d8-4a18-9555-ddf6823ff6be}, !- Handle
  natural vent schedule,                  !- Name
  {a8cf1fa1-f509-488c-bc7f-0ea15d47f9d4}, !- Schedule Type Limits Name
  {154f4302-e770-49dc-8e9c-eb688dcdf359}; !- Default Day Schedule Name

OS:Schedule:Day,
  {154f4302-e770-49dc-8e9c-eb688dcdf359}, !- Handle
  natural vent schedule default day,      !- Name
  {a8cf1fa1-f509-488c-bc7f-0ea15d47f9d4}, !- Schedule Type Limits Name
  ,                                       !- Interpolate to Timestep
  24,                                     !- Hour 1
  0,                                      !- Minute 1
  0;                                      !- Value Until Time 1

OS:Schedule:Rule,
  {a77440e3-d090-4d97-8e6b-720a15cb017f}, !- Handle
  natural vent schedule rule,             !- Name
  {b6ae0da0-80d8-4a18-9555-ddf6823ff6be}, !- Schedule Ruleset Name
  0,                                      !- Rule Order
  {76aa88c4-94a9-4577-8b36-da0eb16ef065}, !- Day Schedule Name
  No,                                     !- Apply Sunday
  Yes,                                    !- Apply Monday
  No,                                     !- Apply Tuesday
  Yes,                                    !- Apply Wednesday
  No,                                     !- Apply Thursday
  Yes,                                    !- Apply Friday
  No,                                     !- Apply Saturday
  DateRange,                              !- Date Specification Type
  1,                                      !- Start Month
  1,                                      !- Start Day
  12,                                     !- End Month
  31;                                     !- End Day

OS:Schedule:Day,
  {76aa88c4-94a9-4577-8b36-da0eb16ef065}, !- Handle
  natural vent schedule day,              !- Name
  {a8cf1fa1-f509-488c-bc7f-0ea15d47f9d4}, !- Schedule Type Limits Name
  ,                                       !- Interpolate to Timestep
  24,                                     !- Hour 1
  0,                                      !- Minute 1
  1;                                      !- Value Until Time 1

OS:EnergyManagementSystem:Sensor,
  {ba69d210-8316-4166-8f3d-4655ee133d74}, !- Handle
  natural_vent_s,                         !- Name
  natural vent schedule,                  !- Output Variable or Output Meter Index Key Name
  Schedule Value;                         !- Output Variable or Output Meter Name

OS:EnergyManagementSystem:Sensor,
  {3d3ab36c-0927-4d1e-aa6b-a295ba05c72e}, !- Handle
  htg_sp_s,                               !- Name
  heating setpoint,                       !- Output Variable or Output Meter Index Key Name
  Schedule Value;                         !- Output Variable or Output Meter Name

OS:EnergyManagementSystem:Sensor,
  {802fc59a-ac3e-4275-88a8-0ca3a9ad8697}, !- Handle
  clg_sp_s,                               !- Name
  cooling setpoint,                       !- Output Variable or Output Meter Index Key Name
  Schedule Value;                         !- Output Variable or Output Meter Name

OS:SpaceInfiltration:DesignFlowRate,
  {c60e1adb-dc24-4862-848c-940727d14ba6}, !- Handle
  natural vent flow,                      !- Name
  {7694b88f-d262-43ae-90bc-ede964cc3a49}, !- Space or SpaceType Name
  {01e75fd4-67df-4b46-990d-9049a59cf4d0}, !- Schedule Name
  Flow/Space,                             !- Design Flow Rate Calculation Method
  0,                                      !- Design Flow Rate {m3/s}
  ,                                       !- Flow per Space Floor Area {m3/s-m2}
  ,                                       !- Flow per Exterior Surface Area {m3/s-m2}
  ,                                       !- Air Changes per Hour {1/hr}
  ,                                       !- Constant Term Coefficient
  ,                                       !- Temperature Term Coefficient
  ,                                       !- Velocity Term Coefficient
  ;                                       !- Velocity Squared Term Coefficient

OS:AdditionalProperties,
  {284e7f2a-6de0-4127-8984-7efd7e8e8d76}, !- Handle
  {c60e1adb-dc24-4862-848c-940727d14ba6}, !- Object Name
  ObjectType,                             !- Feature Name 1
  String,                                 !- Feature Data Type 1
  natural vent;                           !- Feature Value 1

OS:EnergyManagementSystem:Actuator,
  {02010a30-adf2-40d0-8c67-9b403207f62c}, !- Handle
  natural_vent_flow_act,                  !- Name
  {c60e1adb-dc24-4862-848c-940727d14ba6}, !- Actuated Component Name
  Zone Infiltration,                      !- Actuated Component Type
  Air Exchange Flow Rate,                 !- Actuated Component Control Type
  ;                                       !- Zone or Space Name

OS:SpaceInfiltration:DesignFlowRate,
  {adae0c7f-e242-4385-ad56-4d9f2a615b96}, !- Handle
  whole house fan flow,                   !- Name
  {7694b88f-d262-43ae-90bc-ede964cc3a49}, !- Space or SpaceType Name
  {01e75fd4-67df-4b46-990d-9049a59cf4d0}, !- Schedule Name
  Flow/Space,                             !- Design Flow Rate Calculation Method
  0,                                      !- Design Flow Rate {m3/s}
  ,                                       !- Flow per Space Floor Area {m3/s-m2}
  ,                                       !- Flow per Exterior Surface Area {m3/s-m2}
  ,                                       !- Air Changes per Hour {1/hr}
  ,                                       !- Constant Term Coefficient
  ,                                       !- Temperature Term Coefficient
  ,                                       !- Velocity Term Coefficient
  ;                                       !- Velocity Squared Term Coefficient

OS:AdditionalProperties,
  {fcce26cf-bc1c-4003-a995-15319609db64}, !- Handle
  {adae0c7f-e242-4385-ad56-4d9f2a615b96}, !- Object Name
  ObjectType,                             !- Feature Name 1
  String,                                 !- Feature Data Type 1
  whole house fan;                        !- Feature Value 1

OS:EnergyManagementSystem:Actuator,
  {82a09a29-c4ce-424f-85fb-495413a778d8}, !- Handle
  whole_house_fan_flow_act,               !- Name
  {adae0c7f-e242-4385-ad56-4d9f2a615b96}, !- Actuated Component Name
  Zone Infiltration,                      !- Actuated Component Type
  Air Exchange Flow Rate,                 !- Actuated Component Control Type
  ;                                       !- Zone or Space Name

OS:ElectricEquipment:Definition,
  {881b4d5c-e373-4c40-8462-816c57e67d46}, !- Handle
  whole house fan,                        !- Name
  EquipmentLevel,                         !- Design Level Calculation Method
  0,                                      !- Design Level {W}
  ,                                       !- Watts per Space Floor Area {W/m2}
  ,                                       !- Watts per Person {W/person}
  0,                                      !- Fraction Latent
  0,                                      !- Fraction Radiant
  1;                                      !- Fraction Lost

OS:ElectricEquipment,
  {c4dd623e-5fa0-4a1e-91e7-b4e7204109e9}, !- Handle
  whole house fan,                        !- Name
  {881b4d5c-e373-4c40-8462-816c57e67d46}, !- Electric Equipment Definition Name
  {7694b88f-d262-43ae-90bc-ede964cc3a49}, !- Space or SpaceType Name
  {01e75fd4-67df-4b46-990d-9049a59cf4d0}, !- Schedule Name
  ,                                       !- Multiplier
  whole house fan;                        !- End-Use Subcategory

OS:EnergyManagementSystem:Actuator,
  {594945be-7d76-4e91-8ffe-86f498cd24e7}, !- Handle
  whole_house_fan_act,                    !- Name
  {c4dd623e-5fa0-4a1e-91e7-b4e7204109e9}, !- Actuated Component Name
  ElectricEquipment,                      !- Actuated Component Type
  Electricity Rate,                       !- Actuated Component Control Type
  {7694b88f-d262-43ae-90bc-ede964cc3a49}; !- Zone or Space Name

OS:ZoneMixing,
  {f44e0856-293c-49e1-8cf1-8de1aeba482b}, !- Handle
  whole house fan mix,                    !- Name
  {b15e7419-ca05-4f50-8407-8c30c9d58429}, !- Zone or Space Name
  {bc649b18-d932-4749-a369-7d91e8044d2c}, !- Schedule Name
  Flow/Zone,                              !- Design Flow Rate Calculation Method
  0,                                      !- Design Flow Rate {m3/s}
  ,                                       !- Flow Rate per Floor Area {m3/s-m2}
  ,                                       !- Flow Rate per Person {m3/s-person}
  ,                                       !- Air Changes per Hour {1/hr}
  {776ee8a8-7156-44f5-80e4-c44a5c482ab2}, !- Source Zone or Space Name
  ,                                       !- Delta Temperature {deltaC}
  ,                                       !- Delta Temperature Schedule Name
  ,                                       !- Minimum Receiving Temperature Schedule Name
  ,                                       !- Maximum Receiving Temperature Schedule Name
  ,                                       !- Minimum Source Temperature Schedule Name
  ,                                       !- Maximum Source Temperature Schedule Name
  ,                                       !- Minimum Outdoor Temperature Schedule Name
  ;                                       !- Maximum Outdoor Temperature Schedule Name

OS:EnergyManagementSystem:Actuator,
  {135ccdca-02e6-4dcc-9a84-306a600c9c8f}, !- Handle
  whole_house_fan_mix_act,                !- Name
  {f44e0856-293c-49e1-8cf1-8de1aeba482b}, !- Actuated Component Name
  ZoneMixing,                             !- Actuated Component Type
  Air Exchange Flow Rate,                 !- Actuated Component Control Type
  ;                                       !- Zone or Space Name

OS:EnergyManagementSystem:Program,
  {b92a20a2-aba2-46c0-9e44-5113207c70fc}, !- Handle
  natural_vent_program,                   !- Name
  Set Tin = tin_s,                        !- Program Line 1
  Set Tout = tout_s,                      !- Program Line 2
  Set Wout = out_wt_s,                    !- Program Line 3
  Set Pbar = out_pb_s,                    !- Program Line 4
  Set Phiout = (@RhFnTdbWPb Tout Wout Pbar), !- Program Line 5
  Set MaxHR = 0.0115,                     !- Program Line 6
  Set Tnvsp = (htg_sp_s + clg_sp_s) / 2,  !- Program Line 7
  Set NVavail = natural_vent_s,           !- Program Line 8
  Set ClgSsnAvail = cool_season,          !- Program Line 9
  Set Qnv = 0,                            !- Program Line 10
  Set Qwhf = 0,                           !- Program Line 11
  Set whole_house_fan_mix_act = 0,        !- Program Line 12
  Set whole_house_fan_act = 0,            !- Program Line 13
  If ((Wout < MaxHR) && (Tin > Tout) && (Tin > Tnvsp) && (ClgSsnAvail > 0)), !- Program Line 14
  Set WHF_Flow = 0,                       !- Program Line 15
  Set Adj = (Tin-Tnvsp)/(Tin-Tout),       !- Program Line 16
  Set Adj = (@Min Adj 1),                 !- Program Line 17
  Set Adj = (@Max Adj 0),                 !- Program Line 18
  If (WHF_Flow > 0),                      !- Program Line 19
  Set Qwhf = WHF_Flow*Adj,                !- Program Line 20
  Set whole_house_fan_mix_act = WHF_Flow*Adj, !- Program Line 21
  Set WHF_W = 0,                          !- Program Line 22
  Set whole_house_fan_act = WHF_W*Adj,    !- Program Line 23
  ElseIf (NVavail > 0),                   !- Program Line 24
  Set NVArea = 8066.956769280001,         !- Program Line 25
  Set Cs = 8.968567957270247e-05,         !- Program Line 26
  Set Cw = 6.158219665777789e-05,         !- Program Line 27
  Set Tdiff = Tin-Tout,                   !- Program Line 28
  Set dT = (@Abs Tdiff),                  !- Program Line 29
  Set Vwind = site_vw_s,                  !- Program Line 30
  Set SGNV = NVArea*Adj*((((Cs*dT)+(Cw*(Vwind^2)))^0.5)/1000), !- Program Line 31
  Set MaxNV = 2.1369780228096005,         !- Program Line 32
  Set Qnv = (@Min SGNV MaxNV),            !- Program Line 33
  EndIf,                                  !- Program Line 34
  EndIf,                                  !- Program Line 35
  Set natural_vent_flow_act = Qnv,        !- Program Line 36
  Set whole_house_fan_flow_act = Qwhf,    !- Program Line 37
  Set natural_vent_program_Qnv = Qnv,     !- Program Line 38
  Set natural_vent_program_Qwhf = Qwhf;   !- Program Line 39

OS:AdditionalProperties,
  {62e82c88-b8cc-4ef5-9b99-8bc01c074feb}, !- Handle
  {b92a20a2-aba2-46c0-9e44-5113207c70fc}, !- Object Name
  ObjectType,                             !- Feature Name 1
  String,                                 !- Feature Data Type 1
  natural vent;                           !- Feature Value 1

OS:EnergyManagementSystem:ProgramCallingManager,
  {6db092cc-d9da-4517-8fa5-e6c9895dec5c}, !- Handle
  natural_vent_program_calling_manager,   !- Name
  BeginZoneTimestepAfterInitHeatBalance,  !- EnergyPlus Model Calling Point
  {b92a20a2-aba2-46c0-9e44-5113207c70fc}; !- Program Name 1

OS:EnergyManagementSystem:GlobalVariable,
  {1382a1b5-3ea5-48b4-8d42-3131f6352f99}, !- Handle
  natural_vent_program_Qnv;               !- Name

OS:EnergyManagementSystem:GlobalVariable,
  {cfe0d444-faa4-4e80-9268-73be6c4304f3}, !- Handle
  natural_vent_program_Qwhf;              !- Name

OS:AdditionalProperties,
  {93fbeefa-1399-4528-b269-765fa233e712}, !- Handle
  {1382a1b5-3ea5-48b4-8d42-3131f6352f99}, !- Object Name
  ObjectType,                             !- Feature Name 1
  String,                                 !- Feature Data Type 1
  natural vent;                           !- Feature Value 1

OS:AdditionalProperties,
  {d3cd7414-5a40-463b-ba83-27e794650c02}, !- Handle
  {cfe0d444-faa4-4e80-9268-73be6c4304f3}, !- Object Name
  ObjectType,                             !- Feature Name 1
  String,                                 !- Feature Data Type 1
  whole house fan;                        !- Feature Value 1

OS:SpaceInfiltration:EffectiveLeakageArea,
  {c5452d6e-402b-4b57-944e-bae12dea5f15}, !- Handle
  infil garage 1,                         !- Name
  {696b3cdc-37e9-4369-b12d-2648cf32d8ba}, !- Space or SpaceType Name
  {01e75fd4-67df-4b46-990d-9049a59cf4d0}, !- Schedule Name
  407.75519742152,                        !- Effective Air Leakage Area {cm2}
  0.000129147378584692,                   !- Stack Coefficient
  4.38082605935681e-05;                   !- Wind Coefficient

OS:SpaceInfiltration:EffectiveLeakageArea,
  {2519746b-fd7f-4f13-9e6e-0d4e3a0d9149}, !- Handle
  infil attic - vented 1,                 !- Name
  {e891a3cc-1d3d-436c-b5ee-086bdfb7f6d5}, !- Space or SpaceType Name
  {01e75fd4-67df-4b46-990d-9049a59cf4d0}, !- Schedule Name
  7041.3462269568,                        !- Effective Air Leakage Area {cm2}
  0.000226005363035477,                   !- Stack Coefficient
  3.73274066818431e-05;                   !- Wind Coefficient

OS:SpaceInfiltration:DesignFlowRate,
  {d07dc357-62eb-47cd-b301-bab77d9b5f0c}, !- Handle
  attic_vented 1 duct leakage imbalance infil flow, !- Name
  {e891a3cc-1d3d-436c-b5ee-086bdfb7f6d5}, !- Space or SpaceType Name
  {01e75fd4-67df-4b46-990d-9049a59cf4d0}, !- Schedule Name
  Flow/Space,                             !- Design Flow Rate Calculation Method
  0,                                      !- Design Flow Rate {m3/s}
  ,                                       !- Flow per Space Floor Area {m3/s-m2}
  ,                                       !- Flow per Exterior Surface Area {m3/s-m2}
  ,                                       !- Air Changes per Hour {1/hr}
  ,                                       !- Constant Term Coefficient
  ,                                       !- Temperature Term Coefficient
  ,                                       !- Velocity Term Coefficient
  ;                                       !- Velocity Squared Term Coefficient

OS:EnergyManagementSystem:Actuator,
  {2148f2b8-d239-450c-9ed6-6351e7a6f58d}, !- Handle
  attic_vented_1_duct_leakage_imbalance_infil_flow_act, !- Name
  {d07dc357-62eb-47cd-b301-bab77d9b5f0c}, !- Actuated Component Name
  Zone Infiltration,                      !- Actuated Component Type
  Air Exchange Flow Rate,                 !- Actuated Component Control Type
  ;                                       !- Zone or Space Name

OS:EnergyManagementSystem:Program,
  {c2cdf4d1-f6ea-4dcb-a0df-87178c3bef27}, !- Handle
  attic_vented_1_duct_leakage_imbalance_infil_program, !- Name
  Set Qducts = 0,                         !- Program Line 1
  Set Qducts = Qducts - central_ac_and_furnace_airloop_0_DuctImbalLkSupFanEquivDZ, !- Program Line 2
  Set Qducts = Qducts + central_ac_and_furnace_airloop_0_DuctImbalLkExhFanEquivDZ, !- Program Line 3
  Set attic_vented_1_duct_leakage_imbalance_infil_flow_act = (@Abs(Qducts)); !- Program Line 4

OS:EnergyManagementSystem:ProgramCallingManager,
  {e0690f35-bc9c-4150-9dec-19bbf3545d8a}, !- Handle
  attic_vented_1_duct_leakage_imbalance_infil_program_calling_manager, !- Name
  BeginZoneTimestepAfterInitHeatBalance,  !- EnergyPlus Model Calling Point
  {c2cdf4d1-f6ea-4dcb-a0df-87178c3bef27}; !- Program Name 1

OS:Schedule:Constant,
  {38e5e8aa-c95e-4cf4-acfb-c7317d8ada7b}, !- Handle
  mech vent house fan schedule,           !- Name
  {99c8cb7c-efc2-4f15-b744-0fc6287ca168}, !- Schedule Type Limits Name
  1;                                      !- Value

OS:ElectricEquipment:Definition,
  {aec4e597-e9d3-45d6-affc-7d6d0fefcd38}, !- Handle
  mech vent house fan,                    !- Name
  EquipmentLevel,                         !- Design Level Calculation Method
  0,                                      !- Design Level {W}
  ,                                       !- Watts per Space Floor Area {W/m2}
  ,                                       !- Watts per Person {W/person}
  0,                                      !- Fraction Latent
  0,                                      !- Fraction Radiant
  1;                                      !- Fraction Lost

OS:ElectricEquipment,
  {0cb63906-3622-4a68-ab95-260c2614244e}, !- Handle
  mech vent house fan,                    !- Name
  {aec4e597-e9d3-45d6-affc-7d6d0fefcd38}, !- Electric Equipment Definition Name
  {7694b88f-d262-43ae-90bc-ede964cc3a49}, !- Space or SpaceType Name
  {38e5e8aa-c95e-4cf4-acfb-c7317d8ada7b}, !- Schedule Name
  ,                                       !- Multiplier
  mech vent;                              !- End-Use Subcategory

OS:Schedule:Constant,
  {a0844681-6215-4fb4-be3c-8f1fe27baf55}, !- Handle
  mech vent house fan cfis schedule,      !- Name
  {99c8cb7c-efc2-4f15-b744-0fc6287ca168}, !- Schedule Type Limits Name
  1;                                      !- Value

OS:ElectricEquipment:Definition,
  {fa20d797-47e2-4157-8d01-a0964d2e2624}, !- Handle
  mech vent house fan cfis,               !- Name
  EquipmentLevel,                         !- Design Level Calculation Method
  0,                                      !- Design Level {W}
  ,                                       !- Watts per Space Floor Area {W/m2}
  ,                                       !- Watts per Person {W/person}
  0,                                      !- Fraction Latent
  0,                                      !- Fraction Radiant
  0;                                      !- Fraction Lost

OS:ElectricEquipment,
  {7ebce081-54f5-4d6b-ae26-bc6686de581c}, !- Handle
  mech vent house fan cfis,               !- Name
  {fa20d797-47e2-4157-8d01-a0964d2e2624}, !- Electric Equipment Definition Name
  {7694b88f-d262-43ae-90bc-ede964cc3a49}, !- Space or SpaceType Name
  {a0844681-6215-4fb4-be3c-8f1fe27baf55}, !- Schedule Name
  ,                                       !- Multiplier
  mech vent;                              !- End-Use Subcategory

OS:EnergyManagementSystem:Actuator,
  {6dcba2d2-7ac4-4ecb-a354-a7be475dd808}, !- Handle
  mech_vent_house_fan_cfis_act,           !- Name
  {7ebce081-54f5-4d6b-ae26-bc6686de581c}, !- Actuated Component Name
  ElectricEquipment,                      !- Actuated Component Type
  Electricity Rate,                       !- Actuated Component Control Type
  {7694b88f-d262-43ae-90bc-ede964cc3a49}; !- Zone or Space Name

OS:EnergyManagementSystem:Program,
  {c8e1b2d4-9c0e-4fa7-87df-35bd98491a3d}, !- Handle
  infil_program,                          !- Name
  Set p_m = 0.14,                         !- Program Line 1
  Set p_s = 0.22,                         !- Program Line 2
  Set s_m = 270,                          !- Program Line 3
  Set s_s = 370,                          !- Program Line 4
  Set z_m = 9.99744,                      !- Program Line 5
  Set z_s = 2.4384,                       !- Program Line 6
  Set f_t = (((s_m/z_m)^p_m)*((z_s/s_s)^p_s)), !- Program Line 7
  Set Tdiff = tin_s-tout_s,               !- Program Line 8
  Set dT = @Abs Tdiff,                    !- Program Line 9
  Set c = 0.1247,                         !- Program Line 10
  Set Cs = 0.057,                         !- Program Line 11
  Set Cw = 0.1634,                        !- Program Line 12
  Set n = 0.65,                           !- Program Line 13
  Set sft = (f_t*0.5),                    !- Program Line 14
  Set temp1 = ((c*Cw)*((sft*site_vw_s)^(2*n)))^2, !- Program Line 15
  Set Qinf = (((c*Cs*(dT^n))^2)+temp1)^0.5, !- Program Line 16
  Set Qinf = (@Max Qinf 0),               !- Program Line 17
  Set mech_vent_house_fan_sensible_load_act = 0.0, !- Program Line 18
  Set mech_vent_house_fan_latent_load_act = 0.0, !- Program Line 19
  Set OASupInPb = out_pb_s,               !- Program Line 20
  Set OASupInTemp = tout_s,               !- Program Line 21
  Set OASupInW = out_wt_s,                !- Program Line 22
  Set OASupRho = (@RhoAirFnPbTdbW OASupInPb OASupInTemp OASupInW), !- Program Line 23
  Set OASupCp = (@CpAirFnW OASupInW),     !- Program Line 24
  Set OASupInEnth = (@HFnTdbW OASupInTemp OASupInW), !- Program Line 25
  Set ZoneTemp = tin_s,                   !- Program Line 26
  Set ZoneW = win_s,                      !- Program Line 27
  Set ZoneCp = (@CpAirFnW ZoneW),         !- Program Line 28
  Set ZoneAirEnth = (@HFnTdbW ZoneTemp ZoneW), !- Program Line 29
  Set mech_vent_house_fan_cfis_act = 0.0, !- Program Line 30
  Set QWHV_cfis_sup = 0.0,                !- Program Line 31
  Set QWHV_cfis_suppl_sup = 0.0,          !- Program Line 32
  Set QWHV_cfis_suppl_exh = 0.0,          !- Program Line 33
  Set Qrange = 0,                         !- Program Line 34
  Set Qrange = Qrange + 0.04719 * mech_vent_range_fan_0_sch_s, !- Program Line 35
  Set Qbath = 0,                          !- Program Line 36
  Set Qbath = Qbath + 0.04719 * mech_vent_bath_fan_0_sch_s, !- Program Line 37
  Set Qdryer = 0,                         !- Program Line 38
  Set Qdryer = Qdryer + 0.06023 * clothes_dryer_exhaust_0_sch_s, !- Program Line 39
  Set QWHV_sup = 0.0,                     !- Program Line 40
  Set QWHV_exh = 0.0,                     !- Program Line 41
  Set Qsupply = QWHV_sup + QWHV_cfis_sup + QWHV_cfis_suppl_sup, !- Program Line 42
  Set Qexhaust = Qrange + Qbath + Qdryer + QWHV_exh + QWHV_cfis_suppl_exh, !- Program Line 43
  Set Qfan = (@Max Qexhaust Qsupply),     !- Program Line 44
  Set Qducts = 0,                         !- Program Line 45
  Set Qducts = Qducts - central_ac_and_furnace_airloop_0_DuctImbalLkSupFanEquivCond, !- Program Line 46
  Set Qducts = Qducts + central_ac_and_furnace_airloop_0_DuctImbalLkExhFanEquivCond, !- Program Line 47
  If Qducts < 0,                          !- Program Line 48
  Set Qsupply = Qsupply - Qducts,         !- Program Line 49
  Else,                                   !- Program Line 50
  Set Qexhaust = Qexhaust + Qducts,       !- Program Line 51
  EndIf,                                  !- Program Line 52
  Set Qfan_with_ducts = (@Max Qexhaust Qsupply), !- Program Line 53
  Set Qimb = (@Abs (Qsupply - Qexhaust)), !- Program Line 54
  If Qinf + Qimb > 0,                     !- Program Line 55
  Set Qtot = Qfan_with_ducts + (Qinf^2) / (Qinf + Qimb), !- Program Line 56
  Else,                                   !- Program Line 57
  Set Qtot = Qfan_with_ducts,             !- Program Line 58
  EndIf,                                  !- Program Line 59
  Set Qinf_adj = Qtot - Qfan,             !- Program Line 60
  Set infil_flow_act = Qinf_adj,          !- Program Line 61
  Set infil_program_Qinf = Qinf_adj,      !- Program Line 62
  Set infil_program_Qfan = Qfan,          !- Program Line 63
  Set Qload = Qfan,                       !- Program Line 64
  Set Effectiveness_Sens = 0.0,           !- Program Line 65
  Set Effectiveness_Lat = 0.0,            !- Program Line 66
  Set Fan_MFR = Qload * OASupRho,         !- Program Line 67
  Set ZoneInEnth = OASupInEnth,           !- Program Line 68
  Set ZoneInTemp = OASupInTemp,           !- Program Line 69
  Set FanTotalToCond = Fan_MFR * (ZoneInEnth - ZoneAirEnth), !- Program Line 70
  Set FanSensToCond = Fan_MFR * ZoneCp * (ZoneInTemp - ZoneTemp), !- Program Line 71
  Set FanLatToCond = FanTotalToCond - FanSensToCond, !- Program Line 72
  Set mech_vent_house_fan_sensible_load_act = mech_vent_house_fan_sensible_load_act + FanSensToCond, !- Program Line 73
  Set mech_vent_house_fan_latent_load_act = mech_vent_house_fan_latent_load_act + FanLatToCond; !- Program Line 74

OS:AdditionalProperties,
  {77847fe8-3cb8-47d3-838a-a5a06d6f8752}, !- Handle
  {c8e1b2d4-9c0e-4fa7-87df-35bd98491a3d}, !- Object Name
  ObjectType,                             !- Feature Name 1
  String,                                 !- Feature Data Type 1
  infil;                                  !- Feature Value 1

OS:OtherEquipment:Definition,
  {fb073002-e014-44d7-aa44-b678bde33b36}, !- Handle
  mech vent house fan sensible load,      !- Name
  EquipmentLevel,                         !- Design Level Calculation Method
  0,                                      !- Design Level {W}
  ,                                       !- Watts per Space Floor Area {W/m2}
  ,                                       !- Watts per Person {W/Person}
  0,                                      !- Fraction Latent
  0,                                      !- Fraction Radiant
  0;                                      !- Fraction Lost

OS:OtherEquipment,
  {5bcd6aad-0c5e-4b15-8dba-8b9b8adc40f5}, !- Handle
  mech vent house fan sensible load,      !- Name
  {fb073002-e014-44d7-aa44-b678bde33b36}, !- Other Equipment Definition Name
  {7694b88f-d262-43ae-90bc-ede964cc3a49}, !- Space or SpaceType Name
  {01e75fd4-67df-4b46-990d-9049a59cf4d0}, !- Schedule Name
  ,                                       !- Multiplier
  ,                                       !- Fuel Type
  mech vent house fan;                    !- End-Use Subcategory

OS:EnergyManagementSystem:Actuator,
  {96871e08-f69d-4a61-97ba-21cb04c91853}, !- Handle
  mech_vent_house_fan_sensible_load_act,  !- Name
  {5bcd6aad-0c5e-4b15-8dba-8b9b8adc40f5}, !- Actuated Component Name
  OtherEquipment,                         !- Actuated Component Type
  Power Level,                            !- Actuated Component Control Type
  {7694b88f-d262-43ae-90bc-ede964cc3a49}; !- Zone or Space Name

OS:OtherEquipment:Definition,
  {ce8e9a80-bd1b-46ee-ae54-5a8e9f3ac453}, !- Handle
  mech vent house fan latent load,        !- Name
  EquipmentLevel,                         !- Design Level Calculation Method
  0,                                      !- Design Level {W}
  ,                                       !- Watts per Space Floor Area {W/m2}
  ,                                       !- Watts per Person {W/Person}
  1,                                      !- Fraction Latent
  0,                                      !- Fraction Radiant
  0;                                      !- Fraction Lost

OS:OtherEquipment,
  {23ba7437-5ca4-4079-bf73-09e4f86107f6}, !- Handle
  mech vent house fan latent load,        !- Name
  {ce8e9a80-bd1b-46ee-ae54-5a8e9f3ac453}, !- Other Equipment Definition Name
  {7694b88f-d262-43ae-90bc-ede964cc3a49}, !- Space or SpaceType Name
  {01e75fd4-67df-4b46-990d-9049a59cf4d0}, !- Schedule Name
  ,                                       !- Multiplier
  ,                                       !- Fuel Type
  mech vent house fan;                    !- End-Use Subcategory

OS:EnergyManagementSystem:Actuator,
  {0982ffc4-e2a9-4a23-9566-d18243632223}, !- Handle
  mech_vent_house_fan_latent_load_act,    !- Name
  {23ba7437-5ca4-4079-bf73-09e4f86107f6}, !- Actuated Component Name
  OtherEquipment,                         !- Actuated Component Type
  Power Level,                            !- Actuated Component Control Type
  {7694b88f-d262-43ae-90bc-ede964cc3a49}; !- Zone or Space Name

OS:SpaceInfiltration:DesignFlowRate,
  {b006f150-b6d5-4b1f-879a-c41985d457cb}, !- Handle
  infil flow,                             !- Name
  {7694b88f-d262-43ae-90bc-ede964cc3a49}, !- Space or SpaceType Name
  {01e75fd4-67df-4b46-990d-9049a59cf4d0}, !- Schedule Name
  Flow/Space,                             !- Design Flow Rate Calculation Method
  0,                                      !- Design Flow Rate {m3/s}
  ,                                       !- Flow per Space Floor Area {m3/s-m2}
  ,                                       !- Flow per Exterior Surface Area {m3/s-m2}
  ,                                       !- Air Changes per Hour {1/hr}
  ,                                       !- Constant Term Coefficient
  ,                                       !- Temperature Term Coefficient
  ,                                       !- Velocity Term Coefficient
  ;                                       !- Velocity Squared Term Coefficient

OS:EnergyManagementSystem:Actuator,
  {5fe46902-d497-4351-a193-af207b26d079}, !- Handle
  infil_flow_act,                         !- Name
  {b006f150-b6d5-4b1f-879a-c41985d457cb}, !- Actuated Component Name
  Zone Infiltration,                      !- Actuated Component Type
  Air Exchange Flow Rate,                 !- Actuated Component Control Type
  ;                                       !- Zone or Space Name

OS:AdditionalProperties,
  {7714017e-3a53-4e93-9c1e-80802df08255}, !- Handle
  {b006f150-b6d5-4b1f-879a-c41985d457cb}, !- Object Name
  ObjectType,                             !- Feature Name 1
  String,                                 !- Feature Data Type 1
  infil;                                  !- Feature Value 1

OS:Schedule:Ruleset,
  {dd11074f-81a9-42f2-9714-0363783a5653}, !- Handle
  mech vent range fan 0 schedule,         !- Name
  {99c8cb7c-efc2-4f15-b744-0fc6287ca168}, !- Schedule Type Limits Name
  {596956b6-a528-4dd1-8f7e-5525b236cb7a}; !- Default Day Schedule Name

OS:Schedule:Day,
  {596956b6-a528-4dd1-8f7e-5525b236cb7a}, !- Handle
  mech vent range fan 0 schedule default day, !- Name
  {99c8cb7c-efc2-4f15-b744-0fc6287ca168}, !- Schedule Type Limits Name
  ,                                       !- Interpolate to Timestep
  24,                                     !- Hour 1
  0,                                      !- Minute 1
  0;                                      !- Value Until Time 1

OS:Schedule:Rule,
  {4381656b-c71a-41ba-b2a7-0d1c1357784f}, !- Handle
  mech vent range fan 0 schedule allday rule, !- Name
  {dd11074f-81a9-42f2-9714-0363783a5653}, !- Schedule Ruleset Name
  0,                                      !- Rule Order
  {5584fe87-0661-4269-9821-07e59559d8d3}, !- Day Schedule Name
  Yes,                                    !- Apply Sunday
  Yes,                                    !- Apply Monday
  Yes,                                    !- Apply Tuesday
  Yes,                                    !- Apply Wednesday
  Yes,                                    !- Apply Thursday
  Yes,                                    !- Apply Friday
  Yes,                                    !- Apply Saturday
  DateRange,                              !- Date Specification Type
  1,                                      !- Start Month
  1,                                      !- Start Day
  12,                                     !- End Month
  31;                                     !- End Day

OS:Schedule:Day,
  {5584fe87-0661-4269-9821-07e59559d8d3}, !- Handle
  mech vent range fan 0 schedule day,     !- Name
  {99c8cb7c-efc2-4f15-b744-0fc6287ca168}, !- Schedule Type Limits Name
  ,                                       !- Interpolate to Timestep
  17,                                     !- Hour 1
  0,                                      !- Minute 1
  0,                                      !- Value Until Time 1
  18,                                     !- Hour 2
  0,                                      !- Minute 2
  1,                                      !- Value Until Time 2
  24,                                     !- Hour 3
  0,                                      !- Minute 3
  0;                                      !- Value Until Time 3

OS:EnergyManagementSystem:Sensor,
  {31d20e59-eef9-48c4-9b04-160de0838d47}, !- Handle
  mech_vent_range_fan_0_sch_s,            !- Name
  mech vent range fan 0 schedule,         !- Output Variable or Output Meter Index Key Name
  Schedule Value;                         !- Output Variable or Output Meter Name

OS:ElectricEquipment:Definition,
  {4af59caa-7088-41c9-9cbf-833b325be404}, !- Handle
  mech vent range fan 0,                  !- Name
  EquipmentLevel,                         !- Design Level Calculation Method
  30,                                     !- Design Level {W}
  ,                                       !- Watts per Space Floor Area {W/m2}
  ,                                       !- Watts per Person {W/person}
  0,                                      !- Fraction Latent
  0,                                      !- Fraction Radiant
  1;                                      !- Fraction Lost

OS:ElectricEquipment,
  {c8cb3df7-09dd-44c8-8050-36dff87c5181}, !- Handle
  mech vent range fan 0,                  !- Name
  {4af59caa-7088-41c9-9cbf-833b325be404}, !- Electric Equipment Definition Name
  {7694b88f-d262-43ae-90bc-ede964cc3a49}, !- Space or SpaceType Name
  {dd11074f-81a9-42f2-9714-0363783a5653}, !- Schedule Name
  ,                                       !- Multiplier
  mech vent;                              !- End-Use Subcategory

OS:Schedule:Ruleset,
  {f9adcdef-13df-4a57-8461-732df7fcfd1a}, !- Handle
  mech vent bath fan 0 schedule,          !- Name
  {99c8cb7c-efc2-4f15-b744-0fc6287ca168}, !- Schedule Type Limits Name
  {54e64725-499b-4664-93bd-59f355241504}; !- Default Day Schedule Name

OS:Schedule:Day,
  {54e64725-499b-4664-93bd-59f355241504}, !- Handle
  mech vent bath fan 0 schedule default day, !- Name
  {99c8cb7c-efc2-4f15-b744-0fc6287ca168}, !- Schedule Type Limits Name
  ,                                       !- Interpolate to Timestep
  24,                                     !- Hour 1
  0,                                      !- Minute 1
  0;                                      !- Value Until Time 1

OS:Schedule:Rule,
  {1e17a50d-9837-495a-845d-870d90ce4314}, !- Handle
  mech vent bath fan 0 schedule allday rule, !- Name
  {f9adcdef-13df-4a57-8461-732df7fcfd1a}, !- Schedule Ruleset Name
  0,                                      !- Rule Order
  {1e22b95b-8a7d-4106-a351-05ec11b2d232}, !- Day Schedule Name
  Yes,                                    !- Apply Sunday
  Yes,                                    !- Apply Monday
  Yes,                                    !- Apply Tuesday
  Yes,                                    !- Apply Wednesday
  Yes,                                    !- Apply Thursday
  Yes,                                    !- Apply Friday
  Yes,                                    !- Apply Saturday
  DateRange,                              !- Date Specification Type
  1,                                      !- Start Month
  1,                                      !- Start Day
  12,                                     !- End Month
  31;                                     !- End Day

OS:Schedule:Day,
  {1e22b95b-8a7d-4106-a351-05ec11b2d232}, !- Handle
  mech vent bath fan 0 schedule day,      !- Name
  {99c8cb7c-efc2-4f15-b744-0fc6287ca168}, !- Schedule Type Limits Name
  ,                                       !- Interpolate to Timestep
  8,                                      !- Hour 1
  0,                                      !- Minute 1
  0,                                      !- Value Until Time 1
  9,                                      !- Hour 2
  0,                                      !- Minute 2
  1,                                      !- Value Until Time 2
  24,                                     !- Hour 3
  0,                                      !- Minute 3
  0;                                      !- Value Until Time 3

OS:EnergyManagementSystem:Sensor,
  {6074789d-555c-48c5-88d0-5a4e6f82bf51}, !- Handle
  mech_vent_bath_fan_0_sch_s,             !- Name
  mech vent bath fan 0 schedule,          !- Output Variable or Output Meter Index Key Name
  Schedule Value;                         !- Output Variable or Output Meter Name

OS:ElectricEquipment:Definition,
  {3389fbf9-2658-4d74-96a3-6b60f3faec6f}, !- Handle
  mech vent bath fan 0,                   !- Name
  EquipmentLevel,                         !- Design Level Calculation Method
  30,                                     !- Design Level {W}
  ,                                       !- Watts per Space Floor Area {W/m2}
  ,                                       !- Watts per Person {W/person}
  0,                                      !- Fraction Latent
  0,                                      !- Fraction Radiant
  1;                                      !- Fraction Lost

OS:ElectricEquipment,
  {98a8b763-b9fc-4b25-9c71-bd50e724bf13}, !- Handle
  mech vent bath fan 0,                   !- Name
  {3389fbf9-2658-4d74-96a3-6b60f3faec6f}, !- Electric Equipment Definition Name
  {7694b88f-d262-43ae-90bc-ede964cc3a49}, !- Space or SpaceType Name
  {f9adcdef-13df-4a57-8461-732df7fcfd1a}, !- Schedule Name
  ,                                       !- Multiplier
  mech vent;                              !- End-Use Subcategory

OS:EnergyManagementSystem:Sensor,
  {49a2a801-b10f-4cbb-988c-422c6a44c25b}, !- Handle
  clothes_dryer_exhaust_0_sch_s,          !- Name
  clothes_dryer,                          !- Output Variable or Output Meter Index Key Name
  Schedule Value;                         !- Output Variable or Output Meter Name

OS:EnergyManagementSystem:GlobalVariable,
  {28f12b5a-6401-4d06-b2c3-7bd5197b3ac0}, !- Handle
  infil_program_Qinf;                     !- Name

OS:EnergyManagementSystem:GlobalVariable,
  {e3f42486-03cb-496c-bcda-f5bb3dba043f}, !- Handle
  infil_program_Qfan;                     !- Name

OS:AdditionalProperties,
  {b81730ba-f7c2-479d-86d0-48ee2dc60fda}, !- Handle
  {28f12b5a-6401-4d06-b2c3-7bd5197b3ac0}, !- Object Name
  ObjectType,                             !- Feature Name 1
  String,                                 !- Feature Data Type 1
  infil;                                  !- Feature Value 1

OS:AdditionalProperties,
  {4cccb4f4-cc8a-49b2-9d0e-a9797f3e9119}, !- Handle
  {e3f42486-03cb-496c-bcda-f5bb3dba043f}, !- Object Name
  ObjectType,                             !- Feature Name 1
  String,                                 !- Feature Data Type 1
  mech vent;                              !- Feature Value 1

OS:EnergyManagementSystem:ProgramCallingManager,
  {e5f027b3-474b-478d-b9ac-092eae1d6c66}, !- Handle
  infil_program_calling_manager,          !- Name
  BeginZoneTimestepAfterInitHeatBalance,  !- EnergyPlus Model Calling Point
  {c8e1b2d4-9c0e-4fa7-87df-35bd98491a3d}; !- Program Name 1

OS:AdditionalProperties,
  {eb788e64-cb77-4430-9cef-1f2454608930}, !- Handle
  {f990bfaf-1876-48de-ae36-5aef4dcca792}; !- Object Name

OS:EnergyManagementSystem:Sensor,
  {1e0262de-d065-43a4-ad6b-8834b1083b2a}, !- Handle
  conditioned_space_htg_unmet_s,          !- Name
  conditioned space,                      !- Output Variable or Output Meter Index Key Name
  Zone Heating Setpoint Not Met Time;     !- Output Variable or Output Meter Name

OS:EnergyManagementSystem:Sensor,
  {82f51b22-2f5a-46db-939a-d6a83d070a3e}, !- Handle
  conditioned_space_clg_unmet_s,          !- Name
  conditioned space,                      !- Output Variable or Output Meter Index Key Name
  Zone Cooling Setpoint Not Met Time;     !- Output Variable or Output Meter Name

OS:AdditionalProperties,
  {aa1361cf-bedd-4e6d-99da-17c194588139}, !- Handle
  {82f51b22-2f5a-46db-939a-d6a83d070a3e}; !- Object Name

OS:AdditionalProperties,
  {5e781877-ddcc-4e9a-abdb-119022b11e89}, !- Handle
  {49a2a801-b10f-4cbb-988c-422c6a44c25b}; !- Object Name

OS:AdditionalProperties,
  {03ccd73b-c629-41ea-b6f3-3e1e69027ff8}, !- Handle
  {6074789d-555c-48c5-88d0-5a4e6f82bf51}; !- Object Name

OS:AdditionalProperties,
  {5f56325f-1374-426d-83ea-15650a9413f1}, !- Handle
  {31d20e59-eef9-48c4-9b04-160de0838d47}; !- Object Name

OS:AdditionalProperties,
  {f5c7653d-8ce2-4a04-ba6a-d9bf8e1d3fef}, !- Handle
  {802fc59a-ac3e-4275-88a8-0ca3a9ad8697}; !- Object Name

OS:AdditionalProperties,
  {55caac91-3b1c-42a2-9268-7a97ce967872}, !- Handle
  {ba69d210-8316-4166-8f3d-4655ee133d74}; !- Object Name

OS:AdditionalProperties,
  {edab1627-545d-4a1e-812b-33bca67df458}, !- Handle
  {124068f6-d767-4217-a1ba-74f7372dfb6a}; !- Object Name

OS:AdditionalProperties,
  {05e71267-1810-4d3c-9cb7-3da4a09e0309}, !- Handle
  {3615e2af-b87f-42fc-98e8-1d83c35e3189}; !- Object Name

OS:AdditionalProperties,
  {ea3779e5-3599-4b27-a00e-ad2f1cbb9ca5}, !- Handle
  {e232c2f6-2495-401a-bed1-227d05cb6d42}; !- Object Name

OS:AdditionalProperties,
  {881785c1-f1a2-4cae-b52a-fe9ef6d5b1c9}, !- Handle
  {7b2de3a9-1baf-4ea1-99ba-076729a6b8ab}; !- Object Name

OS:AdditionalProperties,
  {50152dcb-2af2-430c-89dd-d4458ee34255}, !- Handle
  {6e3746fd-1fdb-4f3d-9f58-e54583737ec8}; !- Object Name

OS:AdditionalProperties,
  {26b14159-e97b-40dc-b5c2-737a286622d0}, !- Handle
  {2c77b453-0a08-41c7-91ee-b8c7e2f7b8e9}; !- Object Name

OS:AdditionalProperties,
  {484bb2f1-bdae-4db1-a3a2-100002b631e9}, !- Handle
  {fb6eea25-3173-4020-9d7a-c338cfcedd14}; !- Object Name

OS:AdditionalProperties,
  {1a06248d-8b55-4c86-89b1-5944805bc4f2}, !- Handle
  {f60fb43d-2198-4446-bc91-0330e54e0d2d}; !- Object Name

OS:AdditionalProperties,
  {b7250524-086a-4ba5-9911-6de50b864c66}, !- Handle
  {d46c956e-1aab-465a-a8b6-50a536c3013f}; !- Object Name

OS:AdditionalProperties,
  {12f59880-990e-4833-97e1-2bac3f47608c}, !- Handle
  {452ef73e-4502-40e2-a751-c495c5c30cd8}; !- Object Name

OS:AdditionalProperties,
  {f7095e15-ad6a-4595-a7a9-d2f997379061}, !- Handle
  {0b85eed1-d9ca-4f32-bcde-2a670d8fac9b}; !- Object Name

OS:AdditionalProperties,
  {29f8cb09-5673-4f2f-984c-5ad47d46aea8}, !- Handle
  {ae541156-8efd-46a7-868b-c62bdb47b401}; !- Object Name

OS:AdditionalProperties,
  {52c9d75d-5478-4410-a123-54c7e3fff600}, !- Handle
  {4421ecdd-53d9-41df-8710-a7c1793f25f1}; !- Object Name

OS:AdditionalProperties,
  {53f62e79-a3c0-44f3-8602-73d8596365a6}, !- Handle
  {48b429e1-cb1d-40b1-b2ce-cb0cbb1a97e8}; !- Object Name

OS:AdditionalProperties,
  {72deb6a3-a468-4ab7-974e-949313fd1ecc}, !- Handle
  {819cb3a8-0627-495c-a496-780f5c473078}; !- Object Name

OS:AdditionalProperties,
  {f49b4782-8240-412e-b817-bb74736afac3}, !- Handle
  {afe72f9f-bad0-40f0-b0f2-3b380b1ea982}; !- Object Name

OS:AdditionalProperties,
  {5c878258-1fc9-4ce9-a731-ab0df8ebaf39}, !- Handle
  {1d67e4a8-d8fd-4d80-af4d-8758224d3d66}; !- Object Name

OS:AdditionalProperties,
  {ffe7c472-40cf-4e86-801e-ee13fb8e2f74}, !- Handle
  {1e0262de-d065-43a4-ad6b-8834b1083b2a}; !- Object Name

OS:AdditionalProperties,
  {e1a796d1-318b-48b6-b7bc-6ed04f9a7d0a}, !- Handle
  {2f41a2b8-7167-4d6a-b6d1-9b561d205334}; !- Object Name

OS:AdditionalProperties,
  {9c21130a-4c4e-428c-b958-458e86f9bc2e}, !- Handle
  {e3ffad41-1145-4ff5-88ce-e357e54fa48a}; !- Object Name

OS:AdditionalProperties,
  {c200f492-e371-4847-9426-62b7b79730b3}, !- Handle
  {11d96b7b-35e2-4bdb-b401-088e5831eee5}; !- Object Name

OS:AdditionalProperties,
  {2756c2f9-f08b-4c50-bad2-f9f918d74b9b}, !- Handle
  {e467b1bf-1c90-4d15-9562-9b5b4c7aa2ee}; !- Object Name

OS:AdditionalProperties,
  {92d399e6-109f-40a1-956e-1d01fe189bd9}, !- Handle
  {105bf315-02b6-4b36-9296-7cd3753d64ac}; !- Object Name

OS:AdditionalProperties,
  {facef7cd-3b25-416e-a095-ee283aa450bf}, !- Handle
  {2851e5c8-056b-463f-a862-7eb2af613f16}; !- Object Name

OS:AdditionalProperties,
  {d70bd97b-79e6-4303-afa6-c2e070b31cbd}, !- Handle
  {19454c8e-1304-425c-b976-304876e88690}; !- Object Name

OS:AdditionalProperties,
  {dbb36fd3-dfb5-40ea-b9f9-287e75a93674}, !- Handle
  {8092759e-9922-45d1-9d24-db01906a438e}; !- Object Name

OS:AdditionalProperties,
  {045db503-8894-423c-bc78-5375851aef78}, !- Handle
  {e42029b7-934c-4b49-8303-ccddcb12d239}; !- Object Name

OS:AdditionalProperties,
  {947373b7-2c49-4380-a4a4-e4bb4028efb1}, !- Handle
  {5a03f42f-c352-48d3-b1b5-23970b83f36d}; !- Object Name

OS:AdditionalProperties,
  {00ab577f-ea2f-4619-a031-8760107192f3}, !- Handle
  {97becb6a-9991-4f2f-9679-ebc771fe7ab6}; !- Object Name

OS:AdditionalProperties,
  {198a7c81-0d04-44b6-b8ba-c23c2e842c2e}, !- Handle
  {b67d6dad-070d-4ac8-9df7-052d41f5d501}; !- Object Name

OS:AdditionalProperties,
  {20f21fb5-deac-4260-a172-881c15f1611a}, !- Handle
  {e758aaf6-50b4-4d1f-9975-302bace374d0}; !- Object Name

OS:AdditionalProperties,
  {bf2fbde5-9efd-48af-a4ef-60290eef5ac1}, !- Handle
  {ad8f3444-3ae9-45b0-99a7-57d9af6efbff}; !- Object Name

OS:AdditionalProperties,
  {f0304d00-688f-4379-b71f-fecbb2e55ca5}, !- Handle
  {dd9ecb5f-543a-41b9-ae2d-890975a1088c}; !- Object Name

OS:AdditionalProperties,
  {8bee2955-f3fe-4f70-8be8-9051d44b45cb}, !- Handle
  {021df731-37da-44bd-b948-26e8d272ea9d}; !- Object Name

OS:AdditionalProperties,
  {f7a44691-d6fd-4621-9be1-c807f4b4b8f8}, !- Handle
  {3d3ab36c-0927-4d1e-aa6b-a295ba05c72e}; !- Object Name

OS:AdditionalProperties,
  {12f48e5e-8058-4c36-b5c2-f863047e6499}, !- Handle
  {9bf55801-ea7e-4ee8-93f2-6d52e072f7a0}; !- Object Name

OS:AdditionalProperties,
  {ce3880f1-77ec-4d38-bc9c-4e1fb77f4c23}, !- Handle
  {b486937c-862a-4ae7-bc05-e8775b7683c2}; !- Object Name

OS:EnergyManagementSystem:Program,
  {0ba6b8d4-55c0-41a1-992d-825284ab6aa2}, !- Handle
  unmet_hours_program,                    !- Name
  Set htg_unmet_hours = 0,                !- Program Line 1
  Set clg_unmet_hours = 0,                !- Program Line 2
  Set unit_htg_unmet_hours = 0,           !- Program Line 3
  If ((DayOfYear >= 1) && (DayOfYear <= 365)), !- Program Line 4
  Set unit_htg_unmet_hours = unit_htg_unmet_hours + conditioned_space_htg_unmet_s, !- Program Line 5
  If unit_htg_unmet_hours > htg_unmet_hours, !- Program Line 6
  Set htg_unmet_hours = unit_htg_unmet_hours, !- Program Line 7
  EndIf,                                  !- Program Line 8
  EndIf,                                  !- Program Line 9
  Set unit_clg_unmet_hours = 0,           !- Program Line 10
  If ((DayOfYear >= 1) && (DayOfYear <= 365)), !- Program Line 11
  Set unit_clg_unmet_hours = unit_clg_unmet_hours + conditioned_space_clg_unmet_s, !- Program Line 12
  If unit_clg_unmet_hours > clg_unmet_hours, !- Program Line 13
  Set clg_unmet_hours = unit_clg_unmet_hours, !- Program Line 14
  EndIf,                                  !- Program Line 15
  EndIf;                                  !- Program Line 16

OS:AdditionalProperties,
  {5ecd406e-3f3e-40db-87f8-6d558adb2530}, !- Handle
  {0ba6b8d4-55c0-41a1-992d-825284ab6aa2}, !- Object Name
  ObjectType,                             !- Feature Name 1
  String,                                 !- Feature Data Type 1
  unmet hours program;                    !- Feature Value 1

OS:EnergyManagementSystem:ProgramCallingManager,
  {8498300e-c615-4bad-b564-933981a808e9}, !- Handle
  unmet_hours_program_calling_manager,    !- Name
  EndOfZoneTimestepBeforeZoneReporting,   !- EnergyPlus Model Calling Point
  {0ba6b8d4-55c0-41a1-992d-825284ab6aa2}; !- Program Name 1

OS:EnergyManagementSystem:Sensor,
  {894ba1f2-50e6-4bc6-9a0a-bfdacfbe91aa}, !- Handle
  htg_load_cond,                          !- Name
  ,                                       !- Output Variable or Output Meter Index Key Name
  Heating:EnergyTransfer:Zone:CONDITIONED SPACE; !- Output Variable or Output Meter Name

OS:EnergyManagementSystem:Sensor,
  {c2b6bf02-d140-452b-a3bf-78784b17b12c}, !- Handle
  clg_load_cond,                          !- Name
  ,                                       !- Output Variable or Output Meter Index Key Name
  Cooling:EnergyTransfer:Zone:CONDITIONED SPACE; !- Output Variable or Output Meter Name

OS:EnergyManagementSystem:Sensor,
  {5d6edd25-418e-48a2-bcd8-8e5b8b9a7a34}, !- Handle
  htg_load_duct,                          !- Name
  ,                                       !- Output Variable or Output Meter Index Key Name
  Heating:EnergyTransfer:Zone:CENTRAL AC AND FURNACE AIRLOOP RET AIR ZONE; !- Output Variable or Output Meter Name

OS:EnergyManagementSystem:Sensor,
  {2097ea3a-52af-45f1-a3f9-81d5b86314bb}, !- Handle
  clg_load_duct,                          !- Name
  ,                                       !- Output Variable or Output Meter Index Key Name
  Cooling:EnergyTransfer:Zone:CENTRAL AC AND FURNACE AIRLOOP RET AIR ZONE; !- Output Variable or Output Meter Name

OS:EnergyManagementSystem:Program,
  {1f63a7a4-e039-4434-85f6-c91655780e36}, !- Handle
  total_loads_program,                    !- Name
  Set loads_htg_tot = 0,                  !- Program Line 1
  Set loads_clg_tot = 0,                  !- Program Line 2
  If htg_load_cond > 0,                   !- Program Line 3
  Set loads_htg_tot = loads_htg_tot + (htg_load_cond - clg_load_cond) * 1.0, !- Program Line 4
  Set loads_htg_tot = loads_htg_tot + (htg_load_duct - clg_load_duct) * 1.0, !- Program Line 5
  EndIf,                                  !- Program Line 6
  Set loads_htg_tot = (@Max loads_htg_tot 0), !- Program Line 7
  If clg_load_cond > 0,                   !- Program Line 8
  Set loads_clg_tot = loads_clg_tot + (clg_load_cond - htg_load_cond) * 0.8, !- Program Line 9
  Set loads_clg_tot = loads_clg_tot + (clg_load_duct - htg_load_duct) * 0.8, !- Program Line 10
  EndIf,                                  !- Program Line 11
  Set loads_clg_tot = (@Max loads_clg_tot 0); !- Program Line 12

OS:AdditionalProperties,
  {c297fc64-18f1-4ecb-a06c-c35728240961}, !- Handle
  {1f63a7a4-e039-4434-85f6-c91655780e36}, !- Object Name
  ObjectType,                             !- Feature Name 1
  String,                                 !- Feature Data Type 1
  total loads program;                    !- Feature Value 1

OS:EnergyManagementSystem:ProgramCallingManager,
  {a00d0298-3c18-4372-986b-d0da0e2e46f8}, !- Handle
  total_loads_program_calling_manager,    !- Name
  EndOfZoneTimestepAfterZoneReporting,    !- EnergyPlus Model Calling Point
  {1f63a7a4-e039-4434-85f6-c91655780e36}; !- Program Name 1

OS:Output:Diagnostics,
  {99461495-0bfa-4c7f-ad8d-e176a3d3dc60}, !- Handle
  DisplayAdvancedReportVariables;         !- Key 1

OS:EnergyManagementSystem:Program,
  {1f4922a3-d077-44e7-a70c-e0afdb407b7b}, !- Handle
  component_loads_program,                !- Name
  Set loads_htg_walls = 0,                !- Program Line 1
  Set loads_htg_rim_joists = 0,           !- Program Line 2
  Set loads_htg_foundation_walls = 0,     !- Program Line 3
  Set loads_htg_floors = 0,               !- Program Line 4
  Set loads_htg_slabs = 0,                !- Program Line 5
  Set loads_htg_ceilings = 0,             !- Program Line 6
  Set loads_htg_roofs = 0,                !- Program Line 7
  Set loads_htg_windows_conduction = 0,   !- Program Line 8
  Set loads_htg_windows_solar = 0,        !- Program Line 9
  Set loads_htg_doors = 0,                !- Program Line 10
  Set loads_htg_skylights_conduction = 0, !- Program Line 11
  Set loads_htg_skylights_solar = 0,      !- Program Line 12
  Set loads_htg_internal_mass = 0,        !- Program Line 13
  Set loads_htg_intgains = 0,             !- Program Line 14
  Set loads_htg_lighting = 0,             !- Program Line 15
  Set loads_htg_infil = 0,                !- Program Line 16
  Set loads_htg_mechvent = 0,             !- Program Line 17
  Set loads_htg_natvent = 0,              !- Program Line 18
  Set loads_htg_whf = 0,                  !- Program Line 19
  Set loads_htg_ducts = 0,                !- Program Line 20
  Set loads_clg_walls = 0,                !- Program Line 21
  Set loads_clg_rim_joists = 0,           !- Program Line 22
  Set loads_clg_foundation_walls = 0,     !- Program Line 23
  Set loads_clg_floors = 0,               !- Program Line 24
  Set loads_clg_slabs = 0,                !- Program Line 25
  Set loads_clg_ceilings = 0,             !- Program Line 26
  Set loads_clg_roofs = 0,                !- Program Line 27
  Set loads_clg_windows_conduction = 0,   !- Program Line 28
  Set loads_clg_windows_solar = 0,        !- Program Line 29
  Set loads_clg_doors = 0,                !- Program Line 30
  Set loads_clg_skylights_conduction = 0, !- Program Line 31
  Set loads_clg_skylights_solar = 0,      !- Program Line 32
  Set loads_clg_internal_mass = 0,        !- Program Line 33
  Set loads_clg_intgains = 0,             !- Program Line 34
  Set loads_clg_lighting = 0,             !- Program Line 35
  Set loads_clg_infil = 0,                !- Program Line 36
  Set loads_clg_mechvent = 0,             !- Program Line 37
  Set loads_clg_natvent = 0,              !- Program Line 38
  Set loads_clg_whf = 0,                  !- Program Line 39
  Set loads_clg_ducts = 0,                !- Program Line 40
  Set hr_walls = 0,                       !- Program Line 41
  Set hr_walls = hr_walls + s_conv_2 + s_ig_2 + s_sol_2 + s_lgt_2 + s_surf_2, !- Program Line 42
  Set hr_walls = hr_walls + s_conv_3 + s_ig_3 + s_sol_3 + s_lgt_3 + s_surf_3, !- Program Line 43
  Set hr_walls = hr_walls + s_conv_4 + s_ig_4 + s_sol_4 + s_lgt_4 + s_surf_4, !- Program Line 44
  Set hr_walls = hr_walls + s_conv_5 + s_ig_5 + s_sol_5 + s_lgt_5 + s_surf_5, !- Program Line 45
  Set hr_walls = hr_walls + s_conv_6 + s_ig_6 + s_sol_6 + s_lgt_6 + s_surf_6, !- Program Line 46
  Set hr_walls = hr_walls + s_conv_7 + s_ig_7 + s_sol_7 + s_lgt_7 + s_surf_7, !- Program Line 47
  Set hr_rim_joists = 0,                  !- Program Line 48
  Set hr_foundation_walls = 0,            !- Program Line 49
  Set hr_floors = 0,                      !- Program Line 50
  Set hr_slabs = 0,                       !- Program Line 51
  Set hr_slabs = hr_slabs + s_conv_1 + s_ig_1 + s_sol_1 + s_lgt_1 + s_surf_1, !- Program Line 52
  Set hr_ceilings = 0,                    !- Program Line 53
  Set hr_ceilings = hr_ceilings + s_conv + s_ig + s_sol + s_lgt + s_surf, !- Program Line 54
  Set hr_roofs = 0,                       !- Program Line 55
  Set hr_windows_conduction = 0,          !- Program Line 56
  Set hr_windows_conduction = hr_windows_conduction + ss_conv_1, !- Program Line 57
  Set hr_windows_conduction = hr_windows_conduction + ss_ig_1, !- Program Line 58
  Set hr_windows_conduction = hr_windows_conduction + ss_surf_1, !- Program Line 59
  Set hr_windows_conduction = hr_windows_conduction + ss_conv_2, !- Program Line 60
  Set hr_windows_conduction = hr_windows_conduction + ss_ig_2, !- Program Line 61
  Set hr_windows_conduction = hr_windows_conduction + ss_surf_2, !- Program Line 62
  Set hr_windows_conduction = hr_windows_conduction + ss_conv_3, !- Program Line 63
  Set hr_windows_conduction = hr_windows_conduction + ss_ig_3, !- Program Line 64
  Set hr_windows_conduction = hr_windows_conduction + ss_surf_3, !- Program Line 65
  Set hr_windows_conduction = hr_windows_conduction + ss_conv_4, !- Program Line 66
  Set hr_windows_conduction = hr_windows_conduction + ss_ig_4, !- Program Line 67
  Set hr_windows_conduction = hr_windows_conduction + ss_surf_4, !- Program Line 68
  Set hr_windows_solar = 0,               !- Program Line 69
  Set hr_windows_solar = hr_windows_solar - ss_trans_in * ZoneTimestep * 3600 + ss_back_out * ZoneTimestep * 3600 + ss_trans_out * ZoneTimestep * 3600, !- Program Line 70
  Set hr_windows_solar = hr_windows_solar - ss_trans_in_1 * ZoneTimestep * 3600 + ss_back_out_1 * ZoneTimestep * 3600 + ss_trans_out_1 * ZoneTimestep * 3600, !- Program Line 71
  Set hr_windows_solar = hr_windows_solar - ss_trans_in_2 * ZoneTimestep * 3600 + ss_back_out_2 * ZoneTimestep * 3600 + ss_trans_out_2 * ZoneTimestep * 3600, !- Program Line 72
  Set hr_windows_solar = hr_windows_solar - ss_trans_in_3 * ZoneTimestep * 3600 + ss_back_out_3 * ZoneTimestep * 3600 + ss_trans_out_3 * ZoneTimestep * 3600, !- Program Line 73
  Set hr_doors = 0,                       !- Program Line 74
  Set hr_doors = hr_doors + ss_sol,       !- Program Line 75
  Set hr_doors = hr_doors + ss_lgt,       !- Program Line 76
  Set hr_doors = hr_doors + ss_conv,      !- Program Line 77
  Set hr_doors = hr_doors + ss_ig,        !- Program Line 78
  Set hr_doors = hr_doors + ss_surf,      !- Program Line 79
  Set hr_skylights_conduction = 0,        !- Program Line 80
  Set hr_skylights_solar = 0,             !- Program Line 81
  Set hr_internal_mass = 0,               !- Program Line 82
  Set hr_internal_mass = hr_internal_mass + im_conv + im_ig + im_sol + im_lgt + im_surf, !- Program Line 83
  Set hr_internal_mass = hr_internal_mass + im_conv_1 + im_ig_1 + im_sol_1 + im_lgt_1 + im_surf_1, !- Program Line 84
  Set hr_intgains = 0,                    !- Program Line 85
  Set hr_intgains = hr_intgains - ig_ee_conv - ig_ee_rad - ig_ee_conv_1 - ig_ee_rad_1 - ig_ee_conv_2 - ig_ee_rad_2 - ig_ee_conv_3 - ig_ee_rad_3 - ig_ee_conv_4 - ig_ee_rad_4 - ig_ee_conv_5 - ig_ee_rad_5 - ig_ee_conv_6 - ig_ee_rad_6 - ig_ee_conv_7 - ig_ee_rad_7 - ig_ee_conv_8 - ig_ee_rad_8 - ig_oe_conv - ig_oe_rad - ig_oe_conv_1 - ig_oe_rad_1 - ig_oe_conv_2 - ig_oe_rad_2 - ig_oe_conv_3 - ig_oe_rad_3 - ig_ppl_conv - ig_ppl_rad, !- Program Line 86
  Set hr_lighting = 0,                    !- Program Line 87
  Set hr_lighting = hr_lighting - ig_lgt_conv - ig_lgt_rad - ig_lgt_vis, !- Program Line 88
  Set hr_infil = 0,                       !- Program Line 89
  Set hr_infil = hr_infil - airflow_gain + airflow_loss, !- Program Line 90
  Set hr_natvent = 0,                     !- Program Line 91
  Set hr_natvent = hr_natvent - airflow_gain_1 + airflow_loss_1, !- Program Line 92
  Set hr_whf = 0,                         !- Program Line 93
  Set hr_whf = hr_whf - airflow_gain_2 + airflow_loss_2, !- Program Line 94
  Set hr_mechvent = 0,                    !- Program Line 95
  Set hr_mechvent = hr_mechvent - mv_conv - mv_rad - mv_conv_1 - mv_rad_1 - mv_conv_2 - mv_rad_2 - mv_conv_3 - mv_rad_3 - mv_conv_4 - mv_rad_4 - mv_conv_5 - mv_rad_5, !- Program Line 96
  Set hr_ducts = 0,                       !- Program Line 97
  Set hr_ducts = hr_ducts - ducts_conv - ducts_rad - ducts_conv_1 - ducts_rad_1 - ducts_conv_2 - ducts_rad_2 - ducts_conv_3 - ducts_rad_3 - ducts_conv_4 - ducts_rad_4 - ducts_conv_5 - ducts_rad_5, !- Program Line 98
  Set hr_ducts = hr_ducts + (duct_mix_loss_1 - duct_mix_gain_1), !- Program Line 99
  Set htg_mode = 0,                       !- Program Line 100
  Set clg_mode = 0,                       !- Program Line 101
  If (htg_load_cond > 0),                 !- Program Line 102
  Set htg_mode = 1.0,                     !- Program Line 103
  ElseIf (clg_load_cond > 0),             !- Program Line 104
  Set clg_mode = 0.8,                     !- Program Line 105
  Else,                                   !- Program Line 106
  Set htg_season = 0,                     !- Program Line 107
  Set clg_season = 0,                     !- Program Line 108
  If ((DayOfYear >= 1) && (DayOfYear <= 365)), !- Program Line 109
  Set clg_season = 1,                     !- Program Line 110
  EndIf,                                  !- Program Line 111
  If ((DayOfYear >= 1) && (DayOfYear <= 365)), !- Program Line 112
  Set htg_season = 1,                     !- Program Line 113
  EndIf,                                  !- Program Line 114
  If ((airflow_gain_1 <> 0) || (airflow_loss_1 <> 0)) && (clg_season == 1), !- Program Line 115
  Set clg_mode = 0.8,                     !- Program Line 116
  ElseIf ((airflow_gain_2 <> 0) || (airflow_loss_2 <> 0)) && (clg_season == 1), !- Program Line 117
  Set clg_mode = 0.8,                     !- Program Line 118
  Else,                                   !- Program Line 119
  Set Tmid_setpoint = (htg_sp_s_1 + clg_sp_s_1) / 2, !- Program Line 120
  If (tin_s_1 > Tmid_setpoint) && (clg_season == 1), !- Program Line 121
  Set clg_mode = 0.8,                     !- Program Line 122
  ElseIf (tin_s_1 < Tmid_setpoint) && (htg_season == 1), !- Program Line 123
  Set htg_mode = 1.0,                     !- Program Line 124
  EndIf,                                  !- Program Line 125
  EndIf,                                  !- Program Line 126
  EndIf,                                  !- Program Line 127
  Set loads_htg_walls = loads_htg_walls + (hr_walls * htg_mode * 1), !- Program Line 128
  Set loads_htg_rim_joists = loads_htg_rim_joists + (hr_rim_joists * htg_mode * 1), !- Program Line 129
  Set loads_htg_foundation_walls = loads_htg_foundation_walls + (hr_foundation_walls * htg_mode * 1), !- Program Line 130
  Set loads_htg_floors = loads_htg_floors + (hr_floors * htg_mode * 1), !- Program Line 131
  Set loads_htg_slabs = loads_htg_slabs + (hr_slabs * htg_mode * 1), !- Program Line 132
  Set loads_htg_ceilings = loads_htg_ceilings + (hr_ceilings * htg_mode * 1), !- Program Line 133
  Set loads_htg_roofs = loads_htg_roofs + (hr_roofs * htg_mode * 1), !- Program Line 134
  Set loads_htg_windows_conduction = loads_htg_windows_conduction + (hr_windows_conduction * htg_mode * 1), !- Program Line 135
  Set loads_htg_windows_solar = loads_htg_windows_solar + (hr_windows_solar * htg_mode * 1), !- Program Line 136
  Set loads_htg_doors = loads_htg_doors + (hr_doors * htg_mode * 1), !- Program Line 137
  Set loads_htg_skylights_conduction = loads_htg_skylights_conduction + (hr_skylights_conduction * htg_mode * 1), !- Program Line 138
  Set loads_htg_skylights_solar = loads_htg_skylights_solar + (hr_skylights_solar * htg_mode * 1), !- Program Line 139
  Set loads_htg_internal_mass = loads_htg_internal_mass + (hr_internal_mass * htg_mode * 1), !- Program Line 140
  Set loads_htg_intgains = loads_htg_intgains + (hr_intgains * htg_mode * 1), !- Program Line 141
  Set loads_htg_lighting = loads_htg_lighting + (hr_lighting * htg_mode * 1), !- Program Line 142
  Set loads_htg_infil = loads_htg_infil + (hr_infil * htg_mode * 1), !- Program Line 143
  Set loads_htg_mechvent = loads_htg_mechvent + (hr_mechvent * htg_mode * 1), !- Program Line 144
  Set loads_htg_natvent = loads_htg_natvent + (hr_natvent * htg_mode * 1), !- Program Line 145
  Set loads_htg_whf = loads_htg_whf + (hr_whf * htg_mode * 1), !- Program Line 146
  Set loads_htg_ducts = loads_htg_ducts + (hr_ducts * htg_mode * 1), !- Program Line 147
  Set loads_clg_walls = loads_clg_walls + (-hr_walls * clg_mode * 1), !- Program Line 148
  Set loads_clg_rim_joists = loads_clg_rim_joists + (-hr_rim_joists * clg_mode * 1), !- Program Line 149
  Set loads_clg_foundation_walls = loads_clg_foundation_walls + (-hr_foundation_walls * clg_mode * 1), !- Program Line 150
  Set loads_clg_floors = loads_clg_floors + (-hr_floors * clg_mode * 1), !- Program Line 151
  Set loads_clg_slabs = loads_clg_slabs + (-hr_slabs * clg_mode * 1), !- Program Line 152
  Set loads_clg_ceilings = loads_clg_ceilings + (-hr_ceilings * clg_mode * 1), !- Program Line 153
  Set loads_clg_roofs = loads_clg_roofs + (-hr_roofs * clg_mode * 1), !- Program Line 154
  Set loads_clg_windows_conduction = loads_clg_windows_conduction + (-hr_windows_conduction * clg_mode * 1), !- Program Line 155
  Set loads_clg_windows_solar = loads_clg_windows_solar + (-hr_windows_solar * clg_mode * 1), !- Program Line 156
  Set loads_clg_doors = loads_clg_doors + (-hr_doors * clg_mode * 1), !- Program Line 157
  Set loads_clg_skylights_conduction = loads_clg_skylights_conduction + (-hr_skylights_conduction * clg_mode * 1), !- Program Line 158
  Set loads_clg_skylights_solar = loads_clg_skylights_solar + (-hr_skylights_solar * clg_mode * 1), !- Program Line 159
  Set loads_clg_internal_mass = loads_clg_internal_mass + (-hr_internal_mass * clg_mode * 1), !- Program Line 160
  Set loads_clg_intgains = loads_clg_intgains + (-hr_intgains * clg_mode * 1), !- Program Line 161
  Set loads_clg_lighting = loads_clg_lighting + (-hr_lighting * clg_mode * 1), !- Program Line 162
  Set loads_clg_infil = loads_clg_infil + (-hr_infil * clg_mode * 1), !- Program Line 163
  Set loads_clg_mechvent = loads_clg_mechvent + (-hr_mechvent * clg_mode * 1), !- Program Line 164
  Set loads_clg_natvent = loads_clg_natvent + (-hr_natvent * clg_mode * 1), !- Program Line 165
  Set loads_clg_whf = loads_clg_whf + (-hr_whf * clg_mode * 1), !- Program Line 166
  Set loads_clg_ducts = loads_clg_ducts + (-hr_ducts * clg_mode * 1); !- Program Line 167

OS:AdditionalProperties,
  {7351da70-e55b-4c39-82c4-0fda7ae4ce1f}, !- Handle
  {1f4922a3-d077-44e7-a70c-e0afdb407b7b}, !- Object Name
  ObjectType,                             !- Feature Name 1
  String,                                 !- Feature Data Type 1
  component loads program;                !- Feature Value 1

OS:EnergyManagementSystem:Sensor,
  {6e8fef89-df87-486b-95a9-df0ef8c44a09}, !- Handle
  s_conv,                                 !- Name
  Floor2,                                 !- Output Variable or Output Meter Index Key Name
  Surface Inside Face Convection Heat Gain Energy; !- Output Variable or Output Meter Name

OS:EnergyManagementSystem:Sensor,
  {dfe48ace-d8fd-40b5-b37a-f18f84ec34ec}, !- Handle
  s_ig,                                   !- Name
  Floor2,                                 !- Output Variable or Output Meter Index Key Name
  Surface Inside Face Internal Gains Radiation Heat Gain Energy; !- Output Variable or Output Meter Name

OS:EnergyManagementSystem:Sensor,
  {c86720a1-1f6a-4cfd-90b9-637999c6c7f2}, !- Handle
  s_sol,                                  !- Name
  Floor2,                                 !- Output Variable or Output Meter Index Key Name
  Surface Inside Face Solar Radiation Heat Gain Energy; !- Output Variable or Output Meter Name

OS:EnergyManagementSystem:Sensor,
  {11af4b89-6481-4934-bbc4-264b91722264}, !- Handle
  s_lgt,                                  !- Name
  Floor2,                                 !- Output Variable or Output Meter Index Key Name
  Surface Inside Face Lights Radiation Heat Gain Energy; !- Output Variable or Output Meter Name

OS:EnergyManagementSystem:Sensor,
  {4f48d823-4886-40d3-ab89-99715af059c3}, !- Handle
  s_surf,                                 !- Name
  Floor2,                                 !- Output Variable or Output Meter Index Key Name
  Surface Inside Face Net Surface Thermal Radiation Heat Gain Energy; !- Output Variable or Output Meter Name

OS:EnergyManagementSystem:Sensor,
  {af4f38b1-32f9-47d1-b118-186df28f45fd}, !- Handle
  s_conv_1,                               !- Name
  Slab2,                                  !- Output Variable or Output Meter Index Key Name
  Surface Inside Face Convection Heat Gain Energy; !- Output Variable or Output Meter Name

OS:EnergyManagementSystem:Sensor,
  {23b58553-8947-4faa-be74-6310c464d772}, !- Handle
  s_ig_1,                                 !- Name
  Slab2,                                  !- Output Variable or Output Meter Index Key Name
  Surface Inside Face Internal Gains Radiation Heat Gain Energy; !- Output Variable or Output Meter Name

OS:EnergyManagementSystem:Sensor,
  {8dc4c70a-b100-4903-bbe7-242df952200b}, !- Handle
  s_sol_1,                                !- Name
  Slab2,                                  !- Output Variable or Output Meter Index Key Name
  Surface Inside Face Solar Radiation Heat Gain Energy; !- Output Variable or Output Meter Name

OS:EnergyManagementSystem:Sensor,
  {81297aa6-b3bd-4c00-8dab-a879822ac95c}, !- Handle
  s_lgt_1,                                !- Name
  Slab2,                                  !- Output Variable or Output Meter Index Key Name
  Surface Inside Face Lights Radiation Heat Gain Energy; !- Output Variable or Output Meter Name

OS:EnergyManagementSystem:Sensor,
  {3e2b5d35-1159-4bf1-9f44-cdb9ee70eda3}, !- Handle
  s_surf_1,                               !- Name
  Slab2,                                  !- Output Variable or Output Meter Index Key Name
  Surface Inside Face Net Surface Thermal Radiation Heat Gain Energy; !- Output Variable or Output Meter Name

OS:EnergyManagementSystem:Sensor,
  {a66403c4-d38c-41dc-b2d7-c96eb6820f73}, !- Handle
  ss_sol,                                 !- Name
  Door1,                                  !- Output Variable or Output Meter Index Key Name
  Surface Inside Face Solar Radiation Heat Gain Energy; !- Output Variable or Output Meter Name

OS:EnergyManagementSystem:Sensor,
  {e9c3afef-91be-4f89-b529-1c106fc4a40d}, !- Handle
  ss_lgt,                                 !- Name
  Door1,                                  !- Output Variable or Output Meter Index Key Name
  Surface Inside Face Lights Radiation Heat Gain Energy; !- Output Variable or Output Meter Name

OS:EnergyManagementSystem:Sensor,
  {7cf9a015-3903-4da2-ab40-c6bb5f5f9d6d}, !- Handle
  ss_conv,                                !- Name
  Door1,                                  !- Output Variable or Output Meter Index Key Name
  Surface Inside Face Convection Heat Gain Energy; !- Output Variable or Output Meter Name

OS:EnergyManagementSystem:Sensor,
  {662fbe9a-eec2-44bf-9928-d5066270ce0a}, !- Handle
  ss_ig,                                  !- Name
  Door1,                                  !- Output Variable or Output Meter Index Key Name
  Surface Inside Face Internal Gains Radiation Heat Gain Energy; !- Output Variable or Output Meter Name

OS:EnergyManagementSystem:Sensor,
  {4d34894b-7ab8-4660-9239-c15231f6860b}, !- Handle
  ss_surf,                                !- Name
  Door1,                                  !- Output Variable or Output Meter Index Key Name
  Surface Inside Face Net Surface Thermal Radiation Heat Gain Energy; !- Output Variable or Output Meter Name

OS:EnergyManagementSystem:Sensor,
  {6a24832b-21e3-42f3-b270-d45cca58f0f5}, !- Handle
  ss_conv_1,                              !- Name
  Window1,                                !- Output Variable or Output Meter Index Key Name
  Surface Inside Face Convection Heat Gain Energy; !- Output Variable or Output Meter Name

OS:EnergyManagementSystem:Sensor,
  {691389c4-0111-48e9-8cc8-cea4b6256f18}, !- Handle
  ss_ig_1,                                !- Name
  Window1,                                !- Output Variable or Output Meter Index Key Name
  Surface Inside Face Internal Gains Radiation Heat Gain Energy; !- Output Variable or Output Meter Name

OS:EnergyManagementSystem:Sensor,
  {365efc9e-b9ff-4506-85f4-dfa23f7af3e2}, !- Handle
  ss_surf_1,                              !- Name
  Window1,                                !- Output Variable or Output Meter Index Key Name
  Surface Inside Face Net Surface Thermal Radiation Heat Gain Energy; !- Output Variable or Output Meter Name

OS:EnergyManagementSystem:Sensor,
  {14cfc2a3-0211-45c1-930d-f5c8f5e13428}, !- Handle
  ss_trans_in,                            !- Name
  Window1,                                !- Output Variable or Output Meter Index Key Name
  Surface Window Transmitted Solar Radiation Rate; !- Output Variable or Output Meter Name

OS:EnergyManagementSystem:Sensor,
  {76947446-ad72-449e-aa27-0f09b22a83aa}, !- Handle
  ss_back_out,                            !- Name
  Window1,                                !- Output Variable or Output Meter Index Key Name
  Surface Window Shortwave from Zone Back Out Window Heat Transfer Rate; !- Output Variable or Output Meter Name

OS:EnergyManagementSystem:Sensor,
  {1f2b2ca0-1256-4460-a4cc-f47ff90f3841}, !- Handle
  ss_trans_out,                           !- Name
  Window1,                                !- Output Variable or Output Meter Index Key Name
  Surface Inside Face Initial Transmitted Diffuse Transmitted Out Window Solar Radiation Rate; !- Output Variable or Output Meter Name

OS:EnergyManagementSystem:Sensor,
  {cdc10e41-3b89-4f59-98c8-7eb525caa3ba}, !- Handle
  ss_conv_2,                              !- Name
  Window2,                                !- Output Variable or Output Meter Index Key Name
  Surface Inside Face Convection Heat Gain Energy; !- Output Variable or Output Meter Name

OS:EnergyManagementSystem:Sensor,
  {e0e152ac-7739-48a0-8aad-7c6b7677426c}, !- Handle
  ss_ig_2,                                !- Name
  Window2,                                !- Output Variable or Output Meter Index Key Name
  Surface Inside Face Internal Gains Radiation Heat Gain Energy; !- Output Variable or Output Meter Name

OS:EnergyManagementSystem:Sensor,
  {eb864948-8a7f-4deb-bafc-1ce48dbb838c}, !- Handle
  ss_surf_2,                              !- Name
  Window2,                                !- Output Variable or Output Meter Index Key Name
  Surface Inside Face Net Surface Thermal Radiation Heat Gain Energy; !- Output Variable or Output Meter Name

OS:EnergyManagementSystem:Sensor,
  {e894011f-eae5-4fb1-ae36-ff866e3d45d4}, !- Handle
  ss_trans_in_1,                          !- Name
  Window2,                                !- Output Variable or Output Meter Index Key Name
  Surface Window Transmitted Solar Radiation Rate; !- Output Variable or Output Meter Name

OS:EnergyManagementSystem:Sensor,
  {a52cfee1-07df-42cc-bb9f-791699f70de9}, !- Handle
  ss_back_out_1,                          !- Name
  Window2,                                !- Output Variable or Output Meter Index Key Name
  Surface Window Shortwave from Zone Back Out Window Heat Transfer Rate; !- Output Variable or Output Meter Name

OS:EnergyManagementSystem:Sensor,
  {156fb2c0-eee7-47d2-9beb-965e9ef1614b}, !- Handle
  ss_trans_out_1,                         !- Name
  Window2,                                !- Output Variable or Output Meter Index Key Name
  Surface Inside Face Initial Transmitted Diffuse Transmitted Out Window Solar Radiation Rate; !- Output Variable or Output Meter Name

OS:EnergyManagementSystem:Sensor,
  {62ab39be-ea86-48d3-b347-79d516dbcc60}, !- Handle
  ss_conv_3,                              !- Name
  Window3,                                !- Output Variable or Output Meter Index Key Name
  Surface Inside Face Convection Heat Gain Energy; !- Output Variable or Output Meter Name

OS:EnergyManagementSystem:Sensor,
  {8ff3c89d-5493-48db-a755-f50e75fe44b1}, !- Handle
  ss_ig_3,                                !- Name
  Window3,                                !- Output Variable or Output Meter Index Key Name
  Surface Inside Face Internal Gains Radiation Heat Gain Energy; !- Output Variable or Output Meter Name

OS:EnergyManagementSystem:Sensor,
  {70c35cc1-5884-413f-ad03-b5abd842760b}, !- Handle
  ss_surf_3,                              !- Name
  Window3,                                !- Output Variable or Output Meter Index Key Name
  Surface Inside Face Net Surface Thermal Radiation Heat Gain Energy; !- Output Variable or Output Meter Name

OS:EnergyManagementSystem:Sensor,
  {74a63948-ef03-4586-81e5-7204dfa53912}, !- Handle
  ss_trans_in_2,                          !- Name
  Window3,                                !- Output Variable or Output Meter Index Key Name
  Surface Window Transmitted Solar Radiation Rate; !- Output Variable or Output Meter Name

OS:EnergyManagementSystem:Sensor,
  {6be594ca-ee4c-4687-b690-f1ee9ff3ed94}, !- Handle
  ss_back_out_2,                          !- Name
  Window3,                                !- Output Variable or Output Meter Index Key Name
  Surface Window Shortwave from Zone Back Out Window Heat Transfer Rate; !- Output Variable or Output Meter Name

OS:EnergyManagementSystem:Sensor,
  {ffaa050f-2837-492c-a203-e04e5cc30924}, !- Handle
  ss_trans_out_2,                         !- Name
  Window3,                                !- Output Variable or Output Meter Index Key Name
  Surface Inside Face Initial Transmitted Diffuse Transmitted Out Window Solar Radiation Rate; !- Output Variable or Output Meter Name

OS:EnergyManagementSystem:Sensor,
  {7b4c5364-3975-4f5c-a3e4-58b991a9f850}, !- Handle
  ss_conv_4,                              !- Name
  Window4,                                !- Output Variable or Output Meter Index Key Name
  Surface Inside Face Convection Heat Gain Energy; !- Output Variable or Output Meter Name

OS:EnergyManagementSystem:Sensor,
  {57e75634-f902-4441-8264-2f2987c66cd4}, !- Handle
  ss_ig_4,                                !- Name
  Window4,                                !- Output Variable or Output Meter Index Key Name
  Surface Inside Face Internal Gains Radiation Heat Gain Energy; !- Output Variable or Output Meter Name

OS:EnergyManagementSystem:Sensor,
  {fed23843-1938-4af9-9c7b-4b7e6d109fa2}, !- Handle
  ss_surf_4,                              !- Name
  Window4,                                !- Output Variable or Output Meter Index Key Name
  Surface Inside Face Net Surface Thermal Radiation Heat Gain Energy; !- Output Variable or Output Meter Name

OS:EnergyManagementSystem:Sensor,
  {16a26e56-6cf3-412d-8184-2c0c0ae70ea4}, !- Handle
  ss_trans_in_3,                          !- Name
  Window4,                                !- Output Variable or Output Meter Index Key Name
  Surface Window Transmitted Solar Radiation Rate; !- Output Variable or Output Meter Name

OS:EnergyManagementSystem:Sensor,
  {48321b66-f222-4514-be7c-f871b74199ff}, !- Handle
  ss_back_out_3,                          !- Name
  Window4,                                !- Output Variable or Output Meter Index Key Name
  Surface Window Shortwave from Zone Back Out Window Heat Transfer Rate; !- Output Variable or Output Meter Name

OS:EnergyManagementSystem:Sensor,
  {c8bd2d7c-fd2a-4de8-a89d-5acf2df10144}, !- Handle
  ss_trans_out_3,                         !- Name
  Window4,                                !- Output Variable or Output Meter Index Key Name
  Surface Inside Face Initial Transmitted Diffuse Transmitted Out Window Solar Radiation Rate; !- Output Variable or Output Meter Name

OS:EnergyManagementSystem:Sensor,
  {ad15d279-0983-42d8-b6b2-fbb460438565}, !- Handle
  s_conv_2,                               !- Name
  Wall3,                                  !- Output Variable or Output Meter Index Key Name
  Surface Inside Face Convection Heat Gain Energy; !- Output Variable or Output Meter Name

OS:EnergyManagementSystem:Sensor,
  {ae85202d-8348-4b2e-aaef-0652c64d80ce}, !- Handle
  s_ig_2,                                 !- Name
  Wall3,                                  !- Output Variable or Output Meter Index Key Name
  Surface Inside Face Internal Gains Radiation Heat Gain Energy; !- Output Variable or Output Meter Name

OS:EnergyManagementSystem:Sensor,
  {6e31c49c-5bc9-4843-9c46-732668a5b813}, !- Handle
  s_sol_2,                                !- Name
  Wall3,                                  !- Output Variable or Output Meter Index Key Name
  Surface Inside Face Solar Radiation Heat Gain Energy; !- Output Variable or Output Meter Name

OS:EnergyManagementSystem:Sensor,
  {0391af2b-550e-4ee6-b6f0-28152c649b2e}, !- Handle
  s_lgt_2,                                !- Name
  Wall3,                                  !- Output Variable or Output Meter Index Key Name
  Surface Inside Face Lights Radiation Heat Gain Energy; !- Output Variable or Output Meter Name

OS:EnergyManagementSystem:Sensor,
  {2c7598ea-8824-44f4-85bd-385bc550f33d}, !- Handle
  s_surf_2,                               !- Name
  Wall3,                                  !- Output Variable or Output Meter Index Key Name
  Surface Inside Face Net Surface Thermal Radiation Heat Gain Energy; !- Output Variable or Output Meter Name

OS:EnergyManagementSystem:Sensor,
  {c16c4e87-6b1f-4702-a9de-4fa739171557}, !- Handle
  s_conv_3,                               !- Name
  Wall4,                                  !- Output Variable or Output Meter Index Key Name
  Surface Inside Face Convection Heat Gain Energy; !- Output Variable or Output Meter Name

OS:EnergyManagementSystem:Sensor,
  {c84e7afd-f0ce-4fb7-be5f-fecbedb70816}, !- Handle
  s_ig_3,                                 !- Name
  Wall4,                                  !- Output Variable or Output Meter Index Key Name
  Surface Inside Face Internal Gains Radiation Heat Gain Energy; !- Output Variable or Output Meter Name

OS:EnergyManagementSystem:Sensor,
  {6fbf17a2-29b3-4d98-bbe2-be3f15888d0a}, !- Handle
  s_sol_3,                                !- Name
  Wall4,                                  !- Output Variable or Output Meter Index Key Name
  Surface Inside Face Solar Radiation Heat Gain Energy; !- Output Variable or Output Meter Name

OS:EnergyManagementSystem:Sensor,
  {93f0a9dc-6362-4dc4-8234-8e485c7f9b91}, !- Handle
  s_lgt_3,                                !- Name
  Wall4,                                  !- Output Variable or Output Meter Index Key Name
  Surface Inside Face Lights Radiation Heat Gain Energy; !- Output Variable or Output Meter Name

OS:EnergyManagementSystem:Sensor,
  {cba6c496-27a1-46fc-a363-dee06d3c7147}, !- Handle
  s_surf_3,                               !- Name
  Wall4,                                  !- Output Variable or Output Meter Index Key Name
  Surface Inside Face Net Surface Thermal Radiation Heat Gain Energy; !- Output Variable or Output Meter Name

OS:EnergyManagementSystem:Sensor,
  {107db044-09e7-4346-9be8-b24c37426a90}, !- Handle
  s_conv_4,                               !- Name
  Wall5,                                  !- Output Variable or Output Meter Index Key Name
  Surface Inside Face Convection Heat Gain Energy; !- Output Variable or Output Meter Name

OS:EnergyManagementSystem:Sensor,
  {6d98e670-f633-4384-8cdb-b8ac576f7656}, !- Handle
  s_ig_4,                                 !- Name
  Wall5,                                  !- Output Variable or Output Meter Index Key Name
  Surface Inside Face Internal Gains Radiation Heat Gain Energy; !- Output Variable or Output Meter Name

OS:EnergyManagementSystem:Sensor,
  {db04e95f-ea2a-4b4c-8243-3dcc111a7d5f}, !- Handle
  s_sol_4,                                !- Name
  Wall5,                                  !- Output Variable or Output Meter Index Key Name
  Surface Inside Face Solar Radiation Heat Gain Energy; !- Output Variable or Output Meter Name

OS:EnergyManagementSystem:Sensor,
  {e80bb5a6-7aa7-408f-bce3-aaedbb5298eb}, !- Handle
  s_lgt_4,                                !- Name
  Wall5,                                  !- Output Variable or Output Meter Index Key Name
  Surface Inside Face Lights Radiation Heat Gain Energy; !- Output Variable or Output Meter Name

OS:EnergyManagementSystem:Sensor,
  {c2666116-c6d0-4bfb-b297-307fffc7af3e}, !- Handle
  s_surf_4,                               !- Name
  Wall5,                                  !- Output Variable or Output Meter Index Key Name
  Surface Inside Face Net Surface Thermal Radiation Heat Gain Energy; !- Output Variable or Output Meter Name

OS:EnergyManagementSystem:Sensor,
  {462ff0ed-7993-4ded-b05e-29a1d9c2635c}, !- Handle
  s_conv_5,                               !- Name
  Wall6,                                  !- Output Variable or Output Meter Index Key Name
  Surface Inside Face Convection Heat Gain Energy; !- Output Variable or Output Meter Name

OS:EnergyManagementSystem:Sensor,
  {ffd15e08-7b2e-459e-b7de-c028f4c111a0}, !- Handle
  s_ig_5,                                 !- Name
  Wall6,                                  !- Output Variable or Output Meter Index Key Name
  Surface Inside Face Internal Gains Radiation Heat Gain Energy; !- Output Variable or Output Meter Name

OS:EnergyManagementSystem:Sensor,
  {5dee8357-b8a6-4f5a-ad06-d4498f9eeec0}, !- Handle
  s_sol_5,                                !- Name
  Wall6,                                  !- Output Variable or Output Meter Index Key Name
  Surface Inside Face Solar Radiation Heat Gain Energy; !- Output Variable or Output Meter Name

OS:EnergyManagementSystem:Sensor,
  {c75aaab7-0a2b-4d4e-b69f-d28e8242603d}, !- Handle
  s_lgt_5,                                !- Name
  Wall6,                                  !- Output Variable or Output Meter Index Key Name
  Surface Inside Face Lights Radiation Heat Gain Energy; !- Output Variable or Output Meter Name

OS:EnergyManagementSystem:Sensor,
  {4b969e86-ac19-467c-b9f5-def22c27400e}, !- Handle
  s_surf_5,                               !- Name
  Wall6,                                  !- Output Variable or Output Meter Index Key Name
  Surface Inside Face Net Surface Thermal Radiation Heat Gain Energy; !- Output Variable or Output Meter Name

OS:EnergyManagementSystem:Sensor,
  {0191a9bc-c66e-482a-9162-d47aa437f745}, !- Handle
  s_conv_6,                               !- Name
  Wall7,                                  !- Output Variable or Output Meter Index Key Name
  Surface Inside Face Convection Heat Gain Energy; !- Output Variable or Output Meter Name

OS:EnergyManagementSystem:Sensor,
  {0ea3796b-2fb7-4361-b378-f331c6f0de88}, !- Handle
  s_ig_6,                                 !- Name
  Wall7,                                  !- Output Variable or Output Meter Index Key Name
  Surface Inside Face Internal Gains Radiation Heat Gain Energy; !- Output Variable or Output Meter Name

OS:EnergyManagementSystem:Sensor,
  {1d83a30e-c72e-48f7-b516-bc5ad4923a93}, !- Handle
  s_sol_6,                                !- Name
  Wall7,                                  !- Output Variable or Output Meter Index Key Name
  Surface Inside Face Solar Radiation Heat Gain Energy; !- Output Variable or Output Meter Name

OS:EnergyManagementSystem:Sensor,
  {bae89ed8-95ac-4cb2-86f9-3397fb407eb3}, !- Handle
  s_lgt_6,                                !- Name
  Wall7,                                  !- Output Variable or Output Meter Index Key Name
  Surface Inside Face Lights Radiation Heat Gain Energy; !- Output Variable or Output Meter Name

OS:EnergyManagementSystem:Sensor,
  {171d153d-a502-4530-8fa4-ade3eb750ee3}, !- Handle
  s_surf_6,                               !- Name
  Wall7,                                  !- Output Variable or Output Meter Index Key Name
  Surface Inside Face Net Surface Thermal Radiation Heat Gain Energy; !- Output Variable or Output Meter Name

OS:EnergyManagementSystem:Sensor,
  {3b0c6783-12c2-4440-8737-38e0c6a9de9e}, !- Handle
  s_conv_7,                               !- Name
  Wall8,                                  !- Output Variable or Output Meter Index Key Name
  Surface Inside Face Convection Heat Gain Energy; !- Output Variable or Output Meter Name

OS:EnergyManagementSystem:Sensor,
  {c074468a-54ad-4ca6-a903-684533c437b3}, !- Handle
  s_ig_7,                                 !- Name
  Wall8,                                  !- Output Variable or Output Meter Index Key Name
  Surface Inside Face Internal Gains Radiation Heat Gain Energy; !- Output Variable or Output Meter Name

OS:EnergyManagementSystem:Sensor,
  {71ecb8c7-ea4d-4a91-a2ac-49d2a8e20428}, !- Handle
  s_sol_7,                                !- Name
  Wall8,                                  !- Output Variable or Output Meter Index Key Name
  Surface Inside Face Solar Radiation Heat Gain Energy; !- Output Variable or Output Meter Name

OS:EnergyManagementSystem:Sensor,
  {cf1bc156-1f9e-49e1-8c08-dbacbdc31f87}, !- Handle
  s_lgt_7,                                !- Name
  Wall8,                                  !- Output Variable or Output Meter Index Key Name
  Surface Inside Face Lights Radiation Heat Gain Energy; !- Output Variable or Output Meter Name

OS:EnergyManagementSystem:Sensor,
  {b4c7e061-7ee8-4d1f-99b4-37692963f3bc}, !- Handle
  s_surf_7,                               !- Name
  Wall8,                                  !- Output Variable or Output Meter Index Key Name
  Surface Inside Face Net Surface Thermal Radiation Heat Gain Energy; !- Output Variable or Output Meter Name

OS:EnergyManagementSystem:Sensor,
  {a7bee661-6cb0-4cf6-beda-ee3b4b70db10}, !- Handle
  im_conv,                                !- Name
  furniture mass conditioned space 1,     !- Output Variable or Output Meter Index Key Name
  Surface Inside Face Convection Heat Gain Energy; !- Output Variable or Output Meter Name

OS:EnergyManagementSystem:Sensor,
  {81acf46e-2389-43c7-9538-6229079d5c13}, !- Handle
  im_ig,                                  !- Name
  furniture mass conditioned space 1,     !- Output Variable or Output Meter Index Key Name
  Surface Inside Face Internal Gains Radiation Heat Gain Energy; !- Output Variable or Output Meter Name

OS:EnergyManagementSystem:Sensor,
  {3b98a42a-bc3b-41d4-9a26-027c72b29d6e}, !- Handle
  im_sol,                                 !- Name
  furniture mass conditioned space 1,     !- Output Variable or Output Meter Index Key Name
  Surface Inside Face Solar Radiation Heat Gain Energy; !- Output Variable or Output Meter Name

OS:EnergyManagementSystem:Sensor,
  {bcf4aceb-c00c-4edf-bb95-c0d22b3b3e88}, !- Handle
  im_lgt,                                 !- Name
  furniture mass conditioned space 1,     !- Output Variable or Output Meter Index Key Name
  Surface Inside Face Lights Radiation Heat Gain Energy; !- Output Variable or Output Meter Name

OS:EnergyManagementSystem:Sensor,
  {df34e0a7-2040-4622-8298-6c596893b67b}, !- Handle
  im_surf,                                !- Name
  furniture mass conditioned space 1,     !- Output Variable or Output Meter Index Key Name
  Surface Inside Face Net Surface Thermal Radiation Heat Gain Energy; !- Output Variable or Output Meter Name

OS:EnergyManagementSystem:Sensor,
  {8a22c94d-d900-4923-9907-cfb03bad13ad}, !- Handle
  im_conv_1,                              !- Name
  partition wall mass,                    !- Output Variable or Output Meter Index Key Name
  Surface Inside Face Convection Heat Gain Energy; !- Output Variable or Output Meter Name

OS:EnergyManagementSystem:Sensor,
  {dd0ce38f-50c6-4af6-ab72-0d8296a6f4af}, !- Handle
  im_ig_1,                                !- Name
  partition wall mass,                    !- Output Variable or Output Meter Index Key Name
  Surface Inside Face Internal Gains Radiation Heat Gain Energy; !- Output Variable or Output Meter Name

OS:EnergyManagementSystem:Sensor,
  {11783768-e026-44d8-afd9-eb57eac0736c}, !- Handle
  im_sol_1,                               !- Name
  partition wall mass,                    !- Output Variable or Output Meter Index Key Name
  Surface Inside Face Solar Radiation Heat Gain Energy; !- Output Variable or Output Meter Name

OS:EnergyManagementSystem:Sensor,
  {16846eb4-637e-4d82-8e45-2aa19ca2369f}, !- Handle
  im_lgt_1,                               !- Name
  partition wall mass,                    !- Output Variable or Output Meter Index Key Name
  Surface Inside Face Lights Radiation Heat Gain Energy; !- Output Variable or Output Meter Name

OS:EnergyManagementSystem:Sensor,
  {d04978d7-532e-480b-ba7c-756bd43ae44b}, !- Handle
  im_surf_1,                              !- Name
  partition wall mass,                    !- Output Variable or Output Meter Index Key Name
  Surface Inside Face Net Surface Thermal Radiation Heat Gain Energy; !- Output Variable or Output Meter Name

OS:EnergyManagementSystem:Sensor,
  {2002b7ba-a6f2-4332-a03d-58a5904b5786}, !- Handle
  airflow_gain,                           !- Name
  infil flow,                             !- Output Variable or Output Meter Index Key Name
  Infiltration Sensible Heat Gain Energy; !- Output Variable or Output Meter Name

OS:EnergyManagementSystem:Sensor,
  {c6d94d3e-f84c-4fd2-94b3-7bb2bd9db48f}, !- Handle
  airflow_loss,                           !- Name
  infil flow,                             !- Output Variable or Output Meter Index Key Name
  Infiltration Sensible Heat Loss Energy; !- Output Variable or Output Meter Name

OS:EnergyManagementSystem:Sensor,
  {425468da-80fb-4ed8-88ea-432f3d5e36bd}, !- Handle
  airflow_gain_1,                         !- Name
  natural vent flow,                      !- Output Variable or Output Meter Index Key Name
  Infiltration Sensible Heat Gain Energy; !- Output Variable or Output Meter Name

OS:EnergyManagementSystem:Sensor,
  {a5bc8514-f346-4ec2-aa67-0c246a6359e7}, !- Handle
  airflow_loss_1,                         !- Name
  natural vent flow,                      !- Output Variable or Output Meter Index Key Name
  Infiltration Sensible Heat Loss Energy; !- Output Variable or Output Meter Name

OS:EnergyManagementSystem:Sensor,
  {2ad214eb-7b82-4528-9149-854c5804029a}, !- Handle
  airflow_gain_2,                         !- Name
  whole house fan flow,                   !- Output Variable or Output Meter Index Key Name
  Infiltration Sensible Heat Gain Energy; !- Output Variable or Output Meter Name

OS:EnergyManagementSystem:Sensor,
  {32d215f4-0fff-4289-93e4-e267b68709ff}, !- Handle
  airflow_loss_2,                         !- Name
  whole house fan flow,                   !- Output Variable or Output Meter Index Key Name
  Infiltration Sensible Heat Loss Energy; !- Output Variable or Output Meter Name

OS:EnergyManagementSystem:Sensor,
  {7bc38dd1-ef03-4c38-afcc-d6319750dc44}, !- Handle
  mv_conv,                                !- Name
  mech vent bath fan 0,                   !- Output Variable or Output Meter Index Key Name
  Electric Equipment Convective Heating Energy; !- Output Variable or Output Meter Name

OS:EnergyManagementSystem:Sensor,
  {c4c89d75-cd71-4a7e-868a-adf681555e26}, !- Handle
  mv_rad,                                 !- Name
  mech vent bath fan 0,                   !- Output Variable or Output Meter Index Key Name
  Electric Equipment Radiant Heating Energy; !- Output Variable or Output Meter Name

OS:EnergyManagementSystem:Sensor,
  {f2ccfba4-59ab-4932-9a42-d40201b3ca24}, !- Handle
  mv_conv_1,                              !- Name
  mech vent house fan,                    !- Output Variable or Output Meter Index Key Name
  Electric Equipment Convective Heating Energy; !- Output Variable or Output Meter Name

OS:EnergyManagementSystem:Sensor,
  {55cb89a1-edf4-4188-95e4-134ba0e273fd}, !- Handle
  mv_rad_1,                               !- Name
  mech vent house fan,                    !- Output Variable or Output Meter Index Key Name
  Electric Equipment Radiant Heating Energy; !- Output Variable or Output Meter Name

OS:EnergyManagementSystem:Sensor,
  {a01bfa1d-8389-4a02-a8f5-6b1207fe55d1}, !- Handle
  mv_conv_2,                              !- Name
  mech vent house fan cfis,               !- Output Variable or Output Meter Index Key Name
  Electric Equipment Convective Heating Energy; !- Output Variable or Output Meter Name

OS:EnergyManagementSystem:Sensor,
  {8a90e43f-b780-4888-ad1d-ed8092698c90}, !- Handle
  mv_rad_2,                               !- Name
  mech vent house fan cfis,               !- Output Variable or Output Meter Index Key Name
  Electric Equipment Radiant Heating Energy; !- Output Variable or Output Meter Name

OS:EnergyManagementSystem:Sensor,
  {eb37b2cf-7dd8-405d-a258-6e4cca680cd9}, !- Handle
  mv_conv_3,                              !- Name
  mech vent range fan 0,                  !- Output Variable or Output Meter Index Key Name
  Electric Equipment Convective Heating Energy; !- Output Variable or Output Meter Name

OS:EnergyManagementSystem:Sensor,
  {ab316f3e-6ead-4771-a671-641491763a08}, !- Handle
  mv_rad_3,                               !- Name
  mech vent range fan 0,                  !- Output Variable or Output Meter Index Key Name
  Electric Equipment Radiant Heating Energy; !- Output Variable or Output Meter Name

OS:EnergyManagementSystem:Sensor,
  {bebe9f70-8b5b-46b1-8ceb-6892c840c8d1}, !- Handle
  mv_conv_4,                              !- Name
  mech vent house fan latent load,        !- Output Variable or Output Meter Index Key Name
  Other Equipment Convective Heating Energy; !- Output Variable or Output Meter Name

OS:EnergyManagementSystem:Sensor,
  {a745dcc1-54cb-4e96-8e0c-7c835830a610}, !- Handle
  mv_rad_4,                               !- Name
  mech vent house fan latent load,        !- Output Variable or Output Meter Index Key Name
  Other Equipment Radiant Heating Energy; !- Output Variable or Output Meter Name

OS:EnergyManagementSystem:Sensor,
  {24a3d7b1-a07a-4829-b437-bfa4485f66d9}, !- Handle
  mv_conv_5,                              !- Name
  mech vent house fan sensible load,      !- Output Variable or Output Meter Index Key Name
  Other Equipment Convective Heating Energy; !- Output Variable or Output Meter Name

OS:EnergyManagementSystem:Sensor,
  {b6d271fe-5afe-4a16-a956-5a8e02cfbf2b}, !- Handle
  mv_rad_5,                               !- Name
  mech vent house fan sensible load,      !- Output Variable or Output Meter Index Key Name
  Other Equipment Radiant Heating Energy; !- Output Variable or Output Meter Name

OS:EnergyManagementSystem:Sensor,
  {526e4bcf-91d3-4c12-a020-97fd30330104}, !- Handle
  duct_mix_gain,                          !- Name
  conditioned space,                      !- Output Variable or Output Meter Index Key Name
  Zone Mixing Sensible Heat Gain Energy;  !- Output Variable or Output Meter Name

OS:EnergyManagementSystem:Sensor,
  {42983be5-5c41-483e-8955-970ae684068e}, !- Handle
  duct_mix_loss,                          !- Name
  conditioned space,                      !- Output Variable or Output Meter Index Key Name
  Zone Mixing Sensible Heat Loss Energy;  !- Output Variable or Output Meter Name

OS:AdditionalProperties,
  {af7171e5-a548-4303-a5f7-7d799022c877}, !- Handle
  {f44e0856-293c-49e1-8cf1-8de1aeba482b}; !- Object Name

OS:EnergyManagementSystem:Sensor,
  {8ce5e310-2bf1-40ea-94e6-2828ec959320}, !- Handle
  duct_mix_gain_1,                        !- Name
  conditioned space,                      !- Output Variable or Output Meter Index Key Name
  Zone Mixing Sensible Heat Gain Energy;  !- Output Variable or Output Meter Name

OS:EnergyManagementSystem:Sensor,
  {79906a68-3285-4092-8243-0dce18d81161}, !- Handle
  duct_mix_loss_1,                        !- Name
  conditioned space,                      !- Output Variable or Output Meter Index Key Name
  Zone Mixing Sensible Heat Loss Energy;  !- Output Variable or Output Meter Name

OS:EnergyManagementSystem:Sensor,
  {82634523-0e4a-42a4-9b76-7a7eef83f8ad}, !- Handle
  ducts_conv,                             !- Name
  central ac and furnace airloop_0 RetCondToRP, !- Output Variable or Output Meter Index Key Name
  Other Equipment Convective Heating Energy; !- Output Variable or Output Meter Name

OS:EnergyManagementSystem:Sensor,
  {0ddc88c0-f579-443c-8a94-216888c21b16}, !- Handle
  ducts_rad,                              !- Name
  central ac and furnace airloop_0 RetCondToRP, !- Output Variable or Output Meter Index Key Name
  Other Equipment Radiant Heating Energy; !- Output Variable or Output Meter Name

OS:EnergyManagementSystem:Sensor,
  {c1c377f9-19fa-4afe-bf42-d662fa98f152}, !- Handle
  ducts_conv_1,                           !- Name
  central ac and furnace airloop_0 RetLatLkToRP, !- Output Variable or Output Meter Index Key Name
  Other Equipment Convective Heating Energy; !- Output Variable or Output Meter Name

OS:EnergyManagementSystem:Sensor,
  {12e31811-ac59-4fa5-99c3-3c8dd346047b}, !- Handle
  ducts_rad_1,                            !- Name
  central ac and furnace airloop_0 RetLatLkToRP, !- Output Variable or Output Meter Index Key Name
  Other Equipment Radiant Heating Energy; !- Output Variable or Output Meter Name

OS:EnergyManagementSystem:Sensor,
  {ecd25e8a-b568-4b15-abeb-dfc33200323f}, !- Handle
  ducts_conv_2,                           !- Name
  central ac and furnace airloop_0 RetSensLkToRP, !- Output Variable or Output Meter Index Key Name
  Other Equipment Convective Heating Energy; !- Output Variable or Output Meter Name

OS:EnergyManagementSystem:Sensor,
  {33810634-1eb5-4659-9fbd-7bf18215a731}, !- Handle
  ducts_rad_2,                            !- Name
  central ac and furnace airloop_0 RetSensLkToRP, !- Output Variable or Output Meter Index Key Name
  Other Equipment Radiant Heating Energy; !- Output Variable or Output Meter Name

OS:EnergyManagementSystem:Sensor,
  {bfb1d848-1f45-477b-aef2-5f0d59528277}, !- Handle
  ducts_conv_3,                           !- Name
  central ac and furnace airloop_0 SupCondToLv, !- Output Variable or Output Meter Index Key Name
  Other Equipment Convective Heating Energy; !- Output Variable or Output Meter Name

OS:EnergyManagementSystem:Sensor,
  {2a4f9a04-b5cb-422b-9e6a-87bfcf30147c}, !- Handle
  ducts_rad_3,                            !- Name
  central ac and furnace airloop_0 SupCondToLv, !- Output Variable or Output Meter Index Key Name
  Other Equipment Radiant Heating Energy; !- Output Variable or Output Meter Name

OS:EnergyManagementSystem:Sensor,
  {535b2de1-4aa9-4410-b3fe-d5552b3fae5c}, !- Handle
  ducts_conv_4,                           !- Name
  central ac and furnace airloop_0 SupLatLkToCond, !- Output Variable or Output Meter Index Key Name
  Other Equipment Convective Heating Energy; !- Output Variable or Output Meter Name

OS:EnergyManagementSystem:Sensor,
  {182e0257-6424-4bcc-853c-a843b3811565}, !- Handle
  ducts_rad_4,                            !- Name
  central ac and furnace airloop_0 SupLatLkToCond, !- Output Variable or Output Meter Index Key Name
  Other Equipment Radiant Heating Energy; !- Output Variable or Output Meter Name

OS:EnergyManagementSystem:Sensor,
  {d7e0db2a-eb79-4826-bd7c-a77a2c61c990}, !- Handle
  ducts_conv_5,                           !- Name
  central ac and furnace airloop_0 SupSensLkToCond, !- Output Variable or Output Meter Index Key Name
  Other Equipment Convective Heating Energy; !- Output Variable or Output Meter Name

OS:EnergyManagementSystem:Sensor,
  {569893a3-ce81-428c-ad19-63be4a488402}, !- Handle
  ducts_rad_5,                            !- Name
  central ac and furnace airloop_0 SupSensLkToCond, !- Output Variable or Output Meter Index Key Name
  Other Equipment Radiant Heating Energy; !- Output Variable or Output Meter Name

OS:EnergyManagementSystem:Sensor,
  {e6226e81-f1ef-4b41-a25a-a9e5edb87330}, !- Handle
  ig_lgt_conv,                            !- Name
  interior lighting,                      !- Output Variable or Output Meter Index Key Name
  Lights Convective Heating Energy;       !- Output Variable or Output Meter Name

OS:EnergyManagementSystem:Sensor,
  {e97e32bb-75b4-4f4f-97c2-582f5c07280e}, !- Handle
  ig_lgt_rad,                             !- Name
  interior lighting,                      !- Output Variable or Output Meter Index Key Name
  Lights Radiant Heating Energy;          !- Output Variable or Output Meter Name

OS:EnergyManagementSystem:Sensor,
  {b41ab87f-146c-4d30-9ae5-1ad9cc1733e5}, !- Handle
  ig_lgt_vis,                             !- Name
  interior lighting,                      !- Output Variable or Output Meter Index Key Name
  Lights Visible Radiation Heating Energy; !- Output Variable or Output Meter Name

OS:EnergyManagementSystem:Sensor,
  {18592658-649b-48fe-a7f4-5664a6f33cc0}, !- Handle
  ig_ee_conv,                             !- Name
  ceiling fan,                            !- Output Variable or Output Meter Index Key Name
  Electric Equipment Convective Heating Energy; !- Output Variable or Output Meter Name

OS:EnergyManagementSystem:Sensor,
  {27e1003c-11ef-4734-b062-c315a33ea3a4}, !- Handle
  ig_ee_rad,                              !- Name
  ceiling fan,                            !- Output Variable or Output Meter Index Key Name
  Electric Equipment Radiant Heating Energy; !- Output Variable or Output Meter Name

OS:EnergyManagementSystem:Sensor,
  {1abc33c8-5753-4dc4-85a3-cfd75c7b6fef}, !- Handle
  ig_ee_conv_1,                           !- Name
  clothes dryer,                          !- Output Variable or Output Meter Index Key Name
  Electric Equipment Convective Heating Energy; !- Output Variable or Output Meter Name

OS:EnergyManagementSystem:Sensor,
  {a03b60a7-9962-471d-ac27-ca2688465921}, !- Handle
  ig_ee_rad_1,                            !- Name
  clothes dryer,                          !- Output Variable or Output Meter Index Key Name
  Electric Equipment Radiant Heating Energy; !- Output Variable or Output Meter Name

OS:EnergyManagementSystem:Sensor,
  {079719fc-842b-4985-827f-398a51bdbca2}, !- Handle
  ig_ee_conv_2,                           !- Name
  clothes washer,                         !- Output Variable or Output Meter Index Key Name
  Electric Equipment Convective Heating Energy; !- Output Variable or Output Meter Name

OS:EnergyManagementSystem:Sensor,
  {26670494-6469-4799-ab9b-620f37b6b004}, !- Handle
  ig_ee_rad_2,                            !- Name
  clothes washer,                         !- Output Variable or Output Meter Index Key Name
  Electric Equipment Radiant Heating Energy; !- Output Variable or Output Meter Name

OS:EnergyManagementSystem:Sensor,
  {9788a7f7-4117-4b10-a0e9-804b36c7fcf2}, !- Handle
  ig_ee_conv_3,                           !- Name
  cooking range,                          !- Output Variable or Output Meter Index Key Name
  Electric Equipment Convective Heating Energy; !- Output Variable or Output Meter Name

OS:EnergyManagementSystem:Sensor,
  {196ec084-8564-4cd2-acff-32d94a2e39f1}, !- Handle
  ig_ee_rad_3,                            !- Name
  cooking range,                          !- Output Variable or Output Meter Index Key Name
  Electric Equipment Radiant Heating Energy; !- Output Variable or Output Meter Name

OS:EnergyManagementSystem:Sensor,
  {e529149a-e452-4490-9a7b-f017de32e189}, !- Handle
  ig_ee_conv_4,                           !- Name
  dishwasher,                             !- Output Variable or Output Meter Index Key Name
  Electric Equipment Convective Heating Energy; !- Output Variable or Output Meter Name

OS:EnergyManagementSystem:Sensor,
  {874686ba-e2e1-40c3-96e1-e0161ff3aa94}, !- Handle
  ig_ee_rad_4,                            !- Name
  dishwasher,                             !- Output Variable or Output Meter Index Key Name
  Electric Equipment Radiant Heating Energy; !- Output Variable or Output Meter Name

OS:EnergyManagementSystem:Sensor,
  {3546aaf9-a74e-4955-ba68-f371f1251936}, !- Handle
  ig_ee_conv_5,                           !- Name
  fridge,                                 !- Output Variable or Output Meter Index Key Name
  Electric Equipment Convective Heating Energy; !- Output Variable or Output Meter Name

OS:EnergyManagementSystem:Sensor,
  {8bf0ba46-7c53-4bd2-af1f-4be179e5c46c}, !- Handle
  ig_ee_rad_5,                            !- Name
  fridge,                                 !- Output Variable or Output Meter Index Key Name
  Electric Equipment Radiant Heating Energy; !- Output Variable or Output Meter Name

OS:EnergyManagementSystem:Sensor,
  {3c019ed1-d738-4dd2-939f-9f7db47e3798}, !- Handle
  ig_ee_conv_6,                           !- Name
  misc plug loads,                        !- Output Variable or Output Meter Index Key Name
  Electric Equipment Convective Heating Energy; !- Output Variable or Output Meter Name

OS:EnergyManagementSystem:Sensor,
  {ab3a8069-e62d-4512-a25f-e192f575e76a}, !- Handle
  ig_ee_rad_6,                            !- Name
  misc plug loads,                        !- Output Variable or Output Meter Index Key Name
  Electric Equipment Radiant Heating Energy; !- Output Variable or Output Meter Name

OS:EnergyManagementSystem:Sensor,
  {dcf376b0-9563-4ce2-9b97-12f0bc77cdf6}, !- Handle
  ig_ee_conv_7,                           !- Name
  misc tv,                                !- Output Variable or Output Meter Index Key Name
  Electric Equipment Convective Heating Energy; !- Output Variable or Output Meter Name

OS:EnergyManagementSystem:Sensor,
  {4b84d295-23dc-43a0-9fda-048ff893a2be}, !- Handle
  ig_ee_rad_7,                            !- Name
  misc tv,                                !- Output Variable or Output Meter Index Key Name
  Electric Equipment Radiant Heating Energy; !- Output Variable or Output Meter Name

OS:EnergyManagementSystem:Sensor,
  {02f846e0-f4d9-4ed3-a018-cd1e021775f8}, !- Handle
  ig_ee_conv_8,                           !- Name
  whole house fan,                        !- Output Variable or Output Meter Index Key Name
  Electric Equipment Convective Heating Energy; !- Output Variable or Output Meter Name

OS:EnergyManagementSystem:Sensor,
  {83fb7942-ad95-4d07-a70d-c06d72dcd211}, !- Handle
  ig_ee_rad_8,                            !- Name
  whole house fan,                        !- Output Variable or Output Meter Index Key Name
  Electric Equipment Radiant Heating Energy; !- Output Variable or Output Meter Name

OS:EnergyManagementSystem:Sensor,
  {d85b8dd8-130e-4425-84b7-1fd5aba89844}, !- Handle
  ig_oe_conv,                             !- Name
  clothes dryer 1,                        !- Output Variable or Output Meter Index Key Name
  Other Equipment Convective Heating Energy; !- Output Variable or Output Meter Name

OS:EnergyManagementSystem:Sensor,
  {64d70b3c-8c3a-4afa-91b8-311f0eb67e41}, !- Handle
  ig_oe_rad,                              !- Name
  clothes dryer 1,                        !- Output Variable or Output Meter Index Key Name
  Other Equipment Radiant Heating Energy; !- Output Variable or Output Meter Name

OS:EnergyManagementSystem:Sensor,
  {f5cca8af-3c3a-4375-97c1-130ec17b95f9}, !- Handle
  ig_oe_conv_1,                           !- Name
  cooking range 1,                        !- Output Variable or Output Meter Index Key Name
  Other Equipment Convective Heating Energy; !- Output Variable or Output Meter Name

OS:EnergyManagementSystem:Sensor,
  {2d489d99-2e95-4039-bbd7-6eeb0127979a}, !- Handle
  ig_oe_rad_1,                            !- Name
  cooking range 1,                        !- Output Variable or Output Meter Index Key Name
  Other Equipment Radiant Heating Energy; !- Output Variable or Output Meter Name

OS:EnergyManagementSystem:Sensor,
  {81b35ace-8363-4a14-a52d-2ff1401ce957}, !- Handle
  ig_oe_conv_2,                           !- Name
  general water use latent,               !- Output Variable or Output Meter Index Key Name
  Other Equipment Convective Heating Energy; !- Output Variable or Output Meter Name

OS:EnergyManagementSystem:Sensor,
  {822b699d-92d6-495c-9e86-87b89542e43e}, !- Handle
  ig_oe_rad_2,                            !- Name
  general water use latent,               !- Output Variable or Output Meter Index Key Name
  Other Equipment Radiant Heating Energy; !- Output Variable or Output Meter Name

OS:EnergyManagementSystem:Sensor,
  {84286ff9-b47d-4bb0-95d3-0d2062c768eb}, !- Handle
  ig_oe_conv_3,                           !- Name
  general water use sensible,             !- Output Variable or Output Meter Index Key Name
  Other Equipment Convective Heating Energy; !- Output Variable or Output Meter Name

OS:EnergyManagementSystem:Sensor,
  {281cc2dc-ca7b-4b83-b7e9-883252b8b4cb}, !- Handle
  ig_oe_rad_3,                            !- Name
  general water use sensible,             !- Output Variable or Output Meter Index Key Name
  Other Equipment Radiant Heating Energy; !- Output Variable or Output Meter Name

OS:EnergyManagementSystem:Sensor,
  {1b01a5b4-23a7-4b80-8449-3d98d8140558}, !- Handle
  ig_ppl_conv,                            !- Name
  occupants,                              !- Output Variable or Output Meter Index Key Name
  People Convective Heating Energy;       !- Output Variable or Output Meter Name

OS:EnergyManagementSystem:Sensor,
  {770381f0-3e62-404a-86fd-86103d5f074e}, !- Handle
  ig_ppl_rad,                             !- Name
  occupants,                              !- Output Variable or Output Meter Index Key Name
  People Radiant Heating Energy;          !- Output Variable or Output Meter Name

OS:EnergyManagementSystem:Sensor,
  {9c109425-1963-4a48-848d-1fcff436ca70}, !- Handle
  tin_s_1,                                !- Name
  conditioned space,                      !- Output Variable or Output Meter Index Key Name
  Zone Mean Air Temperature;              !- Output Variable or Output Meter Name

OS:EnergyManagementSystem:Sensor,
  {c1162505-76df-4cc1-87ae-3acddea4e1b4}, !- Handle
  htg_sp_s_1,                             !- Name
  heating setpoint,                       !- Output Variable or Output Meter Index Key Name
  Schedule Value;                         !- Output Variable or Output Meter Name

OS:EnergyManagementSystem:Sensor,
  {a3fa0f4f-9d3d-4014-af53-fec7306fe7f0}, !- Handle
  clg_sp_s_1,                             !- Name
  cooling setpoint,                       !- Output Variable or Output Meter Index Key Name
  Schedule Value;                         !- Output Variable or Output Meter Name

OS:EnergyManagementSystem:ProgramCallingManager,
  {2eee1f20-579a-4338-aa66-f76d8d8db8ff}, !- Handle
  component_loads_program_calling_manager, !- Name
  EndOfZoneTimestepAfterZoneReporting,    !- EnergyPlus Model Calling Point
  {1f4922a3-d077-44e7-a70c-e0afdb407b7b}; !- Program Name 1

OS:AdditionalProperties,
  {97c320b6-87bb-495d-998e-917c3ff844d7}, !- Handle
  {1f847f7d-2486-4ad6-b730-87bde145214d}; !- Object Name

OS:AdditionalProperties,
  {c7ecda11-2126-471b-a4d5-beaf68659049}, !- Handle
  {2a0032ef-5f01-4a4d-9503-05b7fa4169c3}; !- Object Name

OS:AdditionalProperties,
  {f48d3742-3e17-4d03-becf-ea1b72005a18}, !- Handle
  {517444bb-6a3c-47f2-b551-66403208bd4e}; !- Object Name

OS:AdditionalProperties,
  {6a5a82bc-f7e3-4181-b52a-4614febc0433}, !- Handle
  {5e55bdd9-6cfe-40d8-9ff3-d6cc8a9ab934}; !- Object Name

OS:AdditionalProperties,
  {03f2e300-e698-415f-b75b-3ae3b66f6dd8}, !- Handle
  {5945dd40-4dfe-4236-9d39-719aaa666fb6}; !- Object Name

OS:AdditionalProperties,
  {81cba0f3-d97e-4f1a-bdd5-1ffb0af2e0db}, !- Handle
  {ef8aeffa-98e1-4cfc-8908-d07f532f9a70}; !- Object Name

OS:AdditionalProperties,
  {6aa11b2e-ef32-4860-b7ee-40b72402cb22}, !- Handle
  {e0e67ecf-5836-45e6-9cc5-aa67597cec76}; !- Object Name

OS:AdditionalProperties,
  {226c019a-a55c-45f0-a859-6fd6d53c3e79}, !- Handle
  {a35370d1-8af0-4e40-a372-88fc6a3befd5}; !- Object Name

OS:AdditionalProperties,
  {677e9ed0-4c63-46f5-af71-0d3d0030a844}, !- Handle
  {b4d36579-106b-476a-a4cb-c64fdfec99c9}; !- Object Name

OS:AdditionalProperties,
  {cbcbe3c3-c0c6-4835-9e61-e139f888d0f8}, !- Handle
  {138031cc-4f87-448e-99f6-eb1f8a532733}; !- Object Name

OS:AdditionalProperties,
  {6c00bedd-191f-4105-bc9d-0ef3ad3e7c4c}, !- Handle
  {8f18cb2a-558b-4f33-ae5b-ce8c90b20edd}; !- Object Name

OS:AdditionalProperties,
  {c98912ac-979f-4ee0-b884-b3e8c73bdbf1}, !- Handle
  {e264999b-3f54-4579-b2ac-ae6606b94d1c}; !- Object Name

OS:AdditionalProperties,
  {abed16cb-11be-4493-b285-594a2f87c5a3}, !- Handle
  {a3f11ed5-e8cf-4c7c-b806-072235166f88}; !- Object Name

OS:AdditionalProperties,
  {6189484c-ba31-453e-89a4-8fcf676b8cb9}, !- Handle
  {1bf39c29-9286-4060-bd92-1b68727380e7}; !- Object Name

OS:AdditionalProperties,
  {3c142836-47d5-4dcb-a1e7-905c9c9bf6f4}, !- Handle
  {6c474744-d3a5-446f-8266-b5b4cd703cb6}; !- Object Name

OS:AdditionalProperties,
  {cdca881e-b328-42fa-a2c5-f9059851d4a9}, !- Handle
  {e74618b2-0fa7-4fcc-b042-21cf94c89234}; !- Object Name

OS:AdditionalProperties,
  {19dc951c-b109-492b-a70c-2634b1797877}, !- Handle
  {185c3355-ffb8-4e12-88fd-ac6f9f4bbfa2}; !- Object Name

OS:AdditionalProperties,
  {f241ec07-c3e4-4abb-9c55-9e092fb46fd1}, !- Handle
  {89dd8e8b-82e4-4e24-99f2-66a774d7bc54}; !- Object Name

OS:AdditionalProperties,
  {3dd0a817-8fdd-42d8-898d-81c33a359205}, !- Handle
  {6fa4548c-6425-45d1-932c-33fd66c6fe48}; !- Object Name

OS:AdditionalProperties,
  {c3c02044-134e-42f7-8d09-1f1111d93160}, !- Handle
  {a02403d8-deb1-4c85-a4c8-984789664f9b}; !- Object Name

OS:AdditionalProperties,
  {debdc2f6-af9d-4dc8-92ac-8875ea537c50}, !- Handle
  {9f3abc42-4399-4a06-bd80-2fa8d6443c26}; !- Object Name

OS:AdditionalProperties,
  {c18d7013-af61-4cb3-bf48-950cb01c0944}, !- Handle
  {e70292fe-41dd-4679-96c7-961a197b78f9}; !- Object Name

OS:AdditionalProperties,
  {81ca291b-cdf0-4fa9-9f4d-93d47f5eada4}, !- Handle
  {110f7793-aa09-43f4-8cf3-fac528ba9a58}; !- Object Name

OS:EnergyManagementSystem:Program,
  {a6874f7d-6657-416e-a167-48d09ee4f1e0}, !- Handle
  total_airflows_program,                 !- Name
  Set total_infil_flow_rate = 0,          !- Program Line 1
  Set total_mechvent_flow_rate = 0,       !- Program Line 2
  Set total_natvent_flow_rate = 0,        !- Program Line 3
  Set total_whf_flow_rate = 0,            !- Program Line 4
  Set total_infil_flow_rate = total_infil_flow_rate + (infil_program_Qinf * 1), !- Program Line 5
  Set total_mechvent_flow_rate = total_mechvent_flow_rate + (infil_program_Qfan * 1), !- Program Line 6
  Set total_natvent_flow_rate = total_natvent_flow_rate + (natural_vent_program_Qnv * 1), !- Program Line 7
  Set total_whf_flow_rate = total_whf_flow_rate + (natural_vent_program_Qwhf * 1); !- Program Line 8

OS:AdditionalProperties,
  {6c645f38-3318-468e-8e97-ac91b2f31061}, !- Handle
  {a6874f7d-6657-416e-a167-48d09ee4f1e0}, !- Object Name
  ObjectType,                             !- Feature Name 1
  String,                                 !- Feature Data Type 1
  total airflows program;                 !- Feature Value 1

OS:EnergyManagementSystem:ProgramCallingManager,
  {313dd462-2b20-44d4-8d71-ca7a0486c6b5}, !- Handle
  total_airflows_program_calling_manager, !- Name
  EndOfZoneTimestepAfterZoneReporting,    !- EnergyPlus Model Calling Point
  {a6874f7d-6657-416e-a167-48d09ee4f1e0}; !- Program Name 1

OS:Output:JSON,
  {7e8a1ebe-6753-49e8-8a4c-387b51527077}, !- Handle
  TimeSeriesAndTabular,                   !- Option Type
  No,                                     !- Output JSON
  No,                                     !- Output CBOR
  Yes;                                    !- Output MessagePack

OS:OutputControl:Files,
  {39687e19-c727-447f-b33a-1fb205e413f7}, !- Handle
  No,                                     !- Output CSV
  No,                                     !- Output MTR
  No,                                     !- Output ESO
  No,                                     !- Output EIO
  No,                                     !- Output Tabular
  No,                                     !- Output SQLite
  Yes,                                    !- Output JSON
  No,                                     !- Output AUDIT
  Yes,                                    !- Output Space Sizing
  Yes,                                    !- Output Zone Sizing
  Yes,                                    !- Output System Sizing
  Yes,                                    !- Output DXF
  No,                                     !- Output BND
  No,                                     !- Output RDD
  No,                                     !- Output MDD
  No,                                     !- Output MTD
  No,                                     !- Output SHD
  Yes,                                    !- Output DFS
  Yes,                                    !- Output GLHE
  Yes,                                    !- Output DelightIn
  Yes,                                    !- Output DelightELdmp
  Yes,                                    !- Output DelightDFdmp
  Yes,                                    !- Output EDD
  Yes,                                    !- Output DBG
  No,                                     !- Output PerfLog
  Yes,                                    !- Output SLN
  Yes,                                    !- Output SCI
  Yes,                                    !- Output WRL
  Yes,                                    !- Output Screen
  Yes,                                    !- Output ExtShd
  Yes;                                    !- Output Tarcog

OS:Building,
  {dd224612-6cd7-4d95-9640-8abd5bd2741b}, !- Handle
  Building 1,                             !- Name
  ,                                       !- Building Sector Type
  ,                                       !- North Axis {deg}
  ,                                       !- Nominal Floor to Floor Height {m}
  ,                                       !- Space Type Name
  ,                                       !- Default Construction Set Name
  ;                                       !- Default Schedule Set Name

OS:AdditionalProperties,
  {1d66d65b-3f70-442a-93b5-a1a1968afc9d}, !- Handle
  {dd224612-6cd7-4d95-9640-8abd5bd2741b}, !- Object Name
  hpxml_path,                             !- Feature Name 1
  String,                                 !- Feature Data Type 1
  /var/simdata/openstudio/run/home.xml,   !- Feature Value 1
  hpxml_defaults_path,                    !- Feature Name 2
  String,                                 !- Feature Data Type 2
  /var/simdata/openstudio/run/in.xml,     !- Feature Value 2
  building_id,                            !- Feature Name 3
  String,                                 !- Feature Data Type 3
  ,                                       !- Feature Value 3
  emissions_scenario_names,               !- Feature Name 4
  String,                                 !- Feature Data Type 4
  ["AER_HighRECost_Avg"&#44 "AER_HighRECostLowNGPrice_Avg"&#44 "AER_LowRECost_Avg"&#44 "AER_LowRECostHighNGPrice_Avg"&#44 "AER_MidCase_Avg"&#44 "LRMER_HighRECost_15"&#44 "LRMER_HighRECost_25"&#44 "LRMER_HighRECostLowNGPrice_15"&#44 "LRMER_HighRECostLowNGPrice_25"&#44 "LRMER_LowRECost_15"&#44 "LRMER_LowRECost_25"&#44 "LRMER_LowRECostHighNGPrice_15"&#44 "LRMER_LowRECostHighNGPrice_25"&#44 "LRMER_MidCase_15"&#44 "LRMER_MidCase_25"], !- Feature Value 4
  emissions_scenario_types,               !- Feature Name 5
  String,                                 !- Feature Data Type 5
  ["CO2e"&#44 "CO2e"&#44 "CO2e"&#44 "CO2e"&#44 "CO2e"&#44 "CO2e"&#44 "CO2e"&#44 "CO2e"&#44 "CO2e"&#44 "CO2e"&#44 "CO2e"&#44 "CO2e"&#44 "CO2e"&#44 "CO2e"&#44 "CO2e"], !- Feature Value 5
  heated_zones,                           !- Feature Name 6
  String,                                 !- Feature Data Type 6
  ["conditioned space"],                  !- Feature Value 6
  cooled_zones,                           !- Feature Name 7
  String,                                 !- Feature Data Type 7
  ["conditioned space"],                  !- Feature Value 7
  is_southern_hemisphere,                 !- Feature Name 8
  Boolean,                                !- Feature Data Type 8
  false;                                  !- Feature Value 8

OS:Meter:Custom,
  {6f51eaa8-c810-4a39-85f5-376ea09fb42f}, !- Handle
  Electricity:Total,                      !- Name
  Electricity,                            !- Fuel Type
  ,                                       !- Key Name 1
  Electricity:Facility;                   !- Output Variable or Meter Name 1

OS:Meter:Custom,
  {e7c23397-cce1-42b9-bd01-80a56d2fdc83}, !- Handle
  Electricity:Net,                        !- Name
  Electricity,                            !- Fuel Type
  ,                                       !- Key Name 1
  Electricity:Facility;                   !- Output Variable or Meter Name 1

