
OS:Version,
  {c3b26242-859e-44fd-a86a-07590bf6028f}, !- Handle
  3.9.0;                                  !- Version Identifier

OS:SimulationControl,
  {a3809d67-248f-402d-b8bc-03654780a7c5}, !- Handle
  ,                                       !- Do Zone Sizing Calculation
  ,                                       !- Do System Sizing Calculation
  ,                                       !- Do Plant Sizing Calculation
  No;                                     !- Run Simulation for Sizing Periods

OS:Timestep,
  {2f6a003d-d7b3-491a-8bfa-daeea21c5f25}, !- Handle
  4;                                      !- Number of Timesteps per Hour

OS:ShadowCalculation,
  {3f0d5d3b-88b2-4eda-9147-b8f9d3285c5a}, !- Handle
  PolygonClipping,                        !- Shading Calculation Method
  ,                                       !- Shading Calculation Update Frequency Method
  20,                                     !- Shading Calculation Update Frequency
  200,                                    !- Maximum Figures in Shadow Overlap Calculations
  ,                                       !- Polygon Clipping Algorithm
  512,                                    !- Pixel Counting Resolution
  ,                                       !- Sky Diffuse Modeling Algorithm
  No,                                     !- Output External Shading Calculation Results
  No,                                     !- Disable Self-Shading Within Shading Zone Groups
  No;                                     !- Disable Self-Shading From Shading Zone Groups to Other Zones

OS:SurfaceConvectionAlgorithm:Outside,
  {834da324-4d9f-4ba2-8e9c-5d11ffe5b54f}, !- Handle
  DOE-2;                                  !- Algorithm

OS:SurfaceConvectionAlgorithm:Inside,
  {9297c649-ae8d-4c24-ac34-0d62b4dbef8c}, !- Handle
  TARP;                                   !- Algorithm

OS:ZoneCapacitanceMultiplier:ResearchSpecial,
  {db8b395a-d679-41d1-ba70-e99cf4f7af5d}, !- Handle
  7,                                      !- Temperature Capacity Multiplier
  15,                                     !- Humidity Capacity Multiplier
  ;                                       !- Carbon Dioxide Capacity Multiplier

OS:ConvergenceLimits,
  {354f126d-4c51-4442-9bdc-20ffe268f41f}, !- Handle
  0;                                      !- Minimum System Timestep {minutes}

OS:RunPeriod,
  {624972d1-e029-4b4d-8323-cffd53234c56}, !- Handle
  Run Period 1,                           !- Name
  1,                                      !- Begin Month
  1,                                      !- Begin Day of Month
  12,                                     !- End Month
  31,                                     !- End Day of Month
  ,                                       !- Use Weather File Holidays and Special Days
  ,                                       !- Use Weather File Daylight Saving Period
  ,                                       !- Apply Weekend Holiday Rule
  ,                                       !- Use Weather File Rain Indicators
  ,                                       !- Use Weather File Snow Indicators
  ;                                       !- Number of Times Runperiod to be Repeated

OS:PerformancePrecisionTradeoffs,
  {9c188a03-889b-4f16-af22-a9a4e36fcf42}, !- Handle
  ,                                       !- Use Coil Direct Solutions
  CarrollMRT;                             !- Zone Radiant Exchange Algorithm

OS:WeatherFile,
  {c91d12ad-9e52-4fb5-8637-076ee53705cc}, !- Handle
  Portland Intl Arpt,                     !- City
  OR,                                     !- State Province Region
  USA,                                    !- Country
  customized weather file,                !- Data Source
  726980,                                 !- WMO Number
  45.59,                                  !- Latitude {deg}
  -122.6,                                 !- Longitude {deg}
  -8,                                     !- Time Zone {hr}
  33,                                     !- Elevation {m}
  /weather/G4100510.epw,                  !- Url
  23418E60,                               !- Checksum
  2018,                                   !- Start Date Actual Year
  Monday;                                 !- Start Day of Week

OS:YearDescription,
  {28515a67-4069-4868-83a6-146c7f2ee7bd}, !- Handle
  2018,                                   !- Calendar Year
  ,                                       !- Day of Week for Start Day
  ;                                       !- Is Leap Year

OS:Site,
  {f6ea1b06-8752-4de9-970a-1d7ec5af9968}, !- Handle
  Portland Intl Arpt_OR,                  !- Name
  45.59,                                  !- Latitude {deg}
  -122.6,                                 !- Longitude {deg}
  -8,                                     !- Time Zone {hr}
  33,                                     !- Elevation {m}
  Suburbs,                                !- Terrain
  Yes;                                    !- Keep Site Location Information

OS:RunPeriodControl:DaylightSavingTime,
  {78725ee5-ee3b-4719-a771-33056d04ddbe}, !- Handle
  Mar 11,                                 !- Start Date
  Nov 4;                                  !- End Date

OS:Site:GroundTemperature:Shallow,
  {5dea0245-3a0f-4e48-b121-0b2acf2ff2f6}, !- Handle
  10.2558044641633,                       !- January Surface Ground Temperature {C}
  8.96328398056839,                       !- February Surface Ground Temperature {C}
  8.85977430498792,                       !- March Surface Ground Temperature {C}
  9.47314131759795,                       !- April Surface Ground Temperature {C}
  11.9354680782591,                       !- May Surface Ground Temperature {C}
  14.3863242762951,                       !- June Surface Ground Temperature {C}
  16.5110856158237,                       !- July Surface Ground Temperature {C}
  17.857069666975,                        !- August Surface Ground Temperature {C}
  17.9714184050852,                       !- September Surface Ground Temperature {C}
  16.8766866085166,                       !- October Surface Ground Temperature {C}
  14.8061079306247,                       !- November Surface Ground Temperature {C}
  12.4304340182317;                       !- December Surface Ground Temperature {C}

OS:ThermalZone,
  {1a0e0e6f-18af-4b33-ae1d-1b97d396df86}, !- Handle
  conditioned space,                      !- Name
  1,                                      !- Multiplier
  ,                                       !- Ceiling Height {m}
  278.184700919808,                       !- Volume {m3}
  ,                                       !- Floor Area {m2}
  ,                                       !- Zone Inside Convection Algorithm
  ,                                       !- Zone Outside Convection Algorithm
  ,                                       !- Zone Conditioning Equipment List Name
  {5257b069-3ae5-421b-8a18-60132fa185e0}, !- Zone Air Inlet Port List
  {241f9f63-d677-4668-84b0-1907ab7cddc5}, !- Zone Air Exhaust Port List
  {5591ac09-3dde-4265-bccc-e634f8019787}, !- Zone Air Node Name
  {b55997e6-deee-4026-9b53-47856a3507b2}, !- Zone Return Air Port List
  ,                                       !- Primary Daylighting Control Name
  ,                                       !- Fraction of Zone Controlled by Primary Daylighting Control
  ,                                       !- Secondary Daylighting Control Name
  ,                                       !- Fraction of Zone Controlled by Secondary Daylighting Control
  ,                                       !- Illuminance Map Name
  ,                                       !- Group Rendering Name
  {7e4f2a0d-6e4f-45fb-a842-2c347419f3dc}, !- Thermostat Name
  No;                                     !- Use Ideal Air Loads

OS:Node,
  {fb64ee15-9344-459e-97f3-a78f44648ebe}, !- Handle
  Node 1,                                 !- Name
  {5591ac09-3dde-4265-bccc-e634f8019787}, !- Inlet Port
  ;                                       !- Outlet Port

OS:Connection,
  {5591ac09-3dde-4265-bccc-e634f8019787}, !- Handle
  {1a0e0e6f-18af-4b33-ae1d-1b97d396df86}, !- Source Object
  11,                                     !- Outlet Port
  {fb64ee15-9344-459e-97f3-a78f44648ebe}, !- Target Object
  2;                                      !- Inlet Port

OS:PortList,
  {5257b069-3ae5-421b-8a18-60132fa185e0}, !- Handle
  {1a0e0e6f-18af-4b33-ae1d-1b97d396df86}, !- HVAC Component
  {1de56b04-235d-4d08-b3c4-d907137bdf5d}; !- Port 1

OS:PortList,
  {241f9f63-d677-4668-84b0-1907ab7cddc5}, !- Handle
  {1a0e0e6f-18af-4b33-ae1d-1b97d396df86}; !- HVAC Component

OS:PortList,
  {b55997e6-deee-4026-9b53-47856a3507b2}, !- Handle
  {1a0e0e6f-18af-4b33-ae1d-1b97d396df86}, !- HVAC Component
  {f33163fd-22cc-4d91-87ed-56b6bae32561}; !- Port 1

OS:Sizing:Zone,
  {0b50847e-d690-4045-a80d-2605e565e8bd}, !- Handle
  {1a0e0e6f-18af-4b33-ae1d-1b97d396df86}, !- Zone or ZoneList Name
  SupplyAirTemperature,                   !- Zone Cooling Design Supply Air Temperature Input Method
  14,                                     !- Zone Cooling Design Supply Air Temperature {C}
  11.11,                                  !- Zone Cooling Design Supply Air Temperature Difference {deltaC}
  SupplyAirTemperature,                   !- Zone Heating Design Supply Air Temperature Input Method
  40,                                     !- Zone Heating Design Supply Air Temperature {C}
  11.11,                                  !- Zone Heating Design Supply Air Temperature Difference {deltaC}
  0.0085,                                 !- Zone Cooling Design Supply Air Humidity Ratio {kg-H2O/kg-air}
  0.008,                                  !- Zone Heating Design Supply Air Humidity Ratio {kg-H2O/kg-air}
  ,                                       !- Zone Heating Sizing Factor
  ,                                       !- Zone Cooling Sizing Factor
  DesignDay,                              !- Cooling Design Air Flow Method
  ,                                       !- Cooling Design Air Flow Rate {m3/s}
  ,                                       !- Cooling Minimum Air Flow per Zone Floor Area {m3/s-m2}
  ,                                       !- Cooling Minimum Air Flow {m3/s}
  ,                                       !- Cooling Minimum Air Flow Fraction
  DesignDay,                              !- Heating Design Air Flow Method
  ,                                       !- Heating Design Air Flow Rate {m3/s}
  ,                                       !- Heating Maximum Air Flow per Zone Floor Area {m3/s-m2}
  ,                                       !- Heating Maximum Air Flow {m3/s}
  ,                                       !- Heating Maximum Air Flow Fraction
  No,                                     !- Account for Dedicated Outdoor Air System
  NeutralSupplyAir,                       !- Dedicated Outdoor Air System Control Strategy
  autosize,                               !- Dedicated Outdoor Air Low Setpoint Temperature for Design {C}
  autosize,                               !- Dedicated Outdoor Air High Setpoint Temperature for Design {C}
  Sensible Load Only No Latent Load,      !- Zone Load Sizing Method
  HumidityRatioDifference,                !- Zone Latent Cooling Design Supply Air Humidity Ratio Input Method
  ,                                       !- Zone Dehumidification Design Supply Air Humidity Ratio {kgWater/kgDryAir}
  0.005,                                  !- Zone Cooling Design Supply Air Humidity Ratio Difference {kgWater/kgDryAir}
  HumidityRatioDifference,                !- Zone Latent Heating Design Supply Air Humidity Ratio Input Method
  ,                                       !- Zone Humidification Design Supply Air Humidity Ratio {kgWater/kgDryAir}
  0.005,                                  !- Zone Humidification Design Supply Air Humidity Ratio Difference {kgWater/kgDryAir}
  ,                                       !- Zone Humidistat Dehumidification Set Point Schedule Name
  ,                                       !- Zone Humidistat Humidification Set Point Schedule Name
  ,                                       !- Design Zone Air Distribution Effectiveness in Cooling Mode
  ,                                       !- Design Zone Air Distribution Effectiveness in Heating Mode
  ,                                       !- Design Zone Secondary Recirculation Fraction {dimensionless}
  ,                                       !- Design Minimum Zone Ventilation Efficiency {dimensionless}
  Coincident;                             !- Sizing Option

OS:ZoneHVAC:EquipmentList,
  {4a2fafb1-c181-41e2-9ca2-a3076f5ded85}, !- Handle
  Zone HVAC Equipment List 1,             !- Name
  {1a0e0e6f-18af-4b33-ae1d-1b97d396df86}, !- Thermal Zone
  ,                                       !- Load Distribution Scheme
  {59d4472a-4d89-405c-a340-0524fc22e4cb}, !- Zone Equipment 1
  1,                                      !- Zone Equipment Cooling Sequence 1
  1,                                      !- Zone Equipment Heating or No-Load Sequence 1
  {a2de1f67-5c77-41a3-ac3a-89116bd3c678}, !- Zone Equipment Sequential Cooling Fraction Schedule Name 1
  {356fa89d-151d-4e45-a93e-5dc81986193b}; !- Zone Equipment Sequential Heating Fraction Schedule Name 1

OS:AdditionalProperties,
  {2eb5d374-98d8-488e-8016-29f1130d1e5f}, !- Handle
  {1a0e0e6f-18af-4b33-ae1d-1b97d396df86}, !- Object Name
  ObjectType,                             !- Feature Name 1
  String,                                 !- Feature Data Type 1
  conditioned space;                      !- Feature Value 1

OS:Space,
  {2a39777d-1ff3-44fb-8798-def5ffbb9546}, !- Handle
  conditioned space 1,                    !- Name
  ,                                       !- Space Type Name
  ,                                       !- Default Construction Set Name
  ,                                       !- Default Schedule Set Name
  ,                                       !- Direction of Relative North {deg}
  ,                                       !- X Origin {m}
  ,                                       !- Y Origin {m}
  ,                                       !- Z Origin {m}
  ,                                       !- Building Story Name
  {1a0e0e6f-18af-4b33-ae1d-1b97d396df86}, !- Thermal Zone Name
  ,                                       !- Part of Total Floor Area
  ,                                       !- Design Specification Outdoor Air Object Name
  ,                                       !- Building Unit Name
  278.184700919808;                       !- Volume {m3}

OS:Schedule:Ruleset,
  {54f14da1-b995-4bb3-8aed-ca4eee588548}, !- Handle
  heating setpoint,                       !- Name
  {6c875a2c-d94a-437a-bb9e-15db9592e960}, !- Schedule Type Limits Name
  {38422093-a4c9-4b20-9f8c-8674384c36df}; !- Default Day Schedule Name

OS:Schedule:Day,
  {38422093-a4c9-4b20-9f8c-8674384c36df}, !- Handle
  heating setpoint default day,           !- Name
  {6c875a2c-d94a-437a-bb9e-15db9592e960}, !- Schedule Type Limits Name
  ,                                       !- Interpolate to Timestep
  24,                                     !- Hour 1
  0,                                      !- Minute 1
  0;                                      !- Value Until Time 1

OS:Schedule:Rule,
  {1d414e0d-9d84-467f-85ca-088be25cbd95}, !- Handle
  heating setpoint allday rule,           !- Name
  {54f14da1-b995-4bb3-8aed-ca4eee588548}, !- Schedule Ruleset Name
  0,                                      !- Rule Order
  {22a13a4c-16e7-4c6d-b485-33200f5409c3}, !- Day Schedule Name
  Yes,                                    !- Apply Sunday
  Yes,                                    !- Apply Monday
  Yes,                                    !- Apply Tuesday
  Yes,                                    !- Apply Wednesday
  Yes,                                    !- Apply Thursday
  Yes,                                    !- Apply Friday
  Yes,                                    !- Apply Saturday
  DateRange,                              !- Date Specification Type
  1,                                      !- Start Month
  1,                                      !- Start Day
  12,                                     !- End Month
  31;                                     !- End Day

OS:Schedule:Day,
  {22a13a4c-16e7-4c6d-b485-33200f5409c3}, !- Handle
  heating setpoint day,                   !- Name
  {6c875a2c-d94a-437a-bb9e-15db9592e960}, !- Schedule Type Limits Name
  ,                                       !- Interpolate to Timestep
  1,                                      !- Hour 1
  0,                                      !- Minute 1
  21.1111111111111,                       !- Value Until Time 1
  10,                                     !- Hour 2
  0,                                      !- Minute 2
  19.4444444444444,                       !- Value Until Time 2
  24,                                     !- Hour 3
  0,                                      !- Minute 3
  21.1111111111111;                       !- Value Until Time 3

OS:Schedule:Ruleset,
  {bd979067-fef4-4860-9698-c85129e4c572}, !- Handle
  cooling setpoint,                       !- Name
  {6c875a2c-d94a-437a-bb9e-15db9592e960}, !- Schedule Type Limits Name
  {bd70f284-99ec-4443-8aa3-1a84d0c33940}; !- Default Day Schedule Name

OS:Schedule:Day,
  {bd70f284-99ec-4443-8aa3-1a84d0c33940}, !- Handle
  cooling setpoint default day,           !- Name
  {6c875a2c-d94a-437a-bb9e-15db9592e960}, !- Schedule Type Limits Name
  ,                                       !- Interpolate to Timestep
  24,                                     !- Hour 1
  0,                                      !- Minute 1
  0;                                      !- Value Until Time 1

OS:Schedule:Rule,
  {7aa120d2-a4a4-45a0-901a-2ed2fadc4144}, !- Handle
  cooling setpoint allday rule,           !- Name
  {bd979067-fef4-4860-9698-c85129e4c572}, !- Schedule Ruleset Name
  0,                                      !- Rule Order
  {f582c719-aae1-484d-a020-583072eff213}, !- Day Schedule Name
  Yes,                                    !- Apply Sunday
  Yes,                                    !- Apply Monday
  Yes,                                    !- Apply Tuesday
  Yes,                                    !- Apply Wednesday
  Yes,                                    !- Apply Thursday
  Yes,                                    !- Apply Friday
  Yes,                                    !- Apply Saturday
  DateRange,                              !- Date Specification Type
  1,                                      !- Start Month
  1,                                      !- Start Day
  12,                                     !- End Month
  31;                                     !- End Day

OS:Schedule:Day,
  {f582c719-aae1-484d-a020-583072eff213}, !- Handle
  cooling setpoint day,                   !- Name
  {6c875a2c-d94a-437a-bb9e-15db9592e960}, !- Schedule Type Limits Name
  ,                                       !- Interpolate to Timestep
  24,                                     !- Hour 1
  0,                                      !- Minute 1
  21.1111111111111;                       !- Value Until Time 1

OS:ThermostatSetpoint:DualSetpoint,
  {7e4f2a0d-6e4f-45fb-a842-2c347419f3dc}, !- Handle
  conditioned space temperature setpoint, !- Name
  {54f14da1-b995-4bb3-8aed-ca4eee588548}, !- Heating Setpoint Temperature Schedule Name
  {bd979067-fef4-4860-9698-c85129e4c572}, !- Cooling Setpoint Temperature Schedule Name
  0;                                      !- Temperature Difference Between Cutout And Setpoint {deltaC}

OS:ScheduleTypeLimits,
  {6c875a2c-d94a-437a-bb9e-15db9592e960}, !- Handle
  Temperature,                            !- Name
  ,                                       !- Lower Limit Value
  ,                                       !- Upper Limit Value
  Continuous,                             !- Numeric Type
  Temperature;                            !- Unit Type

OS:Surface,
  {6f1ae53a-5bb1-45b5-93a5-82fb953892b4}, !- Handle
  Roof1,                                  !- Name
  RoofCeiling,                            !- Surface Type
  {1be7d207-45fd-48af-b7fc-617db9f7c627}, !- Construction Name
  {2a39777d-1ff3-44fb-8798-def5ffbb9546}, !- Space Name
  Outdoors,                               !- Outside Boundary Condition
  ,                                       !- Outside Boundary Condition Object
  SunExposed,                             !- Sun Exposure
  WindExposed,                            !- Wind Exposure
  ,                                       !- View Factor to Ground
  ,                                       !- Number of Vertices
  -5.34052743462666, 5.34052743462666, 2.7432, !- X,Y,Z Vertex 1 {m}
  -5.34052743462666, -5.34052743462666, 2.7432, !- X,Y,Z Vertex 2 {m}
  5.34052743462666, -5.34052743462666, 2.7432, !- X,Y,Z Vertex 3 {m}
  5.34052743462666, 5.34052743462666, 2.7432; !- X,Y,Z Vertex 4 {m}

OS:AdditionalProperties,
  {687d6462-e2ed-4449-983f-52fff1fe472d}, !- Handle
  {6f1ae53a-5bb1-45b5-93a5-82fb953892b4}, !- Object Name
  Length,                                 !- Feature Name 1
  Double,                                 !- Feature Data Type 1
  35.042830935870462,                     !- Feature Value 1
  Width,                                  !- Feature Name 2
  Double,                                 !- Feature Data Type 2
  35.042830935870462,                     !- Feature Value 2
  Azimuth,                                !- Feature Name 3
  Integer,                                !- Feature Data Type 3
  0,                                      !- Feature Value 3
  Tilt,                                   !- Feature Name 4
  Double,                                 !- Feature Data Type 4
  0,                                      !- Feature Value 4
  SurfaceType,                            !- Feature Name 5
  String,                                 !- Feature Data Type 5
  Roof;                                   !- Feature Value 5

OS:Material,
  {bf482a81-27f9-442c-91d6-79ff4e65516e}, !- Handle
  asphalt or fiberglass shingles,         !- Name
  Rough,                                  !- Roughness
  0.00635,                                !- Thickness {m}
  0.162714,                               !- Conductivity {W/m-K}
  1121.4,                                 !- Density {kg/m3}
  1465.45,                                !- Specific Heat {J/kg-K}
  0.9,                                    !- Thermal Absorptance
  0.85,                                   !- Solar Absorptance
  0.85;                                   !- Visible Absorptance

OS:Material,
  {e7208c39-53a8-4b75-bb52-919511c950fb}, !- Handle
  osb sheathing 0.75 in.,                 !- Name
  Rough,                                  !- Roughness
  0.01905,                                !- Thickness {m}
  0.1154577,                              !- Conductivity {W/m-K}
  512.64,                                 !- Density {kg/m3}
  1214.23,                                !- Specific Heat {J/kg-K}
  0.9,                                    !- Thermal Absorptance
  0.7,                                    !- Solar Absorptance
  0.7;                                    !- Visible Absorptance

OS:Material,
  {fa59d012-3198-430b-ac25-b9fc500013ff}, !- Handle
  roof stud and cavity,                   !- Name
  Rough,                                  !- Roughness
  0.2032,                                 !- Thickness {m}
  1.02180562676189,                       !- Conductivity {W/m-K}
  78.34581,                               !- Density {kg/m3}
  1123.46101114405,                       !- Specific Heat {J/kg-K}
  0.9,                                    !- Thermal Absorptance
  0.7,                                    !- Solar Absorptance
  0.7;                                    !- Visible Absorptance

OS:Material,
  {c800495f-5826-4c12-87d9-8b630419dbf8}, !- Handle
  gypsum board,                           !- Name
  Rough,                                  !- Roughness
  0.0127,                                 !- Thickness {m}
  0.1602906,                              !- Conductivity {W/m-K}
  801,                                    !- Density {kg/m3}
  837.4,                                  !- Specific Heat {J/kg-K}
  0.9,                                    !- Thermal Absorptance
  0.6,                                    !- Solar Absorptance
  0.6;                                    !- Visible Absorptance

OS:Construction,
  {1be7d207-45fd-48af-b7fc-617db9f7c627}, !- Handle
  Roof1 construction,                     !- Name
  ,                                       !- Surface Rendering Name
  {bf482a81-27f9-442c-91d6-79ff4e65516e}, !- Layer 1
  {e7208c39-53a8-4b75-bb52-919511c950fb}, !- Layer 2
  {fa59d012-3198-430b-ac25-b9fc500013ff}, !- Layer 3
  {c800495f-5826-4c12-87d9-8b630419dbf8}; !- Layer 4

OS:Surface,
  {1d8b6bdb-5b3d-47ed-95fa-2b7bc36ea962}, !- Handle
  Wall1,                                  !- Name
  Wall,                                   !- Surface Type
  {d1b5226d-d976-4cb3-94f0-10883c58a94e}, !- Construction Name
  {2a39777d-1ff3-44fb-8798-def5ffbb9546}, !- Space Name
  Outdoors,                               !- Outside Boundary Condition
  ,                                       !- Outside Boundary Condition Object
  SunExposed,                             !- Sun Exposure
  WindExposed,                            !- Wind Exposure
  ,                                       !- View Factor to Ground
  ,                                       !- Number of Vertices
  38.1915884923077, 37.2625580923077, 0.3048, !- X,Y,Z Vertex 1 {m}
  38.1915884923077, 37.2625580923077, 2.7432, !- X,Y,Z Vertex 2 {m}
  38.1915884923077, 25.5125180923077, 2.7432, !- X,Y,Z Vertex 3 {m}
  38.1915884923077, 25.5125180923077, 0.3048; !- X,Y,Z Vertex 4 {m}

OS:AdditionalProperties,
  {6d2c8cce-7e3c-40a6-b2cb-7c0c415bcc99}, !- Handle
  {1d8b6bdb-5b3d-47ed-95fa-2b7bc36ea962}, !- Object Name
  Length,                                 !- Feature Name 1
  Double,                                 !- Feature Data Type 1
  38.550000000000004,                     !- Feature Value 1
  Azimuth,                                !- Feature Name 2
  Integer,                                !- Feature Data Type 2
  90,                                     !- Feature Value 2
  Tilt,                                   !- Feature Name 3
  Double,                                 !- Feature Data Type 3
  90,                                     !- Feature Value 3
  SurfaceType,                            !- Feature Name 4
  String,                                 !- Feature Data Type 4
  Wall;                                   !- Feature Value 4

OS:Material,
  {6f12973b-2b8c-4647-a81f-3876907dc545}, !- Handle
  wood siding,                            !- Name
  Rough,                                  !- Roughness
  0.0254,                                 !- Thickness {m}
  0.1024175,                              !- Conductivity {W/m-K}
  544.68,                                 !- Density {kg/m3}
  1172.36,                                !- Specific Heat {J/kg-K}
  0.9,                                    !- Thermal Absorptance
  0.85,                                   !- Solar Absorptance
  0.85;                                   !- Visible Absorptance

OS:Material,
  {f5c5929e-2360-4a5f-9e03-134767601490}, !- Handle
  osb sheathing 0.5 in.,                  !- Name
  Rough,                                  !- Roughness
  0.0127,                                 !- Thickness {m}
  0.1154577,                              !- Conductivity {W/m-K}
  512.64,                                 !- Density {kg/m3}
  1214.23,                                !- Specific Heat {J/kg-K}
  0.9,                                    !- Thermal Absorptance
  0.7,                                    !- Solar Absorptance
  0.7;                                    !- Visible Absorptance

OS:Material,
  {bdbe37c0-6e2e-46d1-97ca-627fae424f90}, !- Handle
  wall stud and cavity,                   !- Name
  Rough,                                  !- Roughness
  0.1397,                                 !- Thickness {m}
  0.550994028857237,                      !- Conductivity {W/m-K}
  139.0536,                               !- Density {kg/m3}
  1170.23755760369,                       !- Specific Heat {J/kg-K}
  0.9,                                    !- Thermal Absorptance
  0.7,                                    !- Solar Absorptance
  0.7;                                    !- Visible Absorptance

OS:Construction,
  {d1b5226d-d976-4cb3-94f0-10883c58a94e}, !- Handle
  Wall1 construction,                     !- Name
  ,                                       !- Surface Rendering Name
  {6f12973b-2b8c-4647-a81f-3876907dc545}, !- Layer 1
  {f5c5929e-2360-4a5f-9e03-134767601490}, !- Layer 2
  {bdbe37c0-6e2e-46d1-97ca-627fae424f90}, !- Layer 3
  {c800495f-5826-4c12-87d9-8b630419dbf8}; !- Layer 4

OS:Surface,
  {db48f17c-b245-4d4b-989c-92ba304ddc41}, !- Handle
  Wall2,                                  !- Name
  Wall,                                   !- Surface Type
  {1581080d-f5da-4fce-a35b-3a87be25b6c0}, !- Construction Name
  {2a39777d-1ff3-44fb-8798-def5ffbb9546}, !- Space Name
  Outdoors,                               !- Outside Boundary Condition
  ,                                       !- Outside Boundary Condition Object
  SunExposed,                             !- Sun Exposure
  WindExposed,                            !- Wind Exposure
  ,                                       !- View Factor to Ground
  ,                                       !- Number of Vertices
  -20.4022848351648, -38.1915884923077, 0.3048, !- X,Y,Z Vertex 1 {m}
  -20.4022848351648, -38.1915884923077, 2.7432, !- X,Y,Z Vertex 2 {m}
  -26.9326248351648, -38.1915884923077, 2.7432, !- X,Y,Z Vertex 3 {m}
  -26.9326248351648, -38.1915884923077, 0.3048; !- X,Y,Z Vertex 4 {m}

OS:AdditionalProperties,
  {df28d01b-8f2b-4689-b959-c21380a4dc62}, !- Handle
  {db48f17c-b245-4d4b-989c-92ba304ddc41}, !- Object Name
  Length,                                 !- Feature Name 1
  Double,                                 !- Feature Data Type 1
  21.425000000000001,                     !- Feature Value 1
  Azimuth,                                !- Feature Name 2
  Integer,                                !- Feature Data Type 2
  180,                                    !- Feature Value 2
  Tilt,                                   !- Feature Name 3
  Double,                                 !- Feature Data Type 3
  90,                                     !- Feature Value 3
  SurfaceType,                            !- Feature Name 4
  String,                                 !- Feature Data Type 4
  Wall;                                   !- Feature Value 4

OS:Construction,
  {1581080d-f5da-4fce-a35b-3a87be25b6c0}, !- Handle
  Wall2 construction,                     !- Name
  ,                                       !- Surface Rendering Name
  {6f12973b-2b8c-4647-a81f-3876907dc545}, !- Layer 1
  {f5c5929e-2360-4a5f-9e03-134767601490}, !- Layer 2
  {bdbe37c0-6e2e-46d1-97ca-627fae424f90}, !- Layer 3
  {c800495f-5826-4c12-87d9-8b630419dbf8}; !- Layer 4

OS:Surface,
  {95708f14-64c1-42b8-8f5c-afa57e05f1f6}, !- Handle
  Wall3,                                  !- Name
  Wall,                                   !- Surface Type
  {87de540c-b061-451a-b8fb-4bbbd95a8fb5}, !- Construction Name
  {2a39777d-1ff3-44fb-8798-def5ffbb9546}, !- Space Name
  Outdoors,                               !- Outside Boundary Condition
  ,                                       !- Outside Boundary Condition Object
  SunExposed,                             !- Sun Exposure
  WindExposed,                            !- Wind Exposure
  ,                                       !- View Factor to Ground
  ,                                       !- Number of Vertices
  -38.1915884923077, 7.17773887920655, 0.3048, !- X,Y,Z Vertex 1 {m}
  -38.1915884923077, 7.17773887920655, 2.7432, !- X,Y,Z Vertex 2 {m}
  -38.1915884923077, 18.1657788792065, 2.7432, !- X,Y,Z Vertex 3 {m}
  -38.1915884923077, 18.1657788792065, 0.3048; !- X,Y,Z Vertex 4 {m}

OS:AdditionalProperties,
  {3fd1cf67-5569-448d-a373-693e5d80083a}, !- Handle
  {95708f14-64c1-42b8-8f5c-afa57e05f1f6}, !- Object Name
  Length,                                 !- Feature Name 1
  Double,                                 !- Feature Data Type 1
  36.050000000000004,                     !- Feature Value 1
  Azimuth,                                !- Feature Name 2
  Integer,                                !- Feature Data Type 2
  270,                                    !- Feature Value 2
  Tilt,                                   !- Feature Name 3
  Double,                                 !- Feature Data Type 3
  90,                                     !- Feature Value 3
  SurfaceType,                            !- Feature Name 4
  String,                                 !- Feature Data Type 4
  Wall;                                   !- Feature Value 4

OS:Construction,
  {87de540c-b061-451a-b8fb-4bbbd95a8fb5}, !- Handle
  Wall3 construction,                     !- Name
  ,                                       !- Surface Rendering Name
  {6f12973b-2b8c-4647-a81f-3876907dc545}, !- Layer 1
  {f5c5929e-2360-4a5f-9e03-134767601490}, !- Layer 2
  {bdbe37c0-6e2e-46d1-97ca-627fae424f90}, !- Layer 3
  {c800495f-5826-4c12-87d9-8b630419dbf8}; !- Layer 4

OS:Surface,
  {98e0cf86-74cb-4b7d-84d8-16d51915fc56}, !- Handle
  Wall4,                                  !- Name
  Wall,                                   !- Surface Type
  {79ffdb0e-dc68-4db0-86f2-cbcfca13d1ec}, !- Construction Name
  {2a39777d-1ff3-44fb-8798-def5ffbb9546}, !- Space Name
  Outdoors,                               !- Outside Boundary Condition
  ,                                       !- Outside Boundary Condition Object
  SunExposed,                             !- Sun Exposure
  WindExposed,                            !- Wind Exposure
  ,                                       !- View Factor to Ground
  ,                                       !- Number of Vertices
  20.4022848351648, 38.1915884923077, 0.3048, !- X,Y,Z Vertex 1 {m}
  20.4022848351648, 38.1915884923077, 2.7432, !- X,Y,Z Vertex 2 {m}
  26.9326248351648, 38.1915884923077, 2.7432, !- X,Y,Z Vertex 3 {m}
  26.9326248351648, 38.1915884923077, 0.3048; !- X,Y,Z Vertex 4 {m}

OS:AdditionalProperties,
  {369f5c9b-eda1-48d6-b77b-49b95e9b6412}, !- Handle
  {98e0cf86-74cb-4b7d-84d8-16d51915fc56}, !- Object Name
  Length,                                 !- Feature Name 1
  Double,                                 !- Feature Data Type 1
  21.425000000000001,                     !- Feature Value 1
  Azimuth,                                !- Feature Name 2
  Integer,                                !- Feature Data Type 2
  0,                                      !- Feature Value 2
  Tilt,                                   !- Feature Name 3
  Double,                                 !- Feature Data Type 3
  90,                                     !- Feature Value 3
  SurfaceType,                            !- Feature Name 4
  String,                                 !- Feature Data Type 4
  Wall;                                   !- Feature Value 4

OS:Construction,
  {79ffdb0e-dc68-4db0-86f2-cbcfca13d1ec}, !- Handle
  Wall4 construction,                     !- Name
  ,                                       !- Surface Rendering Name
  {6f12973b-2b8c-4647-a81f-3876907dc545}, !- Layer 1
  {f5c5929e-2360-4a5f-9e03-134767601490}, !- Layer 2
  {bdbe37c0-6e2e-46d1-97ca-627fae424f90}, !- Layer 3
  {c800495f-5826-4c12-87d9-8b630419dbf8}; !- Layer 4

OS:Surface,
  {d78b1469-db7b-48a6-90bd-c08697b77f78}, !- Handle
  RimJoist1,                              !- Name
  Wall,                                   !- Surface Type
  {d8d48c96-d089-45db-ad12-496b16b2b907}, !- Construction Name
  {18120e84-92d3-4db9-8408-cf905d009695}, !- Space Name
  Outdoors,                               !- Outside Boundary Condition
  ,                                       !- Outside Boundary Condition Object
  SunExposed,                             !- Sun Exposure
  WindExposed,                            !- Wind Exposure
  ,                                       !- View Factor to Ground
  ,                                       !- Number of Vertices
  38.1915884923077, 18.3634419076923, 0.3048, !- X,Y,Z Vertex 1 {m}
  38.1915884923077, 18.3634419076923, 0.6096, !- X,Y,Z Vertex 2 {m}
  38.1915884923077, 7.32968190769231, 0.6096, !- X,Y,Z Vertex 3 {m}
  38.1915884923077, 7.32968190769231, 0.3048; !- X,Y,Z Vertex 4 {m}

OS:AdditionalProperties,
  {408121cf-bc15-4c40-ad07-b54fb3e3cca0}, !- Handle
  {d78b1469-db7b-48a6-90bd-c08697b77f78}, !- Object Name
  Length,                                 !- Feature Name 1
  Double,                                 !- Feature Data Type 1
  36.200000000000003,                     !- Feature Value 1
  Azimuth,                                !- Feature Name 2
  Integer,                                !- Feature Data Type 2
  90,                                     !- Feature Value 2
  Tilt,                                   !- Feature Name 3
  Double,                                 !- Feature Data Type 3
  90,                                     !- Feature Value 3
  SurfaceType,                            !- Feature Name 4
  String,                                 !- Feature Data Type 4
  RimJoist;                               !- Feature Value 4

OS:ThermalZone,
  {b934d18b-c979-4fd7-8ac6-93abfc7d8013}, !- Handle
  crawlspace - vented,                    !- Name
  1,                                      !- Multiplier
  ,                                       !- Ceiling Height {m}
  139.092350459904,                       !- Volume {m3}
  ,                                       !- Floor Area {m2}
  ,                                       !- Zone Inside Convection Algorithm
  ,                                       !- Zone Outside Convection Algorithm
  ,                                       !- Zone Conditioning Equipment List Name
  {1c15596f-8600-44c3-902b-316acd68f4b7}, !- Zone Air Inlet Port List
  {7b7ac767-8480-4c76-90ba-182568c357b7}, !- Zone Air Exhaust Port List
  {c73bb5b9-58d4-4bd2-960b-da3d6e5af9a2}, !- Zone Air Node Name
  {2872d7b1-7dd5-40c7-98b7-5da4a650f7c4}, !- Zone Return Air Port List
  ,                                       !- Primary Daylighting Control Name
  ,                                       !- Fraction of Zone Controlled by Primary Daylighting Control
  ,                                       !- Secondary Daylighting Control Name
  ,                                       !- Fraction of Zone Controlled by Secondary Daylighting Control
  ,                                       !- Illuminance Map Name
  ,                                       !- Group Rendering Name
  ,                                       !- Thermostat Name
  No;                                     !- Use Ideal Air Loads

OS:Node,
  {95b1f0f8-faa1-427b-91fe-5af090034fb0}, !- Handle
  Node 2,                                 !- Name
  {c73bb5b9-58d4-4bd2-960b-da3d6e5af9a2}, !- Inlet Port
  ;                                       !- Outlet Port

OS:Connection,
  {c73bb5b9-58d4-4bd2-960b-da3d6e5af9a2}, !- Handle
  {b934d18b-c979-4fd7-8ac6-93abfc7d8013}, !- Source Object
  11,                                     !- Outlet Port
  {95b1f0f8-faa1-427b-91fe-5af090034fb0}, !- Target Object
  2;                                      !- Inlet Port

OS:PortList,
  {1c15596f-8600-44c3-902b-316acd68f4b7}, !- Handle
  {b934d18b-c979-4fd7-8ac6-93abfc7d8013}; !- HVAC Component

OS:PortList,
  {7b7ac767-8480-4c76-90ba-182568c357b7}, !- Handle
  {b934d18b-c979-4fd7-8ac6-93abfc7d8013}; !- HVAC Component

OS:PortList,
  {2872d7b1-7dd5-40c7-98b7-5da4a650f7c4}, !- Handle
  {b934d18b-c979-4fd7-8ac6-93abfc7d8013}; !- HVAC Component

OS:Sizing:Zone,
  {e3d85a4f-cbda-4fbe-92ff-fdfd74350e1e}, !- Handle
  {b934d18b-c979-4fd7-8ac6-93abfc7d8013}, !- Zone or ZoneList Name
  SupplyAirTemperature,                   !- Zone Cooling Design Supply Air Temperature Input Method
  14,                                     !- Zone Cooling Design Supply Air Temperature {C}
  11.11,                                  !- Zone Cooling Design Supply Air Temperature Difference {deltaC}
  SupplyAirTemperature,                   !- Zone Heating Design Supply Air Temperature Input Method
  40,                                     !- Zone Heating Design Supply Air Temperature {C}
  11.11,                                  !- Zone Heating Design Supply Air Temperature Difference {deltaC}
  0.0085,                                 !- Zone Cooling Design Supply Air Humidity Ratio {kg-H2O/kg-air}
  0.008,                                  !- Zone Heating Design Supply Air Humidity Ratio {kg-H2O/kg-air}
  ,                                       !- Zone Heating Sizing Factor
  ,                                       !- Zone Cooling Sizing Factor
  DesignDay,                              !- Cooling Design Air Flow Method
  ,                                       !- Cooling Design Air Flow Rate {m3/s}
  ,                                       !- Cooling Minimum Air Flow per Zone Floor Area {m3/s-m2}
  ,                                       !- Cooling Minimum Air Flow {m3/s}
  ,                                       !- Cooling Minimum Air Flow Fraction
  DesignDay,                              !- Heating Design Air Flow Method
  ,                                       !- Heating Design Air Flow Rate {m3/s}
  ,                                       !- Heating Maximum Air Flow per Zone Floor Area {m3/s-m2}
  ,                                       !- Heating Maximum Air Flow {m3/s}
  ,                                       !- Heating Maximum Air Flow Fraction
  No,                                     !- Account for Dedicated Outdoor Air System
  NeutralSupplyAir,                       !- Dedicated Outdoor Air System Control Strategy
  autosize,                               !- Dedicated Outdoor Air Low Setpoint Temperature for Design {C}
  autosize,                               !- Dedicated Outdoor Air High Setpoint Temperature for Design {C}
  Sensible Load Only No Latent Load,      !- Zone Load Sizing Method
  HumidityRatioDifference,                !- Zone Latent Cooling Design Supply Air Humidity Ratio Input Method
  ,                                       !- Zone Dehumidification Design Supply Air Humidity Ratio {kgWater/kgDryAir}
  0.005,                                  !- Zone Cooling Design Supply Air Humidity Ratio Difference {kgWater/kgDryAir}
  HumidityRatioDifference,                !- Zone Latent Heating Design Supply Air Humidity Ratio Input Method
  ,                                       !- Zone Humidification Design Supply Air Humidity Ratio {kgWater/kgDryAir}
  0.005,                                  !- Zone Humidification Design Supply Air Humidity Ratio Difference {kgWater/kgDryAir}
  ,                                       !- Zone Humidistat Dehumidification Set Point Schedule Name
  ,                                       !- Zone Humidistat Humidification Set Point Schedule Name
  ,                                       !- Design Zone Air Distribution Effectiveness in Cooling Mode
  ,                                       !- Design Zone Air Distribution Effectiveness in Heating Mode
  ,                                       !- Design Zone Secondary Recirculation Fraction {dimensionless}
  ,                                       !- Design Minimum Zone Ventilation Efficiency {dimensionless}
  Coincident;                             !- Sizing Option

OS:ZoneHVAC:EquipmentList,
  {e788661c-dab9-4a40-bf0d-91ea6f6e01a8}, !- Handle
  Zone HVAC Equipment List 2,             !- Name
  {b934d18b-c979-4fd7-8ac6-93abfc7d8013}; !- Thermal Zone

OS:AdditionalProperties,
  {3e7ceb86-5957-4191-a5b0-9b372b6212a9}, !- Handle
  {b934d18b-c979-4fd7-8ac6-93abfc7d8013}, !- Object Name
  ObjectType,                             !- Feature Name 1
  String,                                 !- Feature Data Type 1
  crawlspace - vented;                    !- Feature Value 1

OS:Space,
  {18120e84-92d3-4db9-8408-cf905d009695}, !- Handle
  crawlspace - vented 1,                  !- Name
  ,                                       !- Space Type Name
  ,                                       !- Default Construction Set Name
  ,                                       !- Default Schedule Set Name
  ,                                       !- Direction of Relative North {deg}
  ,                                       !- X Origin {m}
  ,                                       !- Y Origin {m}
  ,                                       !- Z Origin {m}
  ,                                       !- Building Story Name
  {b934d18b-c979-4fd7-8ac6-93abfc7d8013}, !- Thermal Zone Name
  ,                                       !- Part of Total Floor Area
  ,                                       !- Design Specification Outdoor Air Object Name
  ,                                       !- Building Unit Name
  139.092350459904;                       !- Volume {m3}

OS:Material,
  {6023e5fc-135c-4a06-8480-ff75489e00ed}, !- Handle
  rim joist stud and cavity,              !- Name
  Rough,                                  !- Roughness
  0.0508,                                 !- Thickness {m}
  0.178687637940209,                      !- Conductivity {W/m-K}
  50.32683,                               !- Density {kg/m3}
  1063.80987585548,                       !- Specific Heat {J/kg-K}
  0.9,                                    !- Thermal Absorptance
  0.6,                                    !- Solar Absorptance
  0.6;                                    !- Visible Absorptance

OS:Construction,
  {d8d48c96-d089-45db-ad12-496b16b2b907}, !- Handle
  RimJoist1 construction,                 !- Name
  ,                                       !- Surface Rendering Name
  {6f12973b-2b8c-4647-a81f-3876907dc545}, !- Layer 1
  {6023e5fc-135c-4a06-8480-ff75489e00ed}; !- Layer 2

OS:Surface,
  {9971bc58-df1f-417b-9fb1-8b80eba820bd}, !- Handle
  RimJoist2,                              !- Name
  Wall,                                   !- Surface Type
  {cc9535e8-6a55-4974-b1e1-d876fd6baaf5}, !- Construction Name
  {18120e84-92d3-4db9-8408-cf905d009695}, !- Space Name
  Outdoors,                               !- Outside Boundary Condition
  ,                                       !- Outside Boundary Condition Object
  SunExposed,                             !- Sun Exposure
  WindExposed,                            !- Wind Exposure
  ,                                       !- View Factor to Ground
  ,                                       !- Number of Vertices
  -32.0651084923077, -38.1915884923077, 0.3048, !- X,Y,Z Vertex 1 {m}
  -32.0651084923077, -38.1915884923077, 0.6096, !- X,Y,Z Vertex 2 {m}
  -38.1915884923077, -38.1915884923077, 0.6096, !- X,Y,Z Vertex 3 {m}
  -38.1915884923077, -38.1915884923077, 0.3048; !- X,Y,Z Vertex 4 {m}

OS:AdditionalProperties,
  {0a9fdd8b-d05a-4871-a6da-b5bc8bdf1715}, !- Handle
  {9971bc58-df1f-417b-9fb1-8b80eba820bd}, !- Object Name
  Length,                                 !- Feature Name 1
  Double,                                 !- Feature Data Type 1
  20.100000000000001,                     !- Feature Value 1
  Azimuth,                                !- Feature Name 2
  Integer,                                !- Feature Data Type 2
  180,                                    !- Feature Value 2
  Tilt,                                   !- Feature Name 3
  Double,                                 !- Feature Data Type 3
  90,                                     !- Feature Value 3
  SurfaceType,                            !- Feature Name 4
  String,                                 !- Feature Data Type 4
  RimJoist;                               !- Feature Value 4

OS:Construction,
  {cc9535e8-6a55-4974-b1e1-d876fd6baaf5}, !- Handle
  RimJoist2 construction,                 !- Name
  ,                                       !- Surface Rendering Name
  {6f12973b-2b8c-4647-a81f-3876907dc545}, !- Layer 1
  {6023e5fc-135c-4a06-8480-ff75489e00ed}; !- Layer 2

OS:Surface,
  {8d4d9cc5-0c73-46f9-bcad-4a99a0c0dc9b}, !- Handle
  RimJoist3,                              !- Name
  Wall,                                   !- Surface Type
  {14175113-9237-4286-bff6-0d66d2c87aef}, !- Construction Name
  {18120e84-92d3-4db9-8408-cf905d009695}, !- Space Name
  Outdoors,                               !- Outside Boundary Condition
  ,                                       !- Outside Boundary Condition Object
  SunExposed,                             !- Sun Exposure
  WindExposed,                            !- Wind Exposure
  ,                                       !- View Factor to Ground
  ,                                       !- Number of Vertices
  -38.1915884923077, 27.1578284923077, 0.3048, !- X,Y,Z Vertex 1 {m}
  -38.1915884923077, 27.1578284923077, 0.6096, !- X,Y,Z Vertex 2 {m}
  -38.1915884923077, 38.1915884923077, 0.6096, !- X,Y,Z Vertex 3 {m}
  -38.1915884923077, 38.1915884923077, 0.3048; !- X,Y,Z Vertex 4 {m}

OS:AdditionalProperties,
  {7edf2b4a-95df-4749-9204-ec516098fc3e}, !- Handle
  {8d4d9cc5-0c73-46f9-bcad-4a99a0c0dc9b}, !- Object Name
  Length,                                 !- Feature Name 1
  Double,                                 !- Feature Data Type 1
  36.200000000000003,                     !- Feature Value 1
  Azimuth,                                !- Feature Name 2
  Integer,                                !- Feature Data Type 2
  270,                                    !- Feature Value 2
  Tilt,                                   !- Feature Name 3
  Double,                                 !- Feature Data Type 3
  90,                                     !- Feature Value 3
  SurfaceType,                            !- Feature Name 4
  String,                                 !- Feature Data Type 4
  RimJoist;                               !- Feature Value 4

OS:Construction,
  {14175113-9237-4286-bff6-0d66d2c87aef}, !- Handle
  RimJoist3 construction,                 !- Name
  ,                                       !- Surface Rendering Name
  {6f12973b-2b8c-4647-a81f-3876907dc545}, !- Layer 1
  {6023e5fc-135c-4a06-8480-ff75489e00ed}; !- Layer 2

OS:Surface,
  {edb17df1-1dd6-4574-89e0-941ee492b7ea}, !- Handle
  RimJoist4,                              !- Name
  Wall,                                   !- Surface Type
  {3264e1a3-1684-4812-8700-653153db902a}, !- Construction Name
  {18120e84-92d3-4db9-8408-cf905d009695}, !- Space Name
  Outdoors,                               !- Outside Boundary Condition
  ,                                       !- Outside Boundary Condition Object
  SunExposed,                             !- Sun Exposure
  WindExposed,                            !- Wind Exposure
  ,                                       !- View Factor to Ground
  ,                                       !- Number of Vertices
  32.0651084923077, 38.1915884923077, 0.3048, !- X,Y,Z Vertex 1 {m}
  32.0651084923077, 38.1915884923077, 0.6096, !- X,Y,Z Vertex 2 {m}
  38.1915884923077, 38.1915884923077, 0.6096, !- X,Y,Z Vertex 3 {m}
  38.1915884923077, 38.1915884923077, 0.3048; !- X,Y,Z Vertex 4 {m}

OS:AdditionalProperties,
  {84f5cf1a-092b-479a-b2d9-20f57ce5597f}, !- Handle
  {edb17df1-1dd6-4574-89e0-941ee492b7ea}, !- Object Name
  Length,                                 !- Feature Name 1
  Double,                                 !- Feature Data Type 1
  20.100000000000001,                     !- Feature Value 1
  Azimuth,                                !- Feature Name 2
  Integer,                                !- Feature Data Type 2
  0,                                      !- Feature Value 2
  Tilt,                                   !- Feature Name 3
  Double,                                 !- Feature Data Type 3
  90,                                     !- Feature Value 3
  SurfaceType,                            !- Feature Name 4
  String,                                 !- Feature Data Type 4
  RimJoist;                               !- Feature Value 4

OS:Construction,
  {3264e1a3-1684-4812-8700-653153db902a}, !- Handle
  RimJoist4 construction,                 !- Name
  ,                                       !- Surface Rendering Name
  {6f12973b-2b8c-4647-a81f-3876907dc545}, !- Layer 1
  {6023e5fc-135c-4a06-8480-ff75489e00ed}; !- Layer 2

OS:Surface,
  {7e102da4-df28-4346-9a94-950c20c97f7d}, !- Handle
  Floor1,                                 !- Name
  Floor,                                  !- Surface Type
  {9d6a1e5d-0c02-41c9-80c6-18979b77bc43}, !- Construction Name
  {2a39777d-1ff3-44fb-8798-def5ffbb9546}, !- Space Name
  Surface,                                !- Outside Boundary Condition
  {62968bf1-85f3-475e-9a7f-eeb0e93b2ae3}, !- Outside Boundary Condition Object
  NoSun,                                  !- Sun Exposure
  NoWind,                                 !- Wind Exposure
  ,                                       !- View Factor to Ground
  ,                                       !- Number of Vertices
  -5.34052743462666, -5.34052743462666, 0.3048, !- X,Y,Z Vertex 1 {m}
  -5.34052743462666, 5.34052743462666, 0.3048, !- X,Y,Z Vertex 2 {m}
  5.34052743462666, 5.34052743462666, 0.3048, !- X,Y,Z Vertex 3 {m}
  5.34052743462666, -5.34052743462666, 0.3048; !- X,Y,Z Vertex 4 {m}

OS:AdditionalProperties,
  {e4b32f69-02ab-4143-9146-828185d19422}, !- Handle
  {7e102da4-df28-4346-9a94-950c20c97f7d}, !- Object Name
  SurfaceType,                            !- Feature Name 1
  String,                                 !- Feature Data Type 1
  Floor,                                  !- Feature Value 1
  Tilt,                                   !- Feature Name 2
  Double,                                 !- Feature Data Type 2
  0;                                      !- Feature Value 2

OS:Surface,
  {62968bf1-85f3-475e-9a7f-eeb0e93b2ae3}, !- Handle
  Surface 1 Reversed,                     !- Name
  RoofCeiling,                            !- Surface Type
  {f0760b90-44bd-41c8-a9fb-6cf5dd9ee2d6}, !- Construction Name
  {18120e84-92d3-4db9-8408-cf905d009695}, !- Space Name
  Surface,                                !- Outside Boundary Condition
  {7e102da4-df28-4346-9a94-950c20c97f7d}, !- Outside Boundary Condition Object
  NoSun,                                  !- Sun Exposure
  NoWind,                                 !- Wind Exposure
  ,                                       !- View Factor to Ground
  ,                                       !- Number of Vertices
  5.34052743462666, -5.34052743462666, 0.3048, !- X,Y,Z Vertex 1 {m}
  5.34052743462666, 5.34052743462666, 0.3048, !- X,Y,Z Vertex 2 {m}
  -5.34052743462666, 5.34052743462666, 0.3048, !- X,Y,Z Vertex 3 {m}
  -5.34052743462666, -5.34052743462666, 0.3048; !- X,Y,Z Vertex 4 {m}

OS:AdditionalProperties,
  {749a3893-1f6f-4bf7-b055-c031780505e5}, !- Handle
  {62968bf1-85f3-475e-9a7f-eeb0e93b2ae3}, !- Object Name
  SurfaceType,                            !- Feature Name 1
  String,                                 !- Feature Data Type 1
  Floor;                                  !- Feature Value 1

OS:Material,
  {7bc801c9-63bf-47cf-8878-d873f30f14ed}, !- Handle
  floor stud and cavity,                  !- Name
  Rough,                                  !- Roughness
  0.1397,                                 !- Thickness {m}
  0.92363688011841,                       !- Conductivity {W/m-K}
  92.3553,                                !- Density {kg/m3}
  1139.71374674761,                       !- Specific Heat {J/kg-K}
  0.9,                                    !- Thermal Absorptance
  0.7,                                    !- Solar Absorptance
  0.7;                                    !- Visible Absorptance

OS:Material,
  {2753a41d-215d-45c1-bd5e-6b3ae2270368}, !- Handle
  floor covering,                         !- Name
  Rough,                                  !- Roughness
  0.0127,                                 !- Thickness {m}
  0.0433443509615385,                     !- Conductivity {W/m-K}
  54.468,                                 !- Density {kg/m3}
  1339.84,                                !- Specific Heat {J/kg-K}
  0.9,                                    !- Thermal Absorptance
  0.6,                                    !- Solar Absorptance
  0.6;                                    !- Visible Absorptance

OS:Construction,
  {9d6a1e5d-0c02-41c9-80c6-18979b77bc43}, !- Handle
  Floor1 construction,                    !- Name
  ,                                       !- Surface Rendering Name
  {7bc801c9-63bf-47cf-8878-d873f30f14ed}, !- Layer 1
  {e7208c39-53a8-4b75-bb52-919511c950fb}, !- Layer 2
  {2753a41d-215d-45c1-bd5e-6b3ae2270368}; !- Layer 3

OS:Construction,
  {f0760b90-44bd-41c8-a9fb-6cf5dd9ee2d6}, !- Handle
  Floor1 construction Reversed,           !- Name
  ,                                       !- Surface Rendering Name
  {2753a41d-215d-45c1-bd5e-6b3ae2270368}, !- Layer 1
  {e7208c39-53a8-4b75-bb52-919511c950fb}, !- Layer 2
  {7bc801c9-63bf-47cf-8878-d873f30f14ed}; !- Layer 3

OS:Surface,
  {607d7d3a-9406-48bc-9629-854ed5949f6b}, !- Handle
  FoundationWall1,                        !- Name
  Wall,                                   !- Surface Type
  {c9f808a0-d876-4676-ba58-b7f8f0c2dd37}, !- Construction Name
  {18120e84-92d3-4db9-8408-cf905d009695}, !- Space Name
  Foundation,                             !- Outside Boundary Condition
  {b82dc8ae-3d99-4943-b944-047fe702be42}, !- Outside Boundary Condition Object
  NoSun,                                  !- Sun Exposure
  NoWind,                                 !- Wind Exposure
  ,                                       !- View Factor to Ground
  ,                                       !- Number of Vertices
  38.1915884923077, 6.4006515076923, -0.9144, !- X,Y,Z Vertex 1 {m}
  38.1915884923077, 6.4006515076923, 0.3048, !- X,Y,Z Vertex 2 {m}
  38.1915884923077, -38.1915884923077, 0.3048, !- X,Y,Z Vertex 3 {m}
  38.1915884923077, -38.1915884923077, -0.9144; !- X,Y,Z Vertex 4 {m}

OS:AdditionalProperties,
  {e8de315e-e866-490f-bfba-5a1ed81490cc}, !- Handle
  {607d7d3a-9406-48bc-9629-854ed5949f6b}, !- Object Name
  Length,                                 !- Feature Name 1
  Double,                                 !- Feature Data Type 1
  146.30000000000001,                     !- Feature Value 1
  Azimuth,                                !- Feature Name 2
  Integer,                                !- Feature Data Type 2
  90,                                     !- Feature Value 2
  Tilt,                                   !- Feature Name 3
  Double,                                 !- Feature Data Type 3
  90,                                     !- Feature Value 3
  SurfaceType,                            !- Feature Name 4
  String,                                 !- Feature Data Type 4
  FoundationWall;                         !- Feature Value 4

OS:Foundation:Kiva,
  {b82dc8ae-3d99-4943-b944-047fe702be42}, !- Handle
  Foundation Kiva 1,                      !- Name
  8.69435880113331,                       !- Initial Indoor Air Temperature {C}
  ,                                       !- Interior Horizontal Insulation Material Name
  ,                                       !- Interior Horizontal Insulation Depth {m}
  ,                                       !- Interior Horizontal Insulation Width {m}
  ,                                       !- Interior Vertical Insulation Material Name
  ,                                       !- Interior Vertical Insulation Depth {m}
  ,                                       !- Exterior Horizontal Insulation Material Name
  ,                                       !- Exterior Horizontal Insulation Depth {m}
  ,                                       !- Exterior Horizontal Insulation Width {m}
  ,                                       !- Exterior Vertical Insulation Material Name
  ,                                       !- Exterior Vertical Insulation Depth {m}
  0.3048,                                 !- Wall Height Above Grade {m}
  0.2032,                                 !- Wall Depth Below Slab {m}
  ,                                       !- Footing Wall Construction Name
  ,                                       !- Footing Material Name
  ;                                       !- Footing Depth {m}

OS:Foundation:Kiva:Settings,
  {d43555e2-ed59-4287-bbf4-6caceb743186}, !- Handle
  1.9041,                                 !- Soil Conductivity {W/m-K}
  1842.3,                                 !- Soil Density {kg/m3}
  418.7,                                  !- Soil Specific Heat {J/kg-K}
  0.9,                                    !- Ground Solar Absorptivity {dimensionless}
  0.9,                                    !- Ground Thermal Absorptivity {dimensionless}
  0.03,                                   !- Ground Surface Roughness {m}
  40,                                     !- Far-Field Width {m}
  ZeroFlux,                               !- Deep-Ground Boundary Condition
  40,                                     !- Deep-Ground Depth {m}
  0.2,                                    !- Minimum Cell Dimension {m}
  3,                                      !- Maximum Cell Growth Coefficient {dimensionless}
  Timestep;                               !- Simulation Timestep

OS:Material,
  {5eec098a-1728-48bc-a117-6c9c144c8832}, !- Handle
  concrete 8.0 in.,                       !- Name
  Rough,                                  !- Roughness
  0.2032,                                 !- Thickness {m}
  1.803125,                               !- Conductivity {W/m-K}
  2242.8,                                 !- Density {kg/m3}
  837.4,                                  !- Specific Heat {J/kg-K}
  0.9,                                    !- Thermal Absorptance
  0.7,                                    !- Solar Absorptance
  0.7;                                    !- Visible Absorptance

OS:Construction,
  {c9f808a0-d876-4676-ba58-b7f8f0c2dd37}, !- Handle
  FoundationWall1 construction,           !- Name
  ,                                       !- Surface Rendering Name
  {5eec098a-1728-48bc-a117-6c9c144c8832}; !- Layer 1

OS:Surface,
  {f74a98d1-7762-4f1b-b19b-e019eba6eeca}, !- Handle
  Slab1,                                  !- Name
  Floor,                                  !- Surface Type
  {635b24b3-571c-4d2c-b0e7-f90cca536816}, !- Construction Name
  {18120e84-92d3-4db9-8408-cf905d009695}, !- Space Name
  Foundation,                             !- Outside Boundary Condition
  {b82dc8ae-3d99-4943-b944-047fe702be42}, !- Outside Boundary Condition Object
  NoSun,                                  !- Sun Exposure
  NoWind,                                 !- Wind Exposure
  ,                                       !- View Factor to Ground
  ,                                       !- Number of Vertices
  -7.17045637190069, -3.97760362809931, -0.9144, !- X,Y,Z Vertex 1 {m}
  -7.17045637190069, 3.97760362809931, -0.9144, !- X,Y,Z Vertex 2 {m}
  7.17045637190069, 3.97760362809931, -0.9144, !- X,Y,Z Vertex 3 {m}
  7.17045637190069, -3.97760362809931, -0.9144; !- X,Y,Z Vertex 4 {m}

OS:AdditionalProperties,
  {21928cae-e845-4809-a671-d8be5c0adb19}, !- Handle
  {f74a98d1-7762-4f1b-b19b-e019eba6eeca}, !- Object Name
  SurfaceType,                            !- Feature Name 1
  String,                                 !- Feature Data Type 1
  Slab;                                   !- Feature Value 1

OS:Material,
  {3802acc6-8c1d-4131-9453-c87bc540544b}, !- Handle
  soil 0.5 in.,                           !- Name
  Rough,                                  !- Roughness
  0.0127,                                 !- Thickness {m}
  1.9041,                                 !- Conductivity {W/m-K}
  1842.3,                                 !- Density {kg/m3}
  418.7,                                  !- Specific Heat {J/kg-K}
  0.9,                                    !- Thermal Absorptance
  0.7,                                    !- Solar Absorptance
  0.7;                                    !- Visible Absorptance

OS:Construction,
  {635b24b3-571c-4d2c-b0e7-f90cca536816}, !- Handle
  Slab1 construction,                     !- Name
  ,                                       !- Surface Rendering Name
  {3802acc6-8c1d-4131-9453-c87bc540544b}; !- Layer 1

OS:SurfaceProperty:ExposedFoundationPerimeter,
  {ef6573ee-1507-42f1-8f82-fd8ad8eb2458}, !- Handle
  {f74a98d1-7762-4f1b-b19b-e019eba6eeca}, !- Surface Name
  TotalExposedPerimeter,                  !- Exposed Perimeter Calculation Method
  44.59224;                               !- Total Exposed Perimeter {m}

OS:Surface,
  {29c5f164-7599-4600-8530-dabb500bdae3}, !- Handle
  surface Window1,                        !- Name
  Wall,                                   !- Surface Type
  {a16437b8-2b41-4859-b42c-7a746516aa80}, !- Construction Name
  {2a39777d-1ff3-44fb-8798-def5ffbb9546}, !- Space Name
  Outdoors,                               !- Outside Boundary Condition
  ,                                       !- Outside Boundary Condition Object
  SunExposed,                             !- Sun Exposure
  WindExposed,                            !- Wind Exposure
  ,                                       !- View Factor to Ground
  ,                                       !- Number of Vertices
  38.1915884923077, 24.5838734645979, 0.304414227709759, !- X,Y,Z Vertex 1 {m}
  38.1915884923077, 24.5838734645979, 1.49390577229024, !- X,Y,Z Vertex 2 {m}
  38.1915884923077, 19.2920865354021, 1.49390577229024, !- X,Y,Z Vertex 3 {m}
  38.1915884923077, 19.2920865354021, 0.304414227709759; !- X,Y,Z Vertex 4 {m}

OS:AdditionalProperties,
  {fa634fbd-c9f6-4176-9ffe-c28d91a7799f}, !- Handle
  {29c5f164-7599-4600-8530-dabb500bdae3}, !- Object Name
  Length,                                 !- Feature Name 1
  Double,                                 !- Feature Data Type 1
  17.358974358974361,                     !- Feature Value 1
  Azimuth,                                !- Feature Name 2
  Integer,                                !- Feature Data Type 2
  90,                                     !- Feature Value 2
  Tilt,                                   !- Feature Name 3
  Double,                                 !- Feature Data Type 3
  90,                                     !- Feature Value 3
  SurfaceType,                            !- Feature Name 4
  String,                                 !- Feature Data Type 4
  Window;                                 !- Feature Value 4

OS:SubSurface,
  {bf9980a3-1003-47fa-a74c-a905ddfbee0e}, !- Handle
  Window1,                                !- Name
  FixedWindow,                            !- Sub Surface Type
  {0a7e4a7d-cc84-44a3-b0fc-08c7d9d1dfd1}, !- Construction Name
  {29c5f164-7599-4600-8530-dabb500bdae3}, !- Surface Name
  ,                                       !- Outside Boundary Condition Object
  ,                                       !- View Factor to Ground
  ,                                       !- Frame and Divider Name
  ,                                       !- Multiplier
  ,                                       !- Number of Vertices
  38.1915884923077, 24.5834876923077, 0.3048, !- X,Y,Z Vertex 1 {m}
  38.1915884923077, 24.5834876923077, 1.49352, !- X,Y,Z Vertex 2 {m}
  38.1915884923077, 19.2924723076923, 1.49352, !- X,Y,Z Vertex 3 {m}
  38.1915884923077, 19.2924723076923, 0.3048; !- X,Y,Z Vertex 4 {m}

OS:ShadingSurfaceGroup,
  {a4aa2497-6211-407e-aabd-141205ab85d9}, !- Handle
  Window1 Shading Surfaces,               !- Name
  Space,                                  !- Shading Surface Type
  {2a39777d-1ff3-44fb-8798-def5ffbb9546}, !- Space Name
  ,                                       !- Direction of Relative North {deg}
  ,                                       !- X Origin {m}
  ,                                       !- Y Origin {m}
  ,                                       !- Z Origin {m}
  {bf9980a3-1003-47fa-a74c-a905ddfbee0e}; !- Shaded Object Name

OS:ShadingSurface,
  {b4a33976-cf59-4fcb-9144-2ab2f3020b14}, !- Handle
  Window1 overhangs,                      !- Name
  ,                                       !- Construction Name
  {a4aa2497-6211-407e-aabd-141205ab85d9}, !- Shading Surface Group Name
  ,                                       !- Transmittance Schedule Name
  ,                                       !- Number of Vertices
  38.1915884923077, 24.8882876923077, 1.79832, !- X,Y,Z Vertex 1 {m}
  38.1915884923077, 18.9876723076923, 1.79832, !- X,Y,Z Vertex 2 {m}
  38.8011884923077, 18.9876723076923, 1.79832, !- X,Y,Z Vertex 3 {m}
  38.8011884923077, 24.8882876923077, 1.79832; !- X,Y,Z Vertex 4 {m}

OS:WindowMaterial:SimpleGlazingSystem,
  {f8e2c4a7-c753-4c9b-9a65-fb3380338bf5}, !- Handle
  WindowMaterial,                         !- Name
  2.78222,                                !- U-Factor {W/m2-K}
  0.56;                                   !- Solar Heat Gain Coefficient

OS:Construction,
  {0a7e4a7d-cc84-44a3-b0fc-08c7d9d1dfd1}, !- Handle
  WindowConstruction,                     !- Name
  ,                                       !- Surface Rendering Name
  {f8e2c4a7-c753-4c9b-9a65-fb3380338bf5}; !- Layer 1

OS:Schedule:Ruleset,
  {1d2e74c5-3383-436d-bbf0-5e7440e023ae}, !- Handle
  trans schedule winter=0.85 summer=0.7,  !- Name
  {9e6746b9-3117-465c-837e-fb1fc1618a40}, !- Schedule Type Limits Name
  {28d2560f-abaa-4d85-a481-970cc671e1d9}; !- Default Day Schedule Name

OS:Schedule:Day,
  {28d2560f-abaa-4d85-a481-970cc671e1d9}, !- Handle
  trans schedule winter=0.85 summer=0.7 default day, !- Name
  {9e6746b9-3117-465c-837e-fb1fc1618a40}, !- Schedule Type Limits Name
  ,                                       !- Interpolate to Timestep
  24,                                     !- Hour 1
  0,                                      !- Minute 1
  0;                                      !- Value Until Time 1

OS:ScheduleTypeLimits,
  {9e6746b9-3117-465c-837e-fb1fc1618a40}, !- Handle
  Fractional,                             !- Name
  0,                                      !- Lower Limit Value
  1,                                      !- Upper Limit Value
  Continuous;                             !- Numeric Type

OS:Schedule:Rule,
  {235ab200-72b1-4fc9-95a3-51c068aeddd9}, !- Handle
  trans schedule winter=0.85 summer=0.7 allday rule, !- Name
  {1d2e74c5-3383-436d-bbf0-5e7440e023ae}, !- Schedule Ruleset Name
  2,                                      !- Rule Order
  {77d69bf4-8e41-4da6-9136-f2b78194ee7b}, !- Day Schedule Name
  Yes,                                    !- Apply Sunday
  Yes,                                    !- Apply Monday
  Yes,                                    !- Apply Tuesday
  Yes,                                    !- Apply Wednesday
  Yes,                                    !- Apply Thursday
  Yes,                                    !- Apply Friday
  Yes,                                    !- Apply Saturday
  DateRange,                              !- Date Specification Type
  1,                                      !- Start Month
  1,                                      !- Start Day
  5,                                      !- End Month
  31;                                     !- End Day

OS:Schedule:Day,
  {77d69bf4-8e41-4da6-9136-f2b78194ee7b}, !- Handle
  trans schedule winter=0.85 summer=0.7 day, !- Name
  {9e6746b9-3117-465c-837e-fb1fc1618a40}, !- Schedule Type Limits Name
  ,                                       !- Interpolate to Timestep
  24,                                     !- Hour 1
  0,                                      !- Minute 1
  0.85;                                   !- Value Until Time 1

OS:Schedule:Rule,
  {cfd1e58f-3a6a-4990-aff1-9f9bb0fd10ca}, !- Handle
  trans schedule winter=0.85 summer=0.7 allday rule 1, !- Name
  {1d2e74c5-3383-436d-bbf0-5e7440e023ae}, !- Schedule Ruleset Name
  1,                                      !- Rule Order
  {ce582d22-04db-4bf3-bed8-82b9fe1f324c}, !- Day Schedule Name
  Yes,                                    !- Apply Sunday
  Yes,                                    !- Apply Monday
  Yes,                                    !- Apply Tuesday
  Yes,                                    !- Apply Wednesday
  Yes,                                    !- Apply Thursday
  Yes,                                    !- Apply Friday
  Yes,                                    !- Apply Saturday
  DateRange,                              !- Date Specification Type
  6,                                      !- Start Month
  1,                                      !- Start Day
  9,                                      !- End Month
  30;                                     !- End Day

OS:Schedule:Day,
  {ce582d22-04db-4bf3-bed8-82b9fe1f324c}, !- Handle
  trans schedule winter=0.85 summer=0.7 day 1, !- Name
  {9e6746b9-3117-465c-837e-fb1fc1618a40}, !- Schedule Type Limits Name
  ,                                       !- Interpolate to Timestep
  24,                                     !- Hour 1
  0,                                      !- Minute 1
  0.7;                                    !- Value Until Time 1

OS:Schedule:Rule,
  {b06490d1-8019-4849-afd0-31c8627403b3}, !- Handle
  trans schedule winter=0.85 summer=0.7 allday rule 2, !- Name
  {1d2e74c5-3383-436d-bbf0-5e7440e023ae}, !- Schedule Ruleset Name
  0,                                      !- Rule Order
  {25383395-e4b1-4701-87cc-1b472ac39687}, !- Day Schedule Name
  Yes,                                    !- Apply Sunday
  Yes,                                    !- Apply Monday
  Yes,                                    !- Apply Tuesday
  Yes,                                    !- Apply Wednesday
  Yes,                                    !- Apply Thursday
  Yes,                                    !- Apply Friday
  Yes,                                    !- Apply Saturday
  DateRange,                              !- Date Specification Type
  10,                                     !- Start Month
  1,                                      !- Start Day
  12,                                     !- End Month
  31;                                     !- End Day

OS:Schedule:Day,
  {25383395-e4b1-4701-87cc-1b472ac39687}, !- Handle
  trans schedule winter=0.85 summer=0.7 day 2, !- Name
  {9e6746b9-3117-465c-837e-fb1fc1618a40}, !- Schedule Type Limits Name
  ,                                       !- Interpolate to Timestep
  24,                                     !- Hour 1
  0,                                      !- Minute 1
  0.85;                                   !- Value Until Time 1

OS:SurfaceProperty:IncidentSolarMultiplier,
  {d6b1a005-f3c5-4f2f-a2d8-2841d10db3f5}, !- Handle
  {bf9980a3-1003-47fa-a74c-a905ddfbee0e}, !- Surface Name
  1,                                      !- Incident Solar Multiplier {dimensionless}
  {1d2e74c5-3383-436d-bbf0-5e7440e023ae}; !- Incident Solar Multiplier Schedule Name

OS:Surface,
  {113301de-52eb-42ef-94b6-4ac509d11249}, !- Handle
  surface Window2,                        !- Name
  Wall,                                   !- Surface Type
  {a16437b8-2b41-4859-b42c-7a746516aa80}, !- Construction Name
  {2a39777d-1ff3-44fb-8798-def5ffbb9546}, !- Space Name
  Outdoors,                               !- Outside Boundary Condition
  ,                                       !- Outside Boundary Condition Object
  SunExposed,                             !- Sun Exposure
  WindExposed,                            !- Wind Exposure
  ,                                       !- View Factor to Ground
  ,                                       !- Number of Vertices
  -27.8610795132609, -38.1915884923077, 0.304224278096097, !- X,Y,Z Vertex 1 {m}
  -27.8610795132609, -38.1915884923077, 1.3721757219039, !- X,Y,Z Vertex 2 {m}
  -31.1366538142116, -38.1915884923077, 1.3721757219039, !- X,Y,Z Vertex 3 {m}
  -31.1366538142116, -38.1915884923077, 0.304224278096097; !- X,Y,Z Vertex 4 {m}

OS:AdditionalProperties,
  {104c2264-29de-42c5-9adc-b5f40e62ae71}, !- Handle
  {113301de-52eb-42ef-94b6-4ac509d11249}, !- Object Name
  Length,                                 !- Feature Name 1
  Double,                                 !- Feature Data Type 1
  10.742857142857146,                     !- Feature Value 1
  Azimuth,                                !- Feature Name 2
  Integer,                                !- Feature Data Type 2
  180,                                    !- Feature Value 2
  Tilt,                                   !- Feature Name 3
  Double,                                 !- Feature Data Type 3
  90,                                     !- Feature Value 3
  SurfaceType,                            !- Feature Name 4
  String,                                 !- Feature Data Type 4
  Window;                                 !- Feature Value 4

OS:SubSurface,
  {ba31c377-7519-4b1d-b13f-53a4859b7797}, !- Handle
  Window2,                                !- Name
  FixedWindow,                            !- Sub Surface Type
  {50ef3738-fe9f-43c2-86d8-dda88ac22d1e}, !- Construction Name
  {113301de-52eb-42ef-94b6-4ac509d11249}, !- Surface Name
  ,                                       !- Outside Boundary Condition Object
  ,                                       !- View Factor to Ground
  ,                                       !- Frame and Divider Name
  ,                                       !- Multiplier
  ,                                       !- Number of Vertices
  -27.8616552351648, -38.1915884923077, 0.3048, !- X,Y,Z Vertex 1 {m}
  -27.8616552351648, -38.1915884923077, 1.3716, !- X,Y,Z Vertex 2 {m}
  -31.1360780923077, -38.1915884923077, 1.3716, !- X,Y,Z Vertex 3 {m}
  -31.1360780923077, -38.1915884923077, 0.3048; !- X,Y,Z Vertex 4 {m}

OS:ShadingSurfaceGroup,
  {82e8b2e8-38ae-4016-af1a-4d86823742c1}, !- Handle
  Window2 Shading Surfaces,               !- Name
  Space,                                  !- Shading Surface Type
  {2a39777d-1ff3-44fb-8798-def5ffbb9546}, !- Space Name
  ,                                       !- Direction of Relative North {deg}
  ,                                       !- X Origin {m}
  ,                                       !- Y Origin {m}
  ,                                       !- Z Origin {m}
  {ba31c377-7519-4b1d-b13f-53a4859b7797}; !- Shaded Object Name

OS:ShadingSurface,
  {0aa335a9-ac61-4bcc-bdc2-2aec879b7b8e}, !- Handle
  Window2 overhangs,                      !- Name
  ,                                       !- Construction Name
  {82e8b2e8-38ae-4016-af1a-4d86823742c1}, !- Shading Surface Group Name
  ,                                       !- Transmittance Schedule Name
  ,                                       !- Number of Vertices
  -27.5568552351648, -38.1915884923077, 1.6764, !- X,Y,Z Vertex 1 {m}
  -31.4408780923077, -38.1915884923077, 1.6764, !- X,Y,Z Vertex 2 {m}
  -31.4408780923077, -38.8011884923077, 1.6764, !- X,Y,Z Vertex 3 {m}
  -27.5568552351648, -38.8011884923077, 1.6764; !- X,Y,Z Vertex 4 {m}

OS:Construction,
  {50ef3738-fe9f-43c2-86d8-dda88ac22d1e}, !- Handle
  WindowConstruction 1,                   !- Name
  ,                                       !- Surface Rendering Name
  {f8e2c4a7-c753-4c9b-9a65-fb3380338bf5}; !- Layer 1

OS:SurfaceProperty:IncidentSolarMultiplier,
  {820df9c7-da59-49fa-89b9-c677944d79fe}, !- Handle
  {ba31c377-7519-4b1d-b13f-53a4859b7797}, !- Surface Name
  1,                                      !- Incident Solar Multiplier {dimensionless}
  {1d2e74c5-3383-436d-bbf0-5e7440e023ae}; !- Incident Solar Multiplier Schedule Name

OS:Surface,
  {21ff38ce-7f1b-45c2-a1ba-528ea0dbbe6e}, !- Handle
  surface Window3,                        !- Name
  Wall,                                   !- Surface Type
  {a16437b8-2b41-4859-b42c-7a746516aa80}, !- Construction Name
  {2a39777d-1ff3-44fb-8798-def5ffbb9546}, !- Space Name
  Outdoors,                               !- Outside Boundary Condition
  ,                                       !- Outside Boundary Condition Object
  SunExposed,                             !- Sun Exposure
  WindExposed,                            !- Wind Exposure
  ,                                       !- View Factor to Ground
  ,                                       !- Number of Vertices
  -38.1915884923077, 19.0944235069163, 0.304414227709759, !- X,Y,Z Vertex 1 {m}
  -38.1915884923077, 19.0944235069163, 1.49390577229024, !- X,Y,Z Vertex 2 {m}
  -38.1915884923077, 24.3862104361122, 1.49390577229024, !- X,Y,Z Vertex 3 {m}
  -38.1915884923077, 24.3862104361122, 0.304414227709759; !- X,Y,Z Vertex 4 {m}

OS:AdditionalProperties,
  {705ab179-0258-4205-a160-e67f62f4dd2c}, !- Handle
  {21ff38ce-7f1b-45c2-a1ba-528ea0dbbe6e}, !- Object Name
  Length,                                 !- Feature Name 1
  Double,                                 !- Feature Data Type 1
  17.358974358974361,                     !- Feature Value 1
  Azimuth,                                !- Feature Name 2
  Integer,                                !- Feature Data Type 2
  270,                                    !- Feature Value 2
  Tilt,                                   !- Feature Name 3
  Double,                                 !- Feature Data Type 3
  90,                                     !- Feature Value 3
  SurfaceType,                            !- Feature Name 4
  String,                                 !- Feature Data Type 4
  Window;                                 !- Feature Value 4

OS:SubSurface,
  {cdabbb8c-14c4-408e-acf9-fb5fafcef024}, !- Handle
  Window3,                                !- Name
  FixedWindow,                            !- Sub Surface Type
  {4f65cd10-289d-4aa2-9ca7-267b83b77518}, !- Construction Name
  {21ff38ce-7f1b-45c2-a1ba-528ea0dbbe6e}, !- Surface Name
  ,                                       !- Outside Boundary Condition Object
  ,                                       !- View Factor to Ground
  ,                                       !- Frame and Divider Name
  ,                                       !- Multiplier
  ,                                       !- Number of Vertices
  -38.1915884923077, 19.0948092792066, 0.3048, !- X,Y,Z Vertex 1 {m}
  -38.1915884923077, 19.0948092792066, 1.49352, !- X,Y,Z Vertex 2 {m}
  -38.1915884923077, 24.3858246638219, 1.49352, !- X,Y,Z Vertex 3 {m}
  -38.1915884923077, 24.3858246638219, 0.3048; !- X,Y,Z Vertex 4 {m}

OS:ShadingSurfaceGroup,
  {e170ff11-70d3-40a6-bc51-ded0d0332251}, !- Handle
  Window3 Shading Surfaces,               !- Name
  Space,                                  !- Shading Surface Type
  {2a39777d-1ff3-44fb-8798-def5ffbb9546}, !- Space Name
  ,                                       !- Direction of Relative North {deg}
  ,                                       !- X Origin {m}
  ,                                       !- Y Origin {m}
  ,                                       !- Z Origin {m}
  {cdabbb8c-14c4-408e-acf9-fb5fafcef024}; !- Shaded Object Name

OS:ShadingSurface,
  {5cb9f002-bce9-4b05-a5ba-2c1be4d7301e}, !- Handle
  Window3 overhangs,                      !- Name
  ,                                       !- Construction Name
  {e170ff11-70d3-40a6-bc51-ded0d0332251}, !- Shading Surface Group Name
  ,                                       !- Transmittance Schedule Name
  ,                                       !- Number of Vertices
  -38.1915884923077, 18.7900092792066, 1.79832, !- X,Y,Z Vertex 1 {m}
  -38.1915884923077, 24.6906246638219, 1.79832, !- X,Y,Z Vertex 2 {m}
  -38.8011884923077, 24.6906246638219, 1.79832, !- X,Y,Z Vertex 3 {m}
  -38.8011884923077, 18.7900092792066, 1.79832; !- X,Y,Z Vertex 4 {m}

OS:Construction,
  {4f65cd10-289d-4aa2-9ca7-267b83b77518}, !- Handle
  WindowConstruction 2,                   !- Name
  ,                                       !- Surface Rendering Name
  {f8e2c4a7-c753-4c9b-9a65-fb3380338bf5}; !- Layer 1

OS:SurfaceProperty:IncidentSolarMultiplier,
  {3fefe3cb-52df-475a-8ea1-3e2351ca6dfc}, !- Handle
  {cdabbb8c-14c4-408e-acf9-fb5fafcef024}, !- Surface Name
  1,                                      !- Incident Solar Multiplier {dimensionless}
  {1d2e74c5-3383-436d-bbf0-5e7440e023ae}; !- Incident Solar Multiplier Schedule Name

OS:Surface,
  {51bb9f64-5009-413e-8d10-516fa0c5d2df}, !- Handle
  surface Window4,                        !- Name
  Wall,                                   !- Surface Type
  {a16437b8-2b41-4859-b42c-7a746516aa80}, !- Construction Name
  {2a39777d-1ff3-44fb-8798-def5ffbb9546}, !- Space Name
  Outdoors,                               !- Outside Boundary Condition
  ,                                       !- Outside Boundary Condition Object
  SunExposed,                             !- Sun Exposure
  WindExposed,                            !- Wind Exposure
  ,                                       !- View Factor to Ground
  ,                                       !- Number of Vertices
  27.8610795132609, 38.1915884923077, 0.304224278096097, !- X,Y,Z Vertex 1 {m}
  27.8610795132609, 38.1915884923077, 1.3721757219039, !- X,Y,Z Vertex 2 {m}
  31.1366538142116, 38.1915884923077, 1.3721757219039, !- X,Y,Z Vertex 3 {m}
  31.1366538142116, 38.1915884923077, 0.304224278096097; !- X,Y,Z Vertex 4 {m}

OS:AdditionalProperties,
  {13598e67-1792-4541-a669-401053fd9928}, !- Handle
  {51bb9f64-5009-413e-8d10-516fa0c5d2df}, !- Object Name
  Length,                                 !- Feature Name 1
  Double,                                 !- Feature Data Type 1
  10.742857142857146,                     !- Feature Value 1
  Azimuth,                                !- Feature Name 2
  Integer,                                !- Feature Data Type 2
  0,                                      !- Feature Value 2
  Tilt,                                   !- Feature Name 3
  Double,                                 !- Feature Data Type 3
  90,                                     !- Feature Value 3
  SurfaceType,                            !- Feature Name 4
  String,                                 !- Feature Data Type 4
  Window;                                 !- Feature Value 4

OS:SubSurface,
  {c06c4969-4012-483f-b0d4-d5b3c1fe2784}, !- Handle
  Window4,                                !- Name
  FixedWindow,                            !- Sub Surface Type
  {d7ef3bab-8e00-49c7-bb77-e7645a2a7495}, !- Construction Name
  {51bb9f64-5009-413e-8d10-516fa0c5d2df}, !- Surface Name
  ,                                       !- Outside Boundary Condition Object
  ,                                       !- View Factor to Ground
  ,                                       !- Frame and Divider Name
  ,                                       !- Multiplier
  ,                                       !- Number of Vertices
  27.8616552351648, 38.1915884923077, 0.3048, !- X,Y,Z Vertex 1 {m}
  27.8616552351648, 38.1915884923077, 1.3716, !- X,Y,Z Vertex 2 {m}
  31.1360780923077, 38.1915884923077, 1.3716, !- X,Y,Z Vertex 3 {m}
  31.1360780923077, 38.1915884923077, 0.3048; !- X,Y,Z Vertex 4 {m}

OS:ShadingSurfaceGroup,
  {e7074e41-fa43-4a89-9db3-6e90fbc9d2b4}, !- Handle
  Window4 Shading Surfaces,               !- Name
  Space,                                  !- Shading Surface Type
  {2a39777d-1ff3-44fb-8798-def5ffbb9546}, !- Space Name
  ,                                       !- Direction of Relative North {deg}
  ,                                       !- X Origin {m}
  ,                                       !- Y Origin {m}
  ,                                       !- Z Origin {m}
  {c06c4969-4012-483f-b0d4-d5b3c1fe2784}; !- Shaded Object Name

OS:ShadingSurface,
  {8669e7c9-0e03-4c18-9b11-f6f277ee80b4}, !- Handle
  Window4 overhangs,                      !- Name
  ,                                       !- Construction Name
  {e7074e41-fa43-4a89-9db3-6e90fbc9d2b4}, !- Shading Surface Group Name
  ,                                       !- Transmittance Schedule Name
  ,                                       !- Number of Vertices
  27.5568552351648, 38.1915884923077, 1.6764, !- X,Y,Z Vertex 1 {m}
  31.4408780923077, 38.1915884923077, 1.6764, !- X,Y,Z Vertex 2 {m}
  31.4408780923077, 38.8011884923077, 1.6764, !- X,Y,Z Vertex 3 {m}
  27.5568552351648, 38.8011884923077, 1.6764; !- X,Y,Z Vertex 4 {m}

OS:Construction,
  {d7ef3bab-8e00-49c7-bb77-e7645a2a7495}, !- Handle
  WindowConstruction 3,                   !- Name
  ,                                       !- Surface Rendering Name
  {f8e2c4a7-c753-4c9b-9a65-fb3380338bf5}; !- Layer 1

OS:SurfaceProperty:IncidentSolarMultiplier,
  {dc4ceabd-f863-4c25-9eac-a1babfbe8530}, !- Handle
  {c06c4969-4012-483f-b0d4-d5b3c1fe2784}, !- Surface Name
  1,                                      !- Incident Solar Multiplier {dimensionless}
  {1d2e74c5-3383-436d-bbf0-5e7440e023ae}; !- Incident Solar Multiplier Schedule Name

OS:Material,
  {6de739fc-eb54-442c-b6d8-dcb237599ce1}, !- Handle
  wood siding 1,                          !- Name
  Rough,                                  !- Roughness
  0.0254,                                 !- Thickness {m}
  0.1024175,                              !- Conductivity {W/m-K}
  544.68,                                 !- Density {kg/m3}
  1172.36;                                !- Specific Heat {J/kg-K}

OS:Material,
  {19767546-7d7b-4b79-b6e7-fdae32859a45}, !- Handle
  wall rigid ins,                         !- Name
  Rough,                                  !- Roughness
  0.5129784,                              !- Thickness {m}
  0.029427,                               !- Conductivity {W/m-K}
  32.04,                                  !- Density {kg/m3}
  1214.23,                                !- Specific Heat {J/kg-K}
  0.9,                                    !- Thermal Absorptance
  0.7,                                    !- Solar Absorptance
  0.7;                                    !- Visible Absorptance

OS:Material,
  {baf13d6a-4331-4694-9764-581bf5c95e54}, !- Handle
  wall stud and cavity 1,                 !- Name
  Rough,                                  !- Roughness
  0.0889,                                 !- Thickness {m}
  0.380278417457636,                      !- Conductivity {W/m-K}
  52.34794524,                            !- Density {kg/m3}
  1209.88641434781,                       !- Specific Heat {J/kg-K}
  0.9,                                    !- Thermal Absorptance
  0.7,                                    !- Solar Absorptance
  0.7;                                    !- Visible Absorptance

OS:Construction,
  {a16437b8-2b41-4859-b42c-7a746516aa80}, !- Handle
  AdiabaticWallConstruction,              !- Name
  ,                                       !- Surface Rendering Name
  {6de739fc-eb54-442c-b6d8-dcb237599ce1}, !- Layer 1
  {19767546-7d7b-4b79-b6e7-fdae32859a45}, !- Layer 2
  {baf13d6a-4331-4694-9764-581bf5c95e54}, !- Layer 3
  {c800495f-5826-4c12-87d9-8b630419dbf8}; !- Layer 4

OS:Surface,
  {522ef182-39f0-40cd-8757-941e3d85c7a5}, !- Handle
  surface Door1,                          !- Name
  Wall,                                   !- Surface Type
  {ba137513-a5c7-451f-bb78-de3b5d3b6312}, !- Construction Name
  {2a39777d-1ff3-44fb-8798-def5ffbb9546}, !- Space Name
  Outdoors,                               !- Outside Boundary Condition
  ,                                       !- Outside Boundary Condition Object
  SunExposed,                             !- Sun Exposure
  WindExposed,                            !- Wind Exposure
  ,                                       !- View Factor to Ground
  ,                                       !- Number of Vertices
  -38.1915884923077, 25.314007219554, 0.303952155732047, !- X,Y,Z Vertex 1 {m}
  -38.1915884923077, 25.314007219554, 2.33866384426795, !- X,Y,Z Vertex 2 {m}
  -38.1915884923077, 26.2296459365756, 2.33866384426795, !- X,Y,Z Vertex 3 {m}
  -38.1915884923077, 26.2296459365756, 0.303952155732047; !- X,Y,Z Vertex 4 {m}

OS:AdditionalProperties,
  {042201ce-b4c4-4bdb-848c-16fd046005a2}, !- Handle
  {522ef182-39f0-40cd-8757-941e3d85c7a5}, !- Object Name
  Length,                                 !- Feature Name 1
  Double,                                 !- Feature Data Type 1
  2.9985007496251876,                     !- Feature Value 1
  Azimuth,                                !- Feature Name 2
  Integer,                                !- Feature Data Type 2
  270,                                    !- Feature Value 2
  Tilt,                                   !- Feature Name 3
  Double,                                 !- Feature Data Type 3
  90,                                     !- Feature Value 3
  SurfaceType,                            !- Feature Name 4
  String,                                 !- Feature Data Type 4
  Door;                                   !- Feature Value 4

OS:SubSurface,
  {3edf278d-29ee-45cd-b9a0-73dcd4d61921}, !- Handle
  Door1,                                  !- Name
  Door,                                   !- Sub Surface Type
  {e8e98e2f-6d2a-4e91-962e-685140110a41}, !- Construction Name
  {522ef182-39f0-40cd-8757-941e3d85c7a5}, !- Surface Name
  ,                                       !- Outside Boundary Condition Object
  ,                                       !- View Factor to Ground
  ,                                       !- Frame and Divider Name
  ,                                       !- Multiplier
  ,                                       !- Number of Vertices
  -38.1915884923077, 25.3148550638219, 0.3048, !- X,Y,Z Vertex 1 {m}
  -38.1915884923077, 25.3148550638219, 2.337816, !- X,Y,Z Vertex 2 {m}
  -38.1915884923077, 26.2287980923077, 2.337816, !- X,Y,Z Vertex 3 {m}
  -38.1915884923077, 26.2287980923077, 0.3048; !- X,Y,Z Vertex 4 {m}

OS:Material,
  {59e17925-c542-4136-9c55-f58b056183eb}, !- Handle
  door material,                          !- Name
  Rough,                                  !- Roughness
  0.04445,                                !- Thickness {m}
  0.0612266553480475,                     !- Conductivity {W/m-K}
  512.64,                                 !- Density {kg/m3}
  1214.23,                                !- Specific Heat {J/kg-K}
  0.9,                                    !- Thermal Absorptance
  0.7,                                    !- Solar Absorptance
  0.7;                                    !- Visible Absorptance

OS:Construction,
  {e8e98e2f-6d2a-4e91-962e-685140110a41}, !- Handle
  Door,                                   !- Name
  ,                                       !- Surface Rendering Name
  {59e17925-c542-4136-9c55-f58b056183eb}; !- Layer 1

OS:Material,
  {134337a7-3efe-4067-8e22-e51a3b449244}, !- Handle
  wood siding 2,                          !- Name
  Rough,                                  !- Roughness
  0.0254,                                 !- Thickness {m}
  0.1024175,                              !- Conductivity {W/m-K}
  544.68,                                 !- Density {kg/m3}
  1172.36;                                !- Specific Heat {J/kg-K}

OS:Construction,
  {ba137513-a5c7-451f-bb78-de3b5d3b6312}, !- Handle
  AdiabaticWallConstruction 1,            !- Name
  ,                                       !- Surface Rendering Name
  {134337a7-3efe-4067-8e22-e51a3b449244}, !- Layer 1
  {19767546-7d7b-4b79-b6e7-fdae32859a45}, !- Layer 2
  {baf13d6a-4331-4694-9764-581bf5c95e54}, !- Layer 3
  {c800495f-5826-4c12-87d9-8b630419dbf8}; !- Layer 4

OS:InternalMass:Definition,
  {57de56fb-1e65-4a04-a90d-c49da8fc4ae4}, !- Handle
  partition wall mass,                    !- Name
  {4b3beb78-f9b6-430e-8939-551d78f66bb1}, !- Construction Name
  SurfaceArea,                            !- Design Level Calculation Method
  114.08493,                              !- Surface Area {m2}
  ,                                       !- Surface Area per Space Floor Area {dimensionless}
  ;                                       !- Surface Area per Person {m2/person}

OS:InternalMass,
  {19064769-74db-4f93-8fce-a9db7be5c7a5}, !- Handle
  partition wall mass,                    !- Name
  {57de56fb-1e65-4a04-a90d-c49da8fc4ae4}, !- Internal Mass Definition Name
  {2a39777d-1ff3-44fb-8798-def5ffbb9546}, !- Space or SpaceType Name
  1;                                      !- Multiplier

OS:Material,
  {92d224f2-f957-4155-9970-97fc5648482e}, !- Handle
  wall stud and cavity 2,                 !- Name
  Rough,                                  !- Roughness
  0.0889,                                 !- Thickness {m}
  0.391763531157105,                      !- Conductivity {W/m-K}
  83.034082224,                           !- Density {kg/m3}
  1211.67419087611,                       !- Specific Heat {J/kg-K}
  0.9,                                    !- Thermal Absorptance
  0.7,                                    !- Solar Absorptance
  0.7;                                    !- Visible Absorptance

OS:Construction,
  {4b3beb78-f9b6-430e-8939-551d78f66bb1}, !- Handle
  PartitionWallConstruction,              !- Name
  ,                                       !- Surface Rendering Name
  {c800495f-5826-4c12-87d9-8b630419dbf8}, !- Layer 1
  {92d224f2-f957-4155-9970-97fc5648482e}, !- Layer 2
  {c800495f-5826-4c12-87d9-8b630419dbf8}; !- Layer 3

OS:InternalMass:Definition,
  {bcc4889e-3018-4ff5-a9f9-b3fd0d184299}, !- Handle
  furniture mass conditioned space 1,     !- Name
  {bf7825e4-d17d-4852-a1de-6fe5eaaa29f8}, !- Construction Name
  SurfaceArea,                            !- Design Level Calculation Method
  45.63397,                               !- Surface Area {m2}
  ,                                       !- Surface Area per Space Floor Area {dimensionless}
  ;                                       !- Surface Area per Person {m2/person}

OS:InternalMass,
  {589edbfc-eefe-4ad2-b20a-cda399455bd9}, !- Handle
  furniture mass conditioned space 1,     !- Name
  {bcc4889e-3018-4ff5-a9f9-b3fd0d184299}, !- Internal Mass Definition Name
  {2a39777d-1ff3-44fb-8798-def5ffbb9546}, !- Space or SpaceType Name
  1;                                      !- Multiplier

OS:Material,
  {b1dbcea7-85a1-4877-9c91-44e214706910}, !- Handle
  furniture material conditioned space 1, !- Name
  Rough,                                  !- Roughness
  0.1524,                                 !- Thickness {m}
  0.1154577,                              !- Conductivity {W/m-K}
  640.8,                                  !- Density {kg/m3}
  1214.23,                                !- Specific Heat {J/kg-K}
  0.9,                                    !- Thermal Absorptance
  0.6,                                    !- Solar Absorptance
  0.6;                                    !- Visible Absorptance

OS:Construction,
  {bf7825e4-d17d-4852-a1de-6fe5eaaa29f8}, !- Handle
  furniture construction conditioned space 1, !- Name
  ,                                       !- Surface Rendering Name
  {b1dbcea7-85a1-4877-9c91-44e214706910}; !- Layer 1

OS:ShadingSurface,
  {b6678dfa-773a-4ed7-8e3a-d32179f8722c}, !- Handle
  Neighbor azimuth 0 distance 15.0,       !- Name
  ,                                       !- Construction Name
  {dd65ce09-fe68-480a-b60e-11c73fc4ca5a}, !- Shading Surface Group Name
  ,                                       !- Transmittance Schedule Name
  ,                                       !- Number of Vertices
  -38.1915884923077, 42.7635884923077, 0, !- X,Y,Z Vertex 1 {m}
  -38.1915884923077, 42.7635884923077, 2.7432, !- X,Y,Z Vertex 2 {m}
  38.1915884923077, 42.7635884923077, 2.7432, !- X,Y,Z Vertex 3 {m}
  38.1915884923077, 42.7635884923077, 0;  !- X,Y,Z Vertex 4 {m}

OS:AdditionalProperties,
  {49e81ddd-96ef-43c9-b072-e988e07848ac}, !- Handle
  {b6678dfa-773a-4ed7-8e3a-d32179f8722c}, !- Object Name
  Azimuth,                                !- Feature Name 1
  Integer,                                !- Feature Data Type 1
  0,                                      !- Feature Value 1
  Distance,                               !- Feature Name 2
  Double,                                 !- Feature Data Type 2
  15;                                     !- Feature Value 2

OS:ShadingSurface,
  {84d7105d-1ba0-4b88-bcd6-872d9b7ea18f}, !- Handle
  Neighbor azimuth 180 distance 15.0,     !- Name
  ,                                       !- Construction Name
  {dd65ce09-fe68-480a-b60e-11c73fc4ca5a}, !- Shading Surface Group Name
  ,                                       !- Transmittance Schedule Name
  ,                                       !- Number of Vertices
  38.1915884923077, -42.7635884923077, 0, !- X,Y,Z Vertex 1 {m}
  38.1915884923077, -42.7635884923077, 2.7432, !- X,Y,Z Vertex 2 {m}
  -38.1915884923077, -42.7635884923077, 2.7432, !- X,Y,Z Vertex 3 {m}
  -38.1915884923077, -42.7635884923077, 0; !- X,Y,Z Vertex 4 {m}

OS:AdditionalProperties,
  {bbae87c7-6b72-420e-b093-6bea2800a20e}, !- Handle
  {84d7105d-1ba0-4b88-bcd6-872d9b7ea18f}, !- Object Name
  Azimuth,                                !- Feature Name 1
  Integer,                                !- Feature Data Type 1
  180,                                    !- Feature Value 1
  Distance,                               !- Feature Name 2
  Double,                                 !- Feature Data Type 2
  15;                                     !- Feature Value 2

OS:ShadingSurfaceGroup,
  {dd65ce09-fe68-480a-b60e-11c73fc4ca5a}, !- Handle
  neighbors,                              !- Name
  Building;                               !- Shading Surface Type

OS:Curve:Biquadratic,
  {8878d9cf-693f-4ff7-859c-234f5e0b70f7}, !- Handle
  Cool-CAP-fT1,                           !- Name
  1.557359706,                            !- Coefficient1 Constant
  -0.0744481692,                          !- Coefficient2 x
  0.00309859668,                          !- Coefficient3 x**2
  0.0014595786,                           !- Coefficient4 y
  -4.1148e-05,                            !- Coefficient5 y**2
  -0.00042671448,                         !- Coefficient6 x*y
  -100,                                   !- Minimum Value of x
  100,                                    !- Maximum Value of x
  -100,                                   !- Minimum Value of y
  100;                                    !- Maximum Value of y

OS:Curve:Biquadratic,
  {fc1f5adb-dab1-4c3c-921e-2d4cfe9843e3}, !- Handle
  Cool-EIR-fT1,                           !- Name
  -0.350447695,                           !- Coefficient1 Constant
  0.116809893,                            !- Coefficient2 x
  -0.00339950844,                         !- Coefficient3 x**2
  -0.001226088,                           !- Coefficient4 y
  0.0006008094,                           !- Coefficient5 y**2
  -0.000466884,                           !- Coefficient6 x*y
  -100,                                   !- Minimum Value of x
  100,                                    !- Maximum Value of x
  -100,                                   !- Minimum Value of y
  100;                                    !- Maximum Value of y

OS:Curve:Quadratic,
  {ea56b37d-23e2-4145-b712-d22fc7bbf676}, !- Handle
  Cool-CAP-fFF1,                          !- Name
  0.718664047,                            !- Coefficient1 Constant
  0.41797409,                             !- Coefficient2 x
  -0.136638137,                           !- Coefficient3 x**2
  0,                                      !- Minimum Value of x
  2,                                      !- Maximum Value of x
  0,                                      !- Minimum Curve Output
  2;                                      !- Maximum Curve Output

OS:Curve:Quadratic,
  {111d8fdb-079a-4cbf-9776-35b7e157c535}, !- Handle
  Cool-EIR-fFF1,                          !- Name
  1.143487507,                            !- Coefficient1 Constant
  -0.13943972,                            !- Coefficient2 x
  -0.004047787,                           !- Coefficient3 x**2
  0,                                      !- Minimum Value of x
  2,                                      !- Maximum Value of x
  0,                                      !- Minimum Curve Output
  2;                                      !- Maximum Curve Output

OS:Curve:Quadratic,
  {fec61c0e-ee4e-43ce-9092-909a4f1fe0db}, !- Handle
  Cool-PLF-fPLR1,                         !- Name
  0.8,                                    !- Coefficient1 Constant
  0.2,                                    !- Coefficient2 x
  0,                                      !- Coefficient3 x**2
  0,                                      !- Minimum Value of x
  1,                                      !- Maximum Value of x
  0.7,                                    !- Minimum Curve Output
  1;                                      !- Maximum Curve Output

OS:Schedule:Constant,
  {05ab60a0-2ec2-4230-bad8-f83395cdea9b}, !- Handle
  Always On Discrete,                     !- Name
  {24c46a06-fd39-412d-8157-0fe3ec3e4130}, !- Schedule Type Limits Name
  1;                                      !- Value

OS:ScheduleTypeLimits,
  {24c46a06-fd39-412d-8157-0fe3ec3e4130}, !- Handle
  OnOff,                                  !- Name
  0,                                      !- Lower Limit Value
  1,                                      !- Upper Limit Value
  Discrete,                               !- Numeric Type
  Availability;                           !- Unit Type

OS:Coil:Cooling:DX:SingleSpeed,
  {2a58e3db-2b20-477b-9615-7e57218343e2}, !- Handle
  central ac and furnace clg coil,        !- Name
  {05ab60a0-2ec2-4230-bad8-f83395cdea9b}, !- Availability Schedule Name
  13004.3027393436,                       !- Rated Total Cooling Capacity {W}
  0.730031800184905,                      !- Rated Sensible Heat Ratio
  2.9626,                                 !- Rated COP {W/W}
  0.669176427074147,                      !- Rated Air Flow Rate {m3/s}
  773.3,                                  !- Rated Evaporator Fan Power Per Volume Flow Rate 2017 {W/(m3/s)}
  934.4,                                  !- Rated Evaporator Fan Power Per Volume Flow Rate 2023 {W/(m3/s)}
  ,                                       !- Air Inlet Node Name
  ,                                       !- Air Outlet Node Name
  {8878d9cf-693f-4ff7-859c-234f5e0b70f7}, !- Total Cooling Capacity Function of Temperature Curve Name
  {ea56b37d-23e2-4145-b712-d22fc7bbf676}, !- Total Cooling Capacity Function of Flow Fraction Curve Name
  {fc1f5adb-dab1-4c3c-921e-2d4cfe9843e3}, !- Energy Input Ratio Function of Temperature Curve Name
  {111d8fdb-079a-4cbf-9776-35b7e157c535}, !- Energy Input Ratio Function of Flow Fraction Curve Name
  {fec61c0e-ee4e-43ce-9092-909a4f1fe0db}, !- Part Load Fraction Correlation Curve Name
  -25,                                    !- Minimum Outdoor Dry-Bulb Temperature for Compressor Operation {C}
  1000,                                   !- Nominal Time for Condensate Removal to Begin {s}
  1.5,                                    !- Ratio of Initial Moisture Evaporation Rate and Steady State Latent Capacity {dimensionless}
  3,                                      !- Maximum Cycling Rate {cycles/hr}
  45,                                     !- Latent Capacity Time Constant {s}
  ,                                       !- Condenser Air Inlet Node Name
  AirCooled,                              !- Condenser Type
  0.9,                                    !- Evaporative Condenser Effectiveness {dimensionless}
  autosize,                               !- Evaporative Condenser Air Flow Rate {m3/s}
  autosize,                               !- Evaporative Condenser Pump Rated Power Consumption {W}
  50,                                     !- Crankcase Heater Capacity {W}
  ,                                       !- Crankcase Heater Capacity Function of Temperature Curve Name
  10,                                     !- Maximum Outdoor Dry-Bulb Temperature for Crankcase Heater Operation {C}
  ,                                       !- Supply Water Storage Tank Name
  ,                                       !- Condensate Collection Water Storage Tank Name
  0,                                      !- Basin Heater Capacity {W/K}
  2;                                      !- Basin Heater Setpoint Temperature {C}

OS:AdditionalProperties,
  {215cf3cb-4231-495c-9afc-c019682c4ddb}, !- Handle
  {2a58e3db-2b20-477b-9615-7e57218343e2}, !- Object Name
  HPXML_ID,                               !- Feature Name 1
  String,                                 !- Feature Data Type 1
  CoolingSystem1;                         !- Feature Value 1

OS:Coil:Heating:Gas,
  {92f2cd26-0301-4c28-b784-e4b31c868080}, !- Handle
  central ac and furnace htg coil,        !- Name
  {05ab60a0-2ec2-4230-bad8-f83395cdea9b}, !- Availability Schedule Name
  0.925,                                  !- Gas Burner Efficiency
  16145.5783268579,                       !- Nominal Capacity {W}
  ,                                       !- Air Inlet Node Name
  ,                                       !- Air Outlet Node Name
  ,                                       !- Temperature Setpoint Node Name
  0,                                      !- On Cycle Parasitic Electric Load {W}
  ,                                       !- Part Load Fraction Correlation Curve Name
  0,                                      !- Off Cycle Parasitic Gas Load {W}
  NaturalGas;                             !- Fuel Type

OS:AdditionalProperties,
  {2bce88cc-a4c4-4100-a083-b22573cf4124}, !- Handle
  {92f2cd26-0301-4c28-b784-e4b31c868080}, !- Object Name
  HPXML_ID,                               !- Feature Name 1
  String,                                 !- Feature Data Type 1
  HeatingSystem1,                         !- Feature Value 1
  IsHeatPumpBackup,                       !- Feature Name 2
  Boolean,                                !- Feature Data Type 2
  false;                                  !- Feature Value 2

OS:Fan:SystemModel,
  {cb658189-7ccf-4a5f-8d11-4ee40e73256e}, !- Handle
  central ac and furnace supply fan,      !- Name
  {05ab60a0-2ec2-4230-bad8-f83395cdea9b}, !- Availability Schedule Name
  ,                                       !- Air Inlet Node Name
  ,                                       !- Air Outlet Node Name
  0.6791323707648,                        !- Design Maximum Air Flow Rate {m3/s}
  Discrete,                               !- Speed Control Method
  0.2,                                    !- Electric Power Minimum Flow Rate Fraction
  500,                                    !- Design Pressure Rise {Pa}
  1,                                      !- Motor Efficiency
  1,                                      !- Motor In Air Stream Fraction
  autosize,                               !- Design Electric Power Consumption {W}
  PowerPerFlow,                           !- Design Power Sizing Method
  794.580001233493,                       !- Electric Power Per Unit Flow Rate {W/(m3/s)}
  1.66667,                                !- Electric Power Per Unit Flow Rate Per Unit Pressure {W-s/m3-Pa}
  0.7,                                    !- Fan Total Efficiency
  ,                                       !- Electric Power Function of Flow Fraction Curve Name
  ,                                       !- Night Ventilation Mode Pressure Rise {Pa}
  ,                                       !- Night Ventilation Mode Flow Fraction
  ,                                       !- Motor Loss Zone Name
  0,                                      !- Motor Loss Radiative Fraction
  supply fan,                             !- End-Use Subcategory
  0.6984,                                 !- Speed Flow Fraction 1
  0.34066,                                !- Speed Electric Power Fraction 1
  1,                                      !- Speed Flow Fraction 2
  1;                                      !- Speed Electric Power Fraction 2

OS:EnergyManagementSystem:Sensor,
  {ec87ca32-1bca-4520-a088-271d1136e34a}, !- Handle
  central_ac_and_furnace_supply_fan_s,    !- Name
  central ac and furnace supply fan,      !- Output Variable or Output Meter Index Key Name
  Fan Electricity Energy;                 !- Output Variable or Output Meter Name

OS:EnergyManagementSystem:Sensor,
  {6d74398c-4c53-4fd0-ae42-1cd4dbe823fc}, !- Handle
  central_ac_and_furnace_clg_coil_s,      !- Name
  central ac and furnace clg coil,        !- Output Variable or Output Meter Index Key Name
  Cooling Coil Total Cooling Energy;      !- Output Variable or Output Meter Name

OS:EnergyManagementSystem:Program,
  {ed7511c7-8495-4703-a81c-1f91c7b7ea9b}, !- Handle
  central_ac_and_furnace_supply_fan_disaggregate_program, !- Name
  Set central_ac_and_furnace_supply_fan_clg = 0, !- Program Line 1
  If central_ac_and_furnace_clg_coil_s > 0, !- Program Line 2
  Set central_ac_and_furnace_supply_fan_clg = central_ac_and_furnace_supply_fan_s, !- Program Line 3
  EndIf;                                  !- Program Line 4

OS:EnergyManagementSystem:ProgramCallingManager,
  {ff7f362e-7ace-43b2-bad8-63c8ff8e0133}, !- Handle
  central_ac_and_furnace_supply_fan_disaggregate_program_calling_manager, !- Name
  EndOfSystemTimestepBeforeHVACReporting, !- EnergyPlus Model Calling Point
  {ed7511c7-8495-4703-a81c-1f91c7b7ea9b}; !- Program Name 1

OS:EnergyManagementSystem:OutputVariable,
  {f4542cb0-5c42-455b-b3f3-af9ae1b3319d}, !- Handle
  central ac and furnace supply fan disaggregate clg, !- Name
  central_ac_and_furnace_supply_fan_clg,  !- EMS Variable Name
  Summed,                                 !- Type of Data in Variable
  SystemTimestep,                         !- Update Frequency
  {ed7511c7-8495-4703-a81c-1f91c7b7ea9b}, !- EMS Program or Subroutine Name
  J;                                      !- Units

OS:AdditionalProperties,
  {e56269d2-ce8a-4f38-bf86-a6e885218b63}, !- Handle
  {f4542cb0-5c42-455b-b3f3-af9ae1b3319d}, !- Object Name
  HPXML_ID,                               !- Feature Name 1
  String,                                 !- Feature Data Type 1
  CoolingSystem1,                         !- Feature Value 1
  ObjectType,                             !- Feature Name 2
  String,                                 !- Feature Data Type 2
  disaggregate clg;                       !- Feature Value 2

OS:EnergyManagementSystem:Sensor,
  {31aa033c-63a2-4053-9f5f-30df0defd0b8}, !- Handle
  central_ac_and_furnace_supply_fan_s_1,  !- Name
  central ac and furnace supply fan,      !- Output Variable or Output Meter Index Key Name
  Fan Electricity Energy;                 !- Output Variable or Output Meter Name

OS:EnergyManagementSystem:Sensor,
  {1cd93c07-3581-424f-81e6-93795dbc8097}, !- Handle
  central_ac_and_furnace_htg_coil_s,      !- Name
  central ac and furnace htg coil,        !- Output Variable or Output Meter Index Key Name
  Heating Coil Heating Energy;            !- Output Variable or Output Meter Name

OS:EnergyManagementSystem:Program,
  {7cc9973d-eed3-406e-9e60-bbcf7e402f8d}, !- Handle
  central_ac_and_furnace_supply_fan_disaggregate_program_1, !- Name
  Set central_ac_and_furnace_supply_fan_primary_htg = 0, !- Program Line 1
  If central_ac_and_furnace_htg_coil_s > 0, !- Program Line 2
  Set central_ac_and_furnace_supply_fan_primary_htg = central_ac_and_furnace_supply_fan_s_1, !- Program Line 3
  EndIf;                                  !- Program Line 4

OS:EnergyManagementSystem:ProgramCallingManager,
  {64dbd86e-4e42-436f-84fa-d5a40513a46b}, !- Handle
  central_ac_and_furnace_supply_fan_disaggregate_program_calling_manager 1, !- Name
  EndOfSystemTimestepBeforeHVACReporting, !- EnergyPlus Model Calling Point
  {7cc9973d-eed3-406e-9e60-bbcf7e402f8d}; !- Program Name 1

OS:EnergyManagementSystem:OutputVariable,
  {afda05d0-3759-47bf-b40f-bbc1d37f7669}, !- Handle
  central ac and furnace supply fan disaggregate htg primary, !- Name
  central_ac_and_furnace_supply_fan_primary_htg, !- EMS Variable Name
  Summed,                                 !- Type of Data in Variable
  SystemTimestep,                         !- Update Frequency
  {7cc9973d-eed3-406e-9e60-bbcf7e402f8d}, !- EMS Program or Subroutine Name
  J;                                      !- Units

OS:AdditionalProperties,
  {af454f1e-c93f-493f-8490-b2e67de76f5f}, !- Handle
  {afda05d0-3759-47bf-b40f-bbc1d37f7669}, !- Object Name
  HPXML_ID,                               !- Feature Name 1
  String,                                 !- Feature Data Type 1
  HeatingSystem1,                         !- Feature Value 1
  ObjectType,                             !- Feature Name 2
  String,                                 !- Feature Data Type 2
  disaggregate htg primary;               !- Feature Value 2

OS:Schedule:Constant,
  {ece2ef97-c4ed-43c9-b409-cd93b9a69a79}, !- Handle
  central ac and furnace auto fan schedule, !- Name
  {24c46a06-fd39-412d-8157-0fe3ec3e4130}, !- Schedule Type Limits Name
  0;                                      !- Value

OS:AirLoopHVAC:UnitarySystem,
  {3f990df4-b591-4176-b033-c87e88b68c96}, !- Handle
  central ac and furnace unitary system,  !- Name
  Load,                                   !- Control Type
  {1a0e0e6f-18af-4b33-ae1d-1b97d396df86}, !- Controlling Zone or Thermostat Location
  None,                                   !- Dehumidification Control Type
  {05ab60a0-2ec2-4230-bad8-f83395cdea9b}, !- Availability Schedule Name
  {d0230ec3-5218-4435-ba9f-ef11e568fc02}, !- Air Inlet Node Name
  {2d1c711c-a049-4471-bff3-835a62be632a}, !- Air Outlet Node Name
  {cb658189-7ccf-4a5f-8d11-4ee40e73256e}, !- Supply Fan Name
  BlowThrough,                            !- Fan Placement
  {ece2ef97-c4ed-43c9-b409-cd93b9a69a79}, !- Supply Air Fan Operating Mode Schedule Name
  {92f2cd26-0301-4c28-b784-e4b31c868080}, !- Heating Coil Name
  1,                                      !- DX Heating Coil Sizing Ratio
  {2a58e3db-2b20-477b-9615-7e57218343e2}, !- Cooling Coil Name
  No,                                     !- Use DOAS DX Cooling Coil
  2,                                      !- DOAS DX Cooling Coil Leaving Minimum Air Temperature {C}
  SensibleOnlyLoadControl,                !- Latent Load Control
  ,                                       !- Supplemental Heating Coil Name
  SupplyAirFlowRate,                      !- Supply Air Flow Rate Method During Cooling Operation
  0.6791323707648,                        !- Supply Air Flow Rate During Cooling Operation {m3/s}
  ,                                       !- Supply Air Flow Rate Per Floor Area During Cooling Operation {m3/s-m2}
  ,                                       !- Fraction of Autosized Design Cooling Supply Air Flow Rate
  ,                                       !- Design Supply Air Flow Rate Per Unit of Capacity During Cooling Operation {m3/s-W}
  SupplyAirFlowRate,                      !- Supply Air Flow Rate Method During Heating Operation
  0.474307180416,                         !- Supply Air Flow Rate During Heating Operation {m3/s}
  ,                                       !- Supply Air Flow Rate Per Floor Area during Heating Operation {m3/s-m2}
  ,                                       !- Fraction of Autosized Design Heating Supply Air Flow Rate
  ,                                       !- Design Supply Air Flow Rate Per Unit of Capacity During Heating Operation {m3/s-W}
  SupplyAirFlowRate,                      !- Supply Air Flow Rate Method When No Cooling or Heating is Required
  0,                                      !- Supply Air Flow Rate When No Cooling or Heating is Required {m3/s}
  ,                                       !- Supply Air Flow Rate Per Floor Area When No Cooling or Heating is Required {m3/s-m2}
  ,                                       !- Fraction of Autosized Design Cooling Supply Air Flow Rate When No Cooling or Heating is Required
  ,                                       !- Fraction of Autosized Design Heating Supply Air Flow Rate When No Cooling or Heating is Required
  ,                                       !- Design Supply Air Flow Rate Per Unit of Capacity During Cooling Operation When No Cooling or Heating is Required {m3/s-W}
  ,                                       !- Design Supply Air Flow Rate Per Unit of Capacity During Heating Operation When No Cooling or Heating is Required {m3/s-W}
  Yes,                                    !- No Load Supply Air Flow Rate Control Set To Low Speed
  48.8888888888889,                       !- Maximum Supply Air Temperature {C}
  21,                                     !- Maximum Outdoor Dry-Bulb Temperature for Supplemental Heater Operation {C}
  ,                                       !- Outdoor Dry-Bulb Temperature Sensor Node Name
  0,                                      !- Ancilliary On-Cycle Electric Power {W}
  0;                                      !- Ancilliary Off-Cycle Electric Power {W}

OS:AirLoopHVAC,
  {a8bda522-bc54-48f3-afc9-010abd916afa}, !- Handle
  central ac and furnace airloop,         !- Name
  ,                                       !- Controller List Name
  {05ab60a0-2ec2-4230-bad8-f83395cdea9b}, !- Availability Schedule
  {9e8feb45-9d47-450b-b128-b37ea52f860d}, !- Availability Manager List Name
  0.6791323707648,                        !- Design Supply Air Flow Rate {m3/s}
  1,                                      !- Design Return Air Flow Fraction of Supply Air Flow
  ,                                       !- Branch List Name
  ,                                       !- Connector List Name
  {c95e1639-0ede-49f8-8edf-490a51631f63}, !- Supply Side Inlet Node Name
  {72bba152-3e8e-4c26-99ca-44045c811e6a}, !- Demand Side Outlet Node Name
  {38666045-0efe-49db-a13f-00a8f61d6ac9}, !- Demand Side Inlet Node A
  {f2a647f4-a0da-427b-ba53-3059b0cbf3a4}, !- Supply Side Outlet Node A
  ,                                       !- Demand Side Inlet Node B
  ,                                       !- Supply Side Outlet Node B
  ,                                       !- Return Air Bypass Flow Temperature Setpoint Schedule Name
  {bf9d005e-122f-4a9a-ab6a-378f96e3162e}, !- Demand Mixer Name
  {7f0c023c-21bd-453f-89b5-d56cf44019cb}, !- Demand Splitter A Name
  ,                                       !- Demand Splitter B Name
  ;                                       !- Supply Splitter Name

OS:Node,
  {3aa5a2ff-0567-4bc0-ae60-e70bf6538bf5}, !- Handle
  Node 3,                                 !- Name
  {c95e1639-0ede-49f8-8edf-490a51631f63}, !- Inlet Port
  {d0230ec3-5218-4435-ba9f-ef11e568fc02}; !- Outlet Port

OS:Node,
  {7df187bc-2253-4880-a684-1e6c0a91ff06}, !- Handle
  Node 4,                                 !- Name
  {2d1c711c-a049-4471-bff3-835a62be632a}, !- Inlet Port
  {f2a647f4-a0da-427b-ba53-3059b0cbf3a4}; !- Outlet Port

OS:Connection,
  {c95e1639-0ede-49f8-8edf-490a51631f63}, !- Handle
  {a8bda522-bc54-48f3-afc9-010abd916afa}, !- Source Object
  9,                                      !- Outlet Port
  {3aa5a2ff-0567-4bc0-ae60-e70bf6538bf5}, !- Target Object
  2;                                      !- Inlet Port

OS:Connection,
  {f2a647f4-a0da-427b-ba53-3059b0cbf3a4}, !- Handle
  {7df187bc-2253-4880-a684-1e6c0a91ff06}, !- Source Object
  3,                                      !- Outlet Port
  {a8bda522-bc54-48f3-afc9-010abd916afa}, !- Target Object
  12;                                     !- Inlet Port

OS:Node,
  {956845ff-e5e4-4a59-a022-6701ae814e69}, !- Handle
  Node 5,                                 !- Name
  {38666045-0efe-49db-a13f-00a8f61d6ac9}, !- Inlet Port
  {8b888612-b1b3-4d49-8961-f177e642e1a0}; !- Outlet Port

OS:Node,
  {179360c6-24f3-4c05-9645-7ea55f7368f1}, !- Handle
  Node 6,                                 !- Name
  {49d26ba5-26e9-439c-9666-869678f57d6f}, !- Inlet Port
  {72bba152-3e8e-4c26-99ca-44045c811e6a}; !- Outlet Port

OS:Node,
  {6dfe23de-edfe-4f56-8975-aa364f670c60}, !- Handle
  Node 7,                                 !- Name
  {043b025d-a0f2-4973-9abb-5c33be6e6080}, !- Inlet Port
  {1de56b04-235d-4d08-b3c4-d907137bdf5d}; !- Outlet Port

OS:Connection,
  {38666045-0efe-49db-a13f-00a8f61d6ac9}, !- Handle
  {a8bda522-bc54-48f3-afc9-010abd916afa}, !- Source Object
  11,                                     !- Outlet Port
  {956845ff-e5e4-4a59-a022-6701ae814e69}, !- Target Object
  2;                                      !- Inlet Port

OS:Connection,
  {72bba152-3e8e-4c26-99ca-44045c811e6a}, !- Handle
  {179360c6-24f3-4c05-9645-7ea55f7368f1}, !- Source Object
  3,                                      !- Outlet Port
  {a8bda522-bc54-48f3-afc9-010abd916afa}, !- Target Object
  10;                                     !- Inlet Port

OS:AirLoopHVAC:ZoneSplitter,
  {7f0c023c-21bd-453f-89b5-d56cf44019cb}, !- Handle
  central ac and furnace zone splitter,   !- Name
  {8b888612-b1b3-4d49-8961-f177e642e1a0}, !- Inlet Node Name
  {f82157c7-bdee-4c15-91ba-b2fab8fbe00f}; !- Outlet Node Name 1

OS:AirLoopHVAC:ZoneMixer,
  {bf9d005e-122f-4a9a-ab6a-378f96e3162e}, !- Handle
  central ac and furnace zone mixer,      !- Name
  {49d26ba5-26e9-439c-9666-869678f57d6f}, !- Outlet Node Name
  {78dbad73-484f-4335-af01-4e05f2c6b683}; !- Inlet Node Name 1

OS:Connection,
  {8b888612-b1b3-4d49-8961-f177e642e1a0}, !- Handle
  {956845ff-e5e4-4a59-a022-6701ae814e69}, !- Source Object
  3,                                      !- Outlet Port
  {7f0c023c-21bd-453f-89b5-d56cf44019cb}, !- Target Object
  2;                                      !- Inlet Port

OS:Connection,
  {49d26ba5-26e9-439c-9666-869678f57d6f}, !- Handle
  {bf9d005e-122f-4a9a-ab6a-378f96e3162e}, !- Source Object
  2,                                      !- Outlet Port
  {179360c6-24f3-4c05-9645-7ea55f7368f1}, !- Target Object
  2;                                      !- Inlet Port

OS:Sizing:System,
  {82f22f2d-9407-4aca-8115-db8545a01179}, !- Handle
  {a8bda522-bc54-48f3-afc9-010abd916afa}, !- AirLoop Name
  ,                                       !- Type of Load to Size On
  ,                                       !- Design Outdoor Air Flow Rate {m3/s}
  0.3,                                    !- Central Heating Maximum System Air Flow Ratio
  7,                                      !- Preheat Design Temperature {C}
  0.008,                                  !- Preheat Design Humidity Ratio {kg-H2O/kg-Air}
  12.8,                                   !- Precool Design Temperature {C}
  0.008,                                  !- Precool Design Humidity Ratio {kg-H2O/kg-Air}
  12.8,                                   !- Central Cooling Design Supply Air Temperature {C}
  16.7,                                   !- Central Heating Design Supply Air Temperature {C}
  ,                                       !- Sizing Option
  Yes,                                    !- 100% Outdoor Air in Cooling
  Yes,                                    !- 100% Outdoor Air in Heating
  0.0085,                                 !- Central Cooling Design Supply Air Humidity Ratio {kg-H2O/kg-Air}
  ,                                       !- Central Heating Design Supply Air Humidity Ratio {kg-H2O/kg-Air}
  ,                                       !- Cooling Design Air Flow Method
  ,                                       !- Cooling Design Air Flow Rate {m3/s}
  ,                                       !- Heating Design Air Flow Method
  ,                                       !- Heating Design Air Flow Rate {m3/s}
  ,                                       !- System Outdoor Air Method
  1,                                      !- Zone Maximum Outdoor Air Fraction {dimensionless}
  0.0099676501,                           !- Cooling Supply Air Flow Rate Per Floor Area {m3/s-m2}
  1,                                      !- Cooling Fraction of Autosized Cooling Supply Air Flow Rate
  3.9475456e-05,                          !- Cooling Supply Air Flow Rate Per Unit Cooling Capacity {m3/s-W}
  0.0099676501,                           !- Heating Supply Air Flow Rate Per Floor Area {m3/s-m2}
  1,                                      !- Heating Fraction of Autosized Heating Supply Air Flow Rate
  1,                                      !- Heating Fraction of Autosized Cooling Supply Air Flow Rate
  3.1588213e-05,                          !- Heating Supply Air Flow Rate Per Unit Heating Capacity {m3/s-W}
  CoolingDesignCapacity,                  !- Cooling Design Capacity Method
  autosize,                               !- Cooling Design Capacity {W}
  234.7,                                  !- Cooling Design Capacity Per Floor Area {W/m2}
  1,                                      !- Fraction of Autosized Cooling Design Capacity
  HeatingDesignCapacity,                  !- Heating Design Capacity Method
  autosize,                               !- Heating Design Capacity {W}
  157,                                    !- Heating Design Capacity Per Floor Area {W/m2}
  1,                                      !- Fraction of Autosized Heating Design Capacity
  OnOff,                                  !- Central Cooling Capacity Control Method
  autosize;                               !- Occupant Diversity

OS:AvailabilityManagerAssignmentList,
  {9e8feb45-9d47-450b-b128-b37ea52f860d}, !- Handle
  Air Loop HVAC 1 AvailabilityManagerAssignmentList; !- Name

OS:Connection,
  {d0230ec3-5218-4435-ba9f-ef11e568fc02}, !- Handle
  {3aa5a2ff-0567-4bc0-ae60-e70bf6538bf5}, !- Source Object
  3,                                      !- Outlet Port
  {3f990df4-b591-4176-b033-c87e88b68c96}, !- Target Object
  6;                                      !- Inlet Port

OS:Connection,
  {2d1c711c-a049-4471-bff3-835a62be632a}, !- Handle
  {3f990df4-b591-4176-b033-c87e88b68c96}, !- Source Object
  7,                                      !- Outlet Port
  {7df187bc-2253-4880-a684-1e6c0a91ff06}, !- Target Object
  2;                                      !- Inlet Port

OS:AirTerminal:SingleDuct:ConstantVolume:NoReheat,
  {59d4472a-4d89-405c-a340-0524fc22e4cb}, !- Handle
  central ac and furnace terminal,        !- Name
  {05ab60a0-2ec2-4230-bad8-f83395cdea9b}, !- Availability Schedule Name
  {38da7775-a7a6-40d1-b736-16cf2863bbb2}, !- Air Inlet Node Name
  {043b025d-a0f2-4973-9abb-5c33be6e6080}, !- Air Outlet Node Name
  0.6791323707648;                        !- Maximum Air Flow Rate {m3/s}

OS:Node,
  {630210a6-bb18-494a-b40d-8b12331cc89c}, !- Handle
  Node 8,                                 !- Name
  {f33163fd-22cc-4d91-87ed-56b6bae32561}, !- Inlet Port
  {8177e2f3-ddbd-4d30-aba9-dc175ab6d8c3}; !- Outlet Port

OS:Connection,
  {1de56b04-235d-4d08-b3c4-d907137bdf5d}, !- Handle
  {6dfe23de-edfe-4f56-8975-aa364f670c60}, !- Source Object
  3,                                      !- Outlet Port
  {5257b069-3ae5-421b-8a18-60132fa185e0}, !- Target Object
  2;                                      !- Inlet Port

OS:Connection,
  {f33163fd-22cc-4d91-87ed-56b6bae32561}, !- Handle
  {b55997e6-deee-4026-9b53-47856a3507b2}, !- Source Object
  2,                                      !- Outlet Port
  {630210a6-bb18-494a-b40d-8b12331cc89c}, !- Target Object
  2;                                      !- Inlet Port

OS:Node,
  {1155e2c3-6e68-4bae-8b6d-0afe33d56355}, !- Handle
  Node 9,                                 !- Name
  {f82157c7-bdee-4c15-91ba-b2fab8fbe00f}, !- Inlet Port
  {38da7775-a7a6-40d1-b736-16cf2863bbb2}; !- Outlet Port

OS:Connection,
  {f82157c7-bdee-4c15-91ba-b2fab8fbe00f}, !- Handle
  {7f0c023c-21bd-453f-89b5-d56cf44019cb}, !- Source Object
  3,                                      !- Outlet Port
  {1155e2c3-6e68-4bae-8b6d-0afe33d56355}, !- Target Object
  2;                                      !- Inlet Port

OS:Connection,
  {38da7775-a7a6-40d1-b736-16cf2863bbb2}, !- Handle
  {1155e2c3-6e68-4bae-8b6d-0afe33d56355}, !- Source Object
  3,                                      !- Outlet Port
  {59d4472a-4d89-405c-a340-0524fc22e4cb}, !- Target Object
  3;                                      !- Inlet Port

OS:Connection,
  {043b025d-a0f2-4973-9abb-5c33be6e6080}, !- Handle
  {59d4472a-4d89-405c-a340-0524fc22e4cb}, !- Source Object
  4,                                      !- Outlet Port
  {6dfe23de-edfe-4f56-8975-aa364f670c60}, !- Target Object
  2;                                      !- Inlet Port

OS:Schedule:Constant,
  {356fa89d-151d-4e45-a93e-5dc81986193b}, !- Handle
  Sequential Fraction Schedule,           !- Name
  {9e6746b9-3117-465c-837e-fb1fc1618a40}, !- Schedule Type Limits Name
  1;                                      !- Value

OS:Schedule:Constant,
  {a2de1f67-5c77-41a3-ac3a-89116bd3c678}, !- Handle
  Sequential Fraction Schedule 1,         !- Name
  {9e6746b9-3117-465c-837e-fb1fc1618a40}, !- Schedule Type Limits Name
  1;                                      !- Value

OS:Schedule:File,
  {2a209e60-02c1-4994-85fc-41339438869c}, !- Handle
  ceiling_fan,                            !- Name
  {9e6746b9-3117-465c-837e-fb1fc1618a40}, !- Schedule Type Limits Name
  {6ce3e94c-fb1a-4ed7-bfed-5967f7440057}, !- External File Name
  4,                                      !- Column Number
  1,                                      !- Rows to Skip at Top
  8760,                                   !- Number of Hours of Data
  ,                                       !- Column Separator
  Yes,                                    !- Interpolate to Timestep
  15,                                     !- Minutes per Item
  ,                                       !- Adjust Schedule for Daylight Savings
  Yes;                                    !- Translate File With Relative Path

OS:External:File,
  {6ce3e94c-fb1a-4ed7-bfed-5967f7440057}, !- Handle
  External File 1,                        !- Name
  in.schedules.csv;                       !- File Name

OS:ElectricEquipment:Definition,
  {941cde05-cb28-4586-944d-82ad3576381e}, !- Handle
  ceiling fan,                            !- Name
  EquipmentLevel,                         !- Design Level Calculation Method
  18.6721990342726,                       !- Design Level {W}
  ,                                       !- Watts per Space Floor Area {W/m2}
  ,                                       !- Watts per Person {W/person}
  0,                                      !- Fraction Latent
  0.558,                                  !- Fraction Radiant
  0;                                      !- Fraction Lost

OS:ElectricEquipment,
  {819e3bfc-ba01-4995-b237-41ec2083d995}, !- Handle
  ceiling fan,                            !- Name
  {941cde05-cb28-4586-944d-82ad3576381e}, !- Electric Equipment Definition Name
  {2a39777d-1ff3-44fb-8798-def5ffbb9546}, !- Space or SpaceType Name
  {2a209e60-02c1-4994-85fc-41339438869c}, !- Schedule Name
  ,                                       !- Multiplier
  ceiling fan;                            !- End-Use Subcategory

OS:PlantLoop,
  {c59d5525-2177-4b09-bae2-31fc63abb99a}, !- Handle
  dhw loop,                               !- Name
  Water,                                  !- Fluid Type
  0,                                      !- Glycol Concentration
  ,                                       !- User Defined Fluid Type
  ,                                       !- Plant Equipment Operation Heating Load
  ,                                       !- Plant Equipment Operation Cooling Load
  ,                                       !- Primary Plant Equipment Operation Scheme
  {9d493236-d26f-4293-bb0f-1932b86e5cfd}, !- Loop Temperature Setpoint Node Name
  ,                                       !- Maximum Loop Temperature {C}
  ,                                       !- Minimum Loop Temperature {C}
  0.01,                                   !- Maximum Loop Flow Rate {m3/s}
  ,                                       !- Minimum Loop Flow Rate {m3/s}
  0.003,                                  !- Plant Loop Volume {m3}
  {5124e153-b7cf-4c0f-a6ef-2f8da8aec996}, !- Plant Side Inlet Node Name
  {b7bfdaaf-8bf5-4480-83af-8992bd892731}, !- Plant Side Outlet Node Name
  ,                                       !- Plant Side Branch List Name
  {afba3c53-c394-45ae-830b-4cbd1a07053f}, !- Demand Side Inlet Node Name
  {d05aaa24-9a46-46ee-ac77-f4569b0e2072}, !- Demand Side Outlet Node Name
  ,                                       !- Demand Side Branch List Name
  ,                                       !- Demand Side Connector List Name
  Optimal,                                !- Load Distribution Scheme
  {d8fe758f-e62c-482d-80b7-738c861b184a}, !- Availability Manager List Name
  ,                                       !- Plant Loop Demand Calculation Scheme
  ,                                       !- Common Pipe Simulation
  ,                                       !- Pressure Simulation Type
  ,                                       !- Plant Equipment Operation Heating Load Schedule
  ,                                       !- Plant Equipment Operation Cooling Load Schedule
  ,                                       !- Primary Plant Equipment Operation Scheme Schedule
  ,                                       !- Component Setpoint Operation Scheme Schedule
  {41253e88-2135-4ad2-a15a-408300a3dc2b}, !- Demand Mixer Name
  {38445741-73d3-4c31-a65d-e34116f240a1}, !- Demand Splitter Name
  {ed0a06c0-2bda-4c84-a782-2c042fbd6a25}, !- Supply Mixer Name
  {d6674ec7-f61c-4a56-bf22-e16ced9b2291}; !- Supply Splitter Name

OS:Node,
  {22e035e4-6c02-42de-8586-f0354ad735f7}, !- Handle
  Node 10,                                !- Name
  {5124e153-b7cf-4c0f-a6ef-2f8da8aec996}, !- Inlet Port
  {7e74f01b-2092-41fe-aaf6-c623e99f5bbe}; !- Outlet Port

OS:Node,
  {9d493236-d26f-4293-bb0f-1932b86e5cfd}, !- Handle
  Node 11,                                !- Name
  {b1cb027b-ccab-445f-9d20-b9183a79d969}, !- Inlet Port
  {b7bfdaaf-8bf5-4480-83af-8992bd892731}; !- Outlet Port

OS:Node,
  {36d390b7-4f87-4623-ac6b-de352d61dc90}, !- Handle
  Node 12,                                !- Name
  {7c8cfdfb-c20b-4654-96d6-7896406bb815}, !- Inlet Port
  {497b2ecf-c80f-49dc-a26e-a030df988f4a}; !- Outlet Port

OS:Connector:Mixer,
  {ed0a06c0-2bda-4c84-a782-2c042fbd6a25}, !- Handle
  Connector Mixer 1,                      !- Name
  {5cc8b474-0153-4ecc-8f64-f7497dd19166}, !- Outlet Branch Name
  {b5e88ff3-7691-4f39-9414-fd8c90fc2f61}, !- Inlet Branch Name 1
  {f7f03d57-0385-4e47-81fe-24d61dbf2303}; !- Inlet Branch Name 2

OS:Connector:Splitter,
  {d6674ec7-f61c-4a56-bf22-e16ced9b2291}, !- Handle
  Connector Splitter 1,                   !- Name
  {244c6a73-f162-4cb2-a5ee-d3baecca8f33}, !- Inlet Branch Name
  {7c8cfdfb-c20b-4654-96d6-7896406bb815}, !- Outlet Branch Name 1
  {f47bc9f3-9e51-478c-8ff5-7f470f80f692}; !- Outlet Branch Name 2

OS:Connection,
  {5124e153-b7cf-4c0f-a6ef-2f8da8aec996}, !- Handle
  {c59d5525-2177-4b09-bae2-31fc63abb99a}, !- Source Object
  14,                                     !- Outlet Port
  {22e035e4-6c02-42de-8586-f0354ad735f7}, !- Target Object
  2;                                      !- Inlet Port

OS:Connection,
  {7c8cfdfb-c20b-4654-96d6-7896406bb815}, !- Handle
  {d6674ec7-f61c-4a56-bf22-e16ced9b2291}, !- Source Object
  3,                                      !- Outlet Port
  {36d390b7-4f87-4623-ac6b-de352d61dc90}, !- Target Object
  2;                                      !- Inlet Port

OS:Connection,
  {b7bfdaaf-8bf5-4480-83af-8992bd892731}, !- Handle
  {9d493236-d26f-4293-bb0f-1932b86e5cfd}, !- Source Object
  3,                                      !- Outlet Port
  {c59d5525-2177-4b09-bae2-31fc63abb99a}, !- Target Object
  15;                                     !- Inlet Port

OS:Node,
  {86bbfc4e-3c86-49ee-9df9-2b31211c7d71}, !- Handle
  Node 13,                                !- Name
  {afba3c53-c394-45ae-830b-4cbd1a07053f}, !- Inlet Port
  {648011d5-dbf8-439b-b330-a440fa8fde56}; !- Outlet Port

OS:Node,
  {a3d004fe-dece-4da6-a8a8-078255170e3c}, !- Handle
  Node 14,                                !- Name
  {b531daca-b621-40f3-bbe2-104e4083c26b}, !- Inlet Port
  {d05aaa24-9a46-46ee-ac77-f4569b0e2072}; !- Outlet Port

OS:Node,
  {e6db0986-71eb-4c44-ae45-1780c496c84f}, !- Handle
  Node 15,                                !- Name
  {c7ef03f8-ede9-436d-a5f0-368d1d75427a}, !- Inlet Port
  {398324a5-681f-4289-804a-1a5531bae5dd}; !- Outlet Port

OS:Connector:Mixer,
  {41253e88-2135-4ad2-a15a-408300a3dc2b}, !- Handle
  Connector Mixer 2,                      !- Name
  {b531daca-b621-40f3-bbe2-104e4083c26b}, !- Outlet Branch Name
  {54356884-2423-4b67-940d-524d068e6aba}; !- Inlet Branch Name 1

OS:Connector:Splitter,
  {38445741-73d3-4c31-a65d-e34116f240a1}, !- Handle
  Connector Splitter 2,                   !- Name
  {648011d5-dbf8-439b-b330-a440fa8fde56}, !- Inlet Branch Name
  {c7ef03f8-ede9-436d-a5f0-368d1d75427a}; !- Outlet Branch Name 1

OS:Connection,
  {afba3c53-c394-45ae-830b-4cbd1a07053f}, !- Handle
  {c59d5525-2177-4b09-bae2-31fc63abb99a}, !- Source Object
  17,                                     !- Outlet Port
  {86bbfc4e-3c86-49ee-9df9-2b31211c7d71}, !- Target Object
  2;                                      !- Inlet Port

OS:Connection,
  {648011d5-dbf8-439b-b330-a440fa8fde56}, !- Handle
  {86bbfc4e-3c86-49ee-9df9-2b31211c7d71}, !- Source Object
  3,                                      !- Outlet Port
  {38445741-73d3-4c31-a65d-e34116f240a1}, !- Target Object
  2;                                      !- Inlet Port

OS:Connection,
  {c7ef03f8-ede9-436d-a5f0-368d1d75427a}, !- Handle
  {38445741-73d3-4c31-a65d-e34116f240a1}, !- Source Object
  3,                                      !- Outlet Port
  {e6db0986-71eb-4c44-ae45-1780c496c84f}, !- Target Object
  2;                                      !- Inlet Port

OS:Connection,
  {b531daca-b621-40f3-bbe2-104e4083c26b}, !- Handle
  {41253e88-2135-4ad2-a15a-408300a3dc2b}, !- Source Object
  2,                                      !- Outlet Port
  {a3d004fe-dece-4da6-a8a8-078255170e3c}, !- Target Object
  2;                                      !- Inlet Port

OS:Connection,
  {d05aaa24-9a46-46ee-ac77-f4569b0e2072}, !- Handle
  {a3d004fe-dece-4da6-a8a8-078255170e3c}, !- Source Object
  3,                                      !- Outlet Port
  {c59d5525-2177-4b09-bae2-31fc63abb99a}, !- Target Object
  18;                                     !- Inlet Port

OS:Sizing:Plant,
  {68625545-7840-43ed-9436-05ffc8ec82f6}, !- Handle
  {c59d5525-2177-4b09-bae2-31fc63abb99a}, !- Plant or Condenser Loop Name
  Heating,                                !- Loop Type
  51.6666666666667,                       !- Design Loop Exit Temperature {C}
  5.55555555555556,                       !- Loop Design Temperature Difference {deltaC}
  NonCoincident,                          !- Sizing Option
  1,                                      !- Zone Timesteps in Averaging Window
  None;                                   !- Coincident Sizing Factor Mode

OS:AvailabilityManagerAssignmentList,
  {d8fe758f-e62c-482d-80b7-738c861b184a}, !- Handle
  Plant Loop 1 AvailabilityManagerAssignmentList; !- Name

OS:Pipe:Adiabatic,
  {3e083d37-0cb3-4d89-92d7-43ea965ab86e}, !- Handle
  Pipe Adiabatic 1,                       !- Name
  {497b2ecf-c80f-49dc-a26e-a030df988f4a}, !- Inlet Node Name
  {35770d28-ac2d-4df2-a090-5fc73cd4fd1a}; !- Outlet Node Name

OS:Pipe:Adiabatic,
  {c238b332-b449-4c25-83dc-e1ce992fb31b}, !- Handle
  Pipe Adiabatic 2,                       !- Name
  {23c9a570-1463-43c0-8643-d777364d34c0}, !- Inlet Node Name
  {b1cb027b-ccab-445f-9d20-b9183a79d969}; !- Outlet Node Name

OS:Node,
  {be93be02-b4bc-498d-9fca-ccc23f8720e9}, !- Handle
  Node 16,                                !- Name
  {35770d28-ac2d-4df2-a090-5fc73cd4fd1a}, !- Inlet Port
  {b5e88ff3-7691-4f39-9414-fd8c90fc2f61}; !- Outlet Port

OS:Connection,
  {497b2ecf-c80f-49dc-a26e-a030df988f4a}, !- Handle
  {36d390b7-4f87-4623-ac6b-de352d61dc90}, !- Source Object
  3,                                      !- Outlet Port
  {3e083d37-0cb3-4d89-92d7-43ea965ab86e}, !- Target Object
  2;                                      !- Inlet Port

OS:Connection,
  {35770d28-ac2d-4df2-a090-5fc73cd4fd1a}, !- Handle
  {3e083d37-0cb3-4d89-92d7-43ea965ab86e}, !- Source Object
  3,                                      !- Outlet Port
  {be93be02-b4bc-498d-9fca-ccc23f8720e9}, !- Target Object
  2;                                      !- Inlet Port

OS:Connection,
  {b5e88ff3-7691-4f39-9414-fd8c90fc2f61}, !- Handle
  {be93be02-b4bc-498d-9fca-ccc23f8720e9}, !- Source Object
  3,                                      !- Outlet Port
  {ed0a06c0-2bda-4c84-a782-2c042fbd6a25}, !- Target Object
  3;                                      !- Inlet Port

OS:Node,
  {f5bd3970-d413-4d0a-9c46-41a99f1dd3ec}, !- Handle
  Node 17,                                !- Name
  {5cc8b474-0153-4ecc-8f64-f7497dd19166}, !- Inlet Port
  {23c9a570-1463-43c0-8643-d777364d34c0}; !- Outlet Port

OS:Connection,
  {5cc8b474-0153-4ecc-8f64-f7497dd19166}, !- Handle
  {ed0a06c0-2bda-4c84-a782-2c042fbd6a25}, !- Source Object
  2,                                      !- Outlet Port
  {f5bd3970-d413-4d0a-9c46-41a99f1dd3ec}, !- Target Object
  2;                                      !- Inlet Port

OS:Connection,
  {23c9a570-1463-43c0-8643-d777364d34c0}, !- Handle
  {f5bd3970-d413-4d0a-9c46-41a99f1dd3ec}, !- Source Object
  3,                                      !- Outlet Port
  {c238b332-b449-4c25-83dc-e1ce992fb31b}, !- Target Object
  2;                                      !- Inlet Port

OS:Connection,
  {b1cb027b-ccab-445f-9d20-b9183a79d969}, !- Handle
  {c238b332-b449-4c25-83dc-e1ce992fb31b}, !- Source Object
  3,                                      !- Outlet Port
  {9d493236-d26f-4293-bb0f-1932b86e5cfd}, !- Target Object
  2;                                      !- Inlet Port

OS:Pump:VariableSpeed,
  {769bc98f-9532-4357-8882-c38a9a280491}, !- Handle
  dhw loop pump,                          !- Name
  {7e74f01b-2092-41fe-aaf6-c623e99f5bbe}, !- Inlet Node Name
  {a925e742-ac1a-4f05-b123-f9823da8e733}, !- Outlet Node Name
  0.01,                                   !- Rated Flow Rate {m3/s}
  1,                                      !- Rated Pump Head {Pa}
  0,                                      !- Rated Power Consumption {W}
  0.85,                                   !- Motor Efficiency
  0,                                      !- Fraction of Motor Inefficiencies to Fluid Stream
  0,                                      !- Coefficient 1 of the Part Load Performance Curve
  1,                                      !- Coefficient 2 of the Part Load Performance Curve
  0,                                      !- Coefficient 3 of the Part Load Performance Curve
  0,                                      !- Coefficient 4 of the Part Load Performance Curve
  0,                                      !- Minimum Flow Rate {m3/s}
  Intermittent,                           !- Pump Control Type
  ,                                       !- Pump Flow Rate Schedule Name
  ,                                       !- Pump Curve Name
  ,                                       !- Impeller Diameter {m}
  ,                                       !- VFD Control Type
  ,                                       !- Pump RPM Schedule Name
  ,                                       !- Minimum Pressure Schedule {Pa}
  ,                                       !- Maximum Pressure Schedule {Pa}
  ,                                       !- Minimum RPM Schedule {rev/min}
  ,                                       !- Maximum RPM Schedule {rev/min}
  ,                                       !- Zone Name
  0.5,                                    !- Skin Loss Radiative Fraction
  PowerPerFlowPerPressure,                !- Design Power Sizing Method
  348701.1,                               !- Design Electric Power per Unit Flow Rate {W/(m3/s)}
  1.282051282,                            !- Design Shaft Power per Unit Flow Rate per Unit Head {W-s/m3-Pa}
  0,                                      !- Design Minimum Flow Rate Fraction
  General;                                !- End-Use Subcategory

OS:Node,
  {1fbc24f5-74bc-4ea6-aa3b-df46c5e9edb4}, !- Handle
  Node 18,                                !- Name
  {a925e742-ac1a-4f05-b123-f9823da8e733}, !- Inlet Port
  {244c6a73-f162-4cb2-a5ee-d3baecca8f33}; !- Outlet Port

OS:Connection,
  {7e74f01b-2092-41fe-aaf6-c623e99f5bbe}, !- Handle
  {22e035e4-6c02-42de-8586-f0354ad735f7}, !- Source Object
  3,                                      !- Outlet Port
  {769bc98f-9532-4357-8882-c38a9a280491}, !- Target Object
  2;                                      !- Inlet Port

OS:Connection,
  {a925e742-ac1a-4f05-b123-f9823da8e733}, !- Handle
  {769bc98f-9532-4357-8882-c38a9a280491}, !- Source Object
  3,                                      !- Outlet Port
  {1fbc24f5-74bc-4ea6-aa3b-df46c5e9edb4}, !- Target Object
  2;                                      !- Inlet Port

OS:Connection,
  {244c6a73-f162-4cb2-a5ee-d3baecca8f33}, !- Handle
  {1fbc24f5-74bc-4ea6-aa3b-df46c5e9edb4}, !- Source Object
  3,                                      !- Outlet Port
  {d6674ec7-f61c-4a56-bf22-e16ced9b2291}, !- Target Object
  2;                                      !- Inlet Port

OS:Schedule:Constant,
  {0a6206d6-d058-4cb3-a2cd-282db896d227}, !- Handle
  dhw temp,                               !- Name
  {6c875a2c-d94a-437a-bb9e-15db9592e960}, !- Schedule Type Limits Name
  51.6666666666667;                       !- Value

OS:SetpointManager:Scheduled,
  {4f497e78-0e9d-449b-ab56-d65916a36b4b}, !- Handle
  Setpoint Manager Scheduled 1,           !- Name
  Temperature,                            !- Control Variable
  {0a6206d6-d058-4cb3-a2cd-282db896d227}, !- Schedule Name
  {9d493236-d26f-4293-bb0f-1932b86e5cfd}; !- Setpoint Node or NodeList Name

OS:Schedule:Constant,
  {939d674c-19cf-48dc-abeb-af8095f9e348}, !- Handle
  water heater Tamb act,                  !- Name
  {6c875a2c-d94a-437a-bb9e-15db9592e960}, !- Schedule Type Limits Name
  23;                                     !- Value

OS:Schedule:Constant,
  {18ca2215-0986-4181-949a-e6b10365567c}, !- Handle
  water heater RHamb act,                 !- Name
  {9e6746b9-3117-465c-837e-fb1fc1618a40}, !- Schedule Type Limits Name
  0.5;                                    !- Value

OS:Schedule:Constant,
  {41c5a4ef-ce1b-4230-a01e-cf687de48fb9}, !- Handle
  water heater TopElementSetpoint,        !- Name
  {6c875a2c-d94a-437a-bb9e-15db9592e960}, !- Schedule Type Limits Name
  0;                                      !- Value

OS:Schedule:Constant,
  {660c6e78-4907-46c3-85eb-8625978f3920}, !- Handle
  water heater BottomElementSetpoint,     !- Name
  {6c875a2c-d94a-437a-bb9e-15db9592e960}, !- Schedule Type Limits Name
  0;                                      !- Value

OS:Schedule:Constant,
  {d290e8f0-1ed9-4af3-a687-3da4ceefbe27}, !- Handle
  water heater setpoint,                  !- Name
  {6c875a2c-d94a-437a-bb9e-15db9592e960}, !- Schedule Type Limits Name
  51.6666666666667;                       !- Value

OS:Curve:Biquadratic,
  {0271748c-8285-4bba-bf56-fa10c2bf6753}, !- Handle
  HPWH-Cap-fT,                            !- Name
  0.563,                                  !- Coefficient1 Constant
  0.0437,                                 !- Coefficient2 x
  3.9e-05,                                !- Coefficient3 x**2
  0.0055,                                 !- Coefficient4 y
  -0.000148,                              !- Coefficient5 y**2
  -0.000145,                              !- Coefficient6 x*y
  0,                                      !- Minimum Value of x
  100,                                    !- Maximum Value of x
  0,                                      !- Minimum Value of y
  100;                                    !- Maximum Value of y

OS:Curve:Biquadratic,
  {85321a9b-d4df-4507-ac76-d61b43c2d1b0}, !- Handle
  HPWH-COP-fT,                            !- Name
  1.1332,                                 !- Coefficient1 Constant
  0.063,                                  !- Coefficient2 x
  -9.79e-05,                              !- Coefficient3 x**2
  -0.00972,                               !- Coefficient4 y
  -2.14e-05,                              !- Coefficient5 y**2
  -0.000686,                              !- Coefficient6 x*y
  0,                                      !- Minimum Value of x
  100,                                    !- Maximum Value of x
  0,                                      !- Minimum Value of y
  100;                                    !- Maximum Value of y

OS:Coil:WaterHeating:AirToWaterHeatPump:Wrapped,
  {b0ab5913-c967-48e0-a906-f00487cfb404}, !- Handle
  water heater coil,                      !- Name
  2018.38046027609,                       !- Rated Heating Capacity {W}
  4.036802,                               !- Rated COP {W/W}
  0.88,                                   !- Rated Sensible Heat Ratio
  19.7222222222222,                       !- Rated Evaporator Inlet Air Dry-Bulb Temperature {C}
  13.5609953322795,                       !- Rated Evaporator Inlet Air Wet-Bulb Temperature {C}
  48.89,                                  !- Rated Condenser Water Temperature {C}
  0.0854224872192,                        !- Rated Evaporator Air Flow Rate {m3/s}
  Yes,                                    !- Evaporator Fan Power Included in Rated COP
  ,                                       !- Evaporator Air Inlet Node Name
  ,                                       !- Evaporator Air Outlet Node Name
  0,                                      !- Crankcase Heater Capacity {W}
  ,                                       !- Crankcase Heater Capacity Function of Temperature Curve Name
  0,                                      !- Maximum Ambient Temperature for Crankcase Heater Operation {C}
  WetBulbTemperature,                     !- Evaporator Air Temperature Type for Curve Objects
  {0271748c-8285-4bba-bf56-fa10c2bf6753}, !- Heating Capacity Function of Temperature Curve Name
  {847c8bc1-5d52-4c82-96af-aa456a05e664}, !- Heating Capacity Function of Air Flow Fraction Curve Name
  {85321a9b-d4df-4507-ac76-d61b43c2d1b0}, !- Heating COP Function of Temperature Curve Name
  {60df5360-0d28-4b48-bdd4-6eff5d3a4b74}, !- Heating COP Function of Air Flow Fraction Curve Name
  {67842998-2c3c-4a47-82ab-c60a2405e206}; !- Part Load Fraction Correlation Curve Name

OS:Curve:Biquadratic,
  {78c21fc5-84fa-4eab-83dc-246727750895}, !- Handle
  HPWH-Htg-Cap-fT,                        !- Name
  0.563,                                  !- Coefficient1 Constant
  0.0437,                                 !- Coefficient2 x
  3.9e-05,                                !- Coefficient3 x**2
  0.0055,                                 !- Coefficient4 y
  -0.000148,                              !- Coefficient5 y**2
  -0.000145,                              !- Coefficient6 x*y
  0,                                      !- Minimum Value of x
  100,                                    !- Maximum Value of x
  0,                                      !- Minimum Value of y
  100,                                    !- Maximum Value of y
  0;                                      !- Minimum Curve Output

OS:Curve:Cubic,
  {847c8bc1-5d52-4c82-96af-aa456a05e664}, !- Handle
  HPWH-Htg-Cap-FF,                        !- Name
  1,                                      !- Coefficient1 Constant
  0,                                      !- Coefficient2 x
  0,                                      !- Coefficient3 x**2
  0,                                      !- Coefficient4 x**3
  0,                                      !- Minimum Value of x
  100;                                    !- Maximum Value of x

OS:Curve:Biquadratic,
  {6141dfcf-a02f-4c64-a7de-cd658e8f9ca8}, !- Handle
  HPWH-Htg-COP-fT,                        !- Name
  1.1332,                                 !- Coefficient1 Constant
  0.063,                                  !- Coefficient2 x
  -9.79e-05,                              !- Coefficient3 x**2
  -0.00972,                               !- Coefficient4 y
  -2.14e-05,                              !- Coefficient5 y**2
  -0.000686,                              !- Coefficient6 x*y
  0,                                      !- Minimum Value of x
  100,                                    !- Maximum Value of x
  0,                                      !- Minimum Value of y
  100;                                    !- Maximum Value of y

OS:Curve:Cubic,
  {60df5360-0d28-4b48-bdd4-6eff5d3a4b74}, !- Handle
  HPWH-Htg-COP-FF,                        !- Name
  1,                                      !- Coefficient1 Constant
  0,                                      !- Coefficient2 x
  0,                                      !- Coefficient3 x**2
  0,                                      !- Coefficient4 x**3
  0,                                      !- Minimum Value of x
  100;                                    !- Maximum Value of x

OS:Curve:Cubic,
  {67842998-2c3c-4a47-82ab-c60a2405e206}, !- Handle
  HPWH-COP-fPLR,                          !- Name
  1,                                      !- Coefficient1 Constant
  0,                                      !- Coefficient2 x
  0,                                      !- Coefficient3 x**2
  0,                                      !- Coefficient4 x**3
  0,                                      !- Minimum Value of x
  1;                                      !- Maximum Value of x

OS:AdditionalProperties,
  {86e7870c-de99-46ad-a026-f4e2902e5751}, !- Handle
  {b0ab5913-c967-48e0-a906-f00487cfb404}, !- Object Name
  HPXML_ID,                               !- Feature Name 1
  String,                                 !- Feature Data Type 1
  WaterHeatingSystem1;                    !- Feature Value 1

OS:WaterHeater:Stratified,
  {b0d03d59-ada8-48bf-b785-8e03e17a49b3}, !- Handle
  water heater tank,                      !- Name
  Domestic Hot Water,                     !- End-Use Subcategory
  0.170343530278643,                      !- Tank Volume {m3}
  1.0335,                                 !- Tank Height {m}
  VerticalCylinder,                       !- Tank Shape
  ,                                       !- Tank Perimeter {m}
  90,                                     !- Maximum Temperature Limit {C}
  MasterSlave,                            !- Heater Priority Control
  {41c5a4ef-ce1b-4230-a01e-cf687de48fb9}, !- Heater 1 Setpoint Temperature Schedule Name
  18.5,                                   !- Heater 1 Deadband Temperature Difference {deltaC}
  4500.10628249447,                       !- Heater 1 Capacity {W}
  0.8181875,                              !- Heater 1 Height {m}
  {660c6e78-4907-46c3-85eb-8625978f3920}, !- Heater 2 Setpoint Temperature Schedule Name
  3.89,                                   !- Heater 2 Deadband Temperature Difference {deltaC}
  4500.10628249447,                       !- Heater 2 Capacity {W}
  0.2153125,                              !- Heater 2 Height {m}
  Electricity,                            !- Heater Fuel Type
  1,                                      !- Heater Thermal Efficiency
  3,                                      !- Off Cycle Parasitic Fuel Consumption Rate {W}
  Electricity,                            !- Off Cycle Parasitic Fuel Type
  0,                                      !- Off Cycle Parasitic Heat Fraction to Tank
  0,                                      !- Off Cycle Parasitic Height {m}
  3,                                      !- On Cycle Parasitic Fuel Consumption Rate {W}
  Electricity,                            !- On Cycle Parasitic Fuel Type
  0,                                      !- On Cycle Parasitic Heat Fraction to Tank
  0,                                      !- On Cycle Parasitic Height {m}
  Schedule,                               !- Ambient Temperature Indicator
  {939d674c-19cf-48dc-abeb-af8095f9e348}, !- Ambient Temperature Schedule Name
  ,                                       !- Ambient Temperature Thermal Zone Name
  ,                                       !- Ambient Temperature Outdoor Air Node Name
  1.04512031266918,                       !- Uniform Skin Loss Coefficient per Unit Area to Ambient Temperature {W/m2-K}
  1,                                      !- Skin Loss Fraction to Zone
  0,                                      !- Off Cycle Flue Loss Coefficient to Ambient Temperature {W/K}
  1,                                      !- Off Cycle Flue Loss Fraction to Zone
  ,                                       !- Peak Use Flow Rate {m3/s}
  ,                                       !- Use Flow Rate Fraction Schedule Name
  ,                                       !- Cold Water Supply Temperature Schedule Name
  {8fbeb265-7672-4208-a5ea-d7667528488a}, !- Use Side Inlet Node Name
  {a26398c1-0ce9-46e3-86e1-17d20bd6af63}, !- Use Side Outlet Node Name
  1,                                      !- Use Side Effectiveness
  0,                                      !- Use Side Inlet Height {m}
  autocalculate,                          !- Use Side Outlet Height {m}
  ,                                       !- Source Side Inlet Node Name
  ,                                       !- Source Side Outlet Node Name
  1,                                      !- Source Side Effectiveness
  0,                                      !- Source Side Inlet Height {m}
  0,                                      !- Source Side Outlet Height {m}
  Fixed,                                  !- Inlet Mode
  0.00283433494640006,                    !- Use Side Design Flow Rate {m3/s}
  0,                                      !- Source Side Design Flow Rate {m3/s}
  1.5,                                    !- Indirect Water Heating Recovery Time {hr}
  6,                                      !- Number of Nodes
  0,                                      !- Additional Destratification Conductivity {W/m-K}
  0,                                      !- Node 1 Additional Loss Coefficient {W/m2-K}
  0,                                      !- Node 2 Additional Loss Coefficient {W/m2-K}
  0,                                      !- Node 3 Additional Loss Coefficient {W/m2-K}
  0,                                      !- Node 4 Additional Loss Coefficient {W/m2-K}
  0,                                      !- Node 5 Additional Loss Coefficient {W/m2-K}
  0,                                      !- Node 6 Additional Loss Coefficient {W/m2-K}
  0,                                      !- Node 7 Additional Loss Coefficient {W/m2-K}
  0,                                      !- Node 8 Additional Loss Coefficient {W/m2-K}
  0,                                      !- Node 9 Additional Loss Coefficient {W/m2-K}
  0,                                      !- Node 10 Additional Loss Coefficient {W/m2-K}
  0,                                      !- Node 11 Additional Loss Coefficient {W/m2-K}
  0,                                      !- Node 12 Additional Loss Coefficient {W/m2-K}
  ;                                       !- Source Side Flow Control Mode

OS:WaterHeater:Sizing,
  {747ebc14-0c05-4fb7-bba7-2c56064ccc76}, !- Handle
  {b0d03d59-ada8-48bf-b785-8e03e17a49b3}, !- WaterHeater Name
  PeakDraw,                               !- Design Mode
  0.538503,                               !- Time Storage Can Meet Peak Draw {hr}
  0,                                      !- Time for Tank Recovery {hr}
  1;                                      !- Nominal Tank Volume for Autosizing Plant Connections {m3}

OS:AdditionalProperties,
  {ef751f56-22f9-4904-a676-a0692e5e55d6}, !- Handle
  {b0d03d59-ada8-48bf-b785-8e03e17a49b3}, !- Object Name
  HPXML_ID,                               !- Feature Name 1
  String,                                 !- Feature Data Type 1
  WaterHeatingSystem1;                    !- Feature Value 1

OS:Node,
  {0391fbf4-6b17-4f9c-be25-f286bf280a5f}, !- Handle
  Node 19,                                !- Name
  {f47bc9f3-9e51-478c-8ff5-7f470f80f692}, !- Inlet Port
  {8fbeb265-7672-4208-a5ea-d7667528488a}; !- Outlet Port

OS:Connection,
  {f47bc9f3-9e51-478c-8ff5-7f470f80f692}, !- Handle
  {d6674ec7-f61c-4a56-bf22-e16ced9b2291}, !- Source Object
  4,                                      !- Outlet Port
  {0391fbf4-6b17-4f9c-be25-f286bf280a5f}, !- Target Object
  2;                                      !- Inlet Port

OS:Node,
  {75938f35-5832-458e-b957-b568068ed94e}, !- Handle
  Node 20,                                !- Name
  {a26398c1-0ce9-46e3-86e1-17d20bd6af63}, !- Inlet Port
  {f7f03d57-0385-4e47-81fe-24d61dbf2303}; !- Outlet Port

OS:Connection,
  {8fbeb265-7672-4208-a5ea-d7667528488a}, !- Handle
  {0391fbf4-6b17-4f9c-be25-f286bf280a5f}, !- Source Object
  3,                                      !- Outlet Port
  {b0d03d59-ada8-48bf-b785-8e03e17a49b3}, !- Target Object
  38;                                     !- Inlet Port

OS:Connection,
  {a26398c1-0ce9-46e3-86e1-17d20bd6af63}, !- Handle
  {b0d03d59-ada8-48bf-b785-8e03e17a49b3}, !- Source Object
  39,                                     !- Outlet Port
  {75938f35-5832-458e-b957-b568068ed94e}, !- Target Object
  2;                                      !- Inlet Port

OS:Connection,
  {f7f03d57-0385-4e47-81fe-24d61dbf2303}, !- Handle
  {75938f35-5832-458e-b957-b568068ed94e}, !- Source Object
  3,                                      !- Outlet Port
  {ed0a06c0-2bda-4c84-a782-2c042fbd6a25}, !- Target Object
  4;                                      !- Inlet Port

OS:Fan:SystemModel,
  {477f99d2-61fa-4f1f-b439-505e7514e588}, !- Handle
  water heater fan,                       !- Name
  {05ab60a0-2ec2-4230-bad8-f83395cdea9b}, !- Availability Schedule Name
  ,                                       !- Air Inlet Node Name
  ,                                       !- Air Outlet Node Name
  0.0854224872192,                        !- Design Maximum Air Flow Rate {m3/s}
  Discrete,                               !- Speed Control Method
  0.2,                                    !- Electric Power Minimum Flow Rate Fraction
  500,                                    !- Design Pressure Rise {Pa}
  1,                                      !- Motor Efficiency
  1,                                      !- Motor In Air Stream Fraction
  autosize,                               !- Design Electric Power Consumption {W}
  PowerPerFlow,                           !- Design Power Sizing Method
  97.8922561519664,                       !- Electric Power Per Unit Flow Rate {W/(m3/s)}
  1.66667,                                !- Electric Power Per Unit Flow Rate Per Unit Pressure {W-s/m3-Pa}
  0.7,                                    !- Fan Total Efficiency
  ,                                       !- Electric Power Function of Flow Fraction Curve Name
  ,                                       !- Night Ventilation Mode Pressure Rise {Pa}
  ,                                       !- Night Ventilation Mode Flow Fraction
  ,                                       !- Motor Loss Zone Name
  0,                                      !- Motor Loss Radiative Fraction
  Domestic Hot Water;                     !- End-Use Subcategory

OS:AdditionalProperties,
  {4c3d97c3-6d32-4d63-bef5-88e248669923}, !- Handle
  {477f99d2-61fa-4f1f-b439-505e7514e588}, !- Object Name
  HPXML_ID,                               !- Feature Name 1
  String,                                 !- Feature Data Type 1
  WaterHeatingSystem1,                    !- Feature Value 1
  ObjectType,                             !- Feature Name 2
  String,                                 !- Feature Data Type 2
  water heater;                           !- Feature Value 2

OS:WaterHeater:HeatPump:WrappedCondenser,
  {0ee5df61-0c1c-4048-af76-65af029a100e}, !- Handle
  water heater hpwh,                      !- Name
  ,                                       !- Availability Schedule Name
  {d290e8f0-1ed9-4af3-a687-3da4ceefbe27}, !- Compressor Setpoint Temperature Schedule Name
  3.89,                                   !- Dead Band Temperature Difference {deltaC}
  0.0430625,                              !- Condenser Bottom Location {m}
  0.5598125,                              !- Condenser Top Location {m}
  0.0854224872192,                        !- Evaporator Air Flow Rate {m3/s}
  Schedule,                               !- Inlet Air Configuration
  ,                                       !- Air Inlet Node Name
  ,                                       !- Air Outlet Node Name
  ,                                       !- Outdoor Air Node Name
  {939d674c-19cf-48dc-abeb-af8095f9e348}, !- Inlet Air Temperature Schedule Name
  {18ca2215-0986-4181-949a-e6b10365567c}, !- Inlet Air Humidity Schedule Name
  {b0d03d59-ada8-48bf-b785-8e03e17a49b3}, !- Tank Name
  {b0ab5913-c967-48e0-a906-f00487cfb404}, !- DX Coil Name
  5.55555555555556,                       !- Minimum Inlet Air Temperature for Compressor Operation {C}
  48.8888888888889,                       !- Maximum Inlet Air Temperature for Compressor Operation {C}
  Schedule,                               !- Compressor Location
  {939d674c-19cf-48dc-abeb-af8095f9e348}, !- Compressor Ambient Temperature Schedule Name
  {477f99d2-61fa-4f1f-b439-505e7514e588}, !- Fan Name
  DrawThrough,                            !- Fan Placement
  0,                                      !- On Cycle Parasitic Electric Load {W}
  0,                                      !- Off Cycle Parasitic Electric Load {W}
  Outdoors,                               !- Parasitic Heat Rejection Location
  {05ab60a0-2ec2-4230-bad8-f83395cdea9b}, !- Inlet Air Mixer Schedule Name
  MutuallyExclusive,                      !- Tank Element Control Logic
  0.8181875,                              !- Control Sensor 1 Height In Stratified Tank {m}
  0.75,                                   !- Control Sensor 1 Weight {dimensionless}
  0.3014375;                              !- Control Sensor 2 Height In Stratified Tank {m}

OS:EnergyManagementSystem:Sensor,
  {a8716ba5-d144-4295-860c-c5f7cb324483}, !- Handle
  water_heater_amb_temp,                  !- Name
  conditioned space,                      !- Output Variable or Output Meter Index Key Name
  Zone Mean Air Temperature;              !- Output Variable or Output Meter Name

OS:EnergyManagementSystem:Sensor,
  {fbdc01fb-c8ee-4e11-a470-98c858888d94}, !- Handle
  water_heater_amb_rh,                    !- Name
  conditioned space,                      !- Output Variable or Output Meter Index Key Name
  Zone Air Relative Humidity;             !- Output Variable or Output Meter Name

OS:EnergyManagementSystem:Actuator,
  {7155e741-eadf-4406-a468-7d6dee17781a}, !- Handle
  water_heater_Tamb_act,                  !- Name
  {939d674c-19cf-48dc-abeb-af8095f9e348}, !- Actuated Component Name
  Schedule:Constant,                      !- Actuated Component Type
  Schedule Value,                         !- Actuated Component Control Type
  ;                                       !- Zone or Space Name

OS:EnergyManagementSystem:Actuator,
  {569f1aa1-e06d-43d1-8ee3-afa65dcfc426}, !- Handle
  water_heater_RHamb_act,                 !- Name
  {18ca2215-0986-4181-949a-e6b10365567c}, !- Actuated Component Name
  Schedule:Constant,                      !- Actuated Component Type
  Schedule Value,                         !- Actuated Component Control Type
  ;                                       !- Zone or Space Name

OS:OtherEquipment:Definition,
  {d014fa4b-f932-4edd-96c4-c9290e7d4884}, !- Handle
  water heater sens,                      !- Name
  EquipmentLevel,                         !- Design Level Calculation Method
  0,                                      !- Design Level {W}
  ,                                       !- Watts per Space Floor Area {W/m2}
  ,                                       !- Watts per Person {W/Person}
  0,                                      !- Fraction Latent
  0,                                      !- Fraction Radiant
  0;                                      !- Fraction Lost

OS:OtherEquipment,
  {c1b64c52-353c-4575-a513-2d59f71b2456}, !- Handle
  water heater sens,                      !- Name
  {d014fa4b-f932-4edd-96c4-c9290e7d4884}, !- Other Equipment Definition Name
  {2a39777d-1ff3-44fb-8798-def5ffbb9546}, !- Space or SpaceType Name
  {05ab60a0-2ec2-4230-bad8-f83395cdea9b}, !- Schedule Name
  ,                                       !- Multiplier
  ,                                       !- Fuel Type
  General;                                !- End-Use Subcategory

OS:EnergyManagementSystem:Actuator,
  {81f73151-b9fc-4a44-840a-8b6787f80e42}, !- Handle
  water_heater_sens_act,                  !- Name
  {c1b64c52-353c-4575-a513-2d59f71b2456}, !- Actuated Component Name
  OtherEquipment,                         !- Actuated Component Type
  Power Level,                            !- Actuated Component Control Type
  {2a39777d-1ff3-44fb-8798-def5ffbb9546}; !- Zone or Space Name

OS:OtherEquipment:Definition,
  {5aec5d56-d9d5-402a-a198-20f451daee6a}, !- Handle
  water heater lat,                       !- Name
  EquipmentLevel,                         !- Design Level Calculation Method
  0,                                      !- Design Level {W}
  ,                                       !- Watts per Space Floor Area {W/m2}
  ,                                       !- Watts per Person {W/Person}
  1,                                      !- Fraction Latent
  0,                                      !- Fraction Radiant
  0;                                      !- Fraction Lost

OS:OtherEquipment,
  {33a1354c-f6c5-450b-ab20-11633a5a24b2}, !- Handle
  water heater lat,                       !- Name
  {5aec5d56-d9d5-402a-a198-20f451daee6a}, !- Other Equipment Definition Name
  {2a39777d-1ff3-44fb-8798-def5ffbb9546}, !- Space or SpaceType Name
  {05ab60a0-2ec2-4230-bad8-f83395cdea9b}, !- Schedule Name
  ,                                       !- Multiplier
  ,                                       !- Fuel Type
  General;                                !- End-Use Subcategory

OS:EnergyManagementSystem:Actuator,
  {41222e89-8c05-4c56-815e-acf8266d7e9e}, !- Handle
  water_heater_lat_act,                   !- Name
  {33a1354c-f6c5-450b-ab20-11633a5a24b2}, !- Actuated Component Name
  OtherEquipment,                         !- Actuated Component Type
  Power Level,                            !- Actuated Component Control Type
  {2a39777d-1ff3-44fb-8798-def5ffbb9546}; !- Zone or Space Name

OS:EnergyManagementSystem:Sensor,
  {ddc288e8-3e24-4bc5-8c22-f3d422765836}, !- Handle
  water_heater_tl,                        !- Name
  water heater tank,                      !- Output Variable or Output Meter Index Key Name
  Water Heater Heat Loss Rate;            !- Output Variable or Output Meter Name

OS:EnergyManagementSystem:Sensor,
  {6c3bb503-a9b7-4c0a-bf70-1a1a4cdb5b23}, !- Handle
  water_heater_sens_cool,                 !- Name
  water heater coil,                      !- Output Variable or Output Meter Index Key Name
  Cooling Coil Sensible Cooling Rate;     !- Output Variable or Output Meter Name

OS:EnergyManagementSystem:Sensor,
  {ae7b3686-7e72-4535-9a53-2c3ce7a21c2f}, !- Handle
  water_heater_lat_cool,                  !- Name
  water heater coil,                      !- Output Variable or Output Meter Index Key Name
  Cooling Coil Latent Cooling Rate;       !- Output Variable or Output Meter Name

OS:EnergyManagementSystem:Sensor,
  {33b96077-288c-465b-91ee-99582758491a}, !- Handle
  water_heater_fan_pwr,                   !- Name
  water heater fan,                       !- Output Variable or Output Meter Index Key Name
  Fan Electricity Rate;                   !- Output Variable or Output Meter Name

OS:EnergyManagementSystem:Program,
  {0aea2978-7950-4799-bb67-27cafc22ac6c}, !- Handle
  water_heater_InletAir,                  !- Name
  Set water_heater_Tamb_act = water_heater_amb_temp, !- Program Line 1
  Set water_heater_RHamb_act = 0,         !- Program Line 2
  Set water_heater_RHamb_act = water_heater_RHamb_act + (water_heater_amb_rh / 100) / 1, !- Program Line 3
  Set water_heater_sens_act = (0 - water_heater_sens_cool - (water_heater_tl + water_heater_fan_pwr)) / 1, !- Program Line 4
  Set water_heater_lat_act = (0 - water_heater_lat_cool) / 1; !- Program Line 5

OS:EnergyManagementSystem:Actuator,
  {b6a517c2-4a86-43f3-9541-ad00235a1943}, !- Handle
  water_heater_LESchedOverride,           !- Name
  {660c6e78-4907-46c3-85eb-8625978f3920}, !- Actuated Component Name
  Schedule:Constant,                      !- Actuated Component Type
  Schedule Value,                         !- Actuated Component Control Type
  ;                                       !- Zone or Space Name

OS:EnergyManagementSystem:Actuator,
  {484dd047-6cb7-4cbb-9dbd-b4eaae742ef3}, !- Handle
  water_heater_UESchedOverride,           !- Name
  {41c5a4ef-ce1b-4230-a01e-cf687de48fb9}, !- Actuated Component Name
  Schedule:Constant,                      !- Actuated Component Type
  Schedule Value,                         !- Actuated Component Control Type
  ;                                       !- Zone or Space Name

OS:EnergyManagementSystem:Actuator,
  {e916315b-90ed-4884-9d3c-d0a3af9e2162}, !- Handle
  water_heater_HPWHSchedOverride,         !- Name
  {d290e8f0-1ed9-4af3-a687-3da4ceefbe27}, !- Actuated Component Name
  Schedule:Constant,                      !- Actuated Component Type
  Schedule Value,                         !- Actuated Component Control Type
  ;                                       !- Zone or Space Name

OS:EnergyManagementSystem:Sensor,
  {764d0067-0006-4abe-a85c-4d1fc5f32198}, !- Handle
  water_heater_T_set,                     !- Name
  water heater setpoint,                  !- Output Variable or Output Meter Index Key Name
  Schedule Value;                         !- Output Variable or Output Meter Name

OS:EnergyManagementSystem:Program,
  {4f58ea83-9676-4bc0-b5eb-b1fa0607aa01}, !- Handle
  water_heater_Control,                   !- Name
  Set water_heater_HPWHSchedOverride = water_heater_T_set, !- Program Line 1
  If (water_heater_amb_temp<5.56) || (water_heater_amb_temp>48.89), !- Program Line 2
  Set water_heater_UESchedOverride = water_heater_T_set, !- Program Line 3
  Set water_heater_LESchedOverride = water_heater_T_set, !- Program Line 4
  Else,                                   !- Program Line 5
  Set water_heater_UESchedOverride = water_heater_T_set - 9.0, !- Program Line 6
  Set water_heater_LESchedOverride = 0,   !- Program Line 7
  EndIf;                                  !- Program Line 8

OS:EnergyManagementSystem:ProgramCallingManager,
  {e6c31f0a-51d8-467a-a916-250f506d3370}, !- Handle
  water_heater_ProgramManager,            !- Name
  InsideHVACSystemIterationLoop,          !- EnergyPlus Model Calling Point
  {4f58ea83-9676-4bc0-b5eb-b1fa0607aa01}, !- Program Name 1
  {0aea2978-7950-4799-bb67-27cafc22ac6c}; !- Program Name 2

OS:OtherEquipment:Definition,
  {8b2fde52-5c84-4245-878e-3e7573724cb3}, !- Handle
  water heater energy adjustment1,        !- Name
  EquipmentLevel,                         !- Design Level Calculation Method
  0.01,                                   !- Design Level {W}
  ,                                       !- Watts per Space Floor Area {W/m2}
  ,                                       !- Watts per Person {W/Person}
  0,                                      !- Fraction Latent
  0,                                      !- Fraction Radiant
  1;                                      !- Fraction Lost

OS:OtherEquipment,
  {992c342a-f40b-42d3-b571-781e678bbba3}, !- Handle
  water heater energy adjustment1,        !- Name
  {8b2fde52-5c84-4245-878e-3e7573724cb3}, !- Other Equipment Definition Name
  {2a39777d-1ff3-44fb-8798-def5ffbb9546}, !- Space or SpaceType Name
  {05ab60a0-2ec2-4230-bad8-f83395cdea9b}, !- Schedule Name
  ,                                       !- Multiplier
  Electricity,                            !- Fuel Type
  water heater energy adjustment1;        !- End-Use Subcategory

OS:AdditionalProperties,
  {8adc8898-f471-4bb8-a573-d47b40eb62b1}, !- Handle
  {992c342a-f40b-42d3-b571-781e678bbba3}, !- Object Name
  HPXML_ID,                               !- Feature Name 1
  String,                                 !- Feature Data Type 1
  WaterHeatingSystem1;                    !- Feature Value 1

OS:EnergyManagementSystem:Sensor,
  {eff22107-b57e-4b94-9293-78a572c656f3}, !- Handle
  water_heater_tank_energy,               !- Name
  water heater tank,                      !- Output Variable or Output Meter Index Key Name
  Water Heater Electricity Rate;          !- Output Variable or Output Meter Name

OS:EnergyManagementSystem:Sensor,
  {35f39603-bbf7-4d10-8c77-2fde7a22909d}, !- Handle
  water_heater_coil_energy,               !- Name
  water heater coil,                      !- Output Variable or Output Meter Index Key Name
  Cooling Coil Water Heating Electricity Rate; !- Output Variable or Output Meter Name

OS:EnergyManagementSystem:Sensor,
  {00c89777-5d74-4e9e-8a5f-0af2510b5fa9}, !- Handle
  water_heater_fan_energy,                !- Name
  water heater fan,                       !- Output Variable or Output Meter Index Key Name
  Fan Electricity Rate;                   !- Output Variable or Output Meter Name

OS:EnergyManagementSystem:Sensor,
  {6f001f7c-372d-430d-9eea-f8eb8c69d833}, !- Handle
  water_heater_tank_on_cycle_parasitic,   !- Name
  water heater tank,                      !- Output Variable or Output Meter Index Key Name
  Water Heater On Cycle Parasitic Electricity Rate; !- Output Variable or Output Meter Name

OS:EnergyManagementSystem:Sensor,
  {51b76605-6233-45cd-9f60-1e36164d1a63}, !- Handle
  water_heater_tank_off_cycle_parasitic,  !- Name
  water heater tank,                      !- Output Variable or Output Meter Index Key Name
  Water Heater Off Cycle Parasitic Electricity Rate; !- Output Variable or Output Meter Name

OS:EnergyManagementSystem:Actuator,
  {71ab4a99-5858-4aaa-b723-1647763de5b9}, !- Handle
  water_heater_hpwh_ec_adj_act,           !- Name
  {992c342a-f40b-42d3-b571-781e678bbba3}, !- Actuated Component Name
  OtherEquipment,                         !- Actuated Component Type
  Power Level,                            !- Actuated Component Control Type
  {2a39777d-1ff3-44fb-8798-def5ffbb9546}; !- Zone or Space Name

OS:EnergyManagementSystem:Program,
  {9bdd4f4f-f2c6-4202-a283-e375539b6c67}, !- Handle
  water_heater_hpwh_EC_adj,               !- Name
  If WarmupFlag == 0,                     !- Program Line 1
  Set dhw_e_cons = water_heater_tank_energy + water_heater_tank_on_cycle_parasitic + water_heater_tank_off_cycle_parasitic + water_heater_coil_energy + water_heater_fan_energy, !- Program Line 2
  Set water_heater_hpwh_ec_adj_act = 0.0 * dhw_e_cons / 1, !- Program Line 3
  EndIf;                                  !- Program Line 4

OS:EnergyManagementSystem:ProgramCallingManager,
  {fbcacfa1-db34-4009-86c1-f4e629faede3}, !- Handle
  water_heater_hpwh_EC_adj_ProgramManager, !- Name
  EndOfSystemTimestepBeforeHVACReporting, !- EnergyPlus Model Calling Point
  {9bdd4f4f-f2c6-4202-a283-e375539b6c67}; !- Program Name 1

OS:WaterUse:Connections,
  {e5c243a4-df02-4adf-badb-15bf86c7ce01}, !- Handle
  Water Use Connections 1,                !- Name
  {398324a5-681f-4289-804a-1a5531bae5dd}, !- Inlet Node Name
  {25a09533-e9cf-423e-9238-27788250512d}, !- Outlet Node Name
  ,                                       !- Supply Water Storage Tank Name
  ,                                       !- Reclamation Water Storage Tank Name
  ,                                       !- Hot Water Supply Temperature Schedule Name
  ,                                       !- Cold Water Supply Temperature Schedule Name
  None,                                   !- Drain Water Heat Exchanger Type
  Plant,                                  !- Drain Water Heat Exchanger Destination
  ,                                       !- Drain Water Heat Exchanger U-Factor Times Area {W/K}
  {1d8fc83d-0e21-4ba4-925f-3a261d040925}, !- Water Use Equipment Name 1
  {33908500-a8c3-470f-9fd6-5a1ea06858ac}, !- Water Use Equipment Name 2
  {5848c121-a8b0-462d-b433-491ac1cc9664}, !- Water Use Equipment Name 3
  {c3b9376d-ff72-4fc3-ad35-6088c90da1aa}; !- Water Use Equipment Name 4

OS:AdditionalProperties,
  {46f8b832-9dc8-4a51-afc7-1a25320d7d8b}, !- Handle
  {e5c243a4-df02-4adf-badb-15bf86c7ce01}, !- Object Name
  HPXML_ID,                               !- Feature Name 1
  String,                                 !- Feature Data Type 1
  WaterHeatingSystem1;                    !- Feature Value 1

OS:Node,
  {ff60590c-5921-4e14-9f78-832ab40a3f2e}, !- Handle
  Node 21,                                !- Name
  {25a09533-e9cf-423e-9238-27788250512d}, !- Inlet Port
  {54356884-2423-4b67-940d-524d068e6aba}; !- Outlet Port

OS:Connection,
  {398324a5-681f-4289-804a-1a5531bae5dd}, !- Handle
  {e6db0986-71eb-4c44-ae45-1780c496c84f}, !- Source Object
  3,                                      !- Outlet Port
  {e5c243a4-df02-4adf-badb-15bf86c7ce01}, !- Target Object
  2;                                      !- Inlet Port

OS:Connection,
  {25a09533-e9cf-423e-9238-27788250512d}, !- Handle
  {e5c243a4-df02-4adf-badb-15bf86c7ce01}, !- Source Object
  3,                                      !- Outlet Port
  {ff60590c-5921-4e14-9f78-832ab40a3f2e}, !- Target Object
  2;                                      !- Inlet Port

OS:Connection,
  {54356884-2423-4b67-940d-524d068e6aba}, !- Handle
  {ff60590c-5921-4e14-9f78-832ab40a3f2e}, !- Source Object
  3,                                      !- Outlet Port
  {41253e88-2135-4ad2-a15a-408300a3dc2b}, !- Target Object
  3;                                      !- Inlet Port

OS:Schedule:File,
  {205f83de-aa5a-43ad-b9b1-6aa10618a03f}, !- Handle
  clothes_washer,                         !- Name
  {9e6746b9-3117-465c-837e-fb1fc1618a40}, !- Schedule Type Limits Name
  {6ce3e94c-fb1a-4ed7-bfed-5967f7440057}, !- External File Name
  9,                                      !- Column Number
  1,                                      !- Rows to Skip at Top
  8760,                                   !- Number of Hours of Data
  ,                                       !- Column Separator
  Yes,                                    !- Interpolate to Timestep
  15,                                     !- Minutes per Item
  ,                                       !- Adjust Schedule for Daylight Savings
  Yes;                                    !- Translate File With Relative Path

OS:ElectricEquipment:Definition,
  {377f1830-39ed-4cc7-a4b9-f7b2ceb3281b}, !- Handle
  clothes washer,                         !- Name
  EquipmentLevel,                         !- Design Level Calculation Method
  473.043623781924,                       !- Design Level {W}
  ,                                       !- Watts per Space Floor Area {W/m2}
  ,                                       !- Watts per Person {W/person}
  0.03,                                   !- Fraction Latent
  0.162,                                  !- Fraction Radiant
  0.7;                                    !- Fraction Lost

OS:ElectricEquipment,
  {ed430106-c99c-405a-899c-9fa9023506dc}, !- Handle
  clothes washer,                         !- Name
  {377f1830-39ed-4cc7-a4b9-f7b2ceb3281b}, !- Electric Equipment Definition Name
  {2a39777d-1ff3-44fb-8798-def5ffbb9546}, !- Space or SpaceType Name
  {205f83de-aa5a-43ad-b9b1-6aa10618a03f}, !- Schedule Name
  ,                                       !- Multiplier
  clothes washer;                         !- End-Use Subcategory

OS:Schedule:File,
  {df051384-baa6-444d-85a2-9dc92d1d5772}, !- Handle
  clothes_dryer,                          !- Name
  {9e6746b9-3117-465c-837e-fb1fc1618a40}, !- Schedule Type Limits Name
  {6ce3e94c-fb1a-4ed7-bfed-5967f7440057}, !- External File Name
  10,                                     !- Column Number
  1,                                      !- Rows to Skip at Top
  8760,                                   !- Number of Hours of Data
  ,                                       !- Column Separator
  Yes,                                    !- Interpolate to Timestep
  15,                                     !- Minutes per Item
  ,                                       !- Adjust Schedule for Daylight Savings
  Yes;                                    !- Translate File With Relative Path

OS:ElectricEquipment:Definition,
  {62016b0e-ad1c-4ecb-8e18-4759a4a997f5}, !- Handle
  clothes dryer,                          !- Name
  EquipmentLevel,                         !- Design Level Calculation Method
  3379.2167570889,                        !- Design Level {W}
  ,                                       !- Watts per Space Floor Area {W/m2}
  ,                                       !- Watts per Person {W/person}
  0.015,                                  !- Fraction Latent
  0.081,                                  !- Fraction Radiant
  0.85;                                   !- Fraction Lost

OS:ElectricEquipment,
  {11918f0b-51dc-400d-9f5d-5e4e9cc7c4ce}, !- Handle
  clothes dryer,                          !- Name
  {62016b0e-ad1c-4ecb-8e18-4759a4a997f5}, !- Electric Equipment Definition Name
  {2a39777d-1ff3-44fb-8798-def5ffbb9546}, !- Space or SpaceType Name
  {df051384-baa6-444d-85a2-9dc92d1d5772}, !- Schedule Name
  ,                                       !- Multiplier
  clothes dryer;                          !- End-Use Subcategory

OS:OtherEquipment:Definition,
  {9d990990-58aa-4da7-b9e0-51510df2ed07}, !- Handle
  clothes dryer 2,                        !- Name
  EquipmentLevel,                         !- Design Level Calculation Method
  0,                                      !- Design Level {W}
  ,                                       !- Watts per Space Floor Area {W/m2}
  ,                                       !- Watts per Person {W/Person}
  0.015,                                  !- Fraction Latent
  0.081,                                  !- Fraction Radiant
  0.85;                                   !- Fraction Lost

OS:OtherEquipment,
  {b7236318-d921-49de-8d9a-4147ae6c5829}, !- Handle
  clothes dryer 1,                        !- Name
  {9d990990-58aa-4da7-b9e0-51510df2ed07}, !- Other Equipment Definition Name
  {2a39777d-1ff3-44fb-8798-def5ffbb9546}, !- Space or SpaceType Name
  {df051384-baa6-444d-85a2-9dc92d1d5772}, !- Schedule Name
  ,                                       !- Multiplier
  Electricity,                            !- Fuel Type
  clothes dryer;                          !- End-Use Subcategory

OS:Schedule:File,
  {369d22f5-9249-42a7-8288-d887822d8d4e}, !- Handle
  dishwasher,                             !- Name
  {9e6746b9-3117-465c-837e-fb1fc1618a40}, !- Schedule Type Limits Name
  {6ce3e94c-fb1a-4ed7-bfed-5967f7440057}, !- External File Name
  7,                                      !- Column Number
  1,                                      !- Rows to Skip at Top
  8760,                                   !- Number of Hours of Data
  ,                                       !- Column Separator
  Yes,                                    !- Interpolate to Timestep
  15,                                     !- Minutes per Item
  ,                                       !- Adjust Schedule for Daylight Savings
  Yes;                                    !- Translate File With Relative Path

OS:ElectricEquipment:Definition,
  {309e9930-2b8d-4e64-be5f-08f85ae53ee8}, !- Handle
  dishwasher,                             !- Name
  EquipmentLevel,                         !- Design Level Calculation Method
  1277.42749328213,                       !- Design Level {W}
  ,                                       !- Watts per Space Floor Area {W/m2}
  ,                                       !- Watts per Person {W/person}
  0.3,                                    !- Fraction Latent
  0.18,                                   !- Fraction Radiant
  0.4;                                    !- Fraction Lost

OS:ElectricEquipment,
  {ac37ec71-2827-42eb-9c1f-4f448a51bca3}, !- Handle
  dishwasher,                             !- Name
  {309e9930-2b8d-4e64-be5f-08f85ae53ee8}, !- Electric Equipment Definition Name
  {2a39777d-1ff3-44fb-8798-def5ffbb9546}, !- Space or SpaceType Name
  {369d22f5-9249-42a7-8288-d887822d8d4e}, !- Schedule Name
  ,                                       !- Multiplier
  dishwasher;                             !- End-Use Subcategory

OS:Schedule:Constant,
  {714cf748-a92a-4b89-b188-972828cd74d5}, !- Handle
  fridge schedule,                        !- Name
  {9e6746b9-3117-465c-837e-fb1fc1618a40}, !- Schedule Type Limits Name
  0;                                      !- Value

OS:EnergyManagementSystem:Sensor,
  {e702b2bf-73aa-417a-92fd-38716287a7e5}, !- Handle
  fridge_tin_s,                           !- Name
  conditioned space,                      !- Output Variable or Output Meter Index Key Name
  Zone Mean Air Temperature;              !- Output Variable or Output Meter Name

OS:EnergyManagementSystem:Actuator,
  {78ef09db-8fc6-4c04-b89d-9be1e2796711}, !- Handle
  fridge_schedule_act,                    !- Name
  {714cf748-a92a-4b89-b188-972828cd74d5}, !- Actuated Component Name
  Schedule:Constant,                      !- Actuated Component Type
  Schedule Value,                         !- Actuated Component Control Type
  ;                                       !- Zone or Space Name

OS:EnergyManagementSystem:Program,
  {9fcd5a2f-5fc7-4a43-9a11-7a2ef0f33939}, !- Handle
  fridge_schedule_program,                !- Name
  Set Tin = fridge_tin_s*(9.0/5.0)+32.0,  !- Program Line 1
  Set fridge_schedule_act = 0,            !- Program Line 2
  If (Hour == 0),                         !- Program Line 3
  Set fridge_schedule_act = (-0.487+0.019*Tin), !- Program Line 4
  ElseIf (Hour == 1),                     !- Program Line 5
  Set fridge_schedule_act = (-0.34+0.016*Tin), !- Program Line 6
  ElseIf (Hour == 2),                     !- Program Line 7
  Set fridge_schedule_act = (-0.37+0.017*Tin), !- Program Line 8
  ElseIf (Hour == 3),                     !- Program Line 9
  Set fridge_schedule_act = (-0.361+0.016*Tin), !- Program Line 10
  ElseIf (Hour == 4),                     !- Program Line 11
  Set fridge_schedule_act = (-0.515+0.018*Tin), !- Program Line 12
  ElseIf (Hour == 5),                     !- Program Line 13
  Set fridge_schedule_act = (-0.684+0.021*Tin), !- Program Line 14
  ElseIf (Hour == 6),                     !- Program Line 15
  Set fridge_schedule_act = (-0.471+0.019*Tin), !- Program Line 16
  ElseIf (Hour == 7),                     !- Program Line 17
  Set fridge_schedule_act = (-0.159+0.015*Tin), !- Program Line 18
  ElseIf (Hour == 8),                     !- Program Line 19
  Set fridge_schedule_act = (-0.079+0.015*Tin), !- Program Line 20
  ElseIf (Hour == 9),                     !- Program Line 21
  Set fridge_schedule_act = (-0.417+0.019*Tin), !- Program Line 22
  ElseIf (Hour == 10),                    !- Program Line 23
  Set fridge_schedule_act = (-0.411+0.018*Tin), !- Program Line 24
  ElseIf (Hour == 11),                    !- Program Line 25
  Set fridge_schedule_act = (-0.386+0.018*Tin), !- Program Line 26
  ElseIf (Hour == 12),                    !- Program Line 27
  Set fridge_schedule_act = (-0.24+0.016*Tin), !- Program Line 28
  ElseIf (Hour == 13),                    !- Program Line 29
  Set fridge_schedule_act = (-0.314+0.017*Tin), !- Program Line 30
  ElseIf (Hour == 14),                    !- Program Line 31
  Set fridge_schedule_act = (-0.16+0.015*Tin), !- Program Line 32
  ElseIf (Hour == 15),                    !- Program Line 33
  Set fridge_schedule_act = (-0.121+0.015*Tin), !- Program Line 34
  ElseIf (Hour == 16),                    !- Program Line 35
  Set fridge_schedule_act = (-0.469+0.02*Tin), !- Program Line 36
  ElseIf (Hour == 17),                    !- Program Line 37
  Set fridge_schedule_act = (-0.412+0.02*Tin), !- Program Line 38
  ElseIf (Hour == 18),                    !- Program Line 39
  Set fridge_schedule_act = (-0.091+0.017*Tin), !- Program Line 40
  ElseIf (Hour == 19),                    !- Program Line 41
  Set fridge_schedule_act = (0.077+0.014*Tin), !- Program Line 42
  ElseIf (Hour == 20),                    !- Program Line 43
  Set fridge_schedule_act = (-0.118+0.016*Tin), !- Program Line 44
  ElseIf (Hour == 21),                    !- Program Line 45
  Set fridge_schedule_act = (-0.247+0.017*Tin), !- Program Line 46
  ElseIf (Hour == 22),                    !- Program Line 47
  Set fridge_schedule_act = (-0.445+0.019*Tin), !- Program Line 48
  ElseIf (Hour == 23),                    !- Program Line 49
  Set fridge_schedule_act = (-0.544+0.02*Tin), !- Program Line 50
  EndIf;                                  !- Program Line 51

OS:EnergyManagementSystem:ProgramCallingManager,
  {1d4191fd-1e2f-49db-b61e-6691e223fb23}, !- Handle
  fridge_schedule_program_calling_manager, !- Name
  BeginZoneTimestepAfterInitHeatBalance,  !- EnergyPlus Model Calling Point
  {9fcd5a2f-5fc7-4a43-9a11-7a2ef0f33939}; !- Program Name 1

OS:ElectricEquipment:Definition,
  {12952833-80d3-4008-b9b0-4e74aca1f7bd}, !- Handle
  fridge,                                 !- Name
  EquipmentLevel,                         !- Design Level Calculation Method
  45.9075342465753,                       !- Design Level {W}
  ,                                       !- Watts per Space Floor Area {W/m2}
  ,                                       !- Watts per Person {W/person}
  0,                                      !- Fraction Latent
  0.6,                                    !- Fraction Radiant
  0;                                      !- Fraction Lost

OS:ElectricEquipment,
  {ad08c6c9-b1b9-4de2-aa70-36bfa00003ed}, !- Handle
  fridge,                                 !- Name
  {12952833-80d3-4008-b9b0-4e74aca1f7bd}, !- Electric Equipment Definition Name
  {2a39777d-1ff3-44fb-8798-def5ffbb9546}, !- Space or SpaceType Name
  {714cf748-a92a-4b89-b188-972828cd74d5}, !- Schedule Name
  ,                                       !- Multiplier
  fridge;                                 !- End-Use Subcategory

OS:Schedule:Ruleset,
  {9d38c9dc-e646-4d8c-95ea-b35c1ca5eaab}, !- Handle
  freezer schedule,                       !- Name
  {9e6746b9-3117-465c-837e-fb1fc1618a40}, !- Schedule Type Limits Name
  {6721b020-ab9e-49dc-a1bf-24f0dd4dc082}; !- Default Day Schedule Name

OS:Schedule:Day,
  {6721b020-ab9e-49dc-a1bf-24f0dd4dc082}, !- Handle
  freezer schedule default day,           !- Name
  {9e6746b9-3117-465c-837e-fb1fc1618a40}, !- Schedule Type Limits Name
  ,                                       !- Interpolate to Timestep
  24,                                     !- Hour 1
  0,                                      !- Minute 1
  0;                                      !- Value Until Time 1

OS:Schedule:Rule,
  {96a49443-72a5-4a79-bddc-4fdfe8fda656}, !- Handle
  freezer schedule allday rule,           !- Name
  {9d38c9dc-e646-4d8c-95ea-b35c1ca5eaab}, !- Schedule Ruleset Name
  6,                                      !- Rule Order
  {8d69f5db-3bc8-43e1-b75c-9421a93b90e5}, !- Day Schedule Name
  Yes,                                    !- Apply Sunday
  Yes,                                    !- Apply Monday
  Yes,                                    !- Apply Tuesday
  Yes,                                    !- Apply Wednesday
  Yes,                                    !- Apply Thursday
  Yes,                                    !- Apply Friday
  Yes,                                    !- Apply Saturday
  DateRange,                              !- Date Specification Type
  1,                                      !- Start Month
  1,                                      !- Start Day
  1,                                      !- End Month
  31;                                     !- End Day

OS:Schedule:Day,
  {8d69f5db-3bc8-43e1-b75c-9421a93b90e5}, !- Handle
  freezer schedule day,                   !- Name
  {9e6746b9-3117-465c-837e-fb1fc1618a40}, !- Schedule Type Limits Name
  ,                                       !- Interpolate to Timestep
  1,                                      !- Hour 1
  0,                                      !- Minute 1
  0.610948905109489,                      !- Value Until Time 1
  2,                                      !- Hour 2
  0,                                      !- Minute 2
  0.595675182481752,                      !- Value Until Time 2
  3,                                      !- Hour 3
  0,                                      !- Minute 3
  0.580401459854015,                      !- Value Until Time 3
  4,                                      !- Hour 4
  0,                                      !- Minute 4
  0.565127737226277,                      !- Value Until Time 4
  6,                                      !- Hour 5
  0,                                      !- Minute 5
  0.54985401459854,                       !- Value Until Time 5
  7,                                      !- Hour 6
  0,                                      !- Minute 6
  0.580401459854015,                      !- Value Until Time 6
  8,                                      !- Hour 7
  0,                                      !- Minute 7
  0.610948905109489,                      !- Value Until Time 7
  10,                                     !- Hour 8
  0,                                      !- Minute 8
  0.626222627737226,                      !- Value Until Time 8
  12,                                     !- Hour 9
  0,                                      !- Minute 9
  0.610948905109489,                      !- Value Until Time 9
  15,                                     !- Hour 10
  0,                                      !- Minute 10
  0.641496350364963,                      !- Value Until Time 10
  16,                                     !- Hour 11
  0,                                      !- Minute 11
  0.626222627737226,                      !- Value Until Time 11
  17,                                     !- Hour 12
  0,                                      !- Minute 12
  0.672043795620438,                      !- Value Until Time 12
  18,                                     !- Hour 13
  0,                                      !- Minute 13
  0.733138686131387,                      !- Value Until Time 13
  19,                                     !- Hour 14
  0,                                      !- Minute 14
  0.763686131386861,                      !- Value Until Time 14
  20,                                     !- Hour 15
  0,                                      !- Minute 15
  0.733138686131387,                      !- Value Until Time 15
  21,                                     !- Hour 16
  0,                                      !- Minute 16
  0.71786496350365,                       !- Value Until Time 16
  22,                                     !- Hour 17
  0,                                      !- Minute 17
  0.702591240875912,                      !- Value Until Time 17
  23,                                     !- Hour 18
  0,                                      !- Minute 18
  0.672043795620438,                      !- Value Until Time 18
  24,                                     !- Hour 19
  0,                                      !- Minute 19
  0.626222627737226;                      !- Value Until Time 19

OS:Schedule:Rule,
  {7ab802c4-e902-434d-8565-25ee42960673}, !- Handle
  freezer schedule allday rule 1,         !- Name
  {9d38c9dc-e646-4d8c-95ea-b35c1ca5eaab}, !- Schedule Ruleset Name
  5,                                      !- Rule Order
  {8afc36b4-7a8a-42f2-9977-7f4ee3f2f679}, !- Day Schedule Name
  Yes,                                    !- Apply Sunday
  Yes,                                    !- Apply Monday
  Yes,                                    !- Apply Tuesday
  Yes,                                    !- Apply Wednesday
  Yes,                                    !- Apply Thursday
  Yes,                                    !- Apply Friday
  Yes,                                    !- Apply Saturday
  DateRange,                              !- Date Specification Type
  2,                                      !- Start Month
  1,                                      !- Start Day
  2,                                      !- End Month
  28;                                     !- End Day

OS:Schedule:Day,
  {8afc36b4-7a8a-42f2-9977-7f4ee3f2f679}, !- Handle
  freezer schedule day 1,                 !- Name
  {9e6746b9-3117-465c-837e-fb1fc1618a40}, !- Schedule Type Limits Name
  ,                                       !- Interpolate to Timestep
  1,                                      !- Hour 1
  0,                                      !- Minute 1
  0.60948905109489,                       !- Value Until Time 1
  2,                                      !- Hour 2
  0,                                      !- Minute 2
  0.594251824817518,                      !- Value Until Time 2
  3,                                      !- Hour 3
  0,                                      !- Minute 3
  0.579014598540146,                      !- Value Until Time 3
  4,                                      !- Hour 4
  0,                                      !- Minute 4
  0.563777372262774,                      !- Value Until Time 4
  6,                                      !- Hour 5
  0,                                      !- Minute 5
  0.548540145985401,                      !- Value Until Time 5
  7,                                      !- Hour 6
  0,                                      !- Minute 6
  0.579014598540146,                      !- Value Until Time 6
  8,                                      !- Hour 7
  0,                                      !- Minute 7
  0.60948905109489,                       !- Value Until Time 7
  10,                                     !- Hour 8
  0,                                      !- Minute 8
  0.624726277372263,                      !- Value Until Time 8
  12,                                     !- Hour 9
  0,                                      !- Minute 9
  0.60948905109489,                       !- Value Until Time 9
  15,                                     !- Hour 10
  0,                                      !- Minute 10
  0.639963503649635,                      !- Value Until Time 10
  16,                                     !- Hour 11
  0,                                      !- Minute 11
  0.624726277372263,                      !- Value Until Time 11
  17,                                     !- Hour 12
  0,                                      !- Minute 12
  0.670437956204379,                      !- Value Until Time 12
  18,                                     !- Hour 13
  0,                                      !- Minute 13
  0.731386861313868,                      !- Value Until Time 13
  19,                                     !- Hour 14
  0,                                      !- Minute 14
  0.761861313868613,                      !- Value Until Time 14
  20,                                     !- Hour 15
  0,                                      !- Minute 15
  0.731386861313868,                      !- Value Until Time 15
  21,                                     !- Hour 16
  0,                                      !- Minute 16
  0.716149635036496,                      !- Value Until Time 16
  22,                                     !- Hour 17
  0,                                      !- Minute 17
  0.700912408759124,                      !- Value Until Time 17
  23,                                     !- Hour 18
  0,                                      !- Minute 18
  0.670437956204379,                      !- Value Until Time 18
  24,                                     !- Hour 19
  0,                                      !- Minute 19
  0.624726277372263;                      !- Value Until Time 19

OS:Schedule:Rule,
  {d6c7ea32-74ef-448e-ad93-d72ff5c477ca}, !- Handle
  freezer schedule allday rule 2,         !- Name
  {9d38c9dc-e646-4d8c-95ea-b35c1ca5eaab}, !- Schedule Ruleset Name
  4,                                      !- Rule Order
  {35842007-7871-486b-9456-1249765aa58b}, !- Day Schedule Name
  Yes,                                    !- Apply Sunday
  Yes,                                    !- Apply Monday
  Yes,                                    !- Apply Tuesday
  Yes,                                    !- Apply Wednesday
  Yes,                                    !- Apply Thursday
  Yes,                                    !- Apply Friday
  Yes,                                    !- Apply Saturday
  DateRange,                              !- Date Specification Type
  3,                                      !- Start Month
  1,                                      !- Start Day
  5,                                      !- End Month
  31;                                     !- End Day

OS:Schedule:Day,
  {35842007-7871-486b-9456-1249765aa58b}, !- Handle
  freezer schedule day 2,                 !- Name
  {9e6746b9-3117-465c-837e-fb1fc1618a40}, !- Schedule Type Limits Name
  ,                                       !- Interpolate to Timestep
  1,                                      !- Hour 1
  0,                                      !- Minute 1
  0.791240875912409,                      !- Value Until Time 1
  2,                                      !- Hour 2
  0,                                      !- Minute 2
  0.771459854014598,                      !- Value Until Time 2
  3,                                      !- Hour 3
  0,                                      !- Minute 3
  0.751678832116789,                      !- Value Until Time 3
  4,                                      !- Hour 4
  0,                                      !- Minute 4
  0.731897810218978,                      !- Value Until Time 4
  6,                                      !- Hour 5
  0,                                      !- Minute 5
  0.712116788321168,                      !- Value Until Time 5
  7,                                      !- Hour 6
  0,                                      !- Minute 6
  0.751678832116789,                      !- Value Until Time 6
  8,                                      !- Hour 7
  0,                                      !- Minute 7
  0.791240875912409,                      !- Value Until Time 7
  10,                                     !- Hour 8
  0,                                      !- Minute 8
  0.811021897810219,                      !- Value Until Time 8
  12,                                     !- Hour 9
  0,                                      !- Minute 9
  0.791240875912409,                      !- Value Until Time 9
  15,                                     !- Hour 10
  0,                                      !- Minute 10
  0.830802919708029,                      !- Value Until Time 10
  16,                                     !- Hour 11
  0,                                      !- Minute 11
  0.811021897810219,                      !- Value Until Time 11
  17,                                     !- Hour 12
  0,                                      !- Minute 12
  0.87036496350365,                       !- Value Until Time 12
  18,                                     !- Hour 13
  0,                                      !- Minute 13
  0.949489051094891,                      !- Value Until Time 13
  19,                                     !- Hour 14
  0,                                      !- Minute 14
  0.989051094890511,                      !- Value Until Time 14
  20,                                     !- Hour 15
  0,                                      !- Minute 15
  0.949489051094891,                      !- Value Until Time 15
  21,                                     !- Hour 16
  0,                                      !- Minute 16
  0.92970802919708,                       !- Value Until Time 16
  22,                                     !- Hour 17
  0,                                      !- Minute 17
  0.90992700729927,                       !- Value Until Time 17
  23,                                     !- Hour 18
  0,                                      !- Minute 18
  0.87036496350365,                       !- Value Until Time 18
  24,                                     !- Hour 19
  0,                                      !- Minute 19
  0.811021897810219;                      !- Value Until Time 19

OS:Schedule:Rule,
  {1cf2bc4c-9211-4ab1-a356-3b4ec6f18ab3}, !- Handle
  freezer schedule allday rule 3,         !- Name
  {9d38c9dc-e646-4d8c-95ea-b35c1ca5eaab}, !- Schedule Ruleset Name
  3,                                      !- Rule Order
  {59cc5181-fbe7-4fb1-9016-aa88ef3602e1}, !- Day Schedule Name
  Yes,                                    !- Apply Sunday
  Yes,                                    !- Apply Monday
  Yes,                                    !- Apply Tuesday
  Yes,                                    !- Apply Wednesday
  Yes,                                    !- Apply Thursday
  Yes,                                    !- Apply Friday
  Yes,                                    !- Apply Saturday
  DateRange,                              !- Date Specification Type
  6,                                      !- Start Month
  1,                                      !- Start Day
  9,                                      !- End Month
  30;                                     !- End Day

OS:Schedule:Day,
  {59cc5181-fbe7-4fb1-9016-aa88ef3602e1}, !- Handle
  freezer schedule day 3,                 !- Name
  {9e6746b9-3117-465c-837e-fb1fc1618a40}, !- Schedule Type Limits Name
  ,                                       !- Interpolate to Timestep
  1,                                      !- Hour 1
  0,                                      !- Minute 1
  0.8,                                    !- Value Until Time 1
  2,                                      !- Hour 2
  0,                                      !- Minute 2
  0.78,                                   !- Value Until Time 2
  3,                                      !- Hour 3
  0,                                      !- Minute 3
  0.76,                                   !- Value Until Time 3
  4,                                      !- Hour 4
  0,                                      !- Minute 4
  0.74,                                   !- Value Until Time 4
  6,                                      !- Hour 5
  0,                                      !- Minute 5
  0.72,                                   !- Value Until Time 5
  7,                                      !- Hour 6
  0,                                      !- Minute 6
  0.76,                                   !- Value Until Time 6
  8,                                      !- Hour 7
  0,                                      !- Minute 7
  0.8,                                    !- Value Until Time 7
  10,                                     !- Hour 8
  0,                                      !- Minute 8
  0.82,                                   !- Value Until Time 8
  12,                                     !- Hour 9
  0,                                      !- Minute 9
  0.8,                                    !- Value Until Time 9
  15,                                     !- Hour 10
  0,                                      !- Minute 10
  0.84,                                   !- Value Until Time 10
  16,                                     !- Hour 11
  0,                                      !- Minute 11
  0.82,                                   !- Value Until Time 11
  17,                                     !- Hour 12
  0,                                      !- Minute 12
  0.88,                                   !- Value Until Time 12
  18,                                     !- Hour 13
  0,                                      !- Minute 13
  0.96,                                   !- Value Until Time 13
  19,                                     !- Hour 14
  0,                                      !- Minute 14
  1,                                      !- Value Until Time 14
  20,                                     !- Hour 15
  0,                                      !- Minute 15
  0.96,                                   !- Value Until Time 15
  21,                                     !- Hour 16
  0,                                      !- Minute 16
  0.94,                                   !- Value Until Time 16
  22,                                     !- Hour 17
  0,                                      !- Minute 17
  0.92,                                   !- Value Until Time 17
  23,                                     !- Hour 18
  0,                                      !- Minute 18
  0.88,                                   !- Value Until Time 18
  24,                                     !- Hour 19
  0,                                      !- Minute 19
  0.82;                                   !- Value Until Time 19

OS:Schedule:Rule,
  {3b03857d-ec85-4bfc-adc7-9c72316018f3}, !- Handle
  freezer schedule allday rule 4,         !- Name
  {9d38c9dc-e646-4d8c-95ea-b35c1ca5eaab}, !- Schedule Ruleset Name
  2,                                      !- Rule Order
  {62b3119b-e125-4a0d-93ec-7ba393bebfa7}, !- Day Schedule Name
  Yes,                                    !- Apply Sunday
  Yes,                                    !- Apply Monday
  Yes,                                    !- Apply Tuesday
  Yes,                                    !- Apply Wednesday
  Yes,                                    !- Apply Thursday
  Yes,                                    !- Apply Friday
  Yes,                                    !- Apply Saturday
  DateRange,                              !- Date Specification Type
  10,                                     !- Start Month
  1,                                      !- Start Day
  10,                                     !- End Month
  31;                                     !- End Day

OS:Schedule:Day,
  {62b3119b-e125-4a0d-93ec-7ba393bebfa7}, !- Handle
  freezer schedule day 4,                 !- Name
  {9e6746b9-3117-465c-837e-fb1fc1618a40}, !- Schedule Type Limits Name
  ,                                       !- Interpolate to Timestep
  1,                                      !- Hour 1
  0,                                      !- Minute 1
  0.67956204379562,                       !- Value Until Time 1
  2,                                      !- Hour 2
  0,                                      !- Minute 2
  0.66257299270073,                       !- Value Until Time 2
  3,                                      !- Hour 3
  0,                                      !- Minute 3
  0.645583941605839,                      !- Value Until Time 3
  4,                                      !- Hour 4
  0,                                      !- Minute 4
  0.628594890510949,                      !- Value Until Time 4
  6,                                      !- Hour 5
  0,                                      !- Minute 5
  0.611605839416058,                      !- Value Until Time 5
  7,                                      !- Hour 6
  0,                                      !- Minute 6
  0.645583941605839,                      !- Value Until Time 6
  8,                                      !- Hour 7
  0,                                      !- Minute 7
  0.67956204379562,                       !- Value Until Time 7
  10,                                     !- Hour 8
  0,                                      !- Minute 8
  0.696551094890511,                      !- Value Until Time 8
  12,                                     !- Hour 9
  0,                                      !- Minute 9
  0.67956204379562,                       !- Value Until Time 9
  15,                                     !- Hour 10
  0,                                      !- Minute 10
  0.713540145985401,                      !- Value Until Time 10
  16,                                     !- Hour 11
  0,                                      !- Minute 11
  0.696551094890511,                      !- Value Until Time 11
  17,                                     !- Hour 12
  0,                                      !- Minute 12
  0.747518248175182,                      !- Value Until Time 12
  18,                                     !- Hour 13
  0,                                      !- Minute 13
  0.815474452554744,                      !- Value Until Time 13
  19,                                     !- Hour 14
  0,                                      !- Minute 14
  0.849452554744526,                      !- Value Until Time 14
  20,                                     !- Hour 15
  0,                                      !- Minute 15
  0.815474452554744,                      !- Value Until Time 15
  21,                                     !- Hour 16
  0,                                      !- Minute 16
  0.798485401459854,                      !- Value Until Time 16
  22,                                     !- Hour 17
  0,                                      !- Minute 17
  0.781496350364963,                      !- Value Until Time 17
  23,                                     !- Hour 18
  0,                                      !- Minute 18
  0.747518248175182,                      !- Value Until Time 18
  24,                                     !- Hour 19
  0,                                      !- Minute 19
  0.696551094890511;                      !- Value Until Time 19

OS:Schedule:Rule,
  {1d35b946-4c97-4d76-b0bf-3ec61e361ed7}, !- Handle
  freezer schedule allday rule 5,         !- Name
  {9d38c9dc-e646-4d8c-95ea-b35c1ca5eaab}, !- Schedule Ruleset Name
  1,                                      !- Rule Order
  {9a3744d2-ab4a-4ca4-842e-f2ecc05ec4cd}, !- Day Schedule Name
  Yes,                                    !- Apply Sunday
  Yes,                                    !- Apply Monday
  Yes,                                    !- Apply Tuesday
  Yes,                                    !- Apply Wednesday
  Yes,                                    !- Apply Thursday
  Yes,                                    !- Apply Friday
  Yes,                                    !- Apply Saturday
  DateRange,                              !- Date Specification Type
  11,                                     !- Start Month
  1,                                      !- Start Day
  11,                                     !- End Month
  30;                                     !- End Day

OS:Schedule:Day,
  {9a3744d2-ab4a-4ca4-842e-f2ecc05ec4cd}, !- Handle
  freezer schedule day 5,                 !- Name
  {9e6746b9-3117-465c-837e-fb1fc1618a40}, !- Schedule Type Limits Name
  ,                                       !- Interpolate to Timestep
  1,                                      !- Hour 1
  0,                                      !- Minute 1
  0.675182481751825,                      !- Value Until Time 1
  2,                                      !- Hour 2
  0,                                      !- Minute 2
  0.658302919708029,                      !- Value Until Time 2
  3,                                      !- Hour 3
  0,                                      !- Minute 3
  0.641423357664234,                      !- Value Until Time 3
  4,                                      !- Hour 4
  0,                                      !- Minute 4
  0.624543795620438,                      !- Value Until Time 4
  6,                                      !- Hour 5
  0,                                      !- Minute 5
  0.607664233576642,                      !- Value Until Time 5
  7,                                      !- Hour 6
  0,                                      !- Minute 6
  0.641423357664234,                      !- Value Until Time 6
  8,                                      !- Hour 7
  0,                                      !- Minute 7
  0.675182481751825,                      !- Value Until Time 7
  10,                                     !- Hour 8
  0,                                      !- Minute 8
  0.69206204379562,                       !- Value Until Time 8
  12,                                     !- Hour 9
  0,                                      !- Minute 9
  0.675182481751825,                      !- Value Until Time 9
  15,                                     !- Hour 10
  0,                                      !- Minute 10
  0.708941605839416,                      !- Value Until Time 10
  16,                                     !- Hour 11
  0,                                      !- Minute 11
  0.69206204379562,                       !- Value Until Time 11
  17,                                     !- Hour 12
  0,                                      !- Minute 12
  0.742700729927007,                      !- Value Until Time 12
  18,                                     !- Hour 13
  0,                                      !- Minute 13
  0.81021897810219,                       !- Value Until Time 13
  19,                                     !- Hour 14
  0,                                      !- Minute 14
  0.843978102189781,                      !- Value Until Time 14
  20,                                     !- Hour 15
  0,                                      !- Minute 15
  0.81021897810219,                       !- Value Until Time 15
  21,                                     !- Hour 16
  0,                                      !- Minute 16
  0.793339416058394,                      !- Value Until Time 16
  22,                                     !- Hour 17
  0,                                      !- Minute 17
  0.776459854014598,                      !- Value Until Time 17
  23,                                     !- Hour 18
  0,                                      !- Minute 18
  0.742700729927007,                      !- Value Until Time 18
  24,                                     !- Hour 19
  0,                                      !- Minute 19
  0.69206204379562;                       !- Value Until Time 19

OS:Schedule:Rule,
  {f6617cc0-ab93-4eed-a401-ca84bdc3edce}, !- Handle
  freezer schedule allday rule 6,         !- Name
  {9d38c9dc-e646-4d8c-95ea-b35c1ca5eaab}, !- Schedule Ruleset Name
  0,                                      !- Rule Order
  {ed4baf6c-c97f-4253-a2d7-25ed1e457226}, !- Day Schedule Name
  Yes,                                    !- Apply Sunday
  Yes,                                    !- Apply Monday
  Yes,                                    !- Apply Tuesday
  Yes,                                    !- Apply Wednesday
  Yes,                                    !- Apply Thursday
  Yes,                                    !- Apply Friday
  Yes,                                    !- Apply Saturday
  DateRange,                              !- Date Specification Type
  12,                                     !- Start Month
  1,                                      !- Start Day
  12,                                     !- End Month
  31;                                     !- End Day

OS:Schedule:Day,
  {ed4baf6c-c97f-4253-a2d7-25ed1e457226}, !- Handle
  freezer schedule day 6,                 !- Name
  {9e6746b9-3117-465c-837e-fb1fc1618a40}, !- Schedule Type Limits Name
  ,                                       !- Interpolate to Timestep
  1,                                      !- Hour 1
  0,                                      !- Minute 1
  0.610948905109489,                      !- Value Until Time 1
  2,                                      !- Hour 2
  0,                                      !- Minute 2
  0.595675182481752,                      !- Value Until Time 2
  3,                                      !- Hour 3
  0,                                      !- Minute 3
  0.580401459854015,                      !- Value Until Time 3
  4,                                      !- Hour 4
  0,                                      !- Minute 4
  0.565127737226277,                      !- Value Until Time 4
  6,                                      !- Hour 5
  0,                                      !- Minute 5
  0.54985401459854,                       !- Value Until Time 5
  7,                                      !- Hour 6
  0,                                      !- Minute 6
  0.580401459854015,                      !- Value Until Time 6
  8,                                      !- Hour 7
  0,                                      !- Minute 7
  0.610948905109489,                      !- Value Until Time 7
  10,                                     !- Hour 8
  0,                                      !- Minute 8
  0.626222627737226,                      !- Value Until Time 8
  12,                                     !- Hour 9
  0,                                      !- Minute 9
  0.610948905109489,                      !- Value Until Time 9
  15,                                     !- Hour 10
  0,                                      !- Minute 10
  0.641496350364963,                      !- Value Until Time 10
  16,                                     !- Hour 11
  0,                                      !- Minute 11
  0.626222627737226,                      !- Value Until Time 11
  17,                                     !- Hour 12
  0,                                      !- Minute 12
  0.672043795620438,                      !- Value Until Time 12
  18,                                     !- Hour 13
  0,                                      !- Minute 13
  0.733138686131387,                      !- Value Until Time 13
  19,                                     !- Hour 14
  0,                                      !- Minute 14
  0.763686131386861,                      !- Value Until Time 14
  20,                                     !- Hour 15
  0,                                      !- Minute 15
  0.733138686131387,                      !- Value Until Time 15
  21,                                     !- Hour 16
  0,                                      !- Minute 16
  0.71786496350365,                       !- Value Until Time 16
  22,                                     !- Hour 17
  0,                                      !- Minute 17
  0.702591240875912,                      !- Value Until Time 17
  23,                                     !- Hour 18
  0,                                      !- Minute 18
  0.672043795620438,                      !- Value Until Time 18
  24,                                     !- Hour 19
  0,                                      !- Minute 19
  0.626222627737226;                      !- Value Until Time 19

OS:ElectricEquipment:Definition,
  {bafa23eb-4d39-4c8b-9e5a-929676bff84b}, !- Handle
  freezer,                                !- Name
  EquipmentLevel,                         !- Design Level Calculation Method
  194.914360779534,                       !- Design Level {W}
  ,                                       !- Watts per Space Floor Area {W/m2}
  ,                                       !- Watts per Person {W/person}
  0,                                      !- Fraction Latent
  0.6,                                    !- Fraction Radiant
  0;                                      !- Fraction Lost

OS:ElectricEquipment,
  {7af404a3-7751-4116-8608-4f5d4e034474}, !- Handle
  freezer,                                !- Name
  {bafa23eb-4d39-4c8b-9e5a-929676bff84b}, !- Electric Equipment Definition Name
  {2a39777d-1ff3-44fb-8798-def5ffbb9546}, !- Space or SpaceType Name
  {9d38c9dc-e646-4d8c-95ea-b35c1ca5eaab}, !- Schedule Name
  ,                                       !- Multiplier
  freezer;                                !- End-Use Subcategory

OS:Schedule:File,
  {c7484bae-42ef-4cf3-98e1-6b871f31f621}, !- Handle
  cooking_range,                          !- Name
  {9e6746b9-3117-465c-837e-fb1fc1618a40}, !- Schedule Type Limits Name
  {6ce3e94c-fb1a-4ed7-bfed-5967f7440057}, !- External File Name
  11,                                     !- Column Number
  1,                                      !- Rows to Skip at Top
  8760,                                   !- Number of Hours of Data
  ,                                       !- Column Separator
  Yes,                                    !- Interpolate to Timestep
  15,                                     !- Minutes per Item
  ,                                       !- Adjust Schedule for Daylight Savings
  Yes;                                    !- Translate File With Relative Path

OS:ElectricEquipment:Definition,
  {2026e46b-e07d-4ce3-8ea2-8da245d12439}, !- Handle
  cooking range,                          !- Name
  EquipmentLevel,                         !- Design Level Calculation Method
  1346.71680111494,                       !- Design Level {W}
  ,                                       !- Watts per Space Floor Area {W/m2}
  ,                                       !- Watts per Person {W/person}
  0.0799999999999999,                     !- Fraction Latent
  0.432,                                  !- Fraction Radiant
  0.2;                                    !- Fraction Lost

OS:ElectricEquipment,
  {1c8546e0-d869-41bb-aefb-0c832632c786}, !- Handle
  cooking range,                          !- Name
  {2026e46b-e07d-4ce3-8ea2-8da245d12439}, !- Electric Equipment Definition Name
  {2a39777d-1ff3-44fb-8798-def5ffbb9546}, !- Space or SpaceType Name
  {c7484bae-42ef-4cf3-98e1-6b871f31f621}, !- Schedule Name
  ,                                       !- Multiplier
  cooking range;                          !- End-Use Subcategory

OS:OtherEquipment:Definition,
  {e1ae5106-7d71-4059-8008-8c4a1b8fd4ae}, !- Handle
  cooking range 2,                        !- Name
  EquipmentLevel,                         !- Design Level Calculation Method
  0,                                      !- Design Level {W}
  ,                                       !- Watts per Space Floor Area {W/m2}
  ,                                       !- Watts per Person {W/Person}
  0.0799999999999999,                     !- Fraction Latent
  0.432,                                  !- Fraction Radiant
  0.2;                                    !- Fraction Lost

OS:OtherEquipment,
  {1b9644d1-9a9c-48f4-9dd2-e7e05ffbea52}, !- Handle
  cooking range 1,                        !- Name
  {e1ae5106-7d71-4059-8008-8c4a1b8fd4ae}, !- Other Equipment Definition Name
  {2a39777d-1ff3-44fb-8798-def5ffbb9546}, !- Space or SpaceType Name
  {c7484bae-42ef-4cf3-98e1-6b871f31f621}, !- Schedule Name
  ,                                       !- Multiplier
  Electricity,                            !- Fuel Type
  cooking range;                          !- End-Use Subcategory

OS:Schedule:FixedInterval,
  {493f2b9d-f1dd-4ce0-ad6b-ce9014af457c}, !- Handle
  mains temperature schedule,             !- Name
  {6c875a2c-d94a-437a-bb9e-15db9592e960}, !- Schedule Type Limits Name
  ,                                       !- Translate to Schedule File
  ,                                       !- Interpolate to Timestep
  1440,                                   !- Interval Length {minutes}
  ,                                       !- Out Of Range Value
  1,                                      !- Start Month
  1,                                      !- Start Day
  13.0633333333333,                       !- Value 1
  13.0188888888889,                       !- Value 2
  12.975,                                 !- Value 3
  12.9327777777778,                       !- Value 4
  12.8916666666667,                       !- Value 5
  12.8516666666667,                       !- Value 6
  12.8122222222222,                       !- Value 7
  12.7744444444444,                       !- Value 8
  12.7377777777778,                       !- Value 9
  12.7016666666667,                       !- Value 10
  12.6672222222222,                       !- Value 11
  12.6338888888889,                       !- Value 12
  12.6016666666667,                       !- Value 13
  12.5705555555556,                       !- Value 14
  12.5411111111111,                       !- Value 15
  12.5122222222222,                       !- Value 16
  12.485,                                 !- Value 17
  12.4583333333333,                       !- Value 18
  12.4333333333333,                       !- Value 19
  12.41,                                  !- Value 20
  12.3872222222222,                       !- Value 21
  12.3661111111111,                       !- Value 22
  12.3455555555556,                       !- Value 23
  12.3272222222222,                       !- Value 24
  12.3094444444444,                       !- Value 25
  12.2933333333333,                       !- Value 26
  12.2783333333333,                       !- Value 27
  12.2644444444444,                       !- Value 28
  12.2516666666667,                       !- Value 29
  12.2405555555556,                       !- Value 30
  12.2305555555556,                       !- Value 31
  12.2222222222222,                       !- Value 32
  12.215,                                 !- Value 33
  12.2088888888889,                       !- Value 34
  12.2038888888889,                       !- Value 35
  12.2005555555556,                       !- Value 36
  12.1983333333333,                       !- Value 37
  12.1977777777778,                       !- Value 38
  12.1977777777778,                       !- Value 39
  12.2,                                   !- Value 40
  12.2027777777778,                       !- Value 41
  12.2072222222222,                       !- Value 42
  12.2127777777778,                       !- Value 43
  12.2194444444444,                       !- Value 44
  12.2277777777778,                       !- Value 45
  12.2372222222222,                       !- Value 46
  12.2483333333333,                       !- Value 47
  12.26,                                  !- Value 48
  12.2733333333333,                       !- Value 49
  12.2883333333333,                       !- Value 50
  12.3038888888889,                       !- Value 51
  12.3211111111111,                       !- Value 52
  12.3394444444444,                       !- Value 53
  12.3594444444444,                       !- Value 54
  12.38,                                  !- Value 55
  12.4022222222222,                       !- Value 56
  12.4255555555556,                       !- Value 57
  12.4505555555556,                       !- Value 58
  12.4761111111111,                       !- Value 59
  12.5033333333333,                       !- Value 60
  12.5316666666667,                       !- Value 61
  12.5611111111111,                       !- Value 62
  12.5916666666667,                       !- Value 63
  12.6233333333333,                       !- Value 64
  12.6566666666667,                       !- Value 65
  12.6905555555556,                       !- Value 66
  12.7261111111111,                       !- Value 67
  12.7627777777778,                       !- Value 68
  12.8,                                   !- Value 69
  12.8388888888889,                       !- Value 70
  12.8788888888889,                       !- Value 71
  12.9194444444444,                       !- Value 72
  12.9616666666667,                       !- Value 73
  13.0044444444444,                       !- Value 74
  13.0488888888889,                       !- Value 75
  13.0938888888889,                       !- Value 76
  13.14,                                  !- Value 77
  13.1872222222222,                       !- Value 78
  13.2355555555556,                       !- Value 79
  13.285,                                 !- Value 80
  13.335,                                 !- Value 81
  13.3861111111111,                       !- Value 82
  13.4383333333333,                       !- Value 83
  13.4911111111111,                       !- Value 84
  13.545,                                 !- Value 85
  13.6,                                   !- Value 86
  13.6555555555556,                       !- Value 87
  13.7122222222222,                       !- Value 88
  13.77,                                  !- Value 89
  13.8283333333333,                       !- Value 90
  13.8872222222222,                       !- Value 91
  13.9472222222222,                       !- Value 92
  14.0077777777778,                       !- Value 93
  14.0688888888889,                       !- Value 94
  14.1311111111111,                       !- Value 95
  14.1944444444444,                       !- Value 96
  14.2577777777778,                       !- Value 97
  14.3222222222222,                       !- Value 98
  14.3872222222222,                       !- Value 99
  14.4527777777778,                       !- Value 100
  14.5188888888889,                       !- Value 101
  14.5855555555556,                       !- Value 102
  14.6533333333333,                       !- Value 103
  14.7211111111111,                       !- Value 104
  14.7894444444444,                       !- Value 105
  14.8588888888889,                       !- Value 106
  14.9283333333333,                       !- Value 107
  14.9983333333333,                       !- Value 108
  15.0688888888889,                       !- Value 109
  15.14,                                  !- Value 110
  15.2111111111111,                       !- Value 111
  15.2833333333333,                       !- Value 112
  15.3555555555556,                       !- Value 113
  15.4277777777778,                       !- Value 114
  15.5005555555556,                       !- Value 115
  15.5738888888889,                       !- Value 116
  15.6477777777778,                       !- Value 117
  15.7211111111111,                       !- Value 118
  15.7955555555556,                       !- Value 119
  15.8694444444444,                       !- Value 120
  15.9438888888889,                       !- Value 121
  16.0188888888889,                       !- Value 122
  16.0938888888889,                       !- Value 123
  16.1688888888889,                       !- Value 124
  16.2438888888889,                       !- Value 125
  16.3188888888889,                       !- Value 126
  16.3944444444444,                       !- Value 127
  16.4694444444444,                       !- Value 128
  16.545,                                 !- Value 129
  16.6205555555556,                       !- Value 130
  16.6955555555556,                       !- Value 131
  16.7711111111111,                       !- Value 132
  16.8461111111111,                       !- Value 133
  16.9216666666667,                       !- Value 134
  16.9966666666667,                       !- Value 135
  17.0716666666667,                       !- Value 136
  17.1466666666667,                       !- Value 137
  17.2211111111111,                       !- Value 138
  17.2955555555556,                       !- Value 139
  17.37,                                  !- Value 140
  17.4438888888889,                       !- Value 141
  17.5177777777778,                       !- Value 142
  17.5911111111111,                       !- Value 143
  17.6644444444444,                       !- Value 144
  17.7372222222222,                       !- Value 145
  17.8094444444444,                       !- Value 146
  17.8816666666667,                       !- Value 147
  17.9533333333333,                       !- Value 148
  18.025,                                 !- Value 149
  18.0961111111111,                       !- Value 150
  18.1661111111111,                       !- Value 151
  18.2361111111111,                       !- Value 152
  18.3061111111111,                       !- Value 153
  18.375,                                 !- Value 154
  18.4433333333333,                       !- Value 155
  18.5111111111111,                       !- Value 156
  18.5788888888889,                       !- Value 157
  18.6455555555556,                       !- Value 158
  18.7116666666667,                       !- Value 159
  18.7772222222222,                       !- Value 160
  18.8416666666667,                       !- Value 161
  18.9061111111111,                       !- Value 162
  18.9694444444444,                       !- Value 163
  19.0322222222222,                       !- Value 164
  19.0944444444444,                       !- Value 165
  19.1555555555556,                       !- Value 166
  19.2166666666667,                       !- Value 167
  19.2761111111111,                       !- Value 168
  19.335,                                 !- Value 169
  19.3933333333333,                       !- Value 170
  19.4505555555556,                       !- Value 171
  19.5072222222222,                       !- Value 172
  19.5627777777778,                       !- Value 173
  19.6172222222222,                       !- Value 174
  19.6711111111111,                       !- Value 175
  19.7244444444444,                       !- Value 176
  19.7761111111111,                       !- Value 177
  19.8272222222222,                       !- Value 178
  19.8772222222222,                       !- Value 179
  19.9266666666667,                       !- Value 180
  19.9744444444444,                       !- Value 181
  20.0216666666667,                       !- Value 182
  20.0677777777778,                       !- Value 183
  20.1127777777778,                       !- Value 184
  20.1566666666667,                       !- Value 185
  20.1994444444444,                       !- Value 186
  20.2416666666667,                       !- Value 187
  20.2822222222222,                       !- Value 188
  20.3222222222222,                       !- Value 189
  20.3605555555556,                       !- Value 190
  20.3977777777778,                       !- Value 191
  20.4344444444444,                       !- Value 192
  20.4694444444444,                       !- Value 193
  20.5033333333333,                       !- Value 194
  20.5366666666667,                       !- Value 195
  20.5683333333333,                       !- Value 196
  20.5983333333333,                       !- Value 197
  20.6277777777778,                       !- Value 198
  20.6561111111111,                       !- Value 199
  20.6827777777778,                       !- Value 200
  20.7088888888889,                       !- Value 201
  20.7333333333333,                       !- Value 202
  20.7561111111111,                       !- Value 203
  20.7783333333333,                       !- Value 204
  20.7988888888889,                       !- Value 205
  20.8188888888889,                       !- Value 206
  20.8366666666667,                       !- Value 207
  20.8538888888889,                       !- Value 208
  20.8694444444444,                       !- Value 209
  20.8838888888889,                       !- Value 210
  20.8972222222222,                       !- Value 211
  20.9094444444444,                       !- Value 212
  20.92,                                  !- Value 213
  20.9288888888889,                       !- Value 214
  20.9372222222222,                       !- Value 215
  20.9438888888889,                       !- Value 216
  20.9494444444444,                       !- Value 217
  20.9533333333333,                       !- Value 218
  20.9566666666667,                       !- Value 219
  20.9577777777778,                       !- Value 220
  20.9583333333333,                       !- Value 221
  20.9572222222222,                       !- Value 222
  20.955,                                 !- Value 223
  20.9511111111111,                       !- Value 224
  20.9466666666667,                       !- Value 225
  20.94,                                  !- Value 226
  20.9327777777778,                       !- Value 227
  20.9238888888889,                       !- Value 228
  20.9138888888889,                       !- Value 229
  20.9027777777778,                       !- Value 230
  20.89,                                  !- Value 231
  20.8761111111111,                       !- Value 232
  20.8611111111111,                       !- Value 233
  20.8444444444444,                       !- Value 234
  20.8266666666667,                       !- Value 235
  20.8077777777778,                       !- Value 236
  20.7872222222222,                       !- Value 237
  20.7661111111111,                       !- Value 238
  20.7433333333333,                       !- Value 239
  20.7194444444444,                       !- Value 240
  20.6944444444444,                       !- Value 241
  20.6677777777778,                       !- Value 242
  20.64,                                  !- Value 243
  20.6111111111111,                       !- Value 244
  20.5811111111111,                       !- Value 245
  20.55,                                  !- Value 246
  20.5177777777778,                       !- Value 247
  20.4844444444444,                       !- Value 248
  20.4494444444444,                       !- Value 249
  20.4138888888889,                       !- Value 250
  20.3766666666667,                       !- Value 251
  20.3388888888889,                       !- Value 252
  20.2994444444444,                       !- Value 253
  20.2594444444444,                       !- Value 254
  20.2177777777778,                       !- Value 255
  20.1755555555556,                       !- Value 256
  20.1316666666667,                       !- Value 257
  20.0872222222222,                       !- Value 258
  20.0416666666667,                       !- Value 259
  19.995,                                 !- Value 260
  19.9472222222222,                       !- Value 261
  19.8983333333333,                       !- Value 262
  19.8488888888889,                       !- Value 263
  19.7983333333333,                       !- Value 264
  19.7466666666667,                       !- Value 265
  19.6944444444444,                       !- Value 266
  19.6405555555556,                       !- Value 267
  19.5866666666667,                       !- Value 268
  19.5311111111111,                       !- Value 269
  19.475,                                 !- Value 270
  19.4183333333333,                       !- Value 271
  19.3605555555556,                       !- Value 272
  19.3016666666667,                       !- Value 273
  19.2422222222222,                       !- Value 274
  19.1822222222222,                       !- Value 275
  19.1211111111111,                       !- Value 276
  19.0594444444444,                       !- Value 277
  18.9966666666667,                       !- Value 278
  18.9333333333333,                       !- Value 279
  18.8694444444444,                       !- Value 280
  18.805,                                 !- Value 281
  18.74,                                  !- Value 282
  18.6738888888889,                       !- Value 283
  18.6072222222222,                       !- Value 284
  18.5405555555556,                       !- Value 285
  18.4727777777778,                       !- Value 286
  18.4044444444444,                       !- Value 287
  18.3355555555556,                       !- Value 288
  18.2661111111111,                       !- Value 289
  18.1966666666667,                       !- Value 290
  18.1261111111111,                       !- Value 291
  18.0555555555556,                       !- Value 292
  17.9844444444444,                       !- Value 293
  17.9127777777778,                       !- Value 294
  17.8405555555556,                       !- Value 295
  17.7683333333333,                       !- Value 296
  17.6955555555556,                       !- Value 297
  17.6227777777778,                       !- Value 298
  17.5494444444444,                       !- Value 299
  17.4755555555556,                       !- Value 300
  17.4016666666667,                       !- Value 301
  17.3277777777778,                       !- Value 302
  17.2533333333333,                       !- Value 303
  17.1788888888889,                       !- Value 304
  17.1038888888889,                       !- Value 305
  17.0288888888889,                       !- Value 306
  16.9538888888889,                       !- Value 307
  16.8788888888889,                       !- Value 308
  16.8033333333333,                       !- Value 309
  16.7283333333333,                       !- Value 310
  16.6527777777778,                       !- Value 311
  16.5772222222222,                       !- Value 312
  16.5022222222222,                       !- Value 313
  16.4266666666667,                       !- Value 314
  16.3516666666667,                       !- Value 315
  16.2761111111111,                       !- Value 316
  16.2011111111111,                       !- Value 317
  16.1261111111111,                       !- Value 318
  16.0511111111111,                       !- Value 319
  15.9761111111111,                       !- Value 320
  15.9016666666667,                       !- Value 321
  15.8272222222222,                       !- Value 322
  15.7533333333333,                       !- Value 323
  15.6794444444444,                       !- Value 324
  15.6055555555556,                       !- Value 325
  15.5322222222222,                       !- Value 326
  15.4594444444444,                       !- Value 327
  15.3866666666667,                       !- Value 328
  15.3144444444444,                       !- Value 329
  15.2422222222222,                       !- Value 330
  15.1705555555556,                       !- Value 331
  15.0994444444444,                       !- Value 332
  15.0288888888889,                       !- Value 333
  14.9583333333333,                       !- Value 334
  14.8888888888889,                       !- Value 335
  14.8194444444444,                       !- Value 336
  14.7505555555556,                       !- Value 337
  14.6822222222222,                       !- Value 338
  14.6144444444444,                       !- Value 339
  14.5477777777778,                       !- Value 340
  14.4811111111111,                       !- Value 341
  14.415,                                 !- Value 342
  14.35,                                  !- Value 343
  14.2855555555556,                       !- Value 344
  14.2216666666667,                       !- Value 345
  14.1583333333333,                       !- Value 346
  14.0961111111111,                       !- Value 347
  14.0338888888889,                       !- Value 348
  13.9733333333333,                       !- Value 349
  13.9127777777778,                       !- Value 350
  13.8533333333333,                       !- Value 351
  13.795,                                 !- Value 352
  13.7372222222222,                       !- Value 353
  13.68,                                  !- Value 354
  13.6238888888889,                       !- Value 355
  13.5688888888889,                       !- Value 356
  13.5144444444444,                       !- Value 357
  13.4611111111111,                       !- Value 358
  13.4083333333333,                       !- Value 359
  13.3572222222222,                       !- Value 360
  13.3061111111111,                       !- Value 361
  13.2566666666667,                       !- Value 362
  13.2077777777778,                       !- Value 363
  13.1605555555556,                       !- Value 364
  13.1138888888889;                       !- Value 365

OS:Site:WaterMainsTemperature,
  {a670de67-7029-40c9-97b7-61fc9fec8c83}, !- Handle
  Schedule,                               !- Calculation Method
  {493f2b9d-f1dd-4ce0-ad6b-ce9014af457c}; !- Temperature Schedule Name

OS:Schedule:Constant,
  {e85a3a67-f297-4b60-bf8f-07b5302973dd}, !- Handle
  mixed water temperature schedule,       !- Name
  {6c875a2c-d94a-437a-bb9e-15db9592e960}, !- Schedule Type Limits Name
  40.5555555555556;                       !- Value

OS:Schedule:File,
  {4063ca8a-6a31-4fda-8f1f-4c3830658bcc}, !- Handle
  hot_water_fixtures,                     !- Name
  {9e6746b9-3117-465c-837e-fb1fc1618a40}, !- Schedule Type Limits Name
  {6ce3e94c-fb1a-4ed7-bfed-5967f7440057}, !- External File Name
  12,                                     !- Column Number
  1,                                      !- Rows to Skip at Top
  8760,                                   !- Number of Hours of Data
  ,                                       !- Column Separator
  Yes,                                    !- Interpolate to Timestep
  15,                                     !- Minutes per Item
  ,                                       !- Adjust Schedule for Daylight Savings
  Yes;                                    !- Translate File With Relative Path

OS:WaterUse:Equipment:Definition,
  {21a8c2ba-1be6-4d8a-a587-d33510e4c6f4}, !- Handle
  dhw fixtures,                           !- Name
  dhw fixtures,                           !- End-Use Subcategory
  5.49075455579741e-05,                   !- Peak Flow Rate {m3/s}
  {e85a3a67-f297-4b60-bf8f-07b5302973dd}; !- Target Temperature Schedule Name

OS:WaterUse:Equipment,
  {1d8fc83d-0e21-4ba4-925f-3a261d040925}, !- Handle
  dhw fixtures,                           !- Name
  {21a8c2ba-1be6-4d8a-a587-d33510e4c6f4}, !- Water Use Equipment Definition Name
  ,                                       !- Space Name
  {4063ca8a-6a31-4fda-8f1f-4c3830658bcc}; !- Flow Rate Fraction Schedule Name

OS:WaterUse:Equipment:Definition,
  {8c414ebb-5305-4dcf-a4a1-43cd6eb46084}, !- Handle
  dhw distribution waste,                 !- Name
  dhw distribution waste,                 !- End-Use Subcategory
  1.66456405398548e-05,                   !- Peak Flow Rate {m3/s}
  {e85a3a67-f297-4b60-bf8f-07b5302973dd}; !- Target Temperature Schedule Name

OS:WaterUse:Equipment,
  {33908500-a8c3-470f-9fd6-5a1ea06858ac}, !- Handle
  dhw distribution waste,                 !- Name
  {8c414ebb-5305-4dcf-a4a1-43cd6eb46084}, !- Water Use Equipment Definition Name
  ,                                       !- Space Name
  {4063ca8a-6a31-4fda-8f1f-4c3830658bcc}; !- Flow Rate Fraction Schedule Name

OS:Schedule:File,
  {a03a1f6d-db8a-46f4-8862-e6df6ce7a017}, !- Handle
  hot_water_clothes_washer,               !- Name
  {9e6746b9-3117-465c-837e-fb1fc1618a40}, !- Schedule Type Limits Name
  {6ce3e94c-fb1a-4ed7-bfed-5967f7440057}, !- External File Name
  8,                                      !- Column Number
  1,                                      !- Rows to Skip at Top
  8760,                                   !- Number of Hours of Data
  ,                                       !- Column Separator
  Yes,                                    !- Interpolate to Timestep
  15,                                     !- Minutes per Item
  ,                                       !- Adjust Schedule for Daylight Savings
  Yes;                                    !- Translate File With Relative Path

OS:WaterUse:Equipment:Definition,
  {ccec8f10-8d65-4b19-ac75-2c8ef1563f39}, !- Handle
  clothes washer,                         !- Name
  clothes washer,                         !- End-Use Subcategory
  8.86041947522066e-06;                   !- Peak Flow Rate {m3/s}

OS:WaterUse:Equipment,
  {5848c121-a8b0-462d-b433-491ac1cc9664}, !- Handle
  clothes washer,                         !- Name
  {ccec8f10-8d65-4b19-ac75-2c8ef1563f39}, !- Water Use Equipment Definition Name
  ,                                       !- Space Name
  {a03a1f6d-db8a-46f4-8862-e6df6ce7a017}; !- Flow Rate Fraction Schedule Name

OS:Schedule:File,
  {ac4f5af4-6456-402b-8339-84f0a0600f35}, !- Handle
  hot_water_dishwasher,                   !- Name
  {9e6746b9-3117-465c-837e-fb1fc1618a40}, !- Schedule Type Limits Name
  {6ce3e94c-fb1a-4ed7-bfed-5967f7440057}, !- External File Name
  6,                                      !- Column Number
  1,                                      !- Rows to Skip at Top
  8760,                                   !- Number of Hours of Data
  ,                                       !- Column Separator
  Yes,                                    !- Interpolate to Timestep
  15,                                     !- Minutes per Item
  ,                                       !- Adjust Schedule for Daylight Savings
  Yes;                                    !- Translate File With Relative Path

OS:WaterUse:Equipment:Definition,
  {ec4ba4a8-dd4c-4c6d-8898-50695b245046}, !- Handle
  dishwasher,                             !- Name
  dishwasher,                             !- End-Use Subcategory
  6.60125328715342e-06;                   !- Peak Flow Rate {m3/s}

OS:WaterUse:Equipment,
  {c3b9376d-ff72-4fc3-ad35-6088c90da1aa}, !- Handle
  dishwasher,                             !- Name
  {ec4ba4a8-dd4c-4c6d-8898-50695b245046}, !- Water Use Equipment Definition Name
  ,                                       !- Space Name
  {ac4f5af4-6456-402b-8339-84f0a0600f35}; !- Flow Rate Fraction Schedule Name

OS:Schedule:File,
  {90cf8613-4d33-4e8e-bf8a-b38cb5cc5c40}, !- Handle
  lighting_interior,                      !- Name
  {9e6746b9-3117-465c-837e-fb1fc1618a40}, !- Schedule Type Limits Name
  {6ce3e94c-fb1a-4ed7-bfed-5967f7440057}, !- External File Name
  5,                                      !- Column Number
  1,                                      !- Rows to Skip at Top
  8760,                                   !- Number of Hours of Data
  ,                                       !- Column Separator
  Yes,                                    !- Interpolate to Timestep
  15,                                     !- Minutes per Item
  ,                                       !- Adjust Schedule for Daylight Savings
  Yes;                                    !- Translate File With Relative Path

OS:Lights:Definition,
  {5bc4087c-c0fa-46fd-a976-6b4f0bbdc180}, !- Handle
  interior lighting,                      !- Name
  LightingLevel,                          !- Design Level Calculation Method
  228.730782028115,                       !- Lighting Level {W}
  ,                                       !- Watts per Space Floor Area {W/m2}
  ,                                       !- Watts per Person {W/person}
  0.6,                                    !- Fraction Radiant
  0.2,                                    !- Fraction Visible
  0;                                      !- Return Air Fraction

OS:Lights,
  {6cbb9330-11f8-4d0f-b91e-c2722f7a2e27}, !- Handle
  interior lighting,                      !- Name
  {5bc4087c-c0fa-46fd-a976-6b4f0bbdc180}, !- Lights Definition Name
  {2a39777d-1ff3-44fb-8798-def5ffbb9546}, !- Space or SpaceType Name
  {90cf8613-4d33-4e8e-bf8a-b38cb5cc5c40}, !- Schedule Name
  1,                                      !- Fraction Replaceable
  ,                                       !- Multiplier
  interior lighting;                      !- End-Use Subcategory

OS:Schedule:Ruleset,
  {a3d8882d-3d17-41bf-93a9-f3ffd1767b48}, !- Handle
  exterior lighting schedule,             !- Name
  {9e6746b9-3117-465c-837e-fb1fc1618a40}, !- Schedule Type Limits Name
  {1daf3406-dfd3-42d7-836c-223fa11dbbe2}; !- Default Day Schedule Name

OS:Schedule:Day,
  {1daf3406-dfd3-42d7-836c-223fa11dbbe2}, !- Handle
  exterior lighting schedule default day, !- Name
  {9e6746b9-3117-465c-837e-fb1fc1618a40}, !- Schedule Type Limits Name
  ,                                       !- Interpolate to Timestep
  24,                                     !- Hour 1
  0,                                      !- Minute 1
  0;                                      !- Value Until Time 1

OS:Schedule:Rule,
  {b5c2a1cc-730d-4e8e-a3ab-02e0a22a9f36}, !- Handle
  exterior lighting schedule allday rule, !- Name
  {a3d8882d-3d17-41bf-93a9-f3ffd1767b48}, !- Schedule Ruleset Name
  11,                                     !- Rule Order
  {61afebcf-b5cf-4f75-ba35-0d10b7247c22}, !- Day Schedule Name
  Yes,                                    !- Apply Sunday
  Yes,                                    !- Apply Monday
  Yes,                                    !- Apply Tuesday
  Yes,                                    !- Apply Wednesday
  Yes,                                    !- Apply Thursday
  Yes,                                    !- Apply Friday
  Yes,                                    !- Apply Saturday
  DateRange,                              !- Date Specification Type
  1,                                      !- Start Month
  1,                                      !- Start Day
  1,                                      !- End Month
  31;                                     !- End Day

OS:Schedule:Day,
  {61afebcf-b5cf-4f75-ba35-0d10b7247c22}, !- Handle
  exterior lighting schedule day,         !- Name
  {9e6746b9-3117-465c-837e-fb1fc1618a40}, !- Schedule Type Limits Name
  ,                                       !- Interpolate to Timestep
  1,                                      !- Hour 1
  0,                                      !- Minute 1
  0.566666666666667,                      !- Value Until Time 1
  3,                                      !- Hour 2
  0,                                      !- Minute 2
  0.524166666666667,                      !- Value Until Time 2
  5,                                      !- Hour 3
  0,                                      !- Minute 3
  0.495833333333333,                      !- Value Until Time 3
  6,                                      !- Hour 4
  0,                                      !- Minute 4
  0.5525,                                 !- Value Until Time 4
  7,                                      !- Hour 5
  0,                                      !- Minute 5
  0.623333333333333,                      !- Value Until Time 5
  8,                                      !- Hour 6
  0,                                      !- Minute 6
  0.580833333333333,                      !- Value Until Time 6
  9,                                      !- Hour 7
  0,                                      !- Minute 7
  0.439166666666667,                      !- Value Until Time 7
  10,                                     !- Hour 8
  0,                                      !- Minute 8
  0.354166666666667,                      !- Value Until Time 8
  12,                                     !- Hour 9
  0,                                      !- Minute 9
  0.34,                                   !- Value Until Time 9
  13,                                     !- Hour 10
  0,                                      !- Minute 10
  0.354166666666667,                      !- Value Until Time 10
  14,                                     !- Hour 11
  0,                                      !- Minute 11
  0.396666666666667,                      !- Value Until Time 11
  15,                                     !- Hour 12
  0,                                      !- Minute 12
  0.425,                                  !- Value Until Time 12
  16,                                     !- Hour 13
  0,                                      !- Minute 13
  0.495833333333333,                      !- Value Until Time 13
  17,                                     !- Hour 14
  0,                                      !- Minute 14
  0.623333333333333,                      !- Value Until Time 14
  18,                                     !- Hour 15
  0,                                      !- Minute 15
  0.793333333333333,                      !- Value Until Time 15
  19,                                     !- Hour 16
  0,                                      !- Minute 16
  0.906666666666667,                      !- Value Until Time 16
  20,                                     !- Hour 17
  0,                                      !- Minute 17
  0.963333333333333,                      !- Value Until Time 17
  21,                                     !- Hour 18
  0,                                      !- Minute 18
  0.991666666666667,                      !- Value Until Time 18
  22,                                     !- Hour 19
  0,                                      !- Minute 19
  0.920833333333333,                      !- Value Until Time 19
  23,                                     !- Hour 20
  0,                                      !- Minute 20
  0.793333333333333,                      !- Value Until Time 20
  24,                                     !- Hour 21
  0,                                      !- Minute 21
  0.665833333333333;                      !- Value Until Time 21

OS:Schedule:Rule,
  {bc069805-7cd5-4a6e-b662-2118abcec4fc}, !- Handle
  exterior lighting schedule allday rule 1, !- Name
  {a3d8882d-3d17-41bf-93a9-f3ffd1767b48}, !- Schedule Ruleset Name
  10,                                     !- Rule Order
  {429695bc-b41c-4397-b74d-292b021bdd43}, !- Day Schedule Name
  Yes,                                    !- Apply Sunday
  Yes,                                    !- Apply Monday
  Yes,                                    !- Apply Tuesday
  Yes,                                    !- Apply Wednesday
  Yes,                                    !- Apply Thursday
  Yes,                                    !- Apply Friday
  Yes,                                    !- Apply Saturday
  DateRange,                              !- Date Specification Type
  2,                                      !- Start Month
  1,                                      !- Start Day
  2,                                      !- End Month
  28;                                     !- End Day

OS:Schedule:Day,
  {429695bc-b41c-4397-b74d-292b021bdd43}, !- Handle
  exterior lighting schedule day 1,       !- Name
  {9e6746b9-3117-465c-837e-fb1fc1618a40}, !- Schedule Type Limits Name
  ,                                       !- Interpolate to Timestep
  1,                                      !- Hour 1
  0,                                      !- Minute 1
  0.528571428571429,                      !- Value Until Time 1
  3,                                      !- Hour 2
  0,                                      !- Minute 2
  0.488928571428571,                      !- Value Until Time 2
  5,                                      !- Hour 3
  0,                                      !- Minute 3
  0.4625,                                 !- Value Until Time 3
  6,                                      !- Hour 4
  0,                                      !- Minute 4
  0.515357142857143,                      !- Value Until Time 4
  7,                                      !- Hour 5
  0,                                      !- Minute 5
  0.581428571428571,                      !- Value Until Time 5
  8,                                      !- Hour 6
  0,                                      !- Minute 6
  0.541785714285714,                      !- Value Until Time 6
  9,                                      !- Hour 7
  0,                                      !- Minute 7
  0.409642857142857,                      !- Value Until Time 7
  10,                                     !- Hour 8
  0,                                      !- Minute 8
  0.330357142857143,                      !- Value Until Time 8
  12,                                     !- Hour 9
  0,                                      !- Minute 9
  0.317142857142857,                      !- Value Until Time 9
  13,                                     !- Hour 10
  0,                                      !- Minute 10
  0.330357142857143,                      !- Value Until Time 10
  14,                                     !- Hour 11
  0,                                      !- Minute 11
  0.37,                                   !- Value Until Time 11
  15,                                     !- Hour 12
  0,                                      !- Minute 12
  0.396428571428571,                      !- Value Until Time 12
  16,                                     !- Hour 13
  0,                                      !- Minute 13
  0.4625,                                 !- Value Until Time 13
  17,                                     !- Hour 14
  0,                                      !- Minute 14
  0.581428571428571,                      !- Value Until Time 14
  18,                                     !- Hour 15
  0,                                      !- Minute 15
  0.74,                                   !- Value Until Time 15
  19,                                     !- Hour 16
  0,                                      !- Minute 16
  0.845714285714286,                      !- Value Until Time 16
  20,                                     !- Hour 17
  0,                                      !- Minute 17
  0.898571428571429,                      !- Value Until Time 17
  21,                                     !- Hour 18
  0,                                      !- Minute 18
  0.925,                                  !- Value Until Time 18
  22,                                     !- Hour 19
  0,                                      !- Minute 19
  0.858928571428571,                      !- Value Until Time 19
  23,                                     !- Hour 20
  0,                                      !- Minute 20
  0.74,                                   !- Value Until Time 20
  24,                                     !- Hour 21
  0,                                      !- Minute 21
  0.621071428571429;                      !- Value Until Time 21

OS:Schedule:Rule,
  {3f47e3db-5f96-4537-8dce-3ac8dd913f66}, !- Handle
  exterior lighting schedule allday rule 2, !- Name
  {a3d8882d-3d17-41bf-93a9-f3ffd1767b48}, !- Schedule Ruleset Name
  9,                                      !- Rule Order
  {102e42ed-914b-413e-ab39-f5d096fe2eef}, !- Day Schedule Name
  Yes,                                    !- Apply Sunday
  Yes,                                    !- Apply Monday
  Yes,                                    !- Apply Tuesday
  Yes,                                    !- Apply Wednesday
  Yes,                                    !- Apply Thursday
  Yes,                                    !- Apply Friday
  Yes,                                    !- Apply Saturday
  DateRange,                              !- Date Specification Type
  3,                                      !- Start Month
  1,                                      !- Start Day
  3,                                      !- End Month
  31;                                     !- End Day

OS:Schedule:Day,
  {102e42ed-914b-413e-ab39-f5d096fe2eef}, !- Handle
  exterior lighting schedule day 2,       !- Name
  {9e6746b9-3117-465c-837e-fb1fc1618a40}, !- Schedule Type Limits Name
  ,                                       !- Interpolate to Timestep
  1,                                      !- Hour 1
  0,                                      !- Minute 1
  0.485714285714286,                      !- Value Until Time 1
  3,                                      !- Hour 2
  0,                                      !- Minute 2
  0.449285714285714,                      !- Value Until Time 2
  5,                                      !- Hour 3
  0,                                      !- Minute 3
  0.425,                                  !- Value Until Time 3
  6,                                      !- Hour 4
  0,                                      !- Minute 4
  0.473571428571429,                      !- Value Until Time 4
  7,                                      !- Hour 5
  0,                                      !- Minute 5
  0.534285714285714,                      !- Value Until Time 5
  8,                                      !- Hour 6
  0,                                      !- Minute 6
  0.497857142857143,                      !- Value Until Time 6
  9,                                      !- Hour 7
  0,                                      !- Minute 7
  0.376428571428571,                      !- Value Until Time 7
  10,                                     !- Hour 8
  0,                                      !- Minute 8
  0.303571428571429,                      !- Value Until Time 8
  12,                                     !- Hour 9
  0,                                      !- Minute 9
  0.291428571428571,                      !- Value Until Time 9
  13,                                     !- Hour 10
  0,                                      !- Minute 10
  0.303571428571429,                      !- Value Until Time 10
  14,                                     !- Hour 11
  0,                                      !- Minute 11
  0.34,                                   !- Value Until Time 11
  15,                                     !- Hour 12
  0,                                      !- Minute 12
  0.364285714285714,                      !- Value Until Time 12
  16,                                     !- Hour 13
  0,                                      !- Minute 13
  0.425,                                  !- Value Until Time 13
  17,                                     !- Hour 14
  0,                                      !- Minute 14
  0.534285714285714,                      !- Value Until Time 14
  18,                                     !- Hour 15
  0,                                      !- Minute 15
  0.68,                                   !- Value Until Time 15
  19,                                     !- Hour 16
  0,                                      !- Minute 16
  0.777142857142857,                      !- Value Until Time 16
  20,                                     !- Hour 17
  0,                                      !- Minute 17
  0.825714285714286,                      !- Value Until Time 17
  21,                                     !- Hour 18
  0,                                      !- Minute 18
  0.85,                                   !- Value Until Time 18
  22,                                     !- Hour 19
  0,                                      !- Minute 19
  0.789285714285714,                      !- Value Until Time 19
  23,                                     !- Hour 20
  0,                                      !- Minute 20
  0.68,                                   !- Value Until Time 20
  24,                                     !- Hour 21
  0,                                      !- Minute 21
  0.570714285714286;                      !- Value Until Time 21

OS:Schedule:Rule,
  {fc5b2749-3302-483f-ab1a-f94ab2652f2a}, !- Handle
  exterior lighting schedule allday rule 3, !- Name
  {a3d8882d-3d17-41bf-93a9-f3ffd1767b48}, !- Schedule Ruleset Name
  8,                                      !- Rule Order
  {79ffc6e1-55ef-4dbf-8b26-0f8e5787ccfa}, !- Day Schedule Name
  Yes,                                    !- Apply Sunday
  Yes,                                    !- Apply Monday
  Yes,                                    !- Apply Tuesday
  Yes,                                    !- Apply Wednesday
  Yes,                                    !- Apply Thursday
  Yes,                                    !- Apply Friday
  Yes,                                    !- Apply Saturday
  DateRange,                              !- Date Specification Type
  4,                                      !- Start Month
  1,                                      !- Start Day
  4,                                      !- End Month
  30;                                     !- End Day

OS:Schedule:Day,
  {79ffc6e1-55ef-4dbf-8b26-0f8e5787ccfa}, !- Handle
  exterior lighting schedule day 3,       !- Name
  {9e6746b9-3117-465c-837e-fb1fc1618a40}, !- Schedule Type Limits Name
  ,                                       !- Interpolate to Timestep
  1,                                      !- Hour 1
  0,                                      !- Minute 1
  0.442857142857143,                      !- Value Until Time 1
  3,                                      !- Hour 2
  0,                                      !- Minute 2
  0.409642857142857,                      !- Value Until Time 2
  5,                                      !- Hour 3
  0,                                      !- Minute 3
  0.3875,                                 !- Value Until Time 3
  6,                                      !- Hour 4
  0,                                      !- Minute 4
  0.431785714285714,                      !- Value Until Time 4
  7,                                      !- Hour 5
  0,                                      !- Minute 5
  0.487142857142857,                      !- Value Until Time 5
  8,                                      !- Hour 6
  0,                                      !- Minute 6
  0.453928571428571,                      !- Value Until Time 6
  9,                                      !- Hour 7
  0,                                      !- Minute 7
  0.343214285714286,                      !- Value Until Time 7
  10,                                     !- Hour 8
  0,                                      !- Minute 8
  0.276785714285714,                      !- Value Until Time 8
  12,                                     !- Hour 9
  0,                                      !- Minute 9
  0.265714285714286,                      !- Value Until Time 9
  13,                                     !- Hour 10
  0,                                      !- Minute 10
  0.276785714285714,                      !- Value Until Time 10
  14,                                     !- Hour 11
  0,                                      !- Minute 11
  0.31,                                   !- Value Until Time 11
  15,                                     !- Hour 12
  0,                                      !- Minute 12
  0.332142857142857,                      !- Value Until Time 12
  16,                                     !- Hour 13
  0,                                      !- Minute 13
  0.3875,                                 !- Value Until Time 13
  17,                                     !- Hour 14
  0,                                      !- Minute 14
  0.487142857142857,                      !- Value Until Time 14
  18,                                     !- Hour 15
  0,                                      !- Minute 15
  0.62,                                   !- Value Until Time 15
  19,                                     !- Hour 16
  0,                                      !- Minute 16
  0.708571428571429,                      !- Value Until Time 16
  20,                                     !- Hour 17
  0,                                      !- Minute 17
  0.752857142857143,                      !- Value Until Time 17
  21,                                     !- Hour 18
  0,                                      !- Minute 18
  0.775,                                  !- Value Until Time 18
  22,                                     !- Hour 19
  0,                                      !- Minute 19
  0.719642857142857,                      !- Value Until Time 19
  23,                                     !- Hour 20
  0,                                      !- Minute 20
  0.62,                                   !- Value Until Time 20
  24,                                     !- Hour 21
  0,                                      !- Minute 21
  0.520357142857143;                      !- Value Until Time 21

OS:Schedule:Rule,
  {65c7637e-d6f4-4b25-9f5c-6fb788826b63}, !- Handle
  exterior lighting schedule allday rule 4, !- Name
  {a3d8882d-3d17-41bf-93a9-f3ffd1767b48}, !- Schedule Ruleset Name
  7,                                      !- Rule Order
  {e3494be8-011e-46f8-9a95-a3dc77de0979}, !- Day Schedule Name
  Yes,                                    !- Apply Sunday
  Yes,                                    !- Apply Monday
  Yes,                                    !- Apply Tuesday
  Yes,                                    !- Apply Wednesday
  Yes,                                    !- Apply Thursday
  Yes,                                    !- Apply Friday
  Yes,                                    !- Apply Saturday
  DateRange,                              !- Date Specification Type
  5,                                      !- Start Month
  1,                                      !- Start Day
  5,                                      !- End Month
  31;                                     !- End Day

OS:Schedule:Day,
  {e3494be8-011e-46f8-9a95-a3dc77de0979}, !- Handle
  exterior lighting schedule day 4,       !- Name
  {9e6746b9-3117-465c-837e-fb1fc1618a40}, !- Schedule Type Limits Name
  ,                                       !- Interpolate to Timestep
  1,                                      !- Hour 1
  0,                                      !- Minute 1
  0.4,                                    !- Value Until Time 1
  3,                                      !- Hour 2
  0,                                      !- Minute 2
  0.37,                                   !- Value Until Time 2
  5,                                      !- Hour 3
  0,                                      !- Minute 3
  0.35,                                   !- Value Until Time 3
  6,                                      !- Hour 4
  0,                                      !- Minute 4
  0.39,                                   !- Value Until Time 4
  7,                                      !- Hour 5
  0,                                      !- Minute 5
  0.44,                                   !- Value Until Time 5
  8,                                      !- Hour 6
  0,                                      !- Minute 6
  0.41,                                   !- Value Until Time 6
  9,                                      !- Hour 7
  0,                                      !- Minute 7
  0.31,                                   !- Value Until Time 7
  10,                                     !- Hour 8
  0,                                      !- Minute 8
  0.25,                                   !- Value Until Time 8
  12,                                     !- Hour 9
  0,                                      !- Minute 9
  0.24,                                   !- Value Until Time 9
  13,                                     !- Hour 10
  0,                                      !- Minute 10
  0.25,                                   !- Value Until Time 10
  14,                                     !- Hour 11
  0,                                      !- Minute 11
  0.28,                                   !- Value Until Time 11
  15,                                     !- Hour 12
  0,                                      !- Minute 12
  0.3,                                    !- Value Until Time 12
  16,                                     !- Hour 13
  0,                                      !- Minute 13
  0.35,                                   !- Value Until Time 13
  17,                                     !- Hour 14
  0,                                      !- Minute 14
  0.44,                                   !- Value Until Time 14
  18,                                     !- Hour 15
  0,                                      !- Minute 15
  0.56,                                   !- Value Until Time 15
  19,                                     !- Hour 16
  0,                                      !- Minute 16
  0.64,                                   !- Value Until Time 16
  20,                                     !- Hour 17
  0,                                      !- Minute 17
  0.68,                                   !- Value Until Time 17
  21,                                     !- Hour 18
  0,                                      !- Minute 18
  0.7,                                    !- Value Until Time 18
  22,                                     !- Hour 19
  0,                                      !- Minute 19
  0.65,                                   !- Value Until Time 19
  23,                                     !- Hour 20
  0,                                      !- Minute 20
  0.56,                                   !- Value Until Time 20
  24,                                     !- Hour 21
  0,                                      !- Minute 21
  0.47;                                   !- Value Until Time 21

OS:Schedule:Rule,
  {829968c0-8b11-44a2-bd60-1022674a19f3}, !- Handle
  exterior lighting schedule allday rule 5, !- Name
  {a3d8882d-3d17-41bf-93a9-f3ffd1767b48}, !- Schedule Ruleset Name
  6,                                      !- Rule Order
  {27286031-581c-40b1-949e-aa12f462dd51}, !- Day Schedule Name
  Yes,                                    !- Apply Sunday
  Yes,                                    !- Apply Monday
  Yes,                                    !- Apply Tuesday
  Yes,                                    !- Apply Wednesday
  Yes,                                    !- Apply Thursday
  Yes,                                    !- Apply Friday
  Yes,                                    !- Apply Saturday
  DateRange,                              !- Date Specification Type
  6,                                      !- Start Month
  1,                                      !- Start Day
  6,                                      !- End Month
  30;                                     !- End Day

OS:Schedule:Day,
  {27286031-581c-40b1-949e-aa12f462dd51}, !- Handle
  exterior lighting schedule day 5,       !- Name
  {9e6746b9-3117-465c-837e-fb1fc1618a40}, !- Schedule Type Limits Name
  ,                                       !- Interpolate to Timestep
  1,                                      !- Hour 1
  0,                                      !- Minute 1
  0.380952380952381,                      !- Value Until Time 1
  3,                                      !- Hour 2
  0,                                      !- Minute 2
  0.352380952380952,                      !- Value Until Time 2
  5,                                      !- Hour 3
  0,                                      !- Minute 3
  0.333333333333333,                      !- Value Until Time 3
  6,                                      !- Hour 4
  0,                                      !- Minute 4
  0.371428571428571,                      !- Value Until Time 4
  7,                                      !- Hour 5
  0,                                      !- Minute 5
  0.419047619047619,                      !- Value Until Time 5
  8,                                      !- Hour 6
  0,                                      !- Minute 6
  0.39047619047619,                       !- Value Until Time 6
  9,                                      !- Hour 7
  0,                                      !- Minute 7
  0.295238095238095,                      !- Value Until Time 7
  10,                                     !- Hour 8
  0,                                      !- Minute 8
  0.238095238095238,                      !- Value Until Time 8
  12,                                     !- Hour 9
  0,                                      !- Minute 9
  0.228571428571429,                      !- Value Until Time 9
  13,                                     !- Hour 10
  0,                                      !- Minute 10
  0.238095238095238,                      !- Value Until Time 10
  14,                                     !- Hour 11
  0,                                      !- Minute 11
  0.266666666666667,                      !- Value Until Time 11
  15,                                     !- Hour 12
  0,                                      !- Minute 12
  0.285714285714286,                      !- Value Until Time 12
  16,                                     !- Hour 13
  0,                                      !- Minute 13
  0.333333333333333,                      !- Value Until Time 13
  17,                                     !- Hour 14
  0,                                      !- Minute 14
  0.419047619047619,                      !- Value Until Time 14
  18,                                     !- Hour 15
  0,                                      !- Minute 15
  0.533333333333333,                      !- Value Until Time 15
  19,                                     !- Hour 16
  0,                                      !- Minute 16
  0.609523809523809,                      !- Value Until Time 16
  20,                                     !- Hour 17
  0,                                      !- Minute 17
  0.647619047619048,                      !- Value Until Time 17
  21,                                     !- Hour 18
  0,                                      !- Minute 18
  0.666666666666667,                      !- Value Until Time 18
  22,                                     !- Hour 19
  0,                                      !- Minute 19
  0.619047619047619,                      !- Value Until Time 19
  23,                                     !- Hour 20
  0,                                      !- Minute 20
  0.533333333333333,                      !- Value Until Time 20
  24,                                     !- Hour 21
  0,                                      !- Minute 21
  0.447619047619048;                      !- Value Until Time 21

OS:Schedule:Rule,
  {3dddcce9-278a-48ea-a16f-a6028f2478fd}, !- Handle
  exterior lighting schedule allday rule 6, !- Name
  {a3d8882d-3d17-41bf-93a9-f3ffd1767b48}, !- Schedule Ruleset Name
  5,                                      !- Rule Order
  {f307141f-1b84-495f-b96c-7e51b9d6cd32}, !- Day Schedule Name
  Yes,                                    !- Apply Sunday
  Yes,                                    !- Apply Monday
  Yes,                                    !- Apply Tuesday
  Yes,                                    !- Apply Wednesday
  Yes,                                    !- Apply Thursday
  Yes,                                    !- Apply Friday
  Yes,                                    !- Apply Saturday
  DateRange,                              !- Date Specification Type
  7,                                      !- Start Month
  1,                                      !- Start Day
  7,                                      !- End Month
  31;                                     !- End Day

OS:Schedule:Day,
  {f307141f-1b84-495f-b96c-7e51b9d6cd32}, !- Handle
  exterior lighting schedule day 6,       !- Name
  {9e6746b9-3117-465c-837e-fb1fc1618a40}, !- Schedule Type Limits Name
  ,                                       !- Interpolate to Timestep
  1,                                      !- Hour 1
  0,                                      !- Minute 1
  0.39047619047619,                       !- Value Until Time 1
  3,                                      !- Hour 2
  0,                                      !- Minute 2
  0.361190476190476,                      !- Value Until Time 2
  5,                                      !- Hour 3
  0,                                      !- Minute 3
  0.341666666666667,                      !- Value Until Time 3
  6,                                      !- Hour 4
  0,                                      !- Minute 4
  0.380714285714286,                      !- Value Until Time 4
  7,                                      !- Hour 5
  0,                                      !- Minute 5
  0.429523809523809,                      !- Value Until Time 5
  8,                                      !- Hour 6
  0,                                      !- Minute 6
  0.400238095238095,                      !- Value Until Time 6
  9,                                      !- Hour 7
  0,                                      !- Minute 7
  0.302619047619048,                      !- Value Until Time 7
  10,                                     !- Hour 8
  0,                                      !- Minute 8
  0.244047619047619,                      !- Value Until Time 8
  12,                                     !- Hour 9
  0,                                      !- Minute 9
  0.234285714285714,                      !- Value Until Time 9
  13,                                     !- Hour 10
  0,                                      !- Minute 10
  0.244047619047619,                      !- Value Until Time 10
  14,                                     !- Hour 11
  0,                                      !- Minute 11
  0.273333333333333,                      !- Value Until Time 11
  15,                                     !- Hour 12
  0,                                      !- Minute 12
  0.292857142857143,                      !- Value Until Time 12
  16,                                     !- Hour 13
  0,                                      !- Minute 13
  0.341666666666667,                      !- Value Until Time 13
  17,                                     !- Hour 14
  0,                                      !- Minute 14
  0.429523809523809,                      !- Value Until Time 14
  18,                                     !- Hour 15
  0,                                      !- Minute 15
  0.546666666666667,                      !- Value Until Time 15
  19,                                     !- Hour 16
  0,                                      !- Minute 16
  0.624761904761905,                      !- Value Until Time 16
  20,                                     !- Hour 17
  0,                                      !- Minute 17
  0.663809523809524,                      !- Value Until Time 17
  21,                                     !- Hour 18
  0,                                      !- Minute 18
  0.683333333333333,                      !- Value Until Time 18
  22,                                     !- Hour 19
  0,                                      !- Minute 19
  0.634523809523809,                      !- Value Until Time 19
  23,                                     !- Hour 20
  0,                                      !- Minute 20
  0.546666666666667,                      !- Value Until Time 20
  24,                                     !- Hour 21
  0,                                      !- Minute 21
  0.458809523809524;                      !- Value Until Time 21

OS:Schedule:Rule,
  {7ffd8c42-3ccb-4bb7-b35b-ba0d758e7d0a}, !- Handle
  exterior lighting schedule allday rule 7, !- Name
  {a3d8882d-3d17-41bf-93a9-f3ffd1767b48}, !- Schedule Ruleset Name
  4,                                      !- Rule Order
  {409f897f-0022-4dd0-8f31-0ef588fa18b0}, !- Day Schedule Name
  Yes,                                    !- Apply Sunday
  Yes,                                    !- Apply Monday
  Yes,                                    !- Apply Tuesday
  Yes,                                    !- Apply Wednesday
  Yes,                                    !- Apply Thursday
  Yes,                                    !- Apply Friday
  Yes,                                    !- Apply Saturday
  DateRange,                              !- Date Specification Type
  8,                                      !- Start Month
  1,                                      !- Start Day
  8,                                      !- End Month
  31;                                     !- End Day

OS:Schedule:Day,
  {409f897f-0022-4dd0-8f31-0ef588fa18b0}, !- Handle
  exterior lighting schedule day 7,       !- Name
  {9e6746b9-3117-465c-837e-fb1fc1618a40}, !- Schedule Type Limits Name
  ,                                       !- Interpolate to Timestep
  1,                                      !- Hour 1
  0,                                      !- Minute 1
  0.419047619047619,                      !- Value Until Time 1
  3,                                      !- Hour 2
  0,                                      !- Minute 2
  0.387619047619048,                      !- Value Until Time 2
  5,                                      !- Hour 3
  0,                                      !- Minute 3
  0.366666666666667,                      !- Value Until Time 3
  6,                                      !- Hour 4
  0,                                      !- Minute 4
  0.408571428571429,                      !- Value Until Time 4
  7,                                      !- Hour 5
  0,                                      !- Minute 5
  0.460952380952381,                      !- Value Until Time 5
  8,                                      !- Hour 6
  0,                                      !- Minute 6
  0.42952380952381,                       !- Value Until Time 6
  9,                                      !- Hour 7
  0,                                      !- Minute 7
  0.324761904761905,                      !- Value Until Time 7
  10,                                     !- Hour 8
  0,                                      !- Minute 8
  0.261904761904762,                      !- Value Until Time 8
  12,                                     !- Hour 9
  0,                                      !- Minute 9
  0.251428571428571,                      !- Value Until Time 9
  13,                                     !- Hour 10
  0,                                      !- Minute 10
  0.261904761904762,                      !- Value Until Time 10
  14,                                     !- Hour 11
  0,                                      !- Minute 11
  0.293333333333333,                      !- Value Until Time 11
  15,                                     !- Hour 12
  0,                                      !- Minute 12
  0.314285714285714,                      !- Value Until Time 12
  16,                                     !- Hour 13
  0,                                      !- Minute 13
  0.366666666666667,                      !- Value Until Time 13
  17,                                     !- Hour 14
  0,                                      !- Minute 14
  0.460952380952381,                      !- Value Until Time 14
  18,                                     !- Hour 15
  0,                                      !- Minute 15
  0.586666666666667,                      !- Value Until Time 15
  19,                                     !- Hour 16
  0,                                      !- Minute 16
  0.67047619047619,                       !- Value Until Time 16
  20,                                     !- Hour 17
  0,                                      !- Minute 17
  0.712380952380952,                      !- Value Until Time 17
  21,                                     !- Hour 18
  0,                                      !- Minute 18
  0.733333333333333,                      !- Value Until Time 18
  22,                                     !- Hour 19
  0,                                      !- Minute 19
  0.680952380952381,                      !- Value Until Time 19
  23,                                     !- Hour 20
  0,                                      !- Minute 20
  0.586666666666667,                      !- Value Until Time 20
  24,                                     !- Hour 21
  0,                                      !- Minute 21
  0.492380952380952;                      !- Value Until Time 21

OS:Schedule:Rule,
  {b6c36337-b704-4150-ac83-655c23051d03}, !- Handle
  exterior lighting schedule allday rule 8, !- Name
  {a3d8882d-3d17-41bf-93a9-f3ffd1767b48}, !- Schedule Ruleset Name
  3,                                      !- Rule Order
  {e477f76e-2f6c-43c4-86c5-187301f8ad78}, !- Day Schedule Name
  Yes,                                    !- Apply Sunday
  Yes,                                    !- Apply Monday
  Yes,                                    !- Apply Tuesday
  Yes,                                    !- Apply Wednesday
  Yes,                                    !- Apply Thursday
  Yes,                                    !- Apply Friday
  Yes,                                    !- Apply Saturday
  DateRange,                              !- Date Specification Type
  9,                                      !- Start Month
  1,                                      !- Start Day
  9,                                      !- End Month
  30;                                     !- End Day

OS:Schedule:Day,
  {e477f76e-2f6c-43c4-86c5-187301f8ad78}, !- Handle
  exterior lighting schedule day 8,       !- Name
  {9e6746b9-3117-465c-837e-fb1fc1618a40}, !- Schedule Type Limits Name
  ,                                       !- Interpolate to Timestep
  1,                                      !- Hour 1
  0,                                      !- Minute 1
  0.466666666666667,                      !- Value Until Time 1
  3,                                      !- Hour 2
  0,                                      !- Minute 2
  0.431666666666667,                      !- Value Until Time 2
  5,                                      !- Hour 3
  0,                                      !- Minute 3
  0.408333333333333,                      !- Value Until Time 3
  6,                                      !- Hour 4
  0,                                      !- Minute 4
  0.455,                                  !- Value Until Time 4
  7,                                      !- Hour 5
  0,                                      !- Minute 5
  0.513333333333333,                      !- Value Until Time 5
  8,                                      !- Hour 6
  0,                                      !- Minute 6
  0.478333333333333,                      !- Value Until Time 6
  9,                                      !- Hour 7
  0,                                      !- Minute 7
  0.361666666666667,                      !- Value Until Time 7
  10,                                     !- Hour 8
  0,                                      !- Minute 8
  0.291666666666667,                      !- Value Until Time 8
  12,                                     !- Hour 9
  0,                                      !- Minute 9
  0.28,                                   !- Value Until Time 9
  13,                                     !- Hour 10
  0,                                      !- Minute 10
  0.291666666666667,                      !- Value Until Time 10
  14,                                     !- Hour 11
  0,                                      !- Minute 11
  0.326666666666667,                      !- Value Until Time 11
  15,                                     !- Hour 12
  0,                                      !- Minute 12
  0.35,                                   !- Value Until Time 12
  16,                                     !- Hour 13
  0,                                      !- Minute 13
  0.408333333333333,                      !- Value Until Time 13
  17,                                     !- Hour 14
  0,                                      !- Minute 14
  0.513333333333333,                      !- Value Until Time 14
  18,                                     !- Hour 15
  0,                                      !- Minute 15
  0.653333333333333,                      !- Value Until Time 15
  19,                                     !- Hour 16
  0,                                      !- Minute 16
  0.746666666666667,                      !- Value Until Time 16
  20,                                     !- Hour 17
  0,                                      !- Minute 17
  0.793333333333333,                      !- Value Until Time 17
  21,                                     !- Hour 18
  0,                                      !- Minute 18
  0.816666666666667,                      !- Value Until Time 18
  22,                                     !- Hour 19
  0,                                      !- Minute 19
  0.758333333333333,                      !- Value Until Time 19
  23,                                     !- Hour 20
  0,                                      !- Minute 20
  0.653333333333333,                      !- Value Until Time 20
  24,                                     !- Hour 21
  0,                                      !- Minute 21
  0.548333333333333;                      !- Value Until Time 21

OS:Schedule:Rule,
  {f08da9e5-9fd3-464e-b883-4c4cf0a320d8}, !- Handle
  exterior lighting schedule allday rule 9, !- Name
  {a3d8882d-3d17-41bf-93a9-f3ffd1767b48}, !- Schedule Ruleset Name
  2,                                      !- Rule Order
  {09b61d52-5828-42c9-88f1-b70ef5ecc028}, !- Day Schedule Name
  Yes,                                    !- Apply Sunday
  Yes,                                    !- Apply Monday
  Yes,                                    !- Apply Tuesday
  Yes,                                    !- Apply Wednesday
  Yes,                                    !- Apply Thursday
  Yes,                                    !- Apply Friday
  Yes,                                    !- Apply Saturday
  DateRange,                              !- Date Specification Type
  10,                                     !- Start Month
  1,                                      !- Start Day
  10,                                     !- End Month
  31;                                     !- End Day

OS:Schedule:Day,
  {09b61d52-5828-42c9-88f1-b70ef5ecc028}, !- Handle
  exterior lighting schedule day 9,       !- Name
  {9e6746b9-3117-465c-837e-fb1fc1618a40}, !- Schedule Type Limits Name
  ,                                       !- Interpolate to Timestep
  1,                                      !- Hour 1
  0,                                      !- Minute 1
  0.50952380952381,                       !- Value Until Time 1
  3,                                      !- Hour 2
  0,                                      !- Minute 2
  0.471309523809524,                      !- Value Until Time 2
  5,                                      !- Hour 3
  0,                                      !- Minute 3
  0.445833333333333,                      !- Value Until Time 3
  6,                                      !- Hour 4
  0,                                      !- Minute 4
  0.496785714285714,                      !- Value Until Time 4
  7,                                      !- Hour 5
  0,                                      !- Minute 5
  0.56047619047619,                       !- Value Until Time 5
  8,                                      !- Hour 6
  0,                                      !- Minute 6
  0.522261904761905,                      !- Value Until Time 6
  9,                                      !- Hour 7
  0,                                      !- Minute 7
  0.394880952380952,                      !- Value Until Time 7
  10,                                     !- Hour 8
  0,                                      !- Minute 8
  0.318452380952381,                      !- Value Until Time 8
  12,                                     !- Hour 9
  0,                                      !- Minute 9
  0.305714285714286,                      !- Value Until Time 9
  13,                                     !- Hour 10
  0,                                      !- Minute 10
  0.318452380952381,                      !- Value Until Time 10
  14,                                     !- Hour 11
  0,                                      !- Minute 11
  0.356666666666667,                      !- Value Until Time 11
  15,                                     !- Hour 12
  0,                                      !- Minute 12
  0.382142857142857,                      !- Value Until Time 12
  16,                                     !- Hour 13
  0,                                      !- Minute 13
  0.445833333333333,                      !- Value Until Time 13
  17,                                     !- Hour 14
  0,                                      !- Minute 14
  0.56047619047619,                       !- Value Until Time 14
  18,                                     !- Hour 15
  0,                                      !- Minute 15
  0.713333333333333,                      !- Value Until Time 15
  19,                                     !- Hour 16
  0,                                      !- Minute 16
  0.815238095238095,                      !- Value Until Time 16
  20,                                     !- Hour 17
  0,                                      !- Minute 17
  0.866190476190476,                      !- Value Until Time 17
  21,                                     !- Hour 18
  0,                                      !- Minute 18
  0.891666666666667,                      !- Value Until Time 18
  22,                                     !- Hour 19
  0,                                      !- Minute 19
  0.82797619047619,                       !- Value Until Time 19
  23,                                     !- Hour 20
  0,                                      !- Minute 20
  0.713333333333333,                      !- Value Until Time 20
  24,                                     !- Hour 21
  0,                                      !- Minute 21
  0.598690476190476;                      !- Value Until Time 21

OS:Schedule:Rule,
  {2056adce-b35d-4c2a-90e5-79a66ac27cf6}, !- Handle
  exterior lighting schedule allday rule 10, !- Name
  {a3d8882d-3d17-41bf-93a9-f3ffd1767b48}, !- Schedule Ruleset Name
  1,                                      !- Rule Order
  {4e0a187a-7c94-4726-898b-69aea57bac6e}, !- Day Schedule Name
  Yes,                                    !- Apply Sunday
  Yes,                                    !- Apply Monday
  Yes,                                    !- Apply Tuesday
  Yes,                                    !- Apply Wednesday
  Yes,                                    !- Apply Thursday
  Yes,                                    !- Apply Friday
  Yes,                                    !- Apply Saturday
  DateRange,                              !- Date Specification Type
  11,                                     !- Start Month
  1,                                      !- Start Day
  11,                                     !- End Month
  30;                                     !- End Day

OS:Schedule:Day,
  {4e0a187a-7c94-4726-898b-69aea57bac6e}, !- Handle
  exterior lighting schedule day 10,      !- Name
  {9e6746b9-3117-465c-837e-fb1fc1618a40}, !- Schedule Type Limits Name
  ,                                       !- Interpolate to Timestep
  1,                                      !- Hour 1
  0,                                      !- Minute 1
  0.552380952380952,                      !- Value Until Time 1
  3,                                      !- Hour 2
  0,                                      !- Minute 2
  0.510952380952381,                      !- Value Until Time 2
  5,                                      !- Hour 3
  0,                                      !- Minute 3
  0.483333333333333,                      !- Value Until Time 3
  6,                                      !- Hour 4
  0,                                      !- Minute 4
  0.538571428571428,                      !- Value Until Time 4
  7,                                      !- Hour 5
  0,                                      !- Minute 5
  0.607619047619048,                      !- Value Until Time 5
  8,                                      !- Hour 6
  0,                                      !- Minute 6
  0.566190476190476,                      !- Value Until Time 6
  9,                                      !- Hour 7
  0,                                      !- Minute 7
  0.428095238095238,                      !- Value Until Time 7
  10,                                     !- Hour 8
  0,                                      !- Minute 8
  0.345238095238095,                      !- Value Until Time 8
  12,                                     !- Hour 9
  0,                                      !- Minute 9
  0.331428571428571,                      !- Value Until Time 9
  13,                                     !- Hour 10
  0,                                      !- Minute 10
  0.345238095238095,                      !- Value Until Time 10
  14,                                     !- Hour 11
  0,                                      !- Minute 11
  0.386666666666667,                      !- Value Until Time 11
  15,                                     !- Hour 12
  0,                                      !- Minute 12
  0.414285714285714,                      !- Value Until Time 12
  16,                                     !- Hour 13
  0,                                      !- Minute 13
  0.483333333333333,                      !- Value Until Time 13
  17,                                     !- Hour 14
  0,                                      !- Minute 14
  0.607619047619048,                      !- Value Until Time 14
  18,                                     !- Hour 15
  0,                                      !- Minute 15
  0.773333333333333,                      !- Value Until Time 15
  19,                                     !- Hour 16
  0,                                      !- Minute 16
  0.883809523809524,                      !- Value Until Time 16
  20,                                     !- Hour 17
  0,                                      !- Minute 17
  0.939047619047619,                      !- Value Until Time 17
  21,                                     !- Hour 18
  0,                                      !- Minute 18
  0.966666666666667,                      !- Value Until Time 18
  22,                                     !- Hour 19
  0,                                      !- Minute 19
  0.897619047619048,                      !- Value Until Time 19
  23,                                     !- Hour 20
  0,                                      !- Minute 20
  0.773333333333333,                      !- Value Until Time 20
  24,                                     !- Hour 21
  0,                                      !- Minute 21
  0.649047619047619;                      !- Value Until Time 21

OS:Schedule:Rule,
  {50433428-777c-4568-a0ee-86325d0a82f7}, !- Handle
  exterior lighting schedule allday rule 11, !- Name
  {a3d8882d-3d17-41bf-93a9-f3ffd1767b48}, !- Schedule Ruleset Name
  0,                                      !- Rule Order
  {7d2481de-8bf9-453d-8948-8b213c320653}, !- Day Schedule Name
  Yes,                                    !- Apply Sunday
  Yes,                                    !- Apply Monday
  Yes,                                    !- Apply Tuesday
  Yes,                                    !- Apply Wednesday
  Yes,                                    !- Apply Thursday
  Yes,                                    !- Apply Friday
  Yes,                                    !- Apply Saturday
  DateRange,                              !- Date Specification Type
  12,                                     !- Start Month
  1,                                      !- Start Day
  12,                                     !- End Month
  31;                                     !- End Day

OS:Schedule:Day,
  {7d2481de-8bf9-453d-8948-8b213c320653}, !- Handle
  exterior lighting schedule day 11,      !- Name
  {9e6746b9-3117-465c-837e-fb1fc1618a40}, !- Schedule Type Limits Name
  ,                                       !- Interpolate to Timestep
  1,                                      !- Hour 1
  0,                                      !- Minute 1
  0.571428571428571,                      !- Value Until Time 1
  3,                                      !- Hour 2
  0,                                      !- Minute 2
  0.528571428571428,                      !- Value Until Time 2
  5,                                      !- Hour 3
  0,                                      !- Minute 3
  0.5,                                    !- Value Until Time 3
  6,                                      !- Hour 4
  0,                                      !- Minute 4
  0.557142857142857,                      !- Value Until Time 4
  7,                                      !- Hour 5
  0,                                      !- Minute 5
  0.628571428571428,                      !- Value Until Time 5
  8,                                      !- Hour 6
  0,                                      !- Minute 6
  0.585714285714286,                      !- Value Until Time 6
  9,                                      !- Hour 7
  0,                                      !- Minute 7
  0.442857142857143,                      !- Value Until Time 7
  10,                                     !- Hour 8
  0,                                      !- Minute 8
  0.357142857142857,                      !- Value Until Time 8
  12,                                     !- Hour 9
  0,                                      !- Minute 9
  0.342857142857143,                      !- Value Until Time 9
  13,                                     !- Hour 10
  0,                                      !- Minute 10
  0.357142857142857,                      !- Value Until Time 10
  14,                                     !- Hour 11
  0,                                      !- Minute 11
  0.4,                                    !- Value Until Time 11
  15,                                     !- Hour 12
  0,                                      !- Minute 12
  0.428571428571428,                      !- Value Until Time 12
  16,                                     !- Hour 13
  0,                                      !- Minute 13
  0.5,                                    !- Value Until Time 13
  17,                                     !- Hour 14
  0,                                      !- Minute 14
  0.628571428571428,                      !- Value Until Time 14
  18,                                     !- Hour 15
  0,                                      !- Minute 15
  0.8,                                    !- Value Until Time 15
  19,                                     !- Hour 16
  0,                                      !- Minute 16
  0.914285714285714,                      !- Value Until Time 16
  20,                                     !- Hour 17
  0,                                      !- Minute 17
  0.971428571428571,                      !- Value Until Time 17
  21,                                     !- Hour 18
  0,                                      !- Minute 18
  1,                                      !- Value Until Time 18
  22,                                     !- Hour 19
  0,                                      !- Minute 19
  0.928571428571428,                      !- Value Until Time 19
  23,                                     !- Hour 20
  0,                                      !- Minute 20
  0.8,                                    !- Value Until Time 20
  24,                                     !- Hour 21
  0,                                      !- Minute 21
  0.671428571428571;                      !- Value Until Time 21

OS:Exterior:Lights:Definition,
  {8edb6f77-a289-43da-a8ed-9b3be832f432}, !- Handle
  exterior lighting,                      !- Name
  9.28602739726027;                       !- Design Level {W}

OS:Exterior:Lights,
  {b68cbc69-b483-493b-b25b-12abdf2c14bd}, !- Handle
  exterior lighting,                      !- Name
  {8edb6f77-a289-43da-a8ed-9b3be832f432}, !- Exterior Lights Definition Name
  {a3d8882d-3d17-41bf-93a9-f3ffd1767b48}, !- Schedule Name
  ,                                       !- Control Option
  ,                                       !- Multiplier
  exterior lighting;                      !- End-Use Subcategory

OS:Schedule:File,
  {64c522e9-fe1b-4302-a213-34add00e6044}, !- Handle
  plug_loads_tv,                          !- Name
  {9e6746b9-3117-465c-837e-fb1fc1618a40}, !- Schedule Type Limits Name
  {6ce3e94c-fb1a-4ed7-bfed-5967f7440057}, !- External File Name
  3,                                      !- Column Number
  1,                                      !- Rows to Skip at Top
  8760,                                   !- Number of Hours of Data
  ,                                       !- Column Separator
  Yes,                                    !- Interpolate to Timestep
  15,                                     !- Minutes per Item
  ,                                       !- Adjust Schedule for Daylight Savings
  Yes;                                    !- Translate File With Relative Path

OS:ElectricEquipment:Definition,
  {8349966f-5199-4735-8488-aa17ae14b8df}, !- Handle
  misc tv,                                !- Name
  EquipmentLevel,                         !- Design Level Calculation Method
  837.566838250234,                       !- Design Level {W}
  ,                                       !- Watts per Space Floor Area {W/m2}
  ,                                       !- Watts per Person {W/person}
  0,                                      !- Fraction Latent
  0.6,                                    !- Fraction Radiant
  0;                                      !- Fraction Lost

OS:ElectricEquipment,
  {bd6ba2eb-13da-4d39-85f4-faaec47055ed}, !- Handle
  misc tv,                                !- Name
  {8349966f-5199-4735-8488-aa17ae14b8df}, !- Electric Equipment Definition Name
  {2a39777d-1ff3-44fb-8798-def5ffbb9546}, !- Space or SpaceType Name
  {64c522e9-fe1b-4302-a213-34add00e6044}, !- Schedule Name
  ,                                       !- Multiplier
  misc tv;                                !- End-Use Subcategory

OS:Schedule:File,
  {a29ba54d-4221-40f9-858c-5fdf38487575}, !- Handle
  plug_loads_other,                       !- Name
  {9e6746b9-3117-465c-837e-fb1fc1618a40}, !- Schedule Type Limits Name
  {6ce3e94c-fb1a-4ed7-bfed-5967f7440057}, !- External File Name
  2,                                      !- Column Number
  1,                                      !- Rows to Skip at Top
  8760,                                   !- Number of Hours of Data
  ,                                       !- Column Separator
  Yes,                                    !- Interpolate to Timestep
  15,                                     !- Minutes per Item
  ,                                       !- Adjust Schedule for Daylight Savings
  Yes;                                    !- Translate File With Relative Path

OS:ElectricEquipment:Definition,
  {6ec77690-9263-4c20-a0d7-4e73f591cd05}, !- Handle
  misc plug loads,                        !- Name
  EquipmentLevel,                         !- Design Level Calculation Method
  666.114776153407,                       !- Design Level {W}
  ,                                       !- Watts per Space Floor Area {W/m2}
  ,                                       !- Watts per Person {W/person}
  0.021,                                  !- Fraction Latent
  0.558,                                  !- Fraction Radiant
  0.0489999999999999;                     !- Fraction Lost

OS:ElectricEquipment,
  {383e050e-0eb0-49c2-8733-fe9b5c80a7df}, !- Handle
  misc plug loads,                        !- Name
  {6ec77690-9263-4c20-a0d7-4e73f591cd05}, !- Electric Equipment Definition Name
  {2a39777d-1ff3-44fb-8798-def5ffbb9546}, !- Space or SpaceType Name
  {a29ba54d-4221-40f9-858c-5fdf38487575}, !- Schedule Name
  ,                                       !- Multiplier
  misc plug loads;                        !- End-Use Subcategory

OS:Schedule:File,
  {83f62b42-c9c0-4728-924e-1da8157a9dd3}, !- Handle
  occupants,                              !- Name
  {9e6746b9-3117-465c-837e-fb1fc1618a40}, !- Schedule Type Limits Name
  {6ce3e94c-fb1a-4ed7-bfed-5967f7440057}, !- External File Name
  1,                                      !- Column Number
  1,                                      !- Rows to Skip at Top
  8760,                                   !- Number of Hours of Data
  ,                                       !- Column Separator
  Yes,                                    !- Interpolate to Timestep
  15,                                     !- Minutes per Item
  ,                                       !- Adjust Schedule for Daylight Savings
  Yes;                                    !- Translate File With Relative Path

OS:Schedule:Constant,
  {6c05efb4-328a-4a39-9788-441deb002c0c}, !- Handle
  occupants activity schedule,            !- Name
  {93a6af6e-c946-4c7a-9591-a95f3cb2f3bf}, !- Schedule Type Limits Name
  117.228428068889;                       !- Value

OS:People:Definition,
  {b098d111-52de-4308-8f7e-110cff383ce0}, !- Handle
  occupants,                              !- Name
  People,                                 !- Number of People Calculation Method
  3,                                      !- Number of People {people}
  ,                                       !- People per Space Floor Area {person/m2}
  ,                                       !- Space Floor Area per Person {m2/person}
  0.314170909090909,                      !- Fraction Radiant
  0.563030303030303,                      !- Sensible Heat Fraction
  0,                                      !- Carbon Dioxide Generation Rate {m3/s-W}
  No,                                     !- Enable ASHRAE 55 Comfort Warnings
  EnclosureAveraged;                      !- Mean Radiant Temperature Calculation Type

OS:People,
  {87a3ba8d-eabc-46e7-a7c4-770bfdc47c5e}, !- Handle
  occupants,                              !- Name
  {b098d111-52de-4308-8f7e-110cff383ce0}, !- People Definition Name
  {2a39777d-1ff3-44fb-8798-def5ffbb9546}, !- Space or SpaceType Name
  {83f62b42-c9c0-4728-924e-1da8157a9dd3}, !- Number of People Schedule Name
  {6c05efb4-328a-4a39-9788-441deb002c0c}, !- Activity Level Schedule Name
  ,                                       !- Surface Name/Angle Factor List Name
  ,                                       !- Work Efficiency Schedule Name
  ,                                       !- Clothing Insulation Schedule Name
  ,                                       !- Air Velocity Schedule Name
  1;                                      !- Multiplier

OS:ScheduleTypeLimits,
  {93a6af6e-c946-4c7a-9591-a95f3cb2f3bf}, !- Handle
  ActivityLevel,                          !- Name
  0,                                      !- Lower Limit Value
  ,                                       !- Upper Limit Value
  Continuous,                             !- Numeric Type
  ActivityLevel;                          !- Unit Type

OS:Schedule:Ruleset,
  {ebcce7ff-e8b5-472a-ab43-680c4be01da0}, !- Handle
  general water use schedule,             !- Name
  {9e6746b9-3117-465c-837e-fb1fc1618a40}, !- Schedule Type Limits Name
  {9412d728-c717-46c0-85e1-0a3e5b0ddc0d}; !- Default Day Schedule Name

OS:Schedule:Day,
  {9412d728-c717-46c0-85e1-0a3e5b0ddc0d}, !- Handle
  general water use schedule default day, !- Name
  {9e6746b9-3117-465c-837e-fb1fc1618a40}, !- Schedule Type Limits Name
  ,                                       !- Interpolate to Timestep
  24,                                     !- Hour 1
  0,                                      !- Minute 1
  0;                                      !- Value Until Time 1

OS:Schedule:Rule,
  {292381c2-c2f4-4268-acfa-6c16643ef117}, !- Handle
  general water use schedule allday rule, !- Name
  {ebcce7ff-e8b5-472a-ab43-680c4be01da0}, !- Schedule Ruleset Name
  0,                                      !- Rule Order
  {902d2b51-c40a-4f61-9666-fb6c0e3f134d}, !- Day Schedule Name
  Yes,                                    !- Apply Sunday
  Yes,                                    !- Apply Monday
  Yes,                                    !- Apply Tuesday
  Yes,                                    !- Apply Wednesday
  Yes,                                    !- Apply Thursday
  Yes,                                    !- Apply Friday
  Yes,                                    !- Apply Saturday
  DateRange,                              !- Date Specification Type
  1,                                      !- Start Month
  1,                                      !- Start Day
  12,                                     !- End Month
  31;                                     !- End Day

OS:Schedule:Day,
  {902d2b51-c40a-4f61-9666-fb6c0e3f134d}, !- Handle
  general water use schedule day,         !- Name
  {9e6746b9-3117-465c-837e-fb1fc1618a40}, !- Schedule Type Limits Name
  ,                                       !- Interpolate to Timestep
  1,                                      !- Hour 1
  0,                                      !- Minute 1
  0.315068493150685,                      !- Value Until Time 1
  3,                                      !- Hour 2
  0,                                      !- Minute 2
  0.287671232876712,                      !- Value Until Time 2
  4,                                      !- Hour 3
  0,                                      !- Minute 3
  0.342465753424658,                      !- Value Until Time 3
  5,                                      !- Hour 4
  0,                                      !- Minute 4
  0.36986301369863,                       !- Value Until Time 4
  6,                                      !- Hour 5
  0,                                      !- Minute 5
  0.520547945205479,                      !- Value Until Time 5
  7,                                      !- Hour 6
  0,                                      !- Minute 6
  0.602739726027397,                      !- Value Until Time 6
  8,                                      !- Hour 7
  0,                                      !- Minute 7
  0.534246575342466,                      !- Value Until Time 7
  10,                                     !- Hour 8
  0,                                      !- Minute 8
  0.506849315068493,                      !- Value Until Time 8
  11,                                     !- Hour 9
  0,                                      !- Minute 9
  0.465753424657534,                      !- Value Until Time 9
  14,                                     !- Hour 10
  0,                                      !- Minute 10
  0.479452054794521,                      !- Value Until Time 10
  15,                                     !- Hour 11
  0,                                      !- Minute 11
  0.534246575342466,                      !- Value Until Time 11
  16,                                     !- Hour 12
  0,                                      !- Minute 12
  0.589041095890411,                      !- Value Until Time 12
  17,                                     !- Hour 13
  0,                                      !- Minute 13
  0.698630136986301,                      !- Value Until Time 13
  18,                                     !- Hour 14
  0,                                      !- Minute 14
  0.876712328767123,                      !- Value Until Time 14
  19,                                     !- Hour 15
  0,                                      !- Minute 15
  0.89041095890411,                       !- Value Until Time 15
  20,                                     !- Hour 16
  0,                                      !- Minute 16
  0.986301369863014,                      !- Value Until Time 16
  21,                                     !- Hour 17
  0,                                      !- Minute 17
  1,                                      !- Value Until Time 17
  22,                                     !- Hour 18
  0,                                      !- Minute 18
  0.863013698630137,                      !- Value Until Time 18
  23,                                     !- Hour 19
  0,                                      !- Minute 19
  0.616438356164384,                      !- Value Until Time 19
  24,                                     !- Hour 20
  0,                                      !- Minute 20
  0.465753424657534;                      !- Value Until Time 20

OS:OtherEquipment:Definition,
  {4619ddba-304a-4f33-b2c9-7b3c43d232fa}, !- Handle
  general water use sensible,             !- Name
  EquipmentLevel,                         !- Design Level Calculation Method
  -61.6890717420309,                      !- Design Level {W}
  ,                                       !- Watts per Space Floor Area {W/m2}
  ,                                       !- Watts per Person {W/Person}
  0,                                      !- Fraction Latent
  0.6,                                    !- Fraction Radiant
  0;                                      !- Fraction Lost

OS:OtherEquipment,
  {25f3b4c8-73be-49c3-83cd-263f79e8717f}, !- Handle
  general water use sensible,             !- Name
  {4619ddba-304a-4f33-b2c9-7b3c43d232fa}, !- Other Equipment Definition Name
  {2a39777d-1ff3-44fb-8798-def5ffbb9546}, !- Space or SpaceType Name
  {ebcce7ff-e8b5-472a-ab43-680c4be01da0}, !- Schedule Name
  ,                                       !- Multiplier
  ,                                       !- Fuel Type
  general water use sensible;             !- End-Use Subcategory

OS:OtherEquipment:Definition,
  {c86bec1d-7402-4b0e-872c-752c4fb4be6e}, !- Handle
  general water use latent,               !- Name
  EquipmentLevel,                         !- Design Level Calculation Method
  62.5940458996157,                       !- Design Level {W}
  ,                                       !- Watts per Space Floor Area {W/m2}
  ,                                       !- Watts per Person {W/Person}
  1,                                      !- Fraction Latent
  0,                                      !- Fraction Radiant
  0;                                      !- Fraction Lost

OS:OtherEquipment,
  {52ab9e92-08cf-4cf3-b563-ba39557fea20}, !- Handle
  general water use latent,               !- Name
  {c86bec1d-7402-4b0e-872c-752c4fb4be6e}, !- Other Equipment Definition Name
  {2a39777d-1ff3-44fb-8798-def5ffbb9546}, !- Space or SpaceType Name
  {ebcce7ff-e8b5-472a-ab43-680c4be01da0}, !- Schedule Name
  ,                                       !- Multiplier
  ,                                       !- Fuel Type
  general water use latent;               !- End-Use Subcategory

OS:EnergyManagementSystem:Sensor,
  {73a5d556-9039-4c14-88c2-8fe529e22994}, !- Handle
  out_pb_s,                               !- Name
  ,                                       !- Output Variable or Output Meter Index Key Name
  Site Outdoor Air Barometric Pressure;   !- Output Variable or Output Meter Name

OS:EnergyManagementSystem:Sensor,
  {14583a2c-9c1a-462d-b9d2-e201a16cfe85}, !- Handle
  out_wt_s,                               !- Name
  ,                                       !- Output Variable or Output Meter Index Key Name
  Site Outdoor Air Humidity Ratio;        !- Output Variable or Output Meter Name

OS:EnergyManagementSystem:Sensor,
  {16941342-694d-4f91-be67-d68de66f168d}, !- Handle
  win_s,                                  !- Name
  conditioned space,                      !- Output Variable or Output Meter Index Key Name
  Zone Air Humidity Ratio;                !- Output Variable or Output Meter Name

OS:EnergyManagementSystem:Sensor,
  {10e44620-f523-4f48-af80-d73e7531aa3c}, !- Handle
  site_vw_s,                              !- Name
  ,                                       !- Output Variable or Output Meter Index Key Name
  Site Wind Speed;                        !- Output Variable or Output Meter Name

OS:EnergyManagementSystem:Sensor,
  {48f85cf4-faf2-4014-a42c-afd67b93addd}, !- Handle
  tin_s,                                  !- Name
  conditioned space,                      !- Output Variable or Output Meter Index Key Name
  Zone Mean Air Temperature;              !- Output Variable or Output Meter Name

OS:EnergyManagementSystem:Sensor,
  {96a1e973-ea40-40bb-bb29-5f84c8663bc8}, !- Handle
  tout_s,                                 !- Name
  conditioned space,                      !- Output Variable or Output Meter Index Key Name
  Zone Outdoor Air Drybulb Temperature;   !- Output Variable or Output Meter Name

OS:Schedule:Ruleset,
  {c2f1ce87-e06a-4fd4-b3cc-e1a2b01842e4}, !- Handle
  cooling season schedule,                !- Name
  {9e6746b9-3117-465c-837e-fb1fc1618a40}, !- Schedule Type Limits Name
  {ec3a53e5-a635-4b92-88b4-ee5da4ed2184}; !- Default Day Schedule Name

OS:Schedule:Day,
  {ec3a53e5-a635-4b92-88b4-ee5da4ed2184}, !- Handle
  cooling season schedule default day,    !- Name
  {9e6746b9-3117-465c-837e-fb1fc1618a40}, !- Schedule Type Limits Name
  ,                                       !- Interpolate to Timestep
  24,                                     !- Hour 1
  0,                                      !- Minute 1
  0;                                      !- Value Until Time 1

OS:Schedule:Rule,
  {22327305-e5bf-4f87-a270-26e1ac697829}, !- Handle
  cooling season schedule allday rule,    !- Name
  {c2f1ce87-e06a-4fd4-b3cc-e1a2b01842e4}, !- Schedule Ruleset Name
  2,                                      !- Rule Order
  {2b16a3a0-39b1-4126-89ff-c8a1a80b56ee}, !- Day Schedule Name
  Yes,                                    !- Apply Sunday
  Yes,                                    !- Apply Monday
  Yes,                                    !- Apply Tuesday
  Yes,                                    !- Apply Wednesday
  Yes,                                    !- Apply Thursday
  Yes,                                    !- Apply Friday
  Yes,                                    !- Apply Saturday
  DateRange,                              !- Date Specification Type
  1,                                      !- Start Month
  1,                                      !- Start Day
  5,                                      !- End Month
  31;                                     !- End Day

OS:Schedule:Day,
  {2b16a3a0-39b1-4126-89ff-c8a1a80b56ee}, !- Handle
  cooling season schedule day,            !- Name
  {9e6746b9-3117-465c-837e-fb1fc1618a40}, !- Schedule Type Limits Name
  ,                                       !- Interpolate to Timestep
  24,                                     !- Hour 1
  0,                                      !- Minute 1
  0;                                      !- Value Until Time 1

OS:Schedule:Rule,
  {8f6a2057-7a55-4a10-b04b-3905b4699d2f}, !- Handle
  cooling season schedule allday rule 1,  !- Name
  {c2f1ce87-e06a-4fd4-b3cc-e1a2b01842e4}, !- Schedule Ruleset Name
  1,                                      !- Rule Order
  {0b3989a4-8cd5-48cd-8b46-83cddffe9087}, !- Day Schedule Name
  Yes,                                    !- Apply Sunday
  Yes,                                    !- Apply Monday
  Yes,                                    !- Apply Tuesday
  Yes,                                    !- Apply Wednesday
  Yes,                                    !- Apply Thursday
  Yes,                                    !- Apply Friday
  Yes,                                    !- Apply Saturday
  DateRange,                              !- Date Specification Type
  6,                                      !- Start Month
  1,                                      !- Start Day
  9,                                      !- End Month
  30;                                     !- End Day

OS:Schedule:Day,
  {0b3989a4-8cd5-48cd-8b46-83cddffe9087}, !- Handle
  cooling season schedule day 1,          !- Name
  {9e6746b9-3117-465c-837e-fb1fc1618a40}, !- Schedule Type Limits Name
  ,                                       !- Interpolate to Timestep
  24,                                     !- Hour 1
  0,                                      !- Minute 1
  1;                                      !- Value Until Time 1

OS:Schedule:Rule,
  {df7eff24-c1bd-4997-8277-0a15e4cf4575}, !- Handle
  cooling season schedule allday rule 2,  !- Name
  {c2f1ce87-e06a-4fd4-b3cc-e1a2b01842e4}, !- Schedule Ruleset Name
  0,                                      !- Rule Order
  {b2604393-f226-4b5f-8946-b730e84f7d22}, !- Day Schedule Name
  Yes,                                    !- Apply Sunday
  Yes,                                    !- Apply Monday
  Yes,                                    !- Apply Tuesday
  Yes,                                    !- Apply Wednesday
  Yes,                                    !- Apply Thursday
  Yes,                                    !- Apply Friday
  Yes,                                    !- Apply Saturday
  DateRange,                              !- Date Specification Type
  10,                                     !- Start Month
  1,                                      !- Start Day
  12,                                     !- End Month
  31;                                     !- End Day

OS:Schedule:Day,
  {b2604393-f226-4b5f-8946-b730e84f7d22}, !- Handle
  cooling season schedule day 2,          !- Name
  {9e6746b9-3117-465c-837e-fb1fc1618a40}, !- Schedule Type Limits Name
  ,                                       !- Interpolate to Timestep
  24,                                     !- Hour 1
  0,                                      !- Minute 1
  0;                                      !- Value Until Time 1

OS:EnergyManagementSystem:Sensor,
  {f212301f-30a7-447a-9ad2-434420336de1}, !- Handle
  cool_season,                            !- Name
  cooling season schedule,                !- Output Variable or Output Meter Index Key Name
  Schedule Value;                         !- Output Variable or Output Meter Name

OS:EnergyManagementSystem:GlobalVariable,
  {4b3b658d-a14f-4934-9fd4-40596517cf6b}, !- Handle
  central_ac_and_furnace_airloop_Fan_RTF; !- Name

OS:EnergyManagementSystem:InternalVariable,
  {26c16dc0-a7b3-445e-8658-e294941ac2ae}, !- Handle
  central_ac_and_furnace_airloop_max_sup_fan_mfr, !- Name
  central ac and furnace supply fan,      !- Internal Data Index Key Name
  Fan Maximum Mass Flow Rate;             !- Internal Data Type

OS:EnergyManagementSystem:Sensor,
  {8b60bf5d-4448-40dd-bea0-f9815ab23352}, !- Handle
  central_ac_and_furnace_airloop_Fan_RTF_s, !- Name
  central ac and furnace supply fan,      !- Output Variable or Output Meter Index Key Name
  Fan Runtime Fraction Speed 1;           !- Output Variable or Output Meter Name

OS:EnergyManagementSystem:Sensor,
  {5328f911-e520-469b-8f04-0675fb521ff4}, !- Handle
  central_ac_and_furnace_airloop_Fan_RTF_s_1, !- Name
  central ac and furnace supply fan,      !- Output Variable or Output Meter Index Key Name
  Fan Runtime Fraction Speed 2;           !- Output Variable or Output Meter Name

OS:ThermalZone,
  {115fab30-4d12-4e1b-bde0-b9732e9f0a6e}, !- Handle
  central ac and furnace airloop ret air zone, !- Name
  1,                                      !- Multiplier
  ,                                       !- Ceiling Height {m}
  1,                                      !- Volume {m3}
  ,                                       !- Floor Area {m2}
  ,                                       !- Zone Inside Convection Algorithm
  ,                                       !- Zone Outside Convection Algorithm
  ,                                       !- Zone Conditioning Equipment List Name
  {2cf58f43-8949-44c6-a026-9a811386fa97}, !- Zone Air Inlet Port List
  {cae97117-6b72-4d07-8c51-224449549ca7}, !- Zone Air Exhaust Port List
  {0dc258ac-d0a3-40c7-bb71-06ecce26c0d8}, !- Zone Air Node Name
  {df296f70-1536-4e2b-918c-f6849e1c62cf}, !- Zone Return Air Port List
  ,                                       !- Primary Daylighting Control Name
  ,                                       !- Fraction of Zone Controlled by Primary Daylighting Control
  ,                                       !- Secondary Daylighting Control Name
  ,                                       !- Fraction of Zone Controlled by Secondary Daylighting Control
  ,                                       !- Illuminance Map Name
  ,                                       !- Group Rendering Name
  ,                                       !- Thermostat Name
  No;                                     !- Use Ideal Air Loads

OS:Node,
  {722ebfa8-45f6-49ca-828d-0942ea925772}, !- Handle
  Node 22,                                !- Name
  {0dc258ac-d0a3-40c7-bb71-06ecce26c0d8}, !- Inlet Port
  ;                                       !- Outlet Port

OS:Connection,
  {0dc258ac-d0a3-40c7-bb71-06ecce26c0d8}, !- Handle
  {115fab30-4d12-4e1b-bde0-b9732e9f0a6e}, !- Source Object
  11,                                     !- Outlet Port
  {722ebfa8-45f6-49ca-828d-0942ea925772}, !- Target Object
  2;                                      !- Inlet Port

OS:PortList,
  {2cf58f43-8949-44c6-a026-9a811386fa97}, !- Handle
  {115fab30-4d12-4e1b-bde0-b9732e9f0a6e}; !- HVAC Component

OS:PortList,
  {cae97117-6b72-4d07-8c51-224449549ca7}, !- Handle
  {115fab30-4d12-4e1b-bde0-b9732e9f0a6e}; !- HVAC Component

OS:PortList,
  {df296f70-1536-4e2b-918c-f6849e1c62cf}, !- Handle
  {115fab30-4d12-4e1b-bde0-b9732e9f0a6e}; !- HVAC Component

OS:Sizing:Zone,
  {df4511a0-c2a8-4ac9-bc12-68babf84ab81}, !- Handle
  {115fab30-4d12-4e1b-bde0-b9732e9f0a6e}, !- Zone or ZoneList Name
  SupplyAirTemperature,                   !- Zone Cooling Design Supply Air Temperature Input Method
  14,                                     !- Zone Cooling Design Supply Air Temperature {C}
  11.11,                                  !- Zone Cooling Design Supply Air Temperature Difference {deltaC}
  SupplyAirTemperature,                   !- Zone Heating Design Supply Air Temperature Input Method
  40,                                     !- Zone Heating Design Supply Air Temperature {C}
  11.11,                                  !- Zone Heating Design Supply Air Temperature Difference {deltaC}
  0.0085,                                 !- Zone Cooling Design Supply Air Humidity Ratio {kg-H2O/kg-air}
  0.008,                                  !- Zone Heating Design Supply Air Humidity Ratio {kg-H2O/kg-air}
  ,                                       !- Zone Heating Sizing Factor
  ,                                       !- Zone Cooling Sizing Factor
  DesignDay,                              !- Cooling Design Air Flow Method
  ,                                       !- Cooling Design Air Flow Rate {m3/s}
  ,                                       !- Cooling Minimum Air Flow per Zone Floor Area {m3/s-m2}
  ,                                       !- Cooling Minimum Air Flow {m3/s}
  ,                                       !- Cooling Minimum Air Flow Fraction
  DesignDay,                              !- Heating Design Air Flow Method
  ,                                       !- Heating Design Air Flow Rate {m3/s}
  ,                                       !- Heating Maximum Air Flow per Zone Floor Area {m3/s-m2}
  ,                                       !- Heating Maximum Air Flow {m3/s}
  ,                                       !- Heating Maximum Air Flow Fraction
  No,                                     !- Account for Dedicated Outdoor Air System
  NeutralSupplyAir,                       !- Dedicated Outdoor Air System Control Strategy
  autosize,                               !- Dedicated Outdoor Air Low Setpoint Temperature for Design {C}
  autosize,                               !- Dedicated Outdoor Air High Setpoint Temperature for Design {C}
  Sensible Load Only No Latent Load,      !- Zone Load Sizing Method
  HumidityRatioDifference,                !- Zone Latent Cooling Design Supply Air Humidity Ratio Input Method
  ,                                       !- Zone Dehumidification Design Supply Air Humidity Ratio {kgWater/kgDryAir}
  0.005,                                  !- Zone Cooling Design Supply Air Humidity Ratio Difference {kgWater/kgDryAir}
  HumidityRatioDifference,                !- Zone Latent Heating Design Supply Air Humidity Ratio Input Method
  ,                                       !- Zone Humidification Design Supply Air Humidity Ratio {kgWater/kgDryAir}
  0.005,                                  !- Zone Humidification Design Supply Air Humidity Ratio Difference {kgWater/kgDryAir}
  ,                                       !- Zone Humidistat Dehumidification Set Point Schedule Name
  ,                                       !- Zone Humidistat Humidification Set Point Schedule Name
  ,                                       !- Design Zone Air Distribution Effectiveness in Cooling Mode
  ,                                       !- Design Zone Air Distribution Effectiveness in Heating Mode
  ,                                       !- Design Zone Secondary Recirculation Fraction {dimensionless}
  ,                                       !- Design Minimum Zone Ventilation Efficiency {dimensionless}
  Coincident;                             !- Sizing Option

OS:ZoneHVAC:EquipmentList,
  {90e485d5-e47f-47de-a0c3-4411bc322caf}, !- Handle
  Zone HVAC Equipment List 3,             !- Name
  {115fab30-4d12-4e1b-bde0-b9732e9f0a6e}; !- Thermal Zone

OS:Space,
  {391fa55c-c92a-4eca-8e17-cadee12b3c1e}, !- Handle
  central ac and furnace airloop ret air space, !- Name
  ,                                       !- Space Type Name
  ,                                       !- Default Construction Set Name
  ,                                       !- Default Schedule Set Name
  ,                                       !- Direction of Relative North {deg}
  ,                                       !- X Origin {m}
  ,                                       !- Y Origin {m}
  ,                                       !- Z Origin {m}
  ,                                       !- Building Story Name
  {115fab30-4d12-4e1b-bde0-b9732e9f0a6e}; !- Thermal Zone Name

OS:Surface,
  {615b7ae2-d727-4451-927e-d1d676dfed2e}, !- Handle
  Surface 1,                              !- Name
  Floor,                                  !- Surface Type
  {c031ef8f-fb6e-44e2-a7ef-1cd694cd5943}, !- Construction Name
  {391fa55c-c92a-4eca-8e17-cadee12b3c1e}, !- Space Name
  Adiabatic,                              !- Outside Boundary Condition
  ,                                       !- Outside Boundary Condition Object
  NoSun,                                  !- Sun Exposure
  NoWind,                                 !- Wind Exposure
  ,                                       !- View Factor to Ground
  ,                                       !- Number of Vertices
  0, 0, 0,                                !- X,Y,Z Vertex 1 {m}
  0, 1, 0,                                !- X,Y,Z Vertex 2 {m}
  1, 1, 0,                                !- X,Y,Z Vertex 3 {m}
  1, 0, 0;                                !- X,Y,Z Vertex 4 {m}

OS:Surface,
  {08393d7a-8a6b-4893-b4e0-37cf175445d4}, !- Handle
  Surface 2,                              !- Name
  Wall,                                   !- Surface Type
  {c031ef8f-fb6e-44e2-a7ef-1cd694cd5943}, !- Construction Name
  {391fa55c-c92a-4eca-8e17-cadee12b3c1e}, !- Space Name
  Adiabatic,                              !- Outside Boundary Condition
  ,                                       !- Outside Boundary Condition Object
  NoSun,                                  !- Sun Exposure
  NoWind,                                 !- Wind Exposure
  ,                                       !- View Factor to Ground
  ,                                       !- Number of Vertices
  0, 0, 1,                                !- X,Y,Z Vertex 1 {m}
  0, 1, 1,                                !- X,Y,Z Vertex 2 {m}
  0, 1, 0,                                !- X,Y,Z Vertex 3 {m}
  0, 0, 0;                                !- X,Y,Z Vertex 4 {m}

OS:Surface,
  {e4697c27-954f-4bba-ba5f-ff7faeadc11b}, !- Handle
  Surface 3,                              !- Name
  Wall,                                   !- Surface Type
  {c031ef8f-fb6e-44e2-a7ef-1cd694cd5943}, !- Construction Name
  {391fa55c-c92a-4eca-8e17-cadee12b3c1e}, !- Space Name
  Adiabatic,                              !- Outside Boundary Condition
  ,                                       !- Outside Boundary Condition Object
  NoSun,                                  !- Sun Exposure
  NoWind,                                 !- Wind Exposure
  ,                                       !- View Factor to Ground
  ,                                       !- Number of Vertices
  0, 1, 1,                                !- X,Y,Z Vertex 1 {m}
  1, 1, 1,                                !- X,Y,Z Vertex 2 {m}
  1, 1, 0,                                !- X,Y,Z Vertex 3 {m}
  0, 1, 0;                                !- X,Y,Z Vertex 4 {m}

OS:Surface,
  {15209d36-e2da-491a-9e47-f10669c9f898}, !- Handle
  Surface 4,                              !- Name
  Wall,                                   !- Surface Type
  {c031ef8f-fb6e-44e2-a7ef-1cd694cd5943}, !- Construction Name
  {391fa55c-c92a-4eca-8e17-cadee12b3c1e}, !- Space Name
  Adiabatic,                              !- Outside Boundary Condition
  ,                                       !- Outside Boundary Condition Object
  NoSun,                                  !- Sun Exposure
  NoWind,                                 !- Wind Exposure
  ,                                       !- View Factor to Ground
  ,                                       !- Number of Vertices
  1, 1, 1,                                !- X,Y,Z Vertex 1 {m}
  1, 0, 1,                                !- X,Y,Z Vertex 2 {m}
  1, 0, 0,                                !- X,Y,Z Vertex 3 {m}
  1, 1, 0;                                !- X,Y,Z Vertex 4 {m}

OS:Surface,
  {fb830ba9-dfad-4b93-ba32-890d123a778e}, !- Handle
  Surface 5,                              !- Name
  Wall,                                   !- Surface Type
  {c031ef8f-fb6e-44e2-a7ef-1cd694cd5943}, !- Construction Name
  {391fa55c-c92a-4eca-8e17-cadee12b3c1e}, !- Space Name
  Adiabatic,                              !- Outside Boundary Condition
  ,                                       !- Outside Boundary Condition Object
  NoSun,                                  !- Sun Exposure
  NoWind,                                 !- Wind Exposure
  ,                                       !- View Factor to Ground
  ,                                       !- Number of Vertices
  1, 0, 1,                                !- X,Y,Z Vertex 1 {m}
  0, 0, 1,                                !- X,Y,Z Vertex 2 {m}
  0, 0, 0,                                !- X,Y,Z Vertex 3 {m}
  1, 0, 0;                                !- X,Y,Z Vertex 4 {m}

OS:Surface,
  {710e8105-5b6e-438f-83f6-9f35d40f4c55}, !- Handle
  Surface 6,                              !- Name
  RoofCeiling,                            !- Surface Type
  {c031ef8f-fb6e-44e2-a7ef-1cd694cd5943}, !- Construction Name
  {391fa55c-c92a-4eca-8e17-cadee12b3c1e}, !- Space Name
  Adiabatic,                              !- Outside Boundary Condition
  ,                                       !- Outside Boundary Condition Object
  NoSun,                                  !- Sun Exposure
  NoWind,                                 !- Wind Exposure
  ,                                       !- View Factor to Ground
  ,                                       !- Number of Vertices
  1, 0, 1,                                !- X,Y,Z Vertex 1 {m}
  1, 1, 1,                                !- X,Y,Z Vertex 2 {m}
  0, 1, 1,                                !- X,Y,Z Vertex 3 {m}
  0, 0, 1;                                !- X,Y,Z Vertex 4 {m}

OS:Material:NoMass,
  {29b51c23-06a9-4cfd-b5b1-1649f77d772a}, !- Handle
  Adiabatic,                              !- Name
  Rough,                                  !- Roughness
  176.1;                                  !- Thermal Resistance {m2-K/W}

OS:Construction,
  {c031ef8f-fb6e-44e2-a7ef-1cd694cd5943}, !- Handle
  AdiabaticConst,                         !- Name
  ,                                       !- Surface Rendering Name
  {29b51c23-06a9-4cfd-b5b1-1649f77d772a}; !- Layer 1

OS:SurfaceProperty:ConvectionCoefficients,
  {1c4d75fb-45bd-412e-a114-cd9e19a0b63d}, !- Handle
  {08393d7a-8a6b-4893-b4e0-37cf175445d4}, !- Surface Name
  Inside,                                 !- Convection Coefficient 1 Location
  Value,                                  !- Convection Coefficient 1 Type
  30;                                     !- Convection Coefficient 1 {W/m2-K}

OS:SurfaceProperty:ConvectionCoefficients,
  {2c90c626-50d0-4f92-9785-a755829cbdcf}, !- Handle
  {15209d36-e2da-491a-9e47-f10669c9f898}, !- Surface Name
  Inside,                                 !- Convection Coefficient 1 Location
  Value,                                  !- Convection Coefficient 1 Type
  30;                                     !- Convection Coefficient 1 {W/m2-K}

OS:SurfaceProperty:ConvectionCoefficients,
  {4b97e90a-b337-4879-86c5-6a4202664bad}, !- Handle
  {fb830ba9-dfad-4b93-ba32-890d123a778e}, !- Surface Name
  Inside,                                 !- Convection Coefficient 1 Location
  Value,                                  !- Convection Coefficient 1 Type
  30;                                     !- Convection Coefficient 1 {W/m2-K}

OS:SurfaceProperty:ConvectionCoefficients,
  {625c86bf-877a-4875-9db6-11e1c013f1c8}, !- Handle
  {615b7ae2-d727-4451-927e-d1d676dfed2e}, !- Surface Name
  Inside,                                 !- Convection Coefficient 1 Location
  Value,                                  !- Convection Coefficient 1 Type
  30;                                     !- Convection Coefficient 1 {W/m2-K}

OS:SurfaceProperty:ConvectionCoefficients,
  {7898b333-f761-4b96-b49e-fd2a5f6281e4}, !- Handle
  {e4697c27-954f-4bba-ba5f-ff7faeadc11b}, !- Surface Name
  Inside,                                 !- Convection Coefficient 1 Location
  Value,                                  !- Convection Coefficient 1 Type
  30;                                     !- Convection Coefficient 1 {W/m2-K}

OS:SurfaceProperty:ConvectionCoefficients,
  {8aab195b-beb1-49fd-b070-c4c8c822a4cf}, !- Handle
  {710e8105-5b6e-438f-83f6-9f35d40f4c55}, !- Surface Name
  Inside,                                 !- Convection Coefficient 1 Location
  Value,                                  !- Convection Coefficient 1 Type
  30;                                     !- Convection Coefficient 1 {W/m2-K}

OS:AirLoopHVAC:ReturnPlenum,
  {b0cc8209-f79d-4ebe-9dd4-641ca61cff26}, !- Handle
  Air Loop HVAC Return Plenum 1,          !- Name
  {115fab30-4d12-4e1b-bde0-b9732e9f0a6e}, !- ThermalZone
  {a4b083c4-1b08-4694-982b-7a7bbaaee003}, !- Outlet Node
  ,                                       !- Induced Air Outlet Port List
  {8177e2f3-ddbd-4d30-aba9-dc175ab6d8c3}; !- Inlet Node 1

OS:Node,
  {95eab72e-7804-4a83-ab52-6d7b939952f0}, !- Handle
  Node 24,                                !- Name
  {a4b083c4-1b08-4694-982b-7a7bbaaee003}, !- Inlet Port
  {78dbad73-484f-4335-af01-4e05f2c6b683}; !- Outlet Port

OS:Connection,
  {8177e2f3-ddbd-4d30-aba9-dc175ab6d8c3}, !- Handle
  {630210a6-bb18-494a-b40d-8b12331cc89c}, !- Source Object
  3,                                      !- Outlet Port
  {b0cc8209-f79d-4ebe-9dd4-641ca61cff26}, !- Target Object
  5;                                      !- Inlet Port

OS:Connection,
  {a4b083c4-1b08-4694-982b-7a7bbaaee003}, !- Handle
  {b0cc8209-f79d-4ebe-9dd4-641ca61cff26}, !- Source Object
  3,                                      !- Outlet Port
  {95eab72e-7804-4a83-ab52-6d7b939952f0}, !- Target Object
  2;                                      !- Inlet Port

OS:Connection,
  {78dbad73-484f-4335-af01-4e05f2c6b683}, !- Handle
  {95eab72e-7804-4a83-ab52-6d7b939952f0}, !- Source Object
  3,                                      !- Outlet Port
  {bf9d005e-122f-4a9a-ab6a-378f96e3162e}, !- Target Object
  3;                                      !- Inlet Port

OS:EnergyManagementSystem:GlobalVariable,
  {f7171ece-5f62-479c-a852-2d12768e20fb}, !- Handle
  central_ac_and_furnace_airloop_AH_MFR;  !- Name

OS:EnergyManagementSystem:Sensor,
  {7f6302a8-29de-4122-8a79-a64d6848b08e}, !- Handle
  central_ac_and_furnace_airloop_AH_MFR_s, !- Name
  Node 5,                                 !- Output Variable or Output Meter Index Key Name
  System Node Mass Flow Rate;             !- Output Variable or Output Meter Name

OS:EnergyManagementSystem:GlobalVariable,
  {4d64c5a8-4b2c-4397-8037-e2ece3175b20}, !- Handle
  central_ac_and_furnace_airloop_AH_VFR;  !- Name

OS:EnergyManagementSystem:Sensor,
  {3f9514ec-baa2-4f23-925e-3a2b2e9d82a8}, !- Handle
  central_ac_and_furnace_airloop_AH_VFR_s, !- Name
  Node 5,                                 !- Output Variable or Output Meter Index Key Name
  System Node Current Density Volume Flow Rate; !- Output Variable or Output Meter Name

OS:EnergyManagementSystem:GlobalVariable,
  {06f67e41-a1d6-4eba-a6a3-34303dbb30ff}, !- Handle
  central_ac_and_furnace_airloop_AH_Tout; !- Name

OS:EnergyManagementSystem:Sensor,
  {942c15cd-2a92-4aae-a409-15fa1484413b}, !- Handle
  central_ac_and_furnace_airloop_AH_Tout_s, !- Name
  Node 5,                                 !- Output Variable or Output Meter Index Key Name
  System Node Temperature;                !- Output Variable or Output Meter Name

OS:EnergyManagementSystem:GlobalVariable,
  {0daa359f-6b4a-4821-a5e5-1cec9888c1d0}, !- Handle
  central_ac_and_furnace_airloop_AH_Wout; !- Name

OS:EnergyManagementSystem:Sensor,
  {02b21d64-39af-450b-9db1-d1f076b23cac}, !- Handle
  central_ac_and_furnace_airloop_AH_Wout_s, !- Name
  Node 5,                                 !- Output Variable or Output Meter Index Key Name
  System Node Humidity Ratio;             !- Output Variable or Output Meter Name

OS:EnergyManagementSystem:GlobalVariable,
  {2d916fef-de65-4708-a0e6-abf0758c6347}, !- Handle
  central_ac_and_furnace_airloop_RA_T;    !- Name

OS:EnergyManagementSystem:Sensor,
  {238a613f-1bf3-499f-9e3c-f08d50ffff34}, !- Handle
  central_ac_and_furnace_airloop_RA_T_s,  !- Name
  Node 8,                                 !- Output Variable or Output Meter Index Key Name
  System Node Temperature;                !- Output Variable or Output Meter Name

OS:EnergyManagementSystem:GlobalVariable,
  {5c8d4f4f-7d74-4c46-a288-3c550e6bf745}, !- Handle
  central_ac_and_furnace_airloop_Ra_W;    !- Name

OS:EnergyManagementSystem:Sensor,
  {95e7a5c0-b6e4-4001-827e-b8b90a6dddab}, !- Handle
  central_ac_and_furnace_airloop_Ra_W_s,  !- Name
  Node 8,                                 !- Output Variable or Output Meter Index Key Name
  System Node Humidity Ratio;             !- Output Variable or Output Meter Name

OS:EnergyManagementSystem:GlobalVariable,
  {843a209c-569d-4c0a-905b-33a8c5710579}, !- Handle
  central_ac_and_furnace_airloop_0_DZ_T;  !- Name

OS:EnergyManagementSystem:Sensor,
  {8d24328f-82e9-4498-9640-03a48e56a268}, !- Handle
  central_ac_and_furnace_airloop_0_DZ_T_s, !- Name
  crawlspace - vented,                    !- Output Variable or Output Meter Index Key Name
  Zone Air Temperature;                   !- Output Variable or Output Meter Name

OS:EnergyManagementSystem:GlobalVariable,
  {24285383-e4d8-4906-b333-54d62bde8c0e}, !- Handle
  central_ac_and_furnace_airloop_0_DZ_W;  !- Name

OS:EnergyManagementSystem:Sensor,
  {f9ffea03-5723-4b81-a0e8-9bf62a23b462}, !- Handle
  central_ac_and_furnace_airloop_0_DZ_W_s, !- Name
  crawlspace - vented,                    !- Output Variable or Output Meter Index Key Name
  Zone Mean Air Humidity Ratio;           !- Output Variable or Output Meter Name

OS:EnergyManagementSystem:GlobalVariable,
  {d43f644f-134b-4d3e-8ef8-e4b3de38e310}, !- Handle
  central_ac_and_furnace_airloop_0_SupSensLkToCond; !- Name

OS:OtherEquipment:Definition,
  {d6c1962a-cab8-4eb4-b835-e9d77a6586e6}, !- Handle
  central ac and furnace airloop_0 SupSensLkToCond, !- Name
  EquipmentLevel,                         !- Design Level Calculation Method
  0,                                      !- Design Level {W}
  ,                                       !- Watts per Space Floor Area {W/m2}
  ,                                       !- Watts per Person {W/Person}
  0,                                      !- Fraction Latent
  0,                                      !- Fraction Radiant
  0;                                      !- Fraction Lost

OS:OtherEquipment,
  {0700ffb8-2361-4f09-80b4-1c3acfdfacda}, !- Handle
  central ac and furnace airloop_0 SupSensLkToCond, !- Name
  {d6c1962a-cab8-4eb4-b835-e9d77a6586e6}, !- Other Equipment Definition Name
  {2a39777d-1ff3-44fb-8798-def5ffbb9546}, !- Space or SpaceType Name
  {05ab60a0-2ec2-4230-bad8-f83395cdea9b}, !- Schedule Name
  ,                                       !- Multiplier
  ,                                       !- Fuel Type
  duct load;                              !- End-Use Subcategory

OS:EnergyManagementSystem:Actuator,
  {858fe7c7-b0b2-47f1-abf1-964523ec376d}, !- Handle
  central_ac_and_furnace_airloop_0_SupSensLkToCond_act, !- Name
  {0700ffb8-2361-4f09-80b4-1c3acfdfacda}, !- Actuated Component Name
  OtherEquipment,                         !- Actuated Component Type
  Power Level,                            !- Actuated Component Control Type
  {2a39777d-1ff3-44fb-8798-def5ffbb9546}; !- Zone or Space Name

OS:EnergyManagementSystem:GlobalVariable,
  {c0f67da7-f602-482f-aa38-bf8dc24f6a00}, !- Handle
  central_ac_and_furnace_airloop_0_SupLatLkToCond; !- Name

OS:OtherEquipment:Definition,
  {770f376d-c90c-43a1-9f89-e379c9f5fa06}, !- Handle
  central ac and furnace airloop_0 SupLatLkToCond, !- Name
  EquipmentLevel,                         !- Design Level Calculation Method
  0,                                      !- Design Level {W}
  ,                                       !- Watts per Space Floor Area {W/m2}
  ,                                       !- Watts per Person {W/Person}
  1,                                      !- Fraction Latent
  0,                                      !- Fraction Radiant
  0;                                      !- Fraction Lost

OS:OtherEquipment,
  {3e3eb9e7-c58d-4892-b308-321d17b65fe6}, !- Handle
  central ac and furnace airloop_0 SupLatLkToCond, !- Name
  {770f376d-c90c-43a1-9f89-e379c9f5fa06}, !- Other Equipment Definition Name
  {2a39777d-1ff3-44fb-8798-def5ffbb9546}, !- Space or SpaceType Name
  {05ab60a0-2ec2-4230-bad8-f83395cdea9b}, !- Schedule Name
  ,                                       !- Multiplier
  ,                                       !- Fuel Type
  duct load;                              !- End-Use Subcategory

OS:EnergyManagementSystem:Actuator,
  {465d203d-0889-4416-ae94-001e6fb9438a}, !- Handle
  central_ac_and_furnace_airloop_0_SupLatLkToCond_act, !- Name
  {3e3eb9e7-c58d-4892-b308-321d17b65fe6}, !- Actuated Component Name
  OtherEquipment,                         !- Actuated Component Type
  Power Level,                            !- Actuated Component Control Type
  {2a39777d-1ff3-44fb-8798-def5ffbb9546}; !- Zone or Space Name

OS:EnergyManagementSystem:GlobalVariable,
  {5f178c64-4aaa-49c5-9bf0-cb8f78ed3d3e}, !- Handle
  central_ac_and_furnace_airloop_0_SupCondToLv; !- Name

OS:OtherEquipment:Definition,
  {f394b3b6-79c1-4064-9dc1-bf719dab4928}, !- Handle
  central ac and furnace airloop_0 SupCondToLv, !- Name
  EquipmentLevel,                         !- Design Level Calculation Method
  0,                                      !- Design Level {W}
  ,                                       !- Watts per Space Floor Area {W/m2}
  ,                                       !- Watts per Person {W/Person}
  0,                                      !- Fraction Latent
  0,                                      !- Fraction Radiant
  0;                                      !- Fraction Lost

OS:OtherEquipment,
  {ce5df583-a770-4e8a-a2b8-5acc3d03ab3a}, !- Handle
  central ac and furnace airloop_0 SupCondToLv, !- Name
  {f394b3b6-79c1-4064-9dc1-bf719dab4928}, !- Other Equipment Definition Name
  {2a39777d-1ff3-44fb-8798-def5ffbb9546}, !- Space or SpaceType Name
  {05ab60a0-2ec2-4230-bad8-f83395cdea9b}, !- Schedule Name
  ,                                       !- Multiplier
  ,                                       !- Fuel Type
  duct load;                              !- End-Use Subcategory

OS:EnergyManagementSystem:Actuator,
  {8cc86aaf-f9c1-4a81-bbcb-5afbd4b3167d}, !- Handle
  central_ac_and_furnace_airloop_0_SupCondToLv_act, !- Name
  {ce5df583-a770-4e8a-a2b8-5acc3d03ab3a}, !- Actuated Component Name
  OtherEquipment,                         !- Actuated Component Type
  Power Level,                            !- Actuated Component Control Type
  {2a39777d-1ff3-44fb-8798-def5ffbb9546}; !- Zone or Space Name

OS:EnergyManagementSystem:GlobalVariable,
  {42822454-9017-4512-9038-5f179f1c1c62}, !- Handle
  central_ac_and_furnace_airloop_0_RetCondToRP; !- Name

OS:OtherEquipment:Definition,
  {064e1416-4ef9-4ee9-8b34-d85a4b732337}, !- Handle
  central ac and furnace airloop_0 RetCondToRP, !- Name
  EquipmentLevel,                         !- Design Level Calculation Method
  0,                                      !- Design Level {W}
  ,                                       !- Watts per Space Floor Area {W/m2}
  ,                                       !- Watts per Person {W/Person}
  0,                                      !- Fraction Latent
  0,                                      !- Fraction Radiant
  0;                                      !- Fraction Lost

OS:OtherEquipment,
  {ac7f3038-a16a-415e-b3d6-ed7a97b887b5}, !- Handle
  central ac and furnace airloop_0 RetCondToRP, !- Name
  {064e1416-4ef9-4ee9-8b34-d85a4b732337}, !- Other Equipment Definition Name
  {391fa55c-c92a-4eca-8e17-cadee12b3c1e}, !- Space or SpaceType Name
  {05ab60a0-2ec2-4230-bad8-f83395cdea9b}, !- Schedule Name
  ,                                       !- Multiplier
  ,                                       !- Fuel Type
  duct load;                              !- End-Use Subcategory

OS:EnergyManagementSystem:Actuator,
  {9fcacff5-c463-4131-b095-5a7b45de0e5a}, !- Handle
  central_ac_and_furnace_airloop_0_RetCondToRP_act, !- Name
  {ac7f3038-a16a-415e-b3d6-ed7a97b887b5}, !- Actuated Component Name
  OtherEquipment,                         !- Actuated Component Type
  Power Level,                            !- Actuated Component Control Type
  {391fa55c-c92a-4eca-8e17-cadee12b3c1e}; !- Zone or Space Name

OS:EnergyManagementSystem:GlobalVariable,
  {8cdcea5a-54db-4098-9529-4c83aba081ff}, !- Handle
  central_ac_and_furnace_airloop_0_RetSensLkToRP; !- Name

OS:OtherEquipment:Definition,
  {380a72a6-984a-43a1-8f4d-d382e7eb2f75}, !- Handle
  central ac and furnace airloop_0 RetSensLkToRP, !- Name
  EquipmentLevel,                         !- Design Level Calculation Method
  0,                                      !- Design Level {W}
  ,                                       !- Watts per Space Floor Area {W/m2}
  ,                                       !- Watts per Person {W/Person}
  0,                                      !- Fraction Latent
  0,                                      !- Fraction Radiant
  0;                                      !- Fraction Lost

OS:OtherEquipment,
  {29390120-47b7-49f9-840d-0279bcc2c8e0}, !- Handle
  central ac and furnace airloop_0 RetSensLkToRP, !- Name
  {380a72a6-984a-43a1-8f4d-d382e7eb2f75}, !- Other Equipment Definition Name
  {391fa55c-c92a-4eca-8e17-cadee12b3c1e}, !- Space or SpaceType Name
  {05ab60a0-2ec2-4230-bad8-f83395cdea9b}, !- Schedule Name
  ,                                       !- Multiplier
  ,                                       !- Fuel Type
  duct load;                              !- End-Use Subcategory

OS:EnergyManagementSystem:Actuator,
  {25947313-540b-4282-9163-2528dd4529c3}, !- Handle
  central_ac_and_furnace_airloop_0_RetSensLkToRP_act, !- Name
  {29390120-47b7-49f9-840d-0279bcc2c8e0}, !- Actuated Component Name
  OtherEquipment,                         !- Actuated Component Type
  Power Level,                            !- Actuated Component Control Type
  {391fa55c-c92a-4eca-8e17-cadee12b3c1e}; !- Zone or Space Name

OS:EnergyManagementSystem:GlobalVariable,
  {d0555f48-2eb0-4858-84a2-f73eed67c98a}, !- Handle
  central_ac_and_furnace_airloop_0_RetLatLkToRP; !- Name

OS:OtherEquipment:Definition,
  {a8edbe47-e0ea-4383-aa88-90caccea8c1f}, !- Handle
  central ac and furnace airloop_0 RetLatLkToRP, !- Name
  EquipmentLevel,                         !- Design Level Calculation Method
  0,                                      !- Design Level {W}
  ,                                       !- Watts per Space Floor Area {W/m2}
  ,                                       !- Watts per Person {W/Person}
  1,                                      !- Fraction Latent
  0,                                      !- Fraction Radiant
  0;                                      !- Fraction Lost

OS:OtherEquipment,
  {91ec5519-68b1-4354-b211-12fa1be540fc}, !- Handle
  central ac and furnace airloop_0 RetLatLkToRP, !- Name
  {a8edbe47-e0ea-4383-aa88-90caccea8c1f}, !- Other Equipment Definition Name
  {391fa55c-c92a-4eca-8e17-cadee12b3c1e}, !- Space or SpaceType Name
  {05ab60a0-2ec2-4230-bad8-f83395cdea9b}, !- Schedule Name
  ,                                       !- Multiplier
  ,                                       !- Fuel Type
  duct load;                              !- End-Use Subcategory

OS:EnergyManagementSystem:Actuator,
  {058499a7-4c01-4fb4-98d5-c312589a09d8}, !- Handle
  central_ac_and_furnace_airloop_0_RetLatLkToRP_act, !- Name
  {91ec5519-68b1-4354-b211-12fa1be540fc}, !- Actuated Component Name
  OtherEquipment,                         !- Actuated Component Type
  Power Level,                            !- Actuated Component Control Type
  {391fa55c-c92a-4eca-8e17-cadee12b3c1e}; !- Zone or Space Name

OS:EnergyManagementSystem:GlobalVariable,
  {0c512579-d8f9-46c7-b767-bfe5ab3a448f}, !- Handle
  central_ac_and_furnace_airloop_0_SupCondToDZ; !- Name

OS:OtherEquipment:Definition,
  {3275fd64-bf1a-4191-84c6-00bb133fe63f}, !- Handle
  central ac and furnace airloop_0 SupCondToDZ, !- Name
  EquipmentLevel,                         !- Design Level Calculation Method
  0,                                      !- Design Level {W}
  ,                                       !- Watts per Space Floor Area {W/m2}
  ,                                       !- Watts per Person {W/Person}
  0,                                      !- Fraction Latent
  0,                                      !- Fraction Radiant
  0;                                      !- Fraction Lost

OS:OtherEquipment,
  {6c1a635e-8eb0-49af-9fc5-7a8fbc8ac864}, !- Handle
  central ac and furnace airloop_0 SupCondToDZ, !- Name
  {3275fd64-bf1a-4191-84c6-00bb133fe63f}, !- Other Equipment Definition Name
  {18120e84-92d3-4db9-8408-cf905d009695}, !- Space or SpaceType Name
  {05ab60a0-2ec2-4230-bad8-f83395cdea9b}, !- Schedule Name
  ,                                       !- Multiplier
  ,                                       !- Fuel Type
  General;                                !- End-Use Subcategory

OS:EnergyManagementSystem:Actuator,
  {e89ffee8-03b9-435f-b3df-009ca9d14ed2}, !- Handle
  central_ac_and_furnace_airloop_0_SupCondToDZ_act, !- Name
  {6c1a635e-8eb0-49af-9fc5-7a8fbc8ac864}, !- Actuated Component Name
  OtherEquipment,                         !- Actuated Component Type
  Power Level,                            !- Actuated Component Control Type
  {18120e84-92d3-4db9-8408-cf905d009695}; !- Zone or Space Name

OS:EnergyManagementSystem:GlobalVariable,
  {78bbf25f-f5a3-4146-9e11-8c027928357a}, !- Handle
  central_ac_and_furnace_airloop_0_RetCondToDZ; !- Name

OS:OtherEquipment:Definition,
  {d8151767-4fd6-436b-9cc3-f4b60475db61}, !- Handle
  central ac and furnace airloop_0 RetCondToDZ, !- Name
  EquipmentLevel,                         !- Design Level Calculation Method
  0,                                      !- Design Level {W}
  ,                                       !- Watts per Space Floor Area {W/m2}
  ,                                       !- Watts per Person {W/Person}
  0,                                      !- Fraction Latent
  0,                                      !- Fraction Radiant
  0;                                      !- Fraction Lost

OS:OtherEquipment,
  {23a4ded3-9f8e-4013-b184-ad0f2507a5ce}, !- Handle
  central ac and furnace airloop_0 RetCondToDZ, !- Name
  {d8151767-4fd6-436b-9cc3-f4b60475db61}, !- Other Equipment Definition Name
  {18120e84-92d3-4db9-8408-cf905d009695}, !- Space or SpaceType Name
  {05ab60a0-2ec2-4230-bad8-f83395cdea9b}, !- Schedule Name
  ,                                       !- Multiplier
  ,                                       !- Fuel Type
  General;                                !- End-Use Subcategory

OS:EnergyManagementSystem:Actuator,
  {f740a838-fff0-4cf7-80d1-85d7c6c1c0c4}, !- Handle
  central_ac_and_furnace_airloop_0_RetCondToDZ_act, !- Name
  {23a4ded3-9f8e-4013-b184-ad0f2507a5ce}, !- Actuated Component Name
  OtherEquipment,                         !- Actuated Component Type
  Power Level,                            !- Actuated Component Control Type
  {18120e84-92d3-4db9-8408-cf905d009695}; !- Zone or Space Name

OS:EnergyManagementSystem:GlobalVariable,
  {2ce65c45-03a5-4c4e-b3a7-f3fe118660de}, !- Handle
  central_ac_and_furnace_airloop_0_SupSensLkToDZ; !- Name

OS:OtherEquipment:Definition,
  {50941681-1637-4237-95d4-ddd1bf7040a6}, !- Handle
  central ac and furnace airloop_0 SupSensLkToDZ, !- Name
  EquipmentLevel,                         !- Design Level Calculation Method
  0,                                      !- Design Level {W}
  ,                                       !- Watts per Space Floor Area {W/m2}
  ,                                       !- Watts per Person {W/Person}
  0,                                      !- Fraction Latent
  0,                                      !- Fraction Radiant
  0;                                      !- Fraction Lost

OS:OtherEquipment,
  {e28b5b69-9429-4bdf-a930-f5ccddf6b6e1}, !- Handle
  central ac and furnace airloop_0 SupSensLkToDZ, !- Name
  {50941681-1637-4237-95d4-ddd1bf7040a6}, !- Other Equipment Definition Name
  {18120e84-92d3-4db9-8408-cf905d009695}, !- Space or SpaceType Name
  {05ab60a0-2ec2-4230-bad8-f83395cdea9b}, !- Schedule Name
  ,                                       !- Multiplier
  ,                                       !- Fuel Type
  General;                                !- End-Use Subcategory

OS:EnergyManagementSystem:Actuator,
  {668af975-3ad3-4a98-95fe-d22261d882c8}, !- Handle
  central_ac_and_furnace_airloop_0_SupSensLkToDZ_act, !- Name
  {e28b5b69-9429-4bdf-a930-f5ccddf6b6e1}, !- Actuated Component Name
  OtherEquipment,                         !- Actuated Component Type
  Power Level,                            !- Actuated Component Control Type
  {18120e84-92d3-4db9-8408-cf905d009695}; !- Zone or Space Name

OS:EnergyManagementSystem:GlobalVariable,
  {36e43c80-e63e-4041-a39a-f63d4a39dae8}, !- Handle
  central_ac_and_furnace_airloop_0_SupLatLkToDZ; !- Name

OS:OtherEquipment:Definition,
  {fdc5660a-970f-4e29-8997-f843ec1b141c}, !- Handle
  central ac and furnace airloop_0 SupLatLkToDZ, !- Name
  EquipmentLevel,                         !- Design Level Calculation Method
  0,                                      !- Design Level {W}
  ,                                       !- Watts per Space Floor Area {W/m2}
  ,                                       !- Watts per Person {W/Person}
  1,                                      !- Fraction Latent
  0,                                      !- Fraction Radiant
  0;                                      !- Fraction Lost

OS:OtherEquipment,
  {4ba0fede-9a50-40ec-848d-7677a87791b5}, !- Handle
  central ac and furnace airloop_0 SupLatLkToDZ, !- Name
  {fdc5660a-970f-4e29-8997-f843ec1b141c}, !- Other Equipment Definition Name
  {18120e84-92d3-4db9-8408-cf905d009695}, !- Space or SpaceType Name
  {05ab60a0-2ec2-4230-bad8-f83395cdea9b}, !- Schedule Name
  ,                                       !- Multiplier
  ,                                       !- Fuel Type
  General;                                !- End-Use Subcategory

OS:EnergyManagementSystem:Actuator,
  {49eb62b6-8532-4134-8662-d4b081a11c2c}, !- Handle
  central_ac_and_furnace_airloop_0_SupLatLkToDZ_act, !- Name
  {4ba0fede-9a50-40ec-848d-7677a87791b5}, !- Actuated Component Name
  OtherEquipment,                         !- Actuated Component Type
  Power Level,                            !- Actuated Component Control Type
  {18120e84-92d3-4db9-8408-cf905d009695}; !- Zone or Space Name

OS:EnergyManagementSystem:GlobalVariable,
  {0d379777-eedb-415d-b410-670f9d874639}, !- Handle
  central_ac_and_furnace_airloop_0_ZoneMixDZToCond; !- Name

OS:ZoneMixing,
  {39662db4-3834-4449-b135-01762bb9a376}, !- Handle
  central ac and furnace airloop_0 ZoneMixDZToCond mix, !- Name
  {1a0e0e6f-18af-4b33-ae1d-1b97d396df86}, !- Zone or Space Name
  {ec4584f7-49da-4f0e-ab6d-e83c7693cb78}, !- Schedule Name
  Flow/Zone,                              !- Design Flow Rate Calculation Method
  0,                                      !- Design Flow Rate {m3/s}
  ,                                       !- Flow Rate per Floor Area {m3/s-m2}
  ,                                       !- Flow Rate per Person {m3/s-person}
  ,                                       !- Air Changes per Hour {1/hr}
  {b934d18b-c979-4fd7-8ac6-93abfc7d8013}, !- Source Zone or Space Name
  ,                                       !- Delta Temperature {deltaC}
  ,                                       !- Delta Temperature Schedule Name
  ,                                       !- Minimum Receiving Temperature Schedule Name
  ,                                       !- Maximum Receiving Temperature Schedule Name
  ,                                       !- Minimum Source Temperature Schedule Name
  ,                                       !- Maximum Source Temperature Schedule Name
  ,                                       !- Minimum Outdoor Temperature Schedule Name
  ;                                       !- Maximum Outdoor Temperature Schedule Name

OS:Schedule:Constant,
  {ec4584f7-49da-4f0e-ab6d-e83c7693cb78}, !- Handle
  Always On Continuous,                   !- Name
  {d8e50416-948f-43f0-b115-fbb55ff0a818}, !- Schedule Type Limits Name
  1;                                      !- Value

OS:ScheduleTypeLimits,
  {d8e50416-948f-43f0-b115-fbb55ff0a818}, !- Handle
  Fractional 1,                           !- Name
  0,                                      !- Lower Limit Value
  1,                                      !- Upper Limit Value
  Continuous,                             !- Numeric Type
  ;                                       !- Unit Type

OS:AdditionalProperties,
  {b726e201-f3fe-42a9-9ae7-c839273a174b}, !- Handle
  {39662db4-3834-4449-b135-01762bb9a376}, !- Object Name
  ObjectType,                             !- Feature Name 1
  String,                                 !- Feature Data Type 1
  duct load;                              !- Feature Value 1

OS:EnergyManagementSystem:Actuator,
  {5eaaf97c-769e-4077-8603-857d0cfc5d41}, !- Handle
  central_ac_and_furnace_airloop_0_ZoneMixDZToCond_mix_act, !- Name
  {39662db4-3834-4449-b135-01762bb9a376}, !- Actuated Component Name
  ZoneMixing,                             !- Actuated Component Type
  Air Exchange Flow Rate,                 !- Actuated Component Control Type
  ;                                       !- Zone or Space Name

OS:EnergyManagementSystem:GlobalVariable,
  {4730d6f3-0573-4802-ba39-1feb2d1b7950}, !- Handle
  central_ac_and_furnace_airloop_0_ZoneMixCondToDZ; !- Name

OS:ZoneMixing,
  {4e96685f-a2b1-4feb-8464-e90063f3cd73}, !- Handle
  central ac and furnace airloop_0 ZoneMixCondToDZ mix, !- Name
  {b934d18b-c979-4fd7-8ac6-93abfc7d8013}, !- Zone or Space Name
  {ec4584f7-49da-4f0e-ab6d-e83c7693cb78}, !- Schedule Name
  Flow/Zone,                              !- Design Flow Rate Calculation Method
  0,                                      !- Design Flow Rate {m3/s}
  ,                                       !- Flow Rate per Floor Area {m3/s-m2}
  ,                                       !- Flow Rate per Person {m3/s-person}
  ,                                       !- Air Changes per Hour {1/hr}
  {1a0e0e6f-18af-4b33-ae1d-1b97d396df86}, !- Source Zone or Space Name
  ,                                       !- Delta Temperature {deltaC}
  ,                                       !- Delta Temperature Schedule Name
  ,                                       !- Minimum Receiving Temperature Schedule Name
  ,                                       !- Maximum Receiving Temperature Schedule Name
  ,                                       !- Minimum Source Temperature Schedule Name
  ,                                       !- Maximum Source Temperature Schedule Name
  ,                                       !- Minimum Outdoor Temperature Schedule Name
  ;                                       !- Maximum Outdoor Temperature Schedule Name

OS:AdditionalProperties,
  {730b8211-e411-4bbd-a953-a088a71b65c5}, !- Handle
  {4e96685f-a2b1-4feb-8464-e90063f3cd73}, !- Object Name
  ObjectType,                             !- Feature Name 1
  String,                                 !- Feature Data Type 1
  duct load;                              !- Feature Value 1

OS:EnergyManagementSystem:Actuator,
  {3941f29e-9676-4ed3-8f16-f94cbcb27da5}, !- Handle
  central_ac_and_furnace_airloop_0_ZoneMixCondToDZ_mix_act, !- Name
  {4e96685f-a2b1-4feb-8464-e90063f3cd73}, !- Actuated Component Name
  ZoneMixing,                             !- Actuated Component Type
  Air Exchange Flow Rate,                 !- Actuated Component Control Type
  ;                                       !- Zone or Space Name

OS:EnergyManagementSystem:GlobalVariable,
  {02d34d35-8bf3-4064-9568-34abba6eec6f}, !- Handle
  central_ac_and_furnace_airloop_0_DuctImbalLkSupFanEquivCond; !- Name

OS:EnergyManagementSystem:GlobalVariable,
  {a642ae06-4663-4889-aa87-2b159920a762}, !- Handle
  central_ac_and_furnace_airloop_0_DuctImbalLkExhFanEquivCond; !- Name

OS:EnergyManagementSystem:GlobalVariable,
  {3f3d489b-90d2-4dfd-bc47-2ccfcf66daae}, !- Handle
  central_ac_and_furnace_airloop_0_DuctImbalLkSupFanEquivDZ; !- Name

OS:EnergyManagementSystem:GlobalVariable,
  {40c2bd92-2cb1-4f96-b9ba-881ba64bc874}, !- Handle
  central_ac_and_furnace_airloop_0_DuctImbalLkExhFanEquivDZ; !- Name

OS:EnergyManagementSystem:Subroutine,
  {14ccd86d-6607-4d7f-b018-e8753197af8e}, !- Handle
  central_ac_and_furnace_airloop_0_duct_subroutine, !- Name
  Set AH_MFR = central_ac_and_furnace_airloop_AH_MFR / 1, !- Program Line 1
  If AH_MFR > 0,                          !- Program Line 2
  Set AH_Tout = central_ac_and_furnace_airloop_AH_Tout, !- Program Line 3
  Set AH_Wout = central_ac_and_furnace_airloop_AH_Wout, !- Program Line 4
  Set RA_T = central_ac_and_furnace_airloop_RA_T, !- Program Line 5
  Set RA_W = central_ac_and_furnace_airloop_Ra_W, !- Program Line 6
  Set Fan_RTF = central_ac_and_furnace_airloop_Fan_RTF, !- Program Line 7
  Set DZ_T = central_ac_and_furnace_airloop_0_DZ_T, !- Program Line 8
  Set DZ_W = central_ac_and_furnace_airloop_0_DZ_W, !- Program Line 9
  Set AH_VFR = central_ac_and_furnace_airloop_AH_VFR / 1, !- Program Line 10
  Set h_SA = (@HFnTdbW AH_Tout AH_Wout),  !- Program Line 11
  Set h_RA = (@HFnTdbW RA_T RA_W),        !- Program Line 12
  Set h_fg = (@HfgAirFnWTdb AH_Wout AH_Tout), !- Program Line 13
  Set h_DZ = (@HFnTdbW DZ_T DZ_W),        !- Program Line 14
  Set air_cp = 1006.0,                    !- Program Line 15
  Set f_sup = 0.067,                      !- Program Line 16
  Set f_ret = 0.033,                      !- Program Line 17
  Set sup_lk_mfr = f_sup * AH_MFR,        !- Program Line 18
  Set ret_lk_mfr = f_ret * AH_MFR,        !- Program Line 19
  Set SupTotLkToCond = sup_lk_mfr*(h_RA - h_SA), !- Program Line 20
  Set SupLatLkToCond = sup_lk_mfr*h_fg*(RA_W-AH_Wout), !- Program Line 21
  Set SupSensLkToCond = SupTotLkToCond-SupLatLkToCond, !- Program Line 22
  Set supply_ua = 102.881,                !- Program Line 23
  Set eTm = 0-((Fan_RTF/(AH_MFR*air_cp))*supply_ua), !- Program Line 24
  Set t_sup = DZ_T+((AH_Tout-DZ_T)*(@Exp eTm)), !- Program Line 25
  Set SupCondToCond = AH_MFR*air_cp*(t_sup-AH_Tout), !- Program Line 26
  Set SupCondToDZ = 0-SupCondToCond,      !- Program Line 27
  Set return_ua = 19.052,                 !- Program Line 28
  Set eTm = 0-((Fan_RTF/(AH_MFR*air_cp))*return_ua), !- Program Line 29
  Set t_ret = DZ_T+((RA_T-DZ_T)*(@Exp eTm)), !- Program Line 30
  Set RetCondToRP = AH_MFR*air_cp*(t_ret-RA_T), !- Program Line 31
  Set RetCondToDZ = 0-RetCondToRP,        !- Program Line 32
  Set RetLatLkToRP = 0,                   !- Program Line 33
  Set RetSensLkToRP = ret_lk_mfr*air_cp*(DZ_T-RA_T), !- Program Line 34
  Set SupTotLkToDZ = sup_lk_mfr*(h_SA-h_DZ), !- Program Line 35
  Set SupLatLkToDZ = sup_lk_mfr*h_fg*(AH_Wout-DZ_W), !- Program Line 36
  Set SupSensLkToDZ = SupTotLkToDZ-SupLatLkToDZ, !- Program Line 37
  Set FracOutsideToCond = 1.0,            !- Program Line 38
  Set FracOutsideToDZ = 0.0,              !- Program Line 39
  Set FracCondToOutside = 0.0,            !- Program Line 40
  Set FracDZToOutside = 1.0,              !- Program Line 41
  Set FracDZToCond = 0.0,                 !- Program Line 42
  Set FracCondToDZ = 0.0,                 !- Program Line 43
  Set lk_imbal_vfr = @ABS(f_sup - f_ret) * AH_VFR, !- Program Line 44
  Set ImbalLkCondToDZ = lk_imbal_vfr * FracCondToDZ, !- Program Line 45
  Set ImbalLkDZToCond = lk_imbal_vfr * FracDZToCond, !- Program Line 46
  Set ImbalLkOutsideToCond = lk_imbal_vfr * FracOutsideToCond, !- Program Line 47
  Set ImbalLkOutsideToDZ = lk_imbal_vfr * FracOutsideToDZ, !- Program Line 48
  Set ImbalLkCondToOutside = lk_imbal_vfr * FracCondToOutside, !- Program Line 49
  Set ImbalLkDZToOutside = lk_imbal_vfr * FracDZToOutside, !- Program Line 50
  Else,                                   !- Program Line 51
  Set SupLatLkToCond = 0,                 !- Program Line 52
  Set SupSensLkToCond = 0,                !- Program Line 53
  Set SupCondToCond = 0,                  !- Program Line 54
  Set RetCondToRP = 0,                    !- Program Line 55
  Set RetLatLkToRP = 0,                   !- Program Line 56
  Set RetSensLkToRP = 0,                  !- Program Line 57
  Set RetCondToDZ = 0,                    !- Program Line 58
  Set SupCondToDZ = 0,                    !- Program Line 59
  Set SupLatLkToDZ = 0,                   !- Program Line 60
  Set SupSensLkToDZ = 0,                  !- Program Line 61
  Set ImbalLkCondToDZ = 0,                !- Program Line 62
  Set ImbalLkDZToCond = 0,                !- Program Line 63
  Set ImbalLkOutsideToCond = 0,           !- Program Line 64
  Set ImbalLkOutsideToDZ = 0,             !- Program Line 65
  Set ImbalLkCondToOutside = 0,           !- Program Line 66
  Set ImbalLkDZToOutside = 0,             !- Program Line 67
  EndIf,                                  !- Program Line 68
  Set central_ac_and_furnace_airloop_0_SupLatLkToCond = SupLatLkToCond, !- Program Line 69
  Set central_ac_and_furnace_airloop_0_SupSensLkToCond = SupSensLkToCond, !- Program Line 70
  Set central_ac_and_furnace_airloop_0_SupCondToLv = SupCondToCond, !- Program Line 71
  Set central_ac_and_furnace_airloop_0_RetCondToRP = RetCondToRP, !- Program Line 72
  Set central_ac_and_furnace_airloop_0_RetLatLkToRP = RetLatLkToRP, !- Program Line 73
  Set central_ac_and_furnace_airloop_0_RetSensLkToRP = RetSensLkToRP, !- Program Line 74
  Set central_ac_and_furnace_airloop_0_RetCondToDZ = RetCondToDZ, !- Program Line 75
  Set central_ac_and_furnace_airloop_0_SupCondToDZ = SupCondToDZ, !- Program Line 76
  Set central_ac_and_furnace_airloop_0_SupLatLkToDZ = SupLatLkToDZ, !- Program Line 77
  Set central_ac_and_furnace_airloop_0_SupSensLkToDZ = SupSensLkToDZ, !- Program Line 78
  Set central_ac_and_furnace_airloop_0_ZoneMixCondToDZ = ImbalLkCondToDZ, !- Program Line 79
  Set central_ac_and_furnace_airloop_0_ZoneMixDZToCond = ImbalLkDZToCond, !- Program Line 80
  Set central_ac_and_furnace_airloop_0_DuctImbalLkSupFanEquivCond = ImbalLkCondToOutside, !- Program Line 81
  Set central_ac_and_furnace_airloop_0_DuctImbalLkExhFanEquivCond = ImbalLkOutsideToCond, !- Program Line 82
  Set central_ac_and_furnace_airloop_0_DuctImbalLkSupFanEquivDZ = ImbalLkDZToOutside, !- Program Line 83
  Set central_ac_and_furnace_airloop_0_DuctImbalLkExhFanEquivDZ = ImbalLkOutsideToDZ; !- Program Line 84

OS:EnergyManagementSystem:Program,
  {f536e919-d7dd-4efd-828d-c39105cbe267}, !- Handle
  central_ac_and_furnace_airloop_0_duct_program, !- Name
  Set central_ac_and_furnace_airloop_AH_MFR = central_ac_and_furnace_airloop_AH_MFR_s, !- Program Line 1
  Set central_ac_and_furnace_airloop_Fan_RTF = 0, !- Program Line 2
  Set central_ac_and_furnace_airloop_Fan_RTF = central_ac_and_furnace_airloop_Fan_RTF + central_ac_and_furnace_airloop_Fan_RTF_s, !- Program Line 3
  Set central_ac_and_furnace_airloop_Fan_RTF = central_ac_and_furnace_airloop_Fan_RTF + central_ac_and_furnace_airloop_Fan_RTF_s_1, !- Program Line 4
  Set central_ac_and_furnace_airloop_AH_VFR = central_ac_and_furnace_airloop_AH_VFR_s, !- Program Line 5
  Set central_ac_and_furnace_airloop_AH_Tout = central_ac_and_furnace_airloop_AH_Tout_s, !- Program Line 6
  Set central_ac_and_furnace_airloop_AH_Wout = central_ac_and_furnace_airloop_AH_Wout_s, !- Program Line 7
  Set central_ac_and_furnace_airloop_RA_T = central_ac_and_furnace_airloop_RA_T_s, !- Program Line 8
  Set central_ac_and_furnace_airloop_Ra_W = central_ac_and_furnace_airloop_Ra_W_s, !- Program Line 9
  Set central_ac_and_furnace_airloop_0_DZ_T = central_ac_and_furnace_airloop_0_DZ_T_s, !- Program Line 10
  Set central_ac_and_furnace_airloop_0_DZ_W = central_ac_and_furnace_airloop_0_DZ_W_s, !- Program Line 11
  Run central_ac_and_furnace_airloop_0_duct_subroutine, !- Program Line 12
  Set central_ac_and_furnace_airloop_0_SupSensLkToCond_act = central_ac_and_furnace_airloop_0_SupSensLkToCond, !- Program Line 13
  Set central_ac_and_furnace_airloop_0_SupLatLkToCond_act = central_ac_and_furnace_airloop_0_SupLatLkToCond, !- Program Line 14
  Set central_ac_and_furnace_airloop_0_SupCondToLv_act = central_ac_and_furnace_airloop_0_SupCondToLv, !- Program Line 15
  Set central_ac_and_furnace_airloop_0_RetSensLkToRP_act = central_ac_and_furnace_airloop_0_RetSensLkToRP, !- Program Line 16
  Set central_ac_and_furnace_airloop_0_RetLatLkToRP_act = central_ac_and_furnace_airloop_0_RetLatLkToRP, !- Program Line 17
  Set central_ac_and_furnace_airloop_0_RetCondToRP_act = central_ac_and_furnace_airloop_0_RetCondToRP, !- Program Line 18
  Set central_ac_and_furnace_airloop_0_RetCondToDZ_act = central_ac_and_furnace_airloop_0_RetCondToDZ, !- Program Line 19
  Set central_ac_and_furnace_airloop_0_SupCondToDZ_act = central_ac_and_furnace_airloop_0_SupCondToDZ, !- Program Line 20
  Set central_ac_and_furnace_airloop_0_SupSensLkToDZ_act = central_ac_and_furnace_airloop_0_SupSensLkToDZ, !- Program Line 21
  Set central_ac_and_furnace_airloop_0_SupLatLkToDZ_act = central_ac_and_furnace_airloop_0_SupLatLkToDZ, !- Program Line 22
  Set central_ac_and_furnace_airloop_0_ZoneMixDZToCond_mix_act = central_ac_and_furnace_airloop_0_ZoneMixDZToCond, !- Program Line 23
  Set central_ac_and_furnace_airloop_0_ZoneMixCondToDZ_mix_act = central_ac_and_furnace_airloop_0_ZoneMixCondToDZ; !- Program Line 24

OS:EnergyManagementSystem:ProgramCallingManager,
  {ea5e43ac-c588-4546-abbc-ff34f4e9b44a}, !- Handle
  central_ac_and_furnace_airloop_0_duct_program_calling_manager, !- Name
  EndOfSystemTimestepAfterHVACReporting,  !- EnergyPlus Model Calling Point
  {f536e919-d7dd-4efd-828d-c39105cbe267}; !- Program Name 1

OS:Schedule:Ruleset,
  {a53c77ec-ccde-4b99-83f8-0f6ffc7faa1d}, !- Handle
  natural vent schedule,                  !- Name
  {24c46a06-fd39-412d-8157-0fe3ec3e4130}, !- Schedule Type Limits Name
  {43443120-7340-4b0e-b07d-0ff0fc7de5b8}; !- Default Day Schedule Name

OS:Schedule:Day,
  {43443120-7340-4b0e-b07d-0ff0fc7de5b8}, !- Handle
  natural vent schedule default day,      !- Name
  {24c46a06-fd39-412d-8157-0fe3ec3e4130}, !- Schedule Type Limits Name
  ,                                       !- Interpolate to Timestep
  24,                                     !- Hour 1
  0,                                      !- Minute 1
  0;                                      !- Value Until Time 1

OS:Schedule:Rule,
  {fd5980d1-523b-4512-8ed7-a4b584fd4cb5}, !- Handle
  natural vent schedule rule,             !- Name
  {a53c77ec-ccde-4b99-83f8-0f6ffc7faa1d}, !- Schedule Ruleset Name
  0,                                      !- Rule Order
  {1a003ff1-c37a-4dd4-8429-fb95dd1b71a5}, !- Day Schedule Name
  No,                                     !- Apply Sunday
  Yes,                                    !- Apply Monday
  No,                                     !- Apply Tuesday
  Yes,                                    !- Apply Wednesday
  No,                                     !- Apply Thursday
  Yes,                                    !- Apply Friday
  No,                                     !- Apply Saturday
  DateRange,                              !- Date Specification Type
  1,                                      !- Start Month
  1,                                      !- Start Day
  12,                                     !- End Month
  31;                                     !- End Day

OS:Schedule:Day,
  {1a003ff1-c37a-4dd4-8429-fb95dd1b71a5}, !- Handle
  natural vent schedule day,              !- Name
  {24c46a06-fd39-412d-8157-0fe3ec3e4130}, !- Schedule Type Limits Name
  ,                                       !- Interpolate to Timestep
  24,                                     !- Hour 1
  0,                                      !- Minute 1
  1;                                      !- Value Until Time 1

OS:EnergyManagementSystem:Sensor,
  {6dfd2c9b-c9b0-41ad-ad32-36fcd45e2921}, !- Handle
  natural_vent_s,                         !- Name
  natural vent schedule,                  !- Output Variable or Output Meter Index Key Name
  Schedule Value;                         !- Output Variable or Output Meter Name

OS:EnergyManagementSystem:Sensor,
  {95c3fce5-2e0d-4d49-9026-f992fe0a7cfc}, !- Handle
  htg_sp_s,                               !- Name
  heating setpoint,                       !- Output Variable or Output Meter Index Key Name
  Schedule Value;                         !- Output Variable or Output Meter Name

OS:EnergyManagementSystem:Sensor,
  {2b79ec64-cc1b-47f3-82f0-d6063ad7082b}, !- Handle
  clg_sp_s,                               !- Name
  cooling setpoint,                       !- Output Variable or Output Meter Index Key Name
  Schedule Value;                         !- Output Variable or Output Meter Name

OS:SpaceInfiltration:DesignFlowRate,
  {b4c68623-ed1a-4295-b701-e5c235aea6b3}, !- Handle
  natural vent flow,                      !- Name
  {2a39777d-1ff3-44fb-8798-def5ffbb9546}, !- Space or SpaceType Name
  {05ab60a0-2ec2-4230-bad8-f83395cdea9b}, !- Schedule Name
  Flow/Space,                             !- Design Flow Rate Calculation Method
  0,                                      !- Design Flow Rate {m3/s}
  ,                                       !- Flow per Space Floor Area {m3/s-m2}
  ,                                       !- Flow per Exterior Surface Area {m3/s-m2}
  ,                                       !- Air Changes per Hour {1/hr}
  ,                                       !- Constant Term Coefficient
  ,                                       !- Temperature Term Coefficient
  ,                                       !- Velocity Term Coefficient
  ;                                       !- Velocity Squared Term Coefficient

OS:AdditionalProperties,
  {6c2aff8b-25f3-4620-888a-1ee24f366f61}, !- Handle
  {b4c68623-ed1a-4295-b701-e5c235aea6b3}, !- Object Name
  ObjectType,                             !- Feature Name 1
  String,                                 !- Feature Data Type 1
  natural vent;                           !- Feature Value 1

OS:EnergyManagementSystem:Actuator,
  {b4f84402-e0d5-48b8-bbf9-41eb524a683b}, !- Handle
  natural_vent_flow_act,                  !- Name
  {b4c68623-ed1a-4295-b701-e5c235aea6b3}, !- Actuated Component Name
  Zone Infiltration,                      !- Actuated Component Type
  Air Exchange Flow Rate,                 !- Actuated Component Control Type
  ;                                       !- Zone or Space Name

OS:SpaceInfiltration:DesignFlowRate,
  {cf80fba5-4b35-4550-a12f-455bc7d61d87}, !- Handle
  whole house fan flow,                   !- Name
  {2a39777d-1ff3-44fb-8798-def5ffbb9546}, !- Space or SpaceType Name
  {05ab60a0-2ec2-4230-bad8-f83395cdea9b}, !- Schedule Name
  Flow/Space,                             !- Design Flow Rate Calculation Method
  0,                                      !- Design Flow Rate {m3/s}
  ,                                       !- Flow per Space Floor Area {m3/s-m2}
  ,                                       !- Flow per Exterior Surface Area {m3/s-m2}
  ,                                       !- Air Changes per Hour {1/hr}
  ,                                       !- Constant Term Coefficient
  ,                                       !- Temperature Term Coefficient
  ,                                       !- Velocity Term Coefficient
  ;                                       !- Velocity Squared Term Coefficient

OS:AdditionalProperties,
  {85d95b17-e682-4ad1-8cbc-d1f50e1a7e1a}, !- Handle
  {cf80fba5-4b35-4550-a12f-455bc7d61d87}, !- Object Name
  ObjectType,                             !- Feature Name 1
  String,                                 !- Feature Data Type 1
  whole house fan;                        !- Feature Value 1

OS:EnergyManagementSystem:Actuator,
  {f79c5f8a-17d4-4a25-9dd8-d0ce84a3c541}, !- Handle
  whole_house_fan_flow_act,               !- Name
  {cf80fba5-4b35-4550-a12f-455bc7d61d87}, !- Actuated Component Name
  Zone Infiltration,                      !- Actuated Component Type
  Air Exchange Flow Rate,                 !- Actuated Component Control Type
  ;                                       !- Zone or Space Name

OS:ElectricEquipment:Definition,
  {fa1af821-c16a-4ff6-853a-9ee57592cb36}, !- Handle
  whole house fan,                        !- Name
  EquipmentLevel,                         !- Design Level Calculation Method
  0,                                      !- Design Level {W}
  ,                                       !- Watts per Space Floor Area {W/m2}
  ,                                       !- Watts per Person {W/person}
  0,                                      !- Fraction Latent
  0,                                      !- Fraction Radiant
  1;                                      !- Fraction Lost

OS:ElectricEquipment,
  {2f2ef3f2-8fa5-4a38-ba22-ec604c326ee8}, !- Handle
  whole house fan,                        !- Name
  {fa1af821-c16a-4ff6-853a-9ee57592cb36}, !- Electric Equipment Definition Name
  {2a39777d-1ff3-44fb-8798-def5ffbb9546}, !- Space or SpaceType Name
  {05ab60a0-2ec2-4230-bad8-f83395cdea9b}, !- Schedule Name
  ,                                       !- Multiplier
  whole house fan;                        !- End-Use Subcategory

OS:EnergyManagementSystem:Actuator,
  {c98e4855-9ec1-4bbf-8487-0a81adf569c6}, !- Handle
  whole_house_fan_act,                    !- Name
  {2f2ef3f2-8fa5-4a38-ba22-ec604c326ee8}, !- Actuated Component Name
  ElectricEquipment,                      !- Actuated Component Type
  Electricity Rate,                       !- Actuated Component Control Type
  {2a39777d-1ff3-44fb-8798-def5ffbb9546}; !- Zone or Space Name

OS:EnergyManagementSystem:Program,
  {d543020b-dc6d-4649-a550-dbf59d8378eb}, !- Handle
  natural_vent_program,                   !- Name
  Set Tin = tin_s,                        !- Program Line 1
  Set Tout = tout_s,                      !- Program Line 2
  Set Wout = out_wt_s,                    !- Program Line 3
  Set Pbar = out_pb_s,                    !- Program Line 4
  Set Phiout = (@RhFnTdbWPb Tout Wout Pbar), !- Program Line 5
  Set MaxHR = 0.0115,                     !- Program Line 6
  Set Tnvsp = (htg_sp_s + clg_sp_s) / 2,  !- Program Line 7
  Set NVavail = natural_vent_s,           !- Program Line 8
  Set ClgSsnAvail = cool_season,          !- Program Line 9
  Set Qnv = 0,                            !- Program Line 10
  Set Qwhf = 0,                           !- Program Line 11
  Set whole_house_fan_act = 0,            !- Program Line 12
  If ((Wout < MaxHR) && (Tin > Tout) && (Tin > Tnvsp) && (ClgSsnAvail > 0)), !- Program Line 13
  Set WHF_Flow = 0,                       !- Program Line 14
  Set Adj = (Tin-Tnvsp)/(Tin-Tout),       !- Program Line 15
  Set Adj = (@Min Adj 1),                 !- Program Line 16
  Set Adj = (@Max Adj 0),                 !- Program Line 17
  If (WHF_Flow > 0),                      !- Program Line 18
  Set Qwhf = WHF_Flow*Adj,                !- Program Line 19
  Set WHF_W = 0,                          !- Program Line 20
  Set whole_house_fan_act = WHF_W*Adj,    !- Program Line 21
  ElseIf (NVavail > 0),                   !- Program Line 22
  Set NVArea = 7865.282850048,            !- Program Line 23
  Set Cs = 8.968567957270247e-05,         !- Program Line 24
  Set Cw = 6.531778328561744e-05,         !- Program Line 25
  Set Tdiff = Tin-Tout,                   !- Program Line 26
  Set dT = (@Abs Tdiff),                  !- Program Line 27
  Set Vwind = site_vw_s,                  !- Program Line 28
  Set SGNV = NVArea*Adj*((((Cs*dT)+(Cw*(Vwind^2)))^0.5)/1000), !- Program Line 29
  Set MaxNV = 1.5454705606656003,         !- Program Line 30
  Set Qnv = (@Min SGNV MaxNV),            !- Program Line 31
  EndIf,                                  !- Program Line 32
  EndIf,                                  !- Program Line 33
  Set natural_vent_flow_act = Qnv,        !- Program Line 34
  Set whole_house_fan_flow_act = Qwhf,    !- Program Line 35
  Set natural_vent_program_Qnv = Qnv,     !- Program Line 36
  Set natural_vent_program_Qwhf = Qwhf;   !- Program Line 37

OS:AdditionalProperties,
  {d6d33739-5f3f-43d8-9be2-9f7167d66deb}, !- Handle
  {d543020b-dc6d-4649-a550-dbf59d8378eb}, !- Object Name
  ObjectType,                             !- Feature Name 1
  String,                                 !- Feature Data Type 1
  natural vent;                           !- Feature Value 1

OS:EnergyManagementSystem:ProgramCallingManager,
  {41d92d44-6729-48a9-98e6-10c62478ee62}, !- Handle
  natural_vent_program_calling_manager,   !- Name
  BeginZoneTimestepAfterInitHeatBalance,  !- EnergyPlus Model Calling Point
  {d543020b-dc6d-4649-a550-dbf59d8378eb}; !- Program Name 1

OS:EnergyManagementSystem:GlobalVariable,
  {21245c2a-0320-44bc-91fa-c4abdfc690c9}, !- Handle
  natural_vent_program_Qnv;               !- Name

OS:EnergyManagementSystem:GlobalVariable,
  {10374aa2-8c83-488e-a0eb-f8befbc26173}, !- Handle
  natural_vent_program_Qwhf;              !- Name

OS:AdditionalProperties,
  {98ccad0e-4dd7-4f0c-bdb7-a3f661773ea4}, !- Handle
  {21245c2a-0320-44bc-91fa-c4abdfc690c9}, !- Object Name
  ObjectType,                             !- Feature Name 1
  String,                                 !- Feature Data Type 1
  natural vent;                           !- Feature Value 1

OS:AdditionalProperties,
  {8d043f63-bddb-435f-9d81-7be6e92c01c0}, !- Handle
  {10374aa2-8c83-488e-a0eb-f8befbc26173}, !- Object Name
  ObjectType,                             !- Feature Name 1
  String,                                 !- Feature Data Type 1
  whole house fan;                        !- Feature Value 1

OS:SpaceInfiltration:DesignFlowRate,
  {a3a5cfa1-dc45-401e-9243-696595e94890}, !- Handle
  infil crawlspace - vented 1,            !- Name
  {18120e84-92d3-4db9-8408-cf905d009695}, !- Space or SpaceType Name
  {05ab60a0-2ec2-4230-bad8-f83395cdea9b}, !- Schedule Name
  AirChanges/Hour,                        !- Design Flow Rate Calculation Method
  ,                                       !- Design Flow Rate {m3/s}
  ,                                       !- Flow per Space Floor Area {m3/s-m2}
  ,                                       !- Flow per Exterior Surface Area {m3/s-m2}
  2.60129669588333,                       !- Air Changes per Hour {1/hr}
  1,                                      !- Constant Term Coefficient
  0,                                      !- Temperature Term Coefficient
  0,                                      !- Velocity Term Coefficient
  0;                                      !- Velocity Squared Term Coefficient

OS:SpaceInfiltration:DesignFlowRate,
  {f0f454fc-3b4e-48d6-a6a8-bfbc67ca6b64}, !- Handle
  crawlspace_vented 1 duct leakage imbalance infil flow, !- Name
  {18120e84-92d3-4db9-8408-cf905d009695}, !- Space or SpaceType Name
  {05ab60a0-2ec2-4230-bad8-f83395cdea9b}, !- Schedule Name
  Flow/Space,                             !- Design Flow Rate Calculation Method
  0,                                      !- Design Flow Rate {m3/s}
  ,                                       !- Flow per Space Floor Area {m3/s-m2}
  ,                                       !- Flow per Exterior Surface Area {m3/s-m2}
  ,                                       !- Air Changes per Hour {1/hr}
  ,                                       !- Constant Term Coefficient
  ,                                       !- Temperature Term Coefficient
  ,                                       !- Velocity Term Coefficient
  ;                                       !- Velocity Squared Term Coefficient

OS:EnergyManagementSystem:Actuator,
  {407ba2be-2b72-4df1-870e-f12e8ad27062}, !- Handle
  crawlspace_vented_1_duct_leakage_imbalance_infil_flow_act, !- Name
  {f0f454fc-3b4e-48d6-a6a8-bfbc67ca6b64}, !- Actuated Component Name
  Zone Infiltration,                      !- Actuated Component Type
  Air Exchange Flow Rate,                 !- Actuated Component Control Type
  ;                                       !- Zone or Space Name

OS:EnergyManagementSystem:Program,
  {218e26c5-c1b6-454b-bd82-d6dd3aee064d}, !- Handle
  crawlspace_vented_1_duct_leakage_imbalance_infil_program, !- Name
  Set Qducts = 0,                         !- Program Line 1
  Set Qducts = Qducts - central_ac_and_furnace_airloop_0_DuctImbalLkSupFanEquivDZ, !- Program Line 2
  Set Qducts = Qducts + central_ac_and_furnace_airloop_0_DuctImbalLkExhFanEquivDZ, !- Program Line 3
  Set crawlspace_vented_1_duct_leakage_imbalance_infil_flow_act = (@Abs(Qducts)); !- Program Line 4

OS:EnergyManagementSystem:ProgramCallingManager,
  {d5aa8469-79a2-40d8-a1cc-3fef3aaa4dab}, !- Handle
  crawlspace_vented_1_duct_leakage_imbalance_infil_program_calling_manager, !- Name
  BeginZoneTimestepAfterInitHeatBalance,  !- EnergyPlus Model Calling Point
  {218e26c5-c1b6-454b-bd82-d6dd3aee064d}; !- Program Name 1

OS:Schedule:Constant,
  {d67c8e55-4dd2-4a3b-b1d4-79d95251f299}, !- Handle
  mech vent house fan schedule,           !- Name
  {9e6746b9-3117-465c-837e-fb1fc1618a40}, !- Schedule Type Limits Name
  1;                                      !- Value

OS:ElectricEquipment:Definition,
  {a9be3f52-8438-44f2-994b-6f08f38484d1}, !- Handle
  mech vent house fan,                    !- Name
  EquipmentLevel,                         !- Design Level Calculation Method
  0,                                      !- Design Level {W}
  ,                                       !- Watts per Space Floor Area {W/m2}
  ,                                       !- Watts per Person {W/person}
  0,                                      !- Fraction Latent
  0,                                      !- Fraction Radiant
  1;                                      !- Fraction Lost

OS:ElectricEquipment,
  {0ab2f8e0-2cbf-4d00-955a-b8d450e91a9e}, !- Handle
  mech vent house fan,                    !- Name
  {a9be3f52-8438-44f2-994b-6f08f38484d1}, !- Electric Equipment Definition Name
  {2a39777d-1ff3-44fb-8798-def5ffbb9546}, !- Space or SpaceType Name
  {d67c8e55-4dd2-4a3b-b1d4-79d95251f299}, !- Schedule Name
  ,                                       !- Multiplier
  mech vent;                              !- End-Use Subcategory

OS:Schedule:Constant,
  {149fa6b3-8df2-45b6-89af-d05a469e8a5a}, !- Handle
  mech vent house fan cfis schedule,      !- Name
  {9e6746b9-3117-465c-837e-fb1fc1618a40}, !- Schedule Type Limits Name
  1;                                      !- Value

OS:ElectricEquipment:Definition,
  {ad50049d-bea2-476d-b6f3-dd6beacd78ab}, !- Handle
  mech vent house fan cfis,               !- Name
  EquipmentLevel,                         !- Design Level Calculation Method
  0,                                      !- Design Level {W}
  ,                                       !- Watts per Space Floor Area {W/m2}
  ,                                       !- Watts per Person {W/person}
  0,                                      !- Fraction Latent
  0,                                      !- Fraction Radiant
  0;                                      !- Fraction Lost

OS:ElectricEquipment,
  {ed5fa3b5-2993-462c-8163-e171eb075601}, !- Handle
  mech vent house fan cfis,               !- Name
  {ad50049d-bea2-476d-b6f3-dd6beacd78ab}, !- Electric Equipment Definition Name
  {2a39777d-1ff3-44fb-8798-def5ffbb9546}, !- Space or SpaceType Name
  {149fa6b3-8df2-45b6-89af-d05a469e8a5a}, !- Schedule Name
  ,                                       !- Multiplier
  mech vent;                              !- End-Use Subcategory

OS:EnergyManagementSystem:Actuator,
  {b840a8d7-d571-4aa4-bac0-344b22f2d7e5}, !- Handle
  mech_vent_house_fan_cfis_act,           !- Name
  {ed5fa3b5-2993-462c-8163-e171eb075601}, !- Actuated Component Name
  ElectricEquipment,                      !- Actuated Component Type
  Electricity Rate,                       !- Actuated Component Control Type
  {2a39777d-1ff3-44fb-8798-def5ffbb9546}; !- Zone or Space Name

OS:EnergyManagementSystem:Program,
  {e93e5872-ee01-43ea-9ea3-de5bd5b92c7a}, !- Handle
  infil_program,                          !- Name
  Set p_m = 0.14,                         !- Program Line 1
  Set p_s = 0.22,                         !- Program Line 2
  Set s_m = 270,                          !- Program Line 3
  Set s_s = 370,                          !- Program Line 4
  Set z_m = 9.99744,                      !- Program Line 5
  Set z_s = 2.4384,                       !- Program Line 6
  Set f_t = (((s_m/z_m)^p_m)*((z_s/s_s)^p_s)), !- Program Line 7
  Set Tdiff = tin_s-tout_s,               !- Program Line 8
  Set dT = @Abs Tdiff,                    !- Program Line 9
  Set c = 0.0902,                         !- Program Line 10
  Set Cs = 0.0556,                        !- Program Line 11
  Set Cw = 0.1017,                        !- Program Line 12
  Set n = 0.65,                           !- Program Line 13
  Set sft = (f_t*0.5),                    !- Program Line 14
  Set temp1 = ((c*Cw)*((sft*site_vw_s)^(2*n)))^2, !- Program Line 15
  Set Qinf = (((c*Cs*(dT^n))^2)+temp1)^0.5, !- Program Line 16
  Set Qinf = (@Max Qinf 0),               !- Program Line 17
  Set mech_vent_house_fan_sensible_load_act = 0.0, !- Program Line 18
  Set mech_vent_house_fan_latent_load_act = 0.0, !- Program Line 19
  Set OASupInPb = out_pb_s,               !- Program Line 20
  Set OASupInTemp = tout_s,               !- Program Line 21
  Set OASupInW = out_wt_s,                !- Program Line 22
  Set OASupRho = (@RhoAirFnPbTdbW OASupInPb OASupInTemp OASupInW), !- Program Line 23
  Set OASupCp = (@CpAirFnW OASupInW),     !- Program Line 24
  Set OASupInEnth = (@HFnTdbW OASupInTemp OASupInW), !- Program Line 25
  Set ZoneTemp = tin_s,                   !- Program Line 26
  Set ZoneW = win_s,                      !- Program Line 27
  Set ZoneCp = (@CpAirFnW ZoneW),         !- Program Line 28
  Set ZoneAirEnth = (@HFnTdbW ZoneTemp ZoneW), !- Program Line 29
  Set mech_vent_house_fan_cfis_act = 0.0, !- Program Line 30
  Set QWHV_cfis_sup = 0.0,                !- Program Line 31
  Set QWHV_cfis_suppl_sup = 0.0,          !- Program Line 32
  Set QWHV_cfis_suppl_exh = 0.0,          !- Program Line 33
  Set Qrange = 0,                         !- Program Line 34
  Set Qrange = Qrange + 0.04719 * mech_vent_range_fan_0_sch_s, !- Program Line 35
  Set Qbath = 0,                          !- Program Line 36
  Set Qbath = Qbath + 0.0236 * mech_vent_bath_fan_0_sch_s, !- Program Line 37
  Set Qdryer = 0,                         !- Program Line 38
  Set Qdryer = Qdryer + 0.06305 * clothes_dryer_exhaust_0_sch_s, !- Program Line 39
  Set QWHV_sup = 0.0,                     !- Program Line 40
  Set QWHV_exh = 0.0,                     !- Program Line 41
  Set Qsupply = QWHV_sup + QWHV_cfis_sup + QWHV_cfis_suppl_sup, !- Program Line 42
  Set Qexhaust = Qrange + Qbath + Qdryer + QWHV_exh + QWHV_cfis_suppl_exh, !- Program Line 43
  Set Qfan = (@Max Qexhaust Qsupply),     !- Program Line 44
  Set Qducts = 0,                         !- Program Line 45
  Set Qducts = Qducts - central_ac_and_furnace_airloop_0_DuctImbalLkSupFanEquivCond, !- Program Line 46
  Set Qducts = Qducts + central_ac_and_furnace_airloop_0_DuctImbalLkExhFanEquivCond, !- Program Line 47
  If Qducts < 0,                          !- Program Line 48
  Set Qsupply = Qsupply - Qducts,         !- Program Line 49
  Else,                                   !- Program Line 50
  Set Qexhaust = Qexhaust + Qducts,       !- Program Line 51
  EndIf,                                  !- Program Line 52
  Set Qfan_with_ducts = (@Max Qexhaust Qsupply), !- Program Line 53
  Set Qimb = (@Abs (Qsupply - Qexhaust)), !- Program Line 54
  If Qinf + Qimb > 0,                     !- Program Line 55
  Set Qtot = Qfan_with_ducts + (Qinf^2) / (Qinf + Qimb), !- Program Line 56
  Else,                                   !- Program Line 57
  Set Qtot = Qfan_with_ducts,             !- Program Line 58
  EndIf,                                  !- Program Line 59
  Set Qinf_adj = Qtot - Qfan,             !- Program Line 60
  Set infil_flow_act = Qinf_adj,          !- Program Line 61
  Set infil_program_Qinf = Qinf_adj,      !- Program Line 62
  Set infil_program_Qfan = Qfan,          !- Program Line 63
  Set Qload = Qfan,                       !- Program Line 64
  Set Effectiveness_Sens = 0.0,           !- Program Line 65
  Set Effectiveness_Lat = 0.0,            !- Program Line 66
  Set Fan_MFR = Qload * OASupRho,         !- Program Line 67
  Set ZoneInEnth = OASupInEnth,           !- Program Line 68
  Set ZoneInTemp = OASupInTemp,           !- Program Line 69
  Set FanTotalToCond = Fan_MFR * (ZoneInEnth - ZoneAirEnth), !- Program Line 70
  Set FanSensToCond = Fan_MFR * ZoneCp * (ZoneInTemp - ZoneTemp), !- Program Line 71
  Set FanLatToCond = FanTotalToCond - FanSensToCond, !- Program Line 72
  Set mech_vent_house_fan_sensible_load_act = mech_vent_house_fan_sensible_load_act + FanSensToCond, !- Program Line 73
  Set mech_vent_house_fan_latent_load_act = mech_vent_house_fan_latent_load_act + FanLatToCond; !- Program Line 74

OS:AdditionalProperties,
  {13c12296-5df1-434d-aaf6-b7148b48bf8a}, !- Handle
  {e93e5872-ee01-43ea-9ea3-de5bd5b92c7a}, !- Object Name
  ObjectType,                             !- Feature Name 1
  String,                                 !- Feature Data Type 1
  infil;                                  !- Feature Value 1

OS:OtherEquipment:Definition,
  {3cebd864-9ab1-4a7e-b8d9-5c3fe9cee4ee}, !- Handle
  mech vent house fan sensible load,      !- Name
  EquipmentLevel,                         !- Design Level Calculation Method
  0,                                      !- Design Level {W}
  ,                                       !- Watts per Space Floor Area {W/m2}
  ,                                       !- Watts per Person {W/Person}
  0,                                      !- Fraction Latent
  0,                                      !- Fraction Radiant
  0;                                      !- Fraction Lost

OS:OtherEquipment,
  {ffec4fcd-8b51-4522-b52f-6eccde0792b8}, !- Handle
  mech vent house fan sensible load,      !- Name
  {3cebd864-9ab1-4a7e-b8d9-5c3fe9cee4ee}, !- Other Equipment Definition Name
  {2a39777d-1ff3-44fb-8798-def5ffbb9546}, !- Space or SpaceType Name
  {05ab60a0-2ec2-4230-bad8-f83395cdea9b}, !- Schedule Name
  ,                                       !- Multiplier
  ,                                       !- Fuel Type
  mech vent house fan;                    !- End-Use Subcategory

OS:EnergyManagementSystem:Actuator,
  {6dc25d46-01cf-45f4-b174-096ea326269b}, !- Handle
  mech_vent_house_fan_sensible_load_act,  !- Name
  {ffec4fcd-8b51-4522-b52f-6eccde0792b8}, !- Actuated Component Name
  OtherEquipment,                         !- Actuated Component Type
  Power Level,                            !- Actuated Component Control Type
  {2a39777d-1ff3-44fb-8798-def5ffbb9546}; !- Zone or Space Name

OS:OtherEquipment:Definition,
  {12b09516-030d-4a38-b89f-69cd6a130030}, !- Handle
  mech vent house fan latent load,        !- Name
  EquipmentLevel,                         !- Design Level Calculation Method
  0,                                      !- Design Level {W}
  ,                                       !- Watts per Space Floor Area {W/m2}
  ,                                       !- Watts per Person {W/Person}
  1,                                      !- Fraction Latent
  0,                                      !- Fraction Radiant
  0;                                      !- Fraction Lost

OS:OtherEquipment,
  {7fbc0bec-f6ef-428d-bd52-c4175251046d}, !- Handle
  mech vent house fan latent load,        !- Name
  {12b09516-030d-4a38-b89f-69cd6a130030}, !- Other Equipment Definition Name
  {2a39777d-1ff3-44fb-8798-def5ffbb9546}, !- Space or SpaceType Name
  {05ab60a0-2ec2-4230-bad8-f83395cdea9b}, !- Schedule Name
  ,                                       !- Multiplier
  ,                                       !- Fuel Type
  mech vent house fan;                    !- End-Use Subcategory

OS:EnergyManagementSystem:Actuator,
  {50e7bfe0-6e46-47d8-a8b2-9b32185015a4}, !- Handle
  mech_vent_house_fan_latent_load_act,    !- Name
  {7fbc0bec-f6ef-428d-bd52-c4175251046d}, !- Actuated Component Name
  OtherEquipment,                         !- Actuated Component Type
  Power Level,                            !- Actuated Component Control Type
  {2a39777d-1ff3-44fb-8798-def5ffbb9546}; !- Zone or Space Name

OS:SpaceInfiltration:DesignFlowRate,
  {e418f9e7-b003-4841-9c6b-f3e75d76903e}, !- Handle
  infil flow,                             !- Name
  {2a39777d-1ff3-44fb-8798-def5ffbb9546}, !- Space or SpaceType Name
  {05ab60a0-2ec2-4230-bad8-f83395cdea9b}, !- Schedule Name
  Flow/Space,                             !- Design Flow Rate Calculation Method
  0,                                      !- Design Flow Rate {m3/s}
  ,                                       !- Flow per Space Floor Area {m3/s-m2}
  ,                                       !- Flow per Exterior Surface Area {m3/s-m2}
  ,                                       !- Air Changes per Hour {1/hr}
  ,                                       !- Constant Term Coefficient
  ,                                       !- Temperature Term Coefficient
  ,                                       !- Velocity Term Coefficient
  ;                                       !- Velocity Squared Term Coefficient

OS:EnergyManagementSystem:Actuator,
  {e05b5ace-11e3-4a6e-bbb7-a80a9e5f0300}, !- Handle
  infil_flow_act,                         !- Name
  {e418f9e7-b003-4841-9c6b-f3e75d76903e}, !- Actuated Component Name
  Zone Infiltration,                      !- Actuated Component Type
  Air Exchange Flow Rate,                 !- Actuated Component Control Type
  ;                                       !- Zone or Space Name

OS:AdditionalProperties,
  {a418737f-7eae-47a5-827b-b619603d1dcb}, !- Handle
  {e418f9e7-b003-4841-9c6b-f3e75d76903e}, !- Object Name
  ObjectType,                             !- Feature Name 1
  String,                                 !- Feature Data Type 1
  infil;                                  !- Feature Value 1

OS:Schedule:Ruleset,
  {ae1cced7-f219-4368-a6be-b2c69e5aede3}, !- Handle
  mech vent range fan 0 schedule,         !- Name
  {9e6746b9-3117-465c-837e-fb1fc1618a40}, !- Schedule Type Limits Name
  {1db2ffb0-858d-4d79-a9c1-2fe0273058f6}; !- Default Day Schedule Name

OS:Schedule:Day,
  {1db2ffb0-858d-4d79-a9c1-2fe0273058f6}, !- Handle
  mech vent range fan 0 schedule default day, !- Name
  {9e6746b9-3117-465c-837e-fb1fc1618a40}, !- Schedule Type Limits Name
  ,                                       !- Interpolate to Timestep
  24,                                     !- Hour 1
  0,                                      !- Minute 1
  0;                                      !- Value Until Time 1

OS:Schedule:Rule,
  {8986c0f9-02ff-4494-a123-d6f27ceb057f}, !- Handle
  mech vent range fan 0 schedule allday rule, !- Name
  {ae1cced7-f219-4368-a6be-b2c69e5aede3}, !- Schedule Ruleset Name
  0,                                      !- Rule Order
  {3d1113ab-3744-4923-b617-8f51db58486f}, !- Day Schedule Name
  Yes,                                    !- Apply Sunday
  Yes,                                    !- Apply Monday
  Yes,                                    !- Apply Tuesday
  Yes,                                    !- Apply Wednesday
  Yes,                                    !- Apply Thursday
  Yes,                                    !- Apply Friday
  Yes,                                    !- Apply Saturday
  DateRange,                              !- Date Specification Type
  1,                                      !- Start Month
  1,                                      !- Start Day
  12,                                     !- End Month
  31;                                     !- End Day

OS:Schedule:Day,
  {3d1113ab-3744-4923-b617-8f51db58486f}, !- Handle
  mech vent range fan 0 schedule day,     !- Name
  {9e6746b9-3117-465c-837e-fb1fc1618a40}, !- Schedule Type Limits Name
  ,                                       !- Interpolate to Timestep
  11,                                     !- Hour 1
  0,                                      !- Minute 1
  0,                                      !- Value Until Time 1
  12,                                     !- Hour 2
  0,                                      !- Minute 2
  1,                                      !- Value Until Time 2
  24,                                     !- Hour 3
  0,                                      !- Minute 3
  0;                                      !- Value Until Time 3

OS:EnergyManagementSystem:Sensor,
  {316bdacd-5dea-4fa3-b038-959b7052f823}, !- Handle
  mech_vent_range_fan_0_sch_s,            !- Name
  mech vent range fan 0 schedule,         !- Output Variable or Output Meter Index Key Name
  Schedule Value;                         !- Output Variable or Output Meter Name

OS:ElectricEquipment:Definition,
  {ce8af0b0-60d5-4298-8cc5-2ccdf88e1e0c}, !- Handle
  mech vent range fan 0,                  !- Name
  EquipmentLevel,                         !- Design Level Calculation Method
  30,                                     !- Design Level {W}
  ,                                       !- Watts per Space Floor Area {W/m2}
  ,                                       !- Watts per Person {W/person}
  0,                                      !- Fraction Latent
  0,                                      !- Fraction Radiant
  1;                                      !- Fraction Lost

OS:ElectricEquipment,
  {2b6ec47d-0633-433e-a4a5-86a5533414b9}, !- Handle
  mech vent range fan 0,                  !- Name
  {ce8af0b0-60d5-4298-8cc5-2ccdf88e1e0c}, !- Electric Equipment Definition Name
  {2a39777d-1ff3-44fb-8798-def5ffbb9546}, !- Space or SpaceType Name
  {ae1cced7-f219-4368-a6be-b2c69e5aede3}, !- Schedule Name
  ,                                       !- Multiplier
  mech vent;                              !- End-Use Subcategory

OS:Schedule:Ruleset,
  {37b434e7-c8fc-45cf-a1f7-339dfe788214}, !- Handle
  mech vent bath fan 0 schedule,          !- Name
  {9e6746b9-3117-465c-837e-fb1fc1618a40}, !- Schedule Type Limits Name
  {0c04eb4a-16a6-4ef8-bcaa-e37f30753e89}; !- Default Day Schedule Name

OS:Schedule:Day,
  {0c04eb4a-16a6-4ef8-bcaa-e37f30753e89}, !- Handle
  mech vent bath fan 0 schedule default day, !- Name
  {9e6746b9-3117-465c-837e-fb1fc1618a40}, !- Schedule Type Limits Name
  ,                                       !- Interpolate to Timestep
  24,                                     !- Hour 1
  0,                                      !- Minute 1
  0;                                      !- Value Until Time 1

OS:Schedule:Rule,
  {00251b52-4d90-40c1-a222-cbfcf616e811}, !- Handle
  mech vent bath fan 0 schedule allday rule, !- Name
  {37b434e7-c8fc-45cf-a1f7-339dfe788214}, !- Schedule Ruleset Name
  0,                                      !- Rule Order
  {d99c1f85-2840-43f1-a55e-1f7e1141a8bd}, !- Day Schedule Name
  Yes,                                    !- Apply Sunday
  Yes,                                    !- Apply Monday
  Yes,                                    !- Apply Tuesday
  Yes,                                    !- Apply Wednesday
  Yes,                                    !- Apply Thursday
  Yes,                                    !- Apply Friday
  Yes,                                    !- Apply Saturday
  DateRange,                              !- Date Specification Type
  1,                                      !- Start Month
  1,                                      !- Start Day
  12,                                     !- End Month
  31;                                     !- End Day

OS:Schedule:Day,
  {d99c1f85-2840-43f1-a55e-1f7e1141a8bd}, !- Handle
  mech vent bath fan 0 schedule day,      !- Name
  {9e6746b9-3117-465c-837e-fb1fc1618a40}, !- Schedule Type Limits Name
  ,                                       !- Interpolate to Timestep
  4,                                      !- Hour 1
  0,                                      !- Minute 1
  0,                                      !- Value Until Time 1
  5,                                      !- Hour 2
  0,                                      !- Minute 2
  1,                                      !- Value Until Time 2
  24,                                     !- Hour 3
  0,                                      !- Minute 3
  0;                                      !- Value Until Time 3

OS:EnergyManagementSystem:Sensor,
  {551294f0-7067-4885-ac52-06d3ada00cc6}, !- Handle
  mech_vent_bath_fan_0_sch_s,             !- Name
  mech vent bath fan 0 schedule,          !- Output Variable or Output Meter Index Key Name
  Schedule Value;                         !- Output Variable or Output Meter Name

OS:ElectricEquipment:Definition,
  {a200955d-a448-4162-b10c-d14593346369}, !- Handle
  mech vent bath fan 0,                   !- Name
  EquipmentLevel,                         !- Design Level Calculation Method
  15,                                     !- Design Level {W}
  ,                                       !- Watts per Space Floor Area {W/m2}
  ,                                       !- Watts per Person {W/person}
  0,                                      !- Fraction Latent
  0,                                      !- Fraction Radiant
  1;                                      !- Fraction Lost

OS:ElectricEquipment,
  {f1732a4a-fe5b-4855-98f4-7b1a934dab5d}, !- Handle
  mech vent bath fan 0,                   !- Name
  {a200955d-a448-4162-b10c-d14593346369}, !- Electric Equipment Definition Name
  {2a39777d-1ff3-44fb-8798-def5ffbb9546}, !- Space or SpaceType Name
  {37b434e7-c8fc-45cf-a1f7-339dfe788214}, !- Schedule Name
  ,                                       !- Multiplier
  mech vent;                              !- End-Use Subcategory

OS:EnergyManagementSystem:Sensor,
  {fbe8ad38-fb71-4936-aa75-ecd9595a0dbc}, !- Handle
  clothes_dryer_exhaust_0_sch_s,          !- Name
  clothes_dryer,                          !- Output Variable or Output Meter Index Key Name
  Schedule Value;                         !- Output Variable or Output Meter Name

OS:EnergyManagementSystem:GlobalVariable,
  {5690922a-3ad7-4e08-b8c1-0f4d66a950e5}, !- Handle
  infil_program_Qinf;                     !- Name

OS:EnergyManagementSystem:GlobalVariable,
  {b84f1059-c6b2-4c0f-b704-4c2838786845}, !- Handle
  infil_program_Qfan;                     !- Name

OS:AdditionalProperties,
  {96de28e6-e7d5-4601-8863-6a4c35d25368}, !- Handle
  {5690922a-3ad7-4e08-b8c1-0f4d66a950e5}, !- Object Name
  ObjectType,                             !- Feature Name 1
  String,                                 !- Feature Data Type 1
  infil;                                  !- Feature Value 1

OS:AdditionalProperties,
  {010c480f-e703-4c17-9b8a-b43339d0f601}, !- Handle
  {b84f1059-c6b2-4c0f-b704-4c2838786845}, !- Object Name
  ObjectType,                             !- Feature Name 1
  String,                                 !- Feature Data Type 1
  mech vent;                              !- Feature Value 1

OS:EnergyManagementSystem:ProgramCallingManager,
  {a78ec7c6-5066-44f8-9ed2-bce9958dabc1}, !- Handle
  infil_program_calling_manager,          !- Name
  BeginZoneTimestepAfterInitHeatBalance,  !- EnergyPlus Model Calling Point
  {e93e5872-ee01-43ea-9ea3-de5bd5b92c7a}; !- Program Name 1

OS:AdditionalProperties,
  {5bfca419-4616-459a-8f97-4d2c029e6dbd}, !- Handle
  {115fab30-4d12-4e1b-bde0-b9732e9f0a6e}; !- Object Name

OS:EnergyManagementSystem:Sensor,
  {2916ae18-6123-4392-86f4-bb4123084192}, !- Handle
  conditioned_space_htg_unmet_s,          !- Name
  conditioned space,                      !- Output Variable or Output Meter Index Key Name
  Zone Heating Setpoint Not Met Time;     !- Output Variable or Output Meter Name

OS:EnergyManagementSystem:Sensor,
  {8933f8a2-881d-4fe0-bce6-385ab359c0ee}, !- Handle
  conditioned_space_clg_unmet_s,          !- Name
  conditioned space,                      !- Output Variable or Output Meter Index Key Name
  Zone Cooling Setpoint Not Met Time;     !- Output Variable or Output Meter Name

OS:AdditionalProperties,
  {a4ed0825-1ffb-4337-aad3-7f6b1f638068}, !- Handle
  {8933f8a2-881d-4fe0-bce6-385ab359c0ee}; !- Object Name

OS:AdditionalProperties,
  {7044969b-cba9-4dea-85b0-7efe67176549}, !- Handle
  {fbe8ad38-fb71-4936-aa75-ecd9595a0dbc}; !- Object Name

OS:AdditionalProperties,
  {f6707260-d30b-40b3-9c19-feb3b6416541}, !- Handle
  {316bdacd-5dea-4fa3-b038-959b7052f823}; !- Object Name

OS:AdditionalProperties,
  {94e9b194-0c35-497a-a98d-f1880fe2d78e}, !- Handle
  {95c3fce5-2e0d-4d49-9026-f992fe0a7cfc}; !- Object Name

OS:AdditionalProperties,
  {ccaccc5b-c60e-491e-b2cb-d511b111ef01}, !- Handle
  {6dfd2c9b-c9b0-41ad-ad32-36fcd45e2921}; !- Object Name

OS:AdditionalProperties,
  {15a43b04-2651-438a-af3e-355c8662513b}, !- Handle
  {f9ffea03-5723-4b81-a0e8-9bf62a23b462}; !- Object Name

OS:AdditionalProperties,
  {94991dee-d216-44df-a803-170f5c0e5529}, !- Handle
  {8d24328f-82e9-4498-9640-03a48e56a268}; !- Object Name

OS:AdditionalProperties,
  {586c8ff2-f518-4c49-b413-22660c48603d}, !- Handle
  {238a613f-1bf3-499f-9e3c-f08d50ffff34}; !- Object Name

OS:AdditionalProperties,
  {adaf829e-a1a0-4b01-8a4e-774a94554384}, !- Handle
  {02b21d64-39af-450b-9db1-d1f076b23cac}; !- Object Name

OS:AdditionalProperties,
  {6696fa9a-c320-441b-a8c6-0127fbe95b41}, !- Handle
  {eff22107-b57e-4b94-9293-78a572c656f3}; !- Object Name

OS:AdditionalProperties,
  {47a1bd56-1972-4a36-8716-783019432c88}, !- Handle
  {14583a2c-9c1a-462d-b9d2-e201a16cfe85}; !- Object Name

OS:AdditionalProperties,
  {8b21d4f5-5d1c-41ba-8e05-513af090a1d9}, !- Handle
  {764d0067-0006-4abe-a85c-4d1fc5f32198}; !- Object Name

OS:AdditionalProperties,
  {ffa6e689-aa97-4ca7-a510-fab11ae526eb}, !- Handle
  {fbdc01fb-c8ee-4e11-a470-98c858888d94}; !- Object Name

OS:AdditionalProperties,
  {4e247818-2914-4f21-aec8-ff94391c4d8b}, !- Handle
  {33b96077-288c-465b-91ee-99582758491a}; !- Object Name

OS:AdditionalProperties,
  {71ca9531-9e01-45a9-b1f9-b92b5de6639c}, !- Handle
  {551294f0-7067-4885-ac52-06d3ada00cc6}; !- Object Name

OS:AdditionalProperties,
  {b7a95944-625a-4a03-ac60-a5b8cfe245d1}, !- Handle
  {95e7a5c0-b6e4-4001-827e-b8b90a6dddab}; !- Object Name

OS:AdditionalProperties,
  {450a0f4a-d04c-4353-81e3-f2028b68092f}, !- Handle
  {96a1e973-ea40-40bb-bb29-5f84c8663bc8}; !- Object Name

OS:AdditionalProperties,
  {43e70a73-c77c-48f2-a762-f44e43e5903c}, !- Handle
  {ddc288e8-3e24-4bc5-8c22-f3d422765836}; !- Object Name

OS:AdditionalProperties,
  {049965fe-ef94-4bc8-8821-4f47b9f9bdf7}, !- Handle
  {16941342-694d-4f91-be67-d68de66f168d}; !- Object Name

OS:AdditionalProperties,
  {8eb7034e-ef9e-40d8-89e4-141a9d66ef6c}, !- Handle
  {a8716ba5-d144-4295-860c-c5f7cb324483}; !- Object Name

OS:AdditionalProperties,
  {07091534-41b9-4038-9191-1080561cbc96}, !- Handle
  {1cd93c07-3581-424f-81e6-93795dbc8097}; !- Object Name

OS:AdditionalProperties,
  {af992a02-95f2-43b2-a814-5a77d11a51c0}, !- Handle
  {73a5d556-9039-4c14-88c2-8fe529e22994}; !- Object Name

OS:AdditionalProperties,
  {94bd3dde-65ad-4b3e-a042-e975f92d99f1}, !- Handle
  {51b76605-6233-45cd-9f60-1e36164d1a63}; !- Object Name

OS:AdditionalProperties,
  {b3089e51-9ee5-4843-bd84-029bc3a81b4a}, !- Handle
  {31aa033c-63a2-4053-9f5f-30df0defd0b8}; !- Object Name

OS:AdditionalProperties,
  {e1eae3c5-4e2e-4944-9e3e-e227ae41223f}, !- Handle
  {2916ae18-6123-4392-86f4-bb4123084192}; !- Object Name

OS:AdditionalProperties,
  {677cc6ca-bbc4-44c4-9c7b-ea0a72da159a}, !- Handle
  {6d74398c-4c53-4fd0-ae42-1cd4dbe823fc}; !- Object Name

OS:AdditionalProperties,
  {7f2d738f-5017-4391-95e1-f6ef605327a8}, !- Handle
  {48f85cf4-faf2-4014-a42c-afd67b93addd}; !- Object Name

OS:AdditionalProperties,
  {bba63d77-f724-4dc6-acef-ed3481ccb7af}, !- Handle
  {ec87ca32-1bca-4520-a088-271d1136e34a}; !- Object Name

OS:AdditionalProperties,
  {7440d6d5-1443-4476-8480-d1d42523af7d}, !- Handle
  {35f39603-bbf7-4d10-8c77-2fde7a22909d}; !- Object Name

OS:AdditionalProperties,
  {d3d67ab4-e7ac-49d4-bcd4-accd487ad87c}, !- Handle
  {00c89777-5d74-4e9e-8a5f-0af2510b5fa9}; !- Object Name

OS:AdditionalProperties,
  {ab7feffb-03b6-4d50-af43-348b89c3815d}, !- Handle
  {10e44620-f523-4f48-af80-d73e7531aa3c}; !- Object Name

OS:AdditionalProperties,
  {e82e1260-0334-480e-858b-a60e2a9e846a}, !- Handle
  {3f9514ec-baa2-4f23-925e-3a2b2e9d82a8}; !- Object Name

OS:AdditionalProperties,
  {bff94fc2-d370-4b56-b91d-67cca15ba3a3}, !- Handle
  {6f001f7c-372d-430d-9eea-f8eb8c69d833}; !- Object Name

OS:AdditionalProperties,
  {965a75dc-b29a-4905-b089-748e65295ca8}, !- Handle
  {5328f911-e520-469b-8f04-0675fb521ff4}; !- Object Name

OS:AdditionalProperties,
  {9138ae75-0602-44b0-8c60-cc005e8fb221}, !- Handle
  {6c3bb503-a9b7-4c0a-bf70-1a1a4cdb5b23}; !- Object Name

OS:AdditionalProperties,
  {136dea9a-f69c-47bb-93b9-d50b507f29b5}, !- Handle
  {e702b2bf-73aa-417a-92fd-38716287a7e5}; !- Object Name

OS:AdditionalProperties,
  {013ab72c-4dcb-4889-bfba-c6387e46f31e}, !- Handle
  {ae7b3686-7e72-4535-9a53-2c3ce7a21c2f}; !- Object Name

OS:AdditionalProperties,
  {b0188158-8714-4bb9-a0fd-e0539f690e32}, !- Handle
  {f212301f-30a7-447a-9ad2-434420336de1}; !- Object Name

OS:AdditionalProperties,
  {1f390b47-2879-44cb-a742-2bce0ab2353e}, !- Handle
  {8b60bf5d-4448-40dd-bea0-f9815ab23352}; !- Object Name

OS:AdditionalProperties,
  {3350d998-0785-4162-adca-f1533fdcd954}, !- Handle
  {2b79ec64-cc1b-47f3-82f0-d6063ad7082b}; !- Object Name

OS:AdditionalProperties,
  {de3757e6-869a-4bd2-ab08-caaa1876d942}, !- Handle
  {7f6302a8-29de-4122-8a79-a64d6848b08e}; !- Object Name

OS:AdditionalProperties,
  {55810549-e390-4e95-b550-12d687365e0c}, !- Handle
  {942c15cd-2a92-4aae-a409-15fa1484413b}; !- Object Name

OS:EnergyManagementSystem:Program,
  {614d70a2-f8a2-4460-8c52-8e6311e5b154}, !- Handle
  unmet_hours_program,                    !- Name
  Set htg_unmet_hours = 0,                !- Program Line 1
  Set clg_unmet_hours = 0,                !- Program Line 2
  Set unit_htg_unmet_hours = 0,           !- Program Line 3
  If ((DayOfYear >= 1) && (DayOfYear <= 365)), !- Program Line 4
  Set unit_htg_unmet_hours = unit_htg_unmet_hours + conditioned_space_htg_unmet_s, !- Program Line 5
  If unit_htg_unmet_hours > htg_unmet_hours, !- Program Line 6
  Set htg_unmet_hours = unit_htg_unmet_hours, !- Program Line 7
  EndIf,                                  !- Program Line 8
  EndIf,                                  !- Program Line 9
  Set unit_clg_unmet_hours = 0,           !- Program Line 10
  If ((DayOfYear >= 1) && (DayOfYear <= 365)), !- Program Line 11
  Set unit_clg_unmet_hours = unit_clg_unmet_hours + conditioned_space_clg_unmet_s, !- Program Line 12
  If unit_clg_unmet_hours > clg_unmet_hours, !- Program Line 13
  Set clg_unmet_hours = unit_clg_unmet_hours, !- Program Line 14
  EndIf,                                  !- Program Line 15
  EndIf;                                  !- Program Line 16

OS:AdditionalProperties,
  {ee62e683-320d-4069-9b6d-b6a97800073d}, !- Handle
  {614d70a2-f8a2-4460-8c52-8e6311e5b154}, !- Object Name
  ObjectType,                             !- Feature Name 1
  String,                                 !- Feature Data Type 1
  unmet hours program;                    !- Feature Value 1

OS:EnergyManagementSystem:ProgramCallingManager,
  {51b33105-f1e5-4531-8a6e-6e7f84a49ae4}, !- Handle
  unmet_hours_program_calling_manager,    !- Name
  EndOfZoneTimestepBeforeZoneReporting,   !- EnergyPlus Model Calling Point
  {614d70a2-f8a2-4460-8c52-8e6311e5b154}; !- Program Name 1

OS:EnergyManagementSystem:Sensor,
  {bddeaa3b-2124-4f2b-9808-214bdeef88b3}, !- Handle
  htg_load_cond,                          !- Name
  ,                                       !- Output Variable or Output Meter Index Key Name
  Heating:EnergyTransfer:Zone:CONDITIONED SPACE; !- Output Variable or Output Meter Name

OS:EnergyManagementSystem:Sensor,
  {6e631159-8a3a-48b4-9e15-a5bd00883e7f}, !- Handle
  clg_load_cond,                          !- Name
  ,                                       !- Output Variable or Output Meter Index Key Name
  Cooling:EnergyTransfer:Zone:CONDITIONED SPACE; !- Output Variable or Output Meter Name

OS:EnergyManagementSystem:Sensor,
  {df40062d-696d-4167-83f7-873fd7e57a51}, !- Handle
  htg_load_duct,                          !- Name
  ,                                       !- Output Variable or Output Meter Index Key Name
  Heating:EnergyTransfer:Zone:CENTRAL AC AND FURNACE AIRLOOP RET AIR ZONE; !- Output Variable or Output Meter Name

OS:EnergyManagementSystem:Sensor,
  {c9b82107-af3b-4378-ab39-39eac743544b}, !- Handle
  clg_load_duct,                          !- Name
  ,                                       !- Output Variable or Output Meter Index Key Name
  Cooling:EnergyTransfer:Zone:CENTRAL AC AND FURNACE AIRLOOP RET AIR ZONE; !- Output Variable or Output Meter Name

OS:EnergyManagementSystem:Program,
  {fc130cd1-ca84-4a18-bcd7-1ce5a161b91a}, !- Handle
  total_loads_program,                    !- Name
  Set loads_htg_tot = 0,                  !- Program Line 1
  Set loads_clg_tot = 0,                  !- Program Line 2
  If htg_load_cond > 0,                   !- Program Line 3
  Set loads_htg_tot = loads_htg_tot + (htg_load_cond - clg_load_cond) * 1.0, !- Program Line 4
  Set loads_htg_tot = loads_htg_tot + (htg_load_duct - clg_load_duct) * 1.0, !- Program Line 5
  EndIf,                                  !- Program Line 6
  Set loads_htg_tot = (@Max loads_htg_tot 0), !- Program Line 7
  If clg_load_cond > 0,                   !- Program Line 8
  Set loads_clg_tot = loads_clg_tot + (clg_load_cond - htg_load_cond) * 1.0, !- Program Line 9
  Set loads_clg_tot = loads_clg_tot + (clg_load_duct - htg_load_duct) * 1.0, !- Program Line 10
  EndIf,                                  !- Program Line 11
  Set loads_clg_tot = (@Max loads_clg_tot 0); !- Program Line 12

OS:AdditionalProperties,
  {241f9819-4a2c-412d-8fe4-126b9ae45964}, !- Handle
  {fc130cd1-ca84-4a18-bcd7-1ce5a161b91a}, !- Object Name
  ObjectType,                             !- Feature Name 1
  String,                                 !- Feature Data Type 1
  total loads program;                    !- Feature Value 1

OS:EnergyManagementSystem:ProgramCallingManager,
  {4d0dff5c-34df-4efe-9953-a2e075ef5255}, !- Handle
  total_loads_program_calling_manager,    !- Name
  EndOfZoneTimestepAfterZoneReporting,    !- EnergyPlus Model Calling Point
  {fc130cd1-ca84-4a18-bcd7-1ce5a161b91a}; !- Program Name 1

OS:Output:Diagnostics,
  {7ba92fd5-c2cb-4cf4-820b-8d5aebc85108}, !- Handle
  DisplayAdvancedReportVariables;         !- Key 1

OS:EnergyManagementSystem:Program,
  {08a5686b-e7d4-42d3-9a63-066f1680ca2d}, !- Handle
  component_loads_program,                !- Name
  Set loads_htg_walls = 0,                !- Program Line 1
  Set loads_htg_rim_joists = 0,           !- Program Line 2
  Set loads_htg_foundation_walls = 0,     !- Program Line 3
  Set loads_htg_floors = 0,               !- Program Line 4
  Set loads_htg_slabs = 0,                !- Program Line 5
  Set loads_htg_ceilings = 0,             !- Program Line 6
  Set loads_htg_roofs = 0,                !- Program Line 7
  Set loads_htg_windows_conduction = 0,   !- Program Line 8
  Set loads_htg_windows_solar = 0,        !- Program Line 9
  Set loads_htg_doors = 0,                !- Program Line 10
  Set loads_htg_skylights_conduction = 0, !- Program Line 11
  Set loads_htg_skylights_solar = 0,      !- Program Line 12
  Set loads_htg_internal_mass = 0,        !- Program Line 13
  Set loads_htg_intgains = 0,             !- Program Line 14
  Set loads_htg_lighting = 0,             !- Program Line 15
  Set loads_htg_infil = 0,                !- Program Line 16
  Set loads_htg_mechvent = 0,             !- Program Line 17
  Set loads_htg_natvent = 0,              !- Program Line 18
  Set loads_htg_whf = 0,                  !- Program Line 19
  Set loads_htg_ducts = 0,                !- Program Line 20
  Set loads_clg_walls = 0,                !- Program Line 21
  Set loads_clg_rim_joists = 0,           !- Program Line 22
  Set loads_clg_foundation_walls = 0,     !- Program Line 23
  Set loads_clg_floors = 0,               !- Program Line 24
  Set loads_clg_slabs = 0,                !- Program Line 25
  Set loads_clg_ceilings = 0,             !- Program Line 26
  Set loads_clg_roofs = 0,                !- Program Line 27
  Set loads_clg_windows_conduction = 0,   !- Program Line 28
  Set loads_clg_windows_solar = 0,        !- Program Line 29
  Set loads_clg_doors = 0,                !- Program Line 30
  Set loads_clg_skylights_conduction = 0, !- Program Line 31
  Set loads_clg_skylights_solar = 0,      !- Program Line 32
  Set loads_clg_internal_mass = 0,        !- Program Line 33
  Set loads_clg_intgains = 0,             !- Program Line 34
  Set loads_clg_lighting = 0,             !- Program Line 35
  Set loads_clg_infil = 0,                !- Program Line 36
  Set loads_clg_mechvent = 0,             !- Program Line 37
  Set loads_clg_natvent = 0,              !- Program Line 38
  Set loads_clg_whf = 0,                  !- Program Line 39
  Set loads_clg_ducts = 0,                !- Program Line 40
  Set hr_walls = 0,                       !- Program Line 41
  Set hr_walls = hr_walls + s_conv_2 + s_ig_2 + s_sol_2 + s_lgt_2 + s_surf_2, !- Program Line 42
  Set hr_walls = hr_walls + s_conv_3 + s_ig_3 + s_sol_3 + s_lgt_3 + s_surf_3, !- Program Line 43
  Set hr_walls = hr_walls + s_conv_4 + s_ig_4 + s_sol_4 + s_lgt_4 + s_surf_4, !- Program Line 44
  Set hr_walls = hr_walls + s_conv_5 + s_ig_5 + s_sol_5 + s_lgt_5 + s_surf_5, !- Program Line 45
  Set hr_rim_joists = 0,                  !- Program Line 46
  Set hr_foundation_walls = 0,            !- Program Line 47
  Set hr_floors = 0,                      !- Program Line 48
  Set hr_floors = hr_floors + s_conv + s_ig + s_sol + s_lgt + s_surf, !- Program Line 49
  Set hr_slabs = 0,                       !- Program Line 50
  Set hr_ceilings = 0,                    !- Program Line 51
  Set hr_roofs = 0,                       !- Program Line 52
  Set hr_roofs = hr_roofs + s_conv_1 + s_ig_1 + s_sol_1 + s_lgt_1 + s_surf_1, !- Program Line 53
  Set hr_windows_conduction = 0,          !- Program Line 54
  Set hr_windows_conduction = hr_windows_conduction + ss_conv_1, !- Program Line 55
  Set hr_windows_conduction = hr_windows_conduction + ss_ig_1, !- Program Line 56
  Set hr_windows_conduction = hr_windows_conduction + ss_surf_1, !- Program Line 57
  Set hr_windows_conduction = hr_windows_conduction + ss_conv_2, !- Program Line 58
  Set hr_windows_conduction = hr_windows_conduction + ss_ig_2, !- Program Line 59
  Set hr_windows_conduction = hr_windows_conduction + ss_surf_2, !- Program Line 60
  Set hr_windows_conduction = hr_windows_conduction + ss_conv_3, !- Program Line 61
  Set hr_windows_conduction = hr_windows_conduction + ss_ig_3, !- Program Line 62
  Set hr_windows_conduction = hr_windows_conduction + ss_surf_3, !- Program Line 63
  Set hr_windows_conduction = hr_windows_conduction + ss_conv_4, !- Program Line 64
  Set hr_windows_conduction = hr_windows_conduction + ss_ig_4, !- Program Line 65
  Set hr_windows_conduction = hr_windows_conduction + ss_surf_4, !- Program Line 66
  Set hr_windows_solar = 0,               !- Program Line 67
  Set hr_windows_solar = hr_windows_solar - ss_trans_in * ZoneTimestep * 3600 + ss_back_out * ZoneTimestep * 3600 + ss_trans_out * ZoneTimestep * 3600, !- Program Line 68
  Set hr_windows_solar = hr_windows_solar - ss_trans_in_1 * ZoneTimestep * 3600 + ss_back_out_1 * ZoneTimestep * 3600 + ss_trans_out_1 * ZoneTimestep * 3600, !- Program Line 69
  Set hr_windows_solar = hr_windows_solar - ss_trans_in_2 * ZoneTimestep * 3600 + ss_back_out_2 * ZoneTimestep * 3600 + ss_trans_out_2 * ZoneTimestep * 3600, !- Program Line 70
  Set hr_windows_solar = hr_windows_solar - ss_trans_in_3 * ZoneTimestep * 3600 + ss_back_out_3 * ZoneTimestep * 3600 + ss_trans_out_3 * ZoneTimestep * 3600, !- Program Line 71
  Set hr_doors = 0,                       !- Program Line 72
  Set hr_doors = hr_doors + ss_sol,       !- Program Line 73
  Set hr_doors = hr_doors + ss_lgt,       !- Program Line 74
  Set hr_doors = hr_doors + ss_conv,      !- Program Line 75
  Set hr_doors = hr_doors + ss_ig,        !- Program Line 76
  Set hr_doors = hr_doors + ss_surf,      !- Program Line 77
  Set hr_skylights_conduction = 0,        !- Program Line 78
  Set hr_skylights_solar = 0,             !- Program Line 79
  Set hr_internal_mass = 0,               !- Program Line 80
  Set hr_internal_mass = hr_internal_mass + im_conv + im_ig + im_sol + im_lgt + im_surf, !- Program Line 81
  Set hr_internal_mass = hr_internal_mass + im_conv_1 + im_ig_1 + im_sol_1 + im_lgt_1 + im_surf_1, !- Program Line 82
  Set hr_intgains = 0,                    !- Program Line 83
  Set hr_intgains = hr_intgains - ig_ee_conv - ig_ee_rad - ig_ee_conv_1 - ig_ee_rad_1 - ig_ee_conv_2 - ig_ee_rad_2 - ig_ee_conv_3 - ig_ee_rad_3 - ig_ee_conv_4 - ig_ee_rad_4 - ig_ee_conv_5 - ig_ee_rad_5 - ig_ee_conv_6 - ig_ee_rad_6 - ig_ee_conv_7 - ig_ee_rad_7 - ig_ee_conv_8 - ig_ee_rad_8 - ig_ee_conv_9 - ig_ee_rad_9 - ig_oe_conv - ig_oe_rad - ig_oe_conv_1 - ig_oe_rad_1 - ig_oe_conv_2 - ig_oe_rad_2 - ig_oe_conv_3 - ig_oe_rad_3 - ig_oe_conv_4 - ig_oe_rad_4 - ig_oe_conv_5 - ig_oe_rad_5 - ig_oe_conv_6 - ig_oe_rad_6 - ig_ppl_conv - ig_ppl_rad, !- Program Line 84
  Set hr_lighting = 0,                    !- Program Line 85
  Set hr_lighting = hr_lighting - ig_lgt_conv - ig_lgt_rad - ig_lgt_vis, !- Program Line 86
  Set hr_infil = 0,                       !- Program Line 87
  Set hr_infil = hr_infil - airflow_gain + airflow_loss, !- Program Line 88
  Set hr_natvent = 0,                     !- Program Line 89
  Set hr_natvent = hr_natvent - airflow_gain_1 + airflow_loss_1, !- Program Line 90
  Set hr_whf = 0,                         !- Program Line 91
  Set hr_whf = hr_whf - airflow_gain_2 + airflow_loss_2, !- Program Line 92
  Set hr_mechvent = 0,                    !- Program Line 93
  Set hr_mechvent = hr_mechvent - mv_conv - mv_rad - mv_conv_1 - mv_rad_1 - mv_conv_2 - mv_rad_2 - mv_conv_3 - mv_rad_3 - mv_conv_4 - mv_rad_4 - mv_conv_5 - mv_rad_5, !- Program Line 94
  Set hr_ducts = 0,                       !- Program Line 95
  Set hr_ducts = hr_ducts - ducts_conv - ducts_rad - ducts_conv_1 - ducts_rad_1 - ducts_conv_2 - ducts_rad_2 - ducts_conv_3 - ducts_rad_3 - ducts_conv_4 - ducts_rad_4 - ducts_conv_5 - ducts_rad_5, !- Program Line 96
  Set hr_ducts = hr_ducts + (duct_mix_loss_1 - duct_mix_gain_1), !- Program Line 97
  Set htg_mode = 0,                       !- Program Line 98
  Set clg_mode = 0,                       !- Program Line 99
  If (htg_load_cond > 0),                 !- Program Line 100
  Set htg_mode = 1.0,                     !- Program Line 101
  ElseIf (clg_load_cond > 0),             !- Program Line 102
  Set clg_mode = 1.0,                     !- Program Line 103
  Else,                                   !- Program Line 104
  Set htg_season = 0,                     !- Program Line 105
  Set clg_season = 0,                     !- Program Line 106
  If ((DayOfYear >= 1) && (DayOfYear <= 365)), !- Program Line 107
  Set clg_season = 1,                     !- Program Line 108
  EndIf,                                  !- Program Line 109
  If ((DayOfYear >= 1) && (DayOfYear <= 365)), !- Program Line 110
  Set htg_season = 1,                     !- Program Line 111
  EndIf,                                  !- Program Line 112
  If ((airflow_gain_1 <> 0) || (airflow_loss_1 <> 0)) && (clg_season == 1), !- Program Line 113
  Set clg_mode = 1.0,                     !- Program Line 114
  ElseIf ((airflow_gain_2 <> 0) || (airflow_loss_2 <> 0)) && (clg_season == 1), !- Program Line 115
  Set clg_mode = 1.0,                     !- Program Line 116
  Else,                                   !- Program Line 117
  Set Tmid_setpoint = (htg_sp_s_1 + clg_sp_s_1) / 2, !- Program Line 118
  If (tin_s_1 > Tmid_setpoint) && (clg_season == 1), !- Program Line 119
  Set clg_mode = 1.0,                     !- Program Line 120
  ElseIf (tin_s_1 < Tmid_setpoint) && (htg_season == 1), !- Program Line 121
  Set htg_mode = 1.0,                     !- Program Line 122
  EndIf,                                  !- Program Line 123
  EndIf,                                  !- Program Line 124
  EndIf,                                  !- Program Line 125
  Set loads_htg_walls = loads_htg_walls + (hr_walls * htg_mode * 1), !- Program Line 126
  Set loads_htg_rim_joists = loads_htg_rim_joists + (hr_rim_joists * htg_mode * 1), !- Program Line 127
  Set loads_htg_foundation_walls = loads_htg_foundation_walls + (hr_foundation_walls * htg_mode * 1), !- Program Line 128
  Set loads_htg_floors = loads_htg_floors + (hr_floors * htg_mode * 1), !- Program Line 129
  Set loads_htg_slabs = loads_htg_slabs + (hr_slabs * htg_mode * 1), !- Program Line 130
  Set loads_htg_ceilings = loads_htg_ceilings + (hr_ceilings * htg_mode * 1), !- Program Line 131
  Set loads_htg_roofs = loads_htg_roofs + (hr_roofs * htg_mode * 1), !- Program Line 132
  Set loads_htg_windows_conduction = loads_htg_windows_conduction + (hr_windows_conduction * htg_mode * 1), !- Program Line 133
  Set loads_htg_windows_solar = loads_htg_windows_solar + (hr_windows_solar * htg_mode * 1), !- Program Line 134
  Set loads_htg_doors = loads_htg_doors + (hr_doors * htg_mode * 1), !- Program Line 135
  Set loads_htg_skylights_conduction = loads_htg_skylights_conduction + (hr_skylights_conduction * htg_mode * 1), !- Program Line 136
  Set loads_htg_skylights_solar = loads_htg_skylights_solar + (hr_skylights_solar * htg_mode * 1), !- Program Line 137
  Set loads_htg_internal_mass = loads_htg_internal_mass + (hr_internal_mass * htg_mode * 1), !- Program Line 138
  Set loads_htg_intgains = loads_htg_intgains + (hr_intgains * htg_mode * 1), !- Program Line 139
  Set loads_htg_lighting = loads_htg_lighting + (hr_lighting * htg_mode * 1), !- Program Line 140
  Set loads_htg_infil = loads_htg_infil + (hr_infil * htg_mode * 1), !- Program Line 141
  Set loads_htg_mechvent = loads_htg_mechvent + (hr_mechvent * htg_mode * 1), !- Program Line 142
  Set loads_htg_natvent = loads_htg_natvent + (hr_natvent * htg_mode * 1), !- Program Line 143
  Set loads_htg_whf = loads_htg_whf + (hr_whf * htg_mode * 1), !- Program Line 144
  Set loads_htg_ducts = loads_htg_ducts + (hr_ducts * htg_mode * 1), !- Program Line 145
  Set loads_clg_walls = loads_clg_walls + (-hr_walls * clg_mode * 1), !- Program Line 146
  Set loads_clg_rim_joists = loads_clg_rim_joists + (-hr_rim_joists * clg_mode * 1), !- Program Line 147
  Set loads_clg_foundation_walls = loads_clg_foundation_walls + (-hr_foundation_walls * clg_mode * 1), !- Program Line 148
  Set loads_clg_floors = loads_clg_floors + (-hr_floors * clg_mode * 1), !- Program Line 149
  Set loads_clg_slabs = loads_clg_slabs + (-hr_slabs * clg_mode * 1), !- Program Line 150
  Set loads_clg_ceilings = loads_clg_ceilings + (-hr_ceilings * clg_mode * 1), !- Program Line 151
  Set loads_clg_roofs = loads_clg_roofs + (-hr_roofs * clg_mode * 1), !- Program Line 152
  Set loads_clg_windows_conduction = loads_clg_windows_conduction + (-hr_windows_conduction * clg_mode * 1), !- Program Line 153
  Set loads_clg_windows_solar = loads_clg_windows_solar + (-hr_windows_solar * clg_mode * 1), !- Program Line 154
  Set loads_clg_doors = loads_clg_doors + (-hr_doors * clg_mode * 1), !- Program Line 155
  Set loads_clg_skylights_conduction = loads_clg_skylights_conduction + (-hr_skylights_conduction * clg_mode * 1), !- Program Line 156
  Set loads_clg_skylights_solar = loads_clg_skylights_solar + (-hr_skylights_solar * clg_mode * 1), !- Program Line 157
  Set loads_clg_internal_mass = loads_clg_internal_mass + (-hr_internal_mass * clg_mode * 1), !- Program Line 158
  Set loads_clg_intgains = loads_clg_intgains + (-hr_intgains * clg_mode * 1), !- Program Line 159
  Set loads_clg_lighting = loads_clg_lighting + (-hr_lighting * clg_mode * 1), !- Program Line 160
  Set loads_clg_infil = loads_clg_infil + (-hr_infil * clg_mode * 1), !- Program Line 161
  Set loads_clg_mechvent = loads_clg_mechvent + (-hr_mechvent * clg_mode * 1), !- Program Line 162
  Set loads_clg_natvent = loads_clg_natvent + (-hr_natvent * clg_mode * 1), !- Program Line 163
  Set loads_clg_whf = loads_clg_whf + (-hr_whf * clg_mode * 1), !- Program Line 164
  Set loads_clg_ducts = loads_clg_ducts + (-hr_ducts * clg_mode * 1); !- Program Line 165

OS:AdditionalProperties,
  {70719588-65b8-4b69-ab8a-50219f201002}, !- Handle
  {08a5686b-e7d4-42d3-9a63-066f1680ca2d}, !- Object Name
  ObjectType,                             !- Feature Name 1
  String,                                 !- Feature Data Type 1
  component loads program;                !- Feature Value 1

OS:EnergyManagementSystem:Sensor,
  {f004167d-d6e1-4706-bf38-8c3a5c0fed8c}, !- Handle
  s_conv,                                 !- Name
  Floor1,                                 !- Output Variable or Output Meter Index Key Name
  Surface Inside Face Convection Heat Gain Energy; !- Output Variable or Output Meter Name

OS:EnergyManagementSystem:Sensor,
  {ede4309e-10c5-4dac-88d0-8a02fb581055}, !- Handle
  s_ig,                                   !- Name
  Floor1,                                 !- Output Variable or Output Meter Index Key Name
  Surface Inside Face Internal Gains Radiation Heat Gain Energy; !- Output Variable or Output Meter Name

OS:EnergyManagementSystem:Sensor,
  {e906990c-eea5-47ad-9d74-a5da54a59ce4}, !- Handle
  s_sol,                                  !- Name
  Floor1,                                 !- Output Variable or Output Meter Index Key Name
  Surface Inside Face Solar Radiation Heat Gain Energy; !- Output Variable or Output Meter Name

OS:EnergyManagementSystem:Sensor,
  {9cc126b2-61e5-44dd-b476-c6d230dfda02}, !- Handle
  s_lgt,                                  !- Name
  Floor1,                                 !- Output Variable or Output Meter Index Key Name
  Surface Inside Face Lights Radiation Heat Gain Energy; !- Output Variable or Output Meter Name

OS:EnergyManagementSystem:Sensor,
  {1135eaf4-a151-4c87-9abc-bc19c07ba39e}, !- Handle
  s_surf,                                 !- Name
  Floor1,                                 !- Output Variable or Output Meter Index Key Name
  Surface Inside Face Net Surface Thermal Radiation Heat Gain Energy; !- Output Variable or Output Meter Name

OS:EnergyManagementSystem:Sensor,
  {b8f67a75-7ffe-46a4-8ea3-f0cc09f0a28e}, !- Handle
  s_conv_1,                               !- Name
  Roof1,                                  !- Output Variable or Output Meter Index Key Name
  Surface Inside Face Convection Heat Gain Energy; !- Output Variable or Output Meter Name

OS:EnergyManagementSystem:Sensor,
  {69932758-4ff1-4b7f-a315-9a416687565e}, !- Handle
  s_ig_1,                                 !- Name
  Roof1,                                  !- Output Variable or Output Meter Index Key Name
  Surface Inside Face Internal Gains Radiation Heat Gain Energy; !- Output Variable or Output Meter Name

OS:EnergyManagementSystem:Sensor,
  {2cca7f94-2c67-4c2f-84d2-d6b821bab1ce}, !- Handle
  s_sol_1,                                !- Name
  Roof1,                                  !- Output Variable or Output Meter Index Key Name
  Surface Inside Face Solar Radiation Heat Gain Energy; !- Output Variable or Output Meter Name

OS:EnergyManagementSystem:Sensor,
  {1f88a3f1-e56f-4994-9279-a5bfebb88300}, !- Handle
  s_lgt_1,                                !- Name
  Roof1,                                  !- Output Variable or Output Meter Index Key Name
  Surface Inside Face Lights Radiation Heat Gain Energy; !- Output Variable or Output Meter Name

OS:EnergyManagementSystem:Sensor,
  {a03bc43e-84f3-4390-97a1-4d1bb0c76049}, !- Handle
  s_surf_1,                               !- Name
  Roof1,                                  !- Output Variable or Output Meter Index Key Name
  Surface Inside Face Net Surface Thermal Radiation Heat Gain Energy; !- Output Variable or Output Meter Name

OS:EnergyManagementSystem:Sensor,
  {d3338105-d97f-4f52-b1c8-27f5fec5a4c1}, !- Handle
  ss_sol,                                 !- Name
  Door1,                                  !- Output Variable or Output Meter Index Key Name
  Surface Inside Face Solar Radiation Heat Gain Energy; !- Output Variable or Output Meter Name

OS:EnergyManagementSystem:Sensor,
  {d2abaa19-4708-4094-af5d-53bd8a9e7634}, !- Handle
  ss_lgt,                                 !- Name
  Door1,                                  !- Output Variable or Output Meter Index Key Name
  Surface Inside Face Lights Radiation Heat Gain Energy; !- Output Variable or Output Meter Name

OS:EnergyManagementSystem:Sensor,
  {0350c97a-81ea-4f60-b340-3c96ecd3622d}, !- Handle
  ss_conv,                                !- Name
  Door1,                                  !- Output Variable or Output Meter Index Key Name
  Surface Inside Face Convection Heat Gain Energy; !- Output Variable or Output Meter Name

OS:EnergyManagementSystem:Sensor,
  {3d6a3bbc-cb20-4e53-a69d-7f312d89846e}, !- Handle
  ss_ig,                                  !- Name
  Door1,                                  !- Output Variable or Output Meter Index Key Name
  Surface Inside Face Internal Gains Radiation Heat Gain Energy; !- Output Variable or Output Meter Name

OS:EnergyManagementSystem:Sensor,
  {0427efeb-78e1-478a-9d50-52bc41e6d24f}, !- Handle
  ss_surf,                                !- Name
  Door1,                                  !- Output Variable or Output Meter Index Key Name
  Surface Inside Face Net Surface Thermal Radiation Heat Gain Energy; !- Output Variable or Output Meter Name

OS:EnergyManagementSystem:Sensor,
  {2dbfd345-019e-4c6d-acd2-bc91ddb00b71}, !- Handle
  ss_conv_1,                              !- Name
  Window1,                                !- Output Variable or Output Meter Index Key Name
  Surface Inside Face Convection Heat Gain Energy; !- Output Variable or Output Meter Name

OS:EnergyManagementSystem:Sensor,
  {fbfc3aef-d1c2-43eb-b5a2-802c1206c219}, !- Handle
  ss_ig_1,                                !- Name
  Window1,                                !- Output Variable or Output Meter Index Key Name
  Surface Inside Face Internal Gains Radiation Heat Gain Energy; !- Output Variable or Output Meter Name

OS:EnergyManagementSystem:Sensor,
  {e6ee4b42-9279-4bbf-b8d8-e606d0a13c7c}, !- Handle
  ss_surf_1,                              !- Name
  Window1,                                !- Output Variable or Output Meter Index Key Name
  Surface Inside Face Net Surface Thermal Radiation Heat Gain Energy; !- Output Variable or Output Meter Name

OS:EnergyManagementSystem:Sensor,
  {5c468913-9001-4700-bac4-4aef461aa9a6}, !- Handle
  ss_trans_in,                            !- Name
  Window1,                                !- Output Variable or Output Meter Index Key Name
  Surface Window Transmitted Solar Radiation Rate; !- Output Variable or Output Meter Name

OS:EnergyManagementSystem:Sensor,
  {f66f4cc0-f5a8-4da5-9d9b-0c960ed31c7e}, !- Handle
  ss_back_out,                            !- Name
  Window1,                                !- Output Variable or Output Meter Index Key Name
  Surface Window Shortwave from Zone Back Out Window Heat Transfer Rate; !- Output Variable or Output Meter Name

OS:EnergyManagementSystem:Sensor,
  {ece3a347-e526-4895-a769-6c9fe08f907c}, !- Handle
  ss_trans_out,                           !- Name
  Window1,                                !- Output Variable or Output Meter Index Key Name
  Surface Inside Face Initial Transmitted Diffuse Transmitted Out Window Solar Radiation Rate; !- Output Variable or Output Meter Name

OS:EnergyManagementSystem:Sensor,
  {6e4b437e-055c-41f7-aa36-ee0a4d5faeb2}, !- Handle
  ss_conv_2,                              !- Name
  Window2,                                !- Output Variable or Output Meter Index Key Name
  Surface Inside Face Convection Heat Gain Energy; !- Output Variable or Output Meter Name

OS:EnergyManagementSystem:Sensor,
  {022302c0-5c9b-4050-89e0-fdb0078f1459}, !- Handle
  ss_ig_2,                                !- Name
  Window2,                                !- Output Variable or Output Meter Index Key Name
  Surface Inside Face Internal Gains Radiation Heat Gain Energy; !- Output Variable or Output Meter Name

OS:EnergyManagementSystem:Sensor,
  {33494847-ce89-414d-b4a8-e6d902593333}, !- Handle
  ss_surf_2,                              !- Name
  Window2,                                !- Output Variable or Output Meter Index Key Name
  Surface Inside Face Net Surface Thermal Radiation Heat Gain Energy; !- Output Variable or Output Meter Name

OS:EnergyManagementSystem:Sensor,
  {64787e69-365b-4615-ac7a-cc94b08410a5}, !- Handle
  ss_trans_in_1,                          !- Name
  Window2,                                !- Output Variable or Output Meter Index Key Name
  Surface Window Transmitted Solar Radiation Rate; !- Output Variable or Output Meter Name

OS:EnergyManagementSystem:Sensor,
  {6433ba31-f53e-481a-b598-a1902058396d}, !- Handle
  ss_back_out_1,                          !- Name
  Window2,                                !- Output Variable or Output Meter Index Key Name
  Surface Window Shortwave from Zone Back Out Window Heat Transfer Rate; !- Output Variable or Output Meter Name

OS:EnergyManagementSystem:Sensor,
  {48053bfa-3f14-4a03-b407-f2534348e2a4}, !- Handle
  ss_trans_out_1,                         !- Name
  Window2,                                !- Output Variable or Output Meter Index Key Name
  Surface Inside Face Initial Transmitted Diffuse Transmitted Out Window Solar Radiation Rate; !- Output Variable or Output Meter Name

OS:EnergyManagementSystem:Sensor,
  {56135ecb-096d-482c-a375-f22d2bf9da98}, !- Handle
  ss_conv_3,                              !- Name
  Window3,                                !- Output Variable or Output Meter Index Key Name
  Surface Inside Face Convection Heat Gain Energy; !- Output Variable or Output Meter Name

OS:EnergyManagementSystem:Sensor,
  {d59288e0-3c13-4113-a8f7-438d6a3a727c}, !- Handle
  ss_ig_3,                                !- Name
  Window3,                                !- Output Variable or Output Meter Index Key Name
  Surface Inside Face Internal Gains Radiation Heat Gain Energy; !- Output Variable or Output Meter Name

OS:EnergyManagementSystem:Sensor,
  {d7c4cc6a-5a2a-4688-a5e6-dc55abaf5790}, !- Handle
  ss_surf_3,                              !- Name
  Window3,                                !- Output Variable or Output Meter Index Key Name
  Surface Inside Face Net Surface Thermal Radiation Heat Gain Energy; !- Output Variable or Output Meter Name

OS:EnergyManagementSystem:Sensor,
  {f0a2d06b-da0b-415d-8a0a-da23eea74943}, !- Handle
  ss_trans_in_2,                          !- Name
  Window3,                                !- Output Variable or Output Meter Index Key Name
  Surface Window Transmitted Solar Radiation Rate; !- Output Variable or Output Meter Name

OS:EnergyManagementSystem:Sensor,
  {3ad4bafe-a2b5-48c3-b179-c48dbb40dbb7}, !- Handle
  ss_back_out_2,                          !- Name
  Window3,                                !- Output Variable or Output Meter Index Key Name
  Surface Window Shortwave from Zone Back Out Window Heat Transfer Rate; !- Output Variable or Output Meter Name

OS:EnergyManagementSystem:Sensor,
  {9979c75d-df41-4954-b960-ccfac3a27ec6}, !- Handle
  ss_trans_out_2,                         !- Name
  Window3,                                !- Output Variable or Output Meter Index Key Name
  Surface Inside Face Initial Transmitted Diffuse Transmitted Out Window Solar Radiation Rate; !- Output Variable or Output Meter Name

OS:EnergyManagementSystem:Sensor,
  {36c34e7a-f54c-44b2-8b42-5017ed82640a}, !- Handle
  ss_conv_4,                              !- Name
  Window4,                                !- Output Variable or Output Meter Index Key Name
  Surface Inside Face Convection Heat Gain Energy; !- Output Variable or Output Meter Name

OS:EnergyManagementSystem:Sensor,
  {0d36b21e-c9c2-4b34-8a59-bbcee868504c}, !- Handle
  ss_ig_4,                                !- Name
  Window4,                                !- Output Variable or Output Meter Index Key Name
  Surface Inside Face Internal Gains Radiation Heat Gain Energy; !- Output Variable or Output Meter Name

OS:EnergyManagementSystem:Sensor,
  {9d19dedd-10d0-41bb-9256-d29d00caa6bd}, !- Handle
  ss_surf_4,                              !- Name
  Window4,                                !- Output Variable or Output Meter Index Key Name
  Surface Inside Face Net Surface Thermal Radiation Heat Gain Energy; !- Output Variable or Output Meter Name

OS:EnergyManagementSystem:Sensor,
  {8f1cb679-d113-4cda-9d08-449beb23b379}, !- Handle
  ss_trans_in_3,                          !- Name
  Window4,                                !- Output Variable or Output Meter Index Key Name
  Surface Window Transmitted Solar Radiation Rate; !- Output Variable or Output Meter Name

OS:EnergyManagementSystem:Sensor,
  {0ed7048d-d9d9-4977-b693-e03a5d509abd}, !- Handle
  ss_back_out_3,                          !- Name
  Window4,                                !- Output Variable or Output Meter Index Key Name
  Surface Window Shortwave from Zone Back Out Window Heat Transfer Rate; !- Output Variable or Output Meter Name

OS:EnergyManagementSystem:Sensor,
  {49871078-258a-4c9c-b4f2-ab12a287dc18}, !- Handle
  ss_trans_out_3,                         !- Name
  Window4,                                !- Output Variable or Output Meter Index Key Name
  Surface Inside Face Initial Transmitted Diffuse Transmitted Out Window Solar Radiation Rate; !- Output Variable or Output Meter Name

OS:EnergyManagementSystem:Sensor,
  {e48bf373-1388-4a1e-8844-7d4d27ecb5d4}, !- Handle
  s_conv_2,                               !- Name
  Wall1,                                  !- Output Variable or Output Meter Index Key Name
  Surface Inside Face Convection Heat Gain Energy; !- Output Variable or Output Meter Name

OS:EnergyManagementSystem:Sensor,
  {64aa8ddc-a36c-4c0b-9ca3-8cbf5c954404}, !- Handle
  s_ig_2,                                 !- Name
  Wall1,                                  !- Output Variable or Output Meter Index Key Name
  Surface Inside Face Internal Gains Radiation Heat Gain Energy; !- Output Variable or Output Meter Name

OS:EnergyManagementSystem:Sensor,
  {559cad0d-ba7d-4967-8ad7-2232032cc03e}, !- Handle
  s_sol_2,                                !- Name
  Wall1,                                  !- Output Variable or Output Meter Index Key Name
  Surface Inside Face Solar Radiation Heat Gain Energy; !- Output Variable or Output Meter Name

OS:EnergyManagementSystem:Sensor,
  {27e38a27-f727-4060-bcee-7cab45ddb93c}, !- Handle
  s_lgt_2,                                !- Name
  Wall1,                                  !- Output Variable or Output Meter Index Key Name
  Surface Inside Face Lights Radiation Heat Gain Energy; !- Output Variable or Output Meter Name

OS:EnergyManagementSystem:Sensor,
  {1f5f62e0-0e7c-4515-90ac-1ec9c0da3e17}, !- Handle
  s_surf_2,                               !- Name
  Wall1,                                  !- Output Variable or Output Meter Index Key Name
  Surface Inside Face Net Surface Thermal Radiation Heat Gain Energy; !- Output Variable or Output Meter Name

OS:EnergyManagementSystem:Sensor,
  {97077e4c-616f-43c2-b2f0-7cef663b27e9}, !- Handle
  s_conv_3,                               !- Name
  Wall2,                                  !- Output Variable or Output Meter Index Key Name
  Surface Inside Face Convection Heat Gain Energy; !- Output Variable or Output Meter Name

OS:EnergyManagementSystem:Sensor,
  {a6fa6afc-99ec-4b39-b019-5e7ee6a3793c}, !- Handle
  s_ig_3,                                 !- Name
  Wall2,                                  !- Output Variable or Output Meter Index Key Name
  Surface Inside Face Internal Gains Radiation Heat Gain Energy; !- Output Variable or Output Meter Name

OS:EnergyManagementSystem:Sensor,
  {f9224974-f805-4629-86e5-8b74ade1ac55}, !- Handle
  s_sol_3,                                !- Name
  Wall2,                                  !- Output Variable or Output Meter Index Key Name
  Surface Inside Face Solar Radiation Heat Gain Energy; !- Output Variable or Output Meter Name

OS:EnergyManagementSystem:Sensor,
  {d3f48a95-c4d8-488e-9139-80527822603a}, !- Handle
  s_lgt_3,                                !- Name
  Wall2,                                  !- Output Variable or Output Meter Index Key Name
  Surface Inside Face Lights Radiation Heat Gain Energy; !- Output Variable or Output Meter Name

OS:EnergyManagementSystem:Sensor,
  {436445ee-c749-4e98-8148-c6d7c31f4b10}, !- Handle
  s_surf_3,                               !- Name
  Wall2,                                  !- Output Variable or Output Meter Index Key Name
  Surface Inside Face Net Surface Thermal Radiation Heat Gain Energy; !- Output Variable or Output Meter Name

OS:EnergyManagementSystem:Sensor,
  {9b51f335-552f-4074-961b-8b15c268f3fd}, !- Handle
  s_conv_4,                               !- Name
  Wall3,                                  !- Output Variable or Output Meter Index Key Name
  Surface Inside Face Convection Heat Gain Energy; !- Output Variable or Output Meter Name

OS:EnergyManagementSystem:Sensor,
  {40426c5d-7beb-450a-8dca-7b81b228bf37}, !- Handle
  s_ig_4,                                 !- Name
  Wall3,                                  !- Output Variable or Output Meter Index Key Name
  Surface Inside Face Internal Gains Radiation Heat Gain Energy; !- Output Variable or Output Meter Name

OS:EnergyManagementSystem:Sensor,
  {f6eb4595-b08e-4eb4-9659-53ce514577d0}, !- Handle
  s_sol_4,                                !- Name
  Wall3,                                  !- Output Variable or Output Meter Index Key Name
  Surface Inside Face Solar Radiation Heat Gain Energy; !- Output Variable or Output Meter Name

OS:EnergyManagementSystem:Sensor,
  {a75dceb1-a59d-4af8-b886-96cb62dc7b5a}, !- Handle
  s_lgt_4,                                !- Name
  Wall3,                                  !- Output Variable or Output Meter Index Key Name
  Surface Inside Face Lights Radiation Heat Gain Energy; !- Output Variable or Output Meter Name

OS:EnergyManagementSystem:Sensor,
  {fb2b6bfc-d29c-41fe-b84f-634ae759c1b0}, !- Handle
  s_surf_4,                               !- Name
  Wall3,                                  !- Output Variable or Output Meter Index Key Name
  Surface Inside Face Net Surface Thermal Radiation Heat Gain Energy; !- Output Variable or Output Meter Name

OS:EnergyManagementSystem:Sensor,
  {db5b0f7f-1031-4275-8c00-352f3f29a5f9}, !- Handle
  s_conv_5,                               !- Name
  Wall4,                                  !- Output Variable or Output Meter Index Key Name
  Surface Inside Face Convection Heat Gain Energy; !- Output Variable or Output Meter Name

OS:EnergyManagementSystem:Sensor,
  {42ca9193-b812-4c47-82ec-555af6daa9ab}, !- Handle
  s_ig_5,                                 !- Name
  Wall4,                                  !- Output Variable or Output Meter Index Key Name
  Surface Inside Face Internal Gains Radiation Heat Gain Energy; !- Output Variable or Output Meter Name

OS:EnergyManagementSystem:Sensor,
  {bf65bf59-0506-4251-890c-fa1f560f77de}, !- Handle
  s_sol_5,                                !- Name
  Wall4,                                  !- Output Variable or Output Meter Index Key Name
  Surface Inside Face Solar Radiation Heat Gain Energy; !- Output Variable or Output Meter Name

OS:EnergyManagementSystem:Sensor,
  {24f5a5f3-d27c-4cbd-ab40-adae5634773e}, !- Handle
  s_lgt_5,                                !- Name
  Wall4,                                  !- Output Variable or Output Meter Index Key Name
  Surface Inside Face Lights Radiation Heat Gain Energy; !- Output Variable or Output Meter Name

OS:EnergyManagementSystem:Sensor,
  {77b4c4c5-3458-42a4-96d6-c2b2b8b0c60a}, !- Handle
  s_surf_5,                               !- Name
  Wall4,                                  !- Output Variable or Output Meter Index Key Name
  Surface Inside Face Net Surface Thermal Radiation Heat Gain Energy; !- Output Variable or Output Meter Name

OS:EnergyManagementSystem:Sensor,
  {df0e3adc-b753-4008-9002-2349e31b0a85}, !- Handle
  im_conv,                                !- Name
  furniture mass conditioned space 1,     !- Output Variable or Output Meter Index Key Name
  Surface Inside Face Convection Heat Gain Energy; !- Output Variable or Output Meter Name

OS:EnergyManagementSystem:Sensor,
  {2bef0d30-a689-42bc-b9a9-4d3b01569b02}, !- Handle
  im_ig,                                  !- Name
  furniture mass conditioned space 1,     !- Output Variable or Output Meter Index Key Name
  Surface Inside Face Internal Gains Radiation Heat Gain Energy; !- Output Variable or Output Meter Name

OS:EnergyManagementSystem:Sensor,
  {adbc194d-3590-4d36-a667-94366958335c}, !- Handle
  im_sol,                                 !- Name
  furniture mass conditioned space 1,     !- Output Variable or Output Meter Index Key Name
  Surface Inside Face Solar Radiation Heat Gain Energy; !- Output Variable or Output Meter Name

OS:EnergyManagementSystem:Sensor,
  {d579c856-1bdd-4116-add5-60c7f69173a1}, !- Handle
  im_lgt,                                 !- Name
  furniture mass conditioned space 1,     !- Output Variable or Output Meter Index Key Name
  Surface Inside Face Lights Radiation Heat Gain Energy; !- Output Variable or Output Meter Name

OS:EnergyManagementSystem:Sensor,
  {349dfa65-934e-4690-9f71-219530a23d7d}, !- Handle
  im_surf,                                !- Name
  furniture mass conditioned space 1,     !- Output Variable or Output Meter Index Key Name
  Surface Inside Face Net Surface Thermal Radiation Heat Gain Energy; !- Output Variable or Output Meter Name

OS:EnergyManagementSystem:Sensor,
  {77ded5e2-5642-4f91-8d8f-9c292a1f1e1a}, !- Handle
  im_conv_1,                              !- Name
  partition wall mass,                    !- Output Variable or Output Meter Index Key Name
  Surface Inside Face Convection Heat Gain Energy; !- Output Variable or Output Meter Name

OS:EnergyManagementSystem:Sensor,
  {c0e2e82e-3e2d-48f7-840e-1a5e8c843908}, !- Handle
  im_ig_1,                                !- Name
  partition wall mass,                    !- Output Variable or Output Meter Index Key Name
  Surface Inside Face Internal Gains Radiation Heat Gain Energy; !- Output Variable or Output Meter Name

OS:EnergyManagementSystem:Sensor,
  {a832d5d4-bd36-4deb-b5f7-f022f0089857}, !- Handle
  im_sol_1,                               !- Name
  partition wall mass,                    !- Output Variable or Output Meter Index Key Name
  Surface Inside Face Solar Radiation Heat Gain Energy; !- Output Variable or Output Meter Name

OS:EnergyManagementSystem:Sensor,
  {a8e31bc8-432f-4dd1-87b8-ae22d4b43091}, !- Handle
  im_lgt_1,                               !- Name
  partition wall mass,                    !- Output Variable or Output Meter Index Key Name
  Surface Inside Face Lights Radiation Heat Gain Energy; !- Output Variable or Output Meter Name

OS:EnergyManagementSystem:Sensor,
  {49f2d6c2-1778-47e2-9b21-c4ec1df748a4}, !- Handle
  im_surf_1,                              !- Name
  partition wall mass,                    !- Output Variable or Output Meter Index Key Name
  Surface Inside Face Net Surface Thermal Radiation Heat Gain Energy; !- Output Variable or Output Meter Name

OS:EnergyManagementSystem:Sensor,
  {a86503cb-b4bf-4748-8781-2d0d215c4598}, !- Handle
  airflow_gain,                           !- Name
  infil flow,                             !- Output Variable or Output Meter Index Key Name
  Infiltration Sensible Heat Gain Energy; !- Output Variable or Output Meter Name

OS:EnergyManagementSystem:Sensor,
  {150f6aa7-56f7-450b-8530-584634711e3f}, !- Handle
  airflow_loss,                           !- Name
  infil flow,                             !- Output Variable or Output Meter Index Key Name
  Infiltration Sensible Heat Loss Energy; !- Output Variable or Output Meter Name

OS:EnergyManagementSystem:Sensor,
  {ca2e195a-6f70-4d4f-8e34-e619fcf60577}, !- Handle
  airflow_gain_1,                         !- Name
  natural vent flow,                      !- Output Variable or Output Meter Index Key Name
  Infiltration Sensible Heat Gain Energy; !- Output Variable or Output Meter Name

OS:EnergyManagementSystem:Sensor,
  {27c6ac27-3146-47ae-ab1d-180813e2a06a}, !- Handle
  airflow_loss_1,                         !- Name
  natural vent flow,                      !- Output Variable or Output Meter Index Key Name
  Infiltration Sensible Heat Loss Energy; !- Output Variable or Output Meter Name

OS:EnergyManagementSystem:Sensor,
  {5de5e461-6104-43f0-a7b3-2dbefe0d88d5}, !- Handle
  airflow_gain_2,                         !- Name
  whole house fan flow,                   !- Output Variable or Output Meter Index Key Name
  Infiltration Sensible Heat Gain Energy; !- Output Variable or Output Meter Name

OS:EnergyManagementSystem:Sensor,
  {48e105d2-662a-445e-b9c9-91b384f063fb}, !- Handle
  airflow_loss_2,                         !- Name
  whole house fan flow,                   !- Output Variable or Output Meter Index Key Name
  Infiltration Sensible Heat Loss Energy; !- Output Variable or Output Meter Name

OS:EnergyManagementSystem:Sensor,
  {faa8b482-ebf3-4823-ac45-7e8c9044ede4}, !- Handle
  mv_conv,                                !- Name
  mech vent bath fan 0,                   !- Output Variable or Output Meter Index Key Name
  Electric Equipment Convective Heating Energy; !- Output Variable or Output Meter Name

OS:EnergyManagementSystem:Sensor,
  {f2200d65-b35c-4365-98bf-ea54ddeaddd4}, !- Handle
  mv_rad,                                 !- Name
  mech vent bath fan 0,                   !- Output Variable or Output Meter Index Key Name
  Electric Equipment Radiant Heating Energy; !- Output Variable or Output Meter Name

OS:EnergyManagementSystem:Sensor,
  {8feabbce-a820-4c00-9e54-72dad7142b13}, !- Handle
  mv_conv_1,                              !- Name
  mech vent house fan,                    !- Output Variable or Output Meter Index Key Name
  Electric Equipment Convective Heating Energy; !- Output Variable or Output Meter Name

OS:EnergyManagementSystem:Sensor,
  {33a779ce-f0cd-4331-a817-e632786e5c43}, !- Handle
  mv_rad_1,                               !- Name
  mech vent house fan,                    !- Output Variable or Output Meter Index Key Name
  Electric Equipment Radiant Heating Energy; !- Output Variable or Output Meter Name

OS:EnergyManagementSystem:Sensor,
  {d72ffffe-f55d-4451-886d-9cb259a2b609}, !- Handle
  mv_conv_2,                              !- Name
  mech vent house fan cfis,               !- Output Variable or Output Meter Index Key Name
  Electric Equipment Convective Heating Energy; !- Output Variable or Output Meter Name

OS:EnergyManagementSystem:Sensor,
  {fcbac3cb-159c-4aa7-bb73-9c86ed5d7ea5}, !- Handle
  mv_rad_2,                               !- Name
  mech vent house fan cfis,               !- Output Variable or Output Meter Index Key Name
  Electric Equipment Radiant Heating Energy; !- Output Variable or Output Meter Name

OS:EnergyManagementSystem:Sensor,
  {cbd9706b-7bb1-47d2-bb4f-11034bca5044}, !- Handle
  mv_conv_3,                              !- Name
  mech vent range fan 0,                  !- Output Variable or Output Meter Index Key Name
  Electric Equipment Convective Heating Energy; !- Output Variable or Output Meter Name

OS:EnergyManagementSystem:Sensor,
  {b0c42959-1fa5-4074-81ac-835e556b87a5}, !- Handle
  mv_rad_3,                               !- Name
  mech vent range fan 0,                  !- Output Variable or Output Meter Index Key Name
  Electric Equipment Radiant Heating Energy; !- Output Variable or Output Meter Name

OS:EnergyManagementSystem:Sensor,
  {00aaa573-5713-45b9-906e-1cfbdbfd1a92}, !- Handle
  mv_conv_4,                              !- Name
  mech vent house fan latent load,        !- Output Variable or Output Meter Index Key Name
  Other Equipment Convective Heating Energy; !- Output Variable or Output Meter Name

OS:EnergyManagementSystem:Sensor,
  {e117e3d8-9c87-4ba2-afdd-eee8c76efeb5}, !- Handle
  mv_rad_4,                               !- Name
  mech vent house fan latent load,        !- Output Variable or Output Meter Index Key Name
  Other Equipment Radiant Heating Energy; !- Output Variable or Output Meter Name

OS:EnergyManagementSystem:Sensor,
  {a29bcabb-059d-4c8f-bef7-3f0388231136}, !- Handle
  mv_conv_5,                              !- Name
  mech vent house fan sensible load,      !- Output Variable or Output Meter Index Key Name
  Other Equipment Convective Heating Energy; !- Output Variable or Output Meter Name

OS:EnergyManagementSystem:Sensor,
  {d7c03a0a-3c46-4591-8f98-d143b9407536}, !- Handle
  mv_rad_5,                               !- Name
  mech vent house fan sensible load,      !- Output Variable or Output Meter Index Key Name
  Other Equipment Radiant Heating Energy; !- Output Variable or Output Meter Name

OS:EnergyManagementSystem:Sensor,
  {4ca42808-63f8-4183-a5b2-9965895fe9b5}, !- Handle
  duct_mix_gain,                          !- Name
  conditioned space,                      !- Output Variable or Output Meter Index Key Name
  Zone Mixing Sensible Heat Gain Energy;  !- Output Variable or Output Meter Name

OS:EnergyManagementSystem:Sensor,
  {1feafac6-f3c2-4e1a-8530-08943a424ec5}, !- Handle
  duct_mix_loss,                          !- Name
  conditioned space,                      !- Output Variable or Output Meter Index Key Name
  Zone Mixing Sensible Heat Loss Energy;  !- Output Variable or Output Meter Name

OS:EnergyManagementSystem:Sensor,
  {67f6b26d-ebe2-4708-8101-d5f37c64bedd}, !- Handle
  duct_mix_gain_1,                        !- Name
  conditioned space,                      !- Output Variable or Output Meter Index Key Name
  Zone Mixing Sensible Heat Gain Energy;  !- Output Variable or Output Meter Name

OS:EnergyManagementSystem:Sensor,
  {6f725e27-4ae5-48d2-a77f-799a52205fb7}, !- Handle
  duct_mix_loss_1,                        !- Name
  conditioned space,                      !- Output Variable or Output Meter Index Key Name
  Zone Mixing Sensible Heat Loss Energy;  !- Output Variable or Output Meter Name

OS:EnergyManagementSystem:Sensor,
  {7c14d49a-21cd-4c46-9724-0ca70da4d5c3}, !- Handle
  ducts_conv,                             !- Name
  central ac and furnace airloop_0 RetCondToRP, !- Output Variable or Output Meter Index Key Name
  Other Equipment Convective Heating Energy; !- Output Variable or Output Meter Name

OS:EnergyManagementSystem:Sensor,
  {995f4ef5-39bd-4ff6-aea8-882b00213739}, !- Handle
  ducts_rad,                              !- Name
  central ac and furnace airloop_0 RetCondToRP, !- Output Variable or Output Meter Index Key Name
  Other Equipment Radiant Heating Energy; !- Output Variable or Output Meter Name

OS:EnergyManagementSystem:Sensor,
  {13a4c630-5b29-42bf-a208-8fd293ba168a}, !- Handle
  ducts_conv_1,                           !- Name
  central ac and furnace airloop_0 RetLatLkToRP, !- Output Variable or Output Meter Index Key Name
  Other Equipment Convective Heating Energy; !- Output Variable or Output Meter Name

OS:EnergyManagementSystem:Sensor,
  {5a98d9c9-1be6-41a3-8d36-c4b567a3beb9}, !- Handle
  ducts_rad_1,                            !- Name
  central ac and furnace airloop_0 RetLatLkToRP, !- Output Variable or Output Meter Index Key Name
  Other Equipment Radiant Heating Energy; !- Output Variable or Output Meter Name

OS:EnergyManagementSystem:Sensor,
  {a8a00c69-ec66-4a96-9f77-ba033ce2abff}, !- Handle
  ducts_conv_2,                           !- Name
  central ac and furnace airloop_0 RetSensLkToRP, !- Output Variable or Output Meter Index Key Name
  Other Equipment Convective Heating Energy; !- Output Variable or Output Meter Name

OS:EnergyManagementSystem:Sensor,
  {48c0d073-c104-463a-9053-e7dc8a184960}, !- Handle
  ducts_rad_2,                            !- Name
  central ac and furnace airloop_0 RetSensLkToRP, !- Output Variable or Output Meter Index Key Name
  Other Equipment Radiant Heating Energy; !- Output Variable or Output Meter Name

OS:EnergyManagementSystem:Sensor,
  {8c305370-43d5-4e17-bda0-90d497a46adc}, !- Handle
  ducts_conv_3,                           !- Name
  central ac and furnace airloop_0 SupCondToLv, !- Output Variable or Output Meter Index Key Name
  Other Equipment Convective Heating Energy; !- Output Variable or Output Meter Name

OS:EnergyManagementSystem:Sensor,
  {88b0336d-8827-41f2-ad97-3e7eb74fac92}, !- Handle
  ducts_rad_3,                            !- Name
  central ac and furnace airloop_0 SupCondToLv, !- Output Variable or Output Meter Index Key Name
  Other Equipment Radiant Heating Energy; !- Output Variable or Output Meter Name

OS:EnergyManagementSystem:Sensor,
  {6d09c1be-e31a-4edb-bd88-f0638efa33e0}, !- Handle
  ducts_conv_4,                           !- Name
  central ac and furnace airloop_0 SupLatLkToCond, !- Output Variable or Output Meter Index Key Name
  Other Equipment Convective Heating Energy; !- Output Variable or Output Meter Name

OS:EnergyManagementSystem:Sensor,
  {66f26ab9-2c0c-489a-9556-e607b753bf68}, !- Handle
  ducts_rad_4,                            !- Name
  central ac and furnace airloop_0 SupLatLkToCond, !- Output Variable or Output Meter Index Key Name
  Other Equipment Radiant Heating Energy; !- Output Variable or Output Meter Name

OS:EnergyManagementSystem:Sensor,
  {ab86fff2-165f-483b-984d-0a260dd2aefe}, !- Handle
  ducts_conv_5,                           !- Name
  central ac and furnace airloop_0 SupSensLkToCond, !- Output Variable or Output Meter Index Key Name
  Other Equipment Convective Heating Energy; !- Output Variable or Output Meter Name

OS:EnergyManagementSystem:Sensor,
  {0c77ddc3-dc7e-4c57-baf1-5c4e69312c65}, !- Handle
  ducts_rad_5,                            !- Name
  central ac and furnace airloop_0 SupSensLkToCond, !- Output Variable or Output Meter Index Key Name
  Other Equipment Radiant Heating Energy; !- Output Variable or Output Meter Name

OS:EnergyManagementSystem:Sensor,
  {fce7f9cb-ed19-4ca1-958a-eb2943875296}, !- Handle
  ig_lgt_conv,                            !- Name
  interior lighting,                      !- Output Variable or Output Meter Index Key Name
  Lights Convective Heating Energy;       !- Output Variable or Output Meter Name

OS:EnergyManagementSystem:Sensor,
  {807ef0d6-b3dd-486a-93d8-41432aaf8a6a}, !- Handle
  ig_lgt_rad,                             !- Name
  interior lighting,                      !- Output Variable or Output Meter Index Key Name
  Lights Radiant Heating Energy;          !- Output Variable or Output Meter Name

OS:EnergyManagementSystem:Sensor,
  {ab806d5b-8df6-48ae-a403-064a8e0d39d0}, !- Handle
  ig_lgt_vis,                             !- Name
  interior lighting,                      !- Output Variable or Output Meter Index Key Name
  Lights Visible Radiation Heating Energy; !- Output Variable or Output Meter Name

OS:EnergyManagementSystem:Sensor,
  {629bc1d0-cd68-4806-9002-d1e1b8eff7d4}, !- Handle
  ig_ee_conv,                             !- Name
  ceiling fan,                            !- Output Variable or Output Meter Index Key Name
  Electric Equipment Convective Heating Energy; !- Output Variable or Output Meter Name

OS:EnergyManagementSystem:Sensor,
  {ff49ba28-8d62-4c41-b353-ee1a36b1c0aa}, !- Handle
  ig_ee_rad,                              !- Name
  ceiling fan,                            !- Output Variable or Output Meter Index Key Name
  Electric Equipment Radiant Heating Energy; !- Output Variable or Output Meter Name

OS:EnergyManagementSystem:Sensor,
  {55c7c253-d868-49b3-b60b-42f659048102}, !- Handle
  ig_ee_conv_1,                           !- Name
  clothes dryer,                          !- Output Variable or Output Meter Index Key Name
  Electric Equipment Convective Heating Energy; !- Output Variable or Output Meter Name

OS:EnergyManagementSystem:Sensor,
  {5c8b382d-ecd4-4f41-88ec-35d26c54a36f}, !- Handle
  ig_ee_rad_1,                            !- Name
  clothes dryer,                          !- Output Variable or Output Meter Index Key Name
  Electric Equipment Radiant Heating Energy; !- Output Variable or Output Meter Name

OS:EnergyManagementSystem:Sensor,
  {b67bae93-887e-4a76-b9fa-e9bd31994577}, !- Handle
  ig_ee_conv_2,                           !- Name
  clothes washer,                         !- Output Variable or Output Meter Index Key Name
  Electric Equipment Convective Heating Energy; !- Output Variable or Output Meter Name

OS:EnergyManagementSystem:Sensor,
  {40b57a0b-8bb5-4dc8-8508-4861851e882c}, !- Handle
  ig_ee_rad_2,                            !- Name
  clothes washer,                         !- Output Variable or Output Meter Index Key Name
  Electric Equipment Radiant Heating Energy; !- Output Variable or Output Meter Name

OS:EnergyManagementSystem:Sensor,
  {b45c3c8b-f860-4393-b868-159d32ba80ef}, !- Handle
  ig_ee_conv_3,                           !- Name
  cooking range,                          !- Output Variable or Output Meter Index Key Name
  Electric Equipment Convective Heating Energy; !- Output Variable or Output Meter Name

OS:EnergyManagementSystem:Sensor,
  {620cc0c3-3a94-4bb1-bf71-560b18076b68}, !- Handle
  ig_ee_rad_3,                            !- Name
  cooking range,                          !- Output Variable or Output Meter Index Key Name
  Electric Equipment Radiant Heating Energy; !- Output Variable or Output Meter Name

OS:EnergyManagementSystem:Sensor,
  {b238d714-c126-46d3-a502-58a07902ed81}, !- Handle
  ig_ee_conv_4,                           !- Name
  dishwasher,                             !- Output Variable or Output Meter Index Key Name
  Electric Equipment Convective Heating Energy; !- Output Variable or Output Meter Name

OS:EnergyManagementSystem:Sensor,
  {e2e0a1da-1af9-4321-8e09-5dd0ce1f6d14}, !- Handle
  ig_ee_rad_4,                            !- Name
  dishwasher,                             !- Output Variable or Output Meter Index Key Name
  Electric Equipment Radiant Heating Energy; !- Output Variable or Output Meter Name

OS:EnergyManagementSystem:Sensor,
  {975e9635-584e-405e-8e33-dd4bdf514bca}, !- Handle
  ig_ee_conv_5,                           !- Name
  freezer,                                !- Output Variable or Output Meter Index Key Name
  Electric Equipment Convective Heating Energy; !- Output Variable or Output Meter Name

OS:EnergyManagementSystem:Sensor,
  {5f3c0215-6207-46d1-ac65-d49cc6fb9152}, !- Handle
  ig_ee_rad_5,                            !- Name
  freezer,                                !- Output Variable or Output Meter Index Key Name
  Electric Equipment Radiant Heating Energy; !- Output Variable or Output Meter Name

OS:EnergyManagementSystem:Sensor,
  {fbf7b90d-d080-41bb-b610-89dda62be847}, !- Handle
  ig_ee_conv_6,                           !- Name
  fridge,                                 !- Output Variable or Output Meter Index Key Name
  Electric Equipment Convective Heating Energy; !- Output Variable or Output Meter Name

OS:EnergyManagementSystem:Sensor,
  {2552e75e-5f7e-4965-959d-f92f5d08f6e3}, !- Handle
  ig_ee_rad_6,                            !- Name
  fridge,                                 !- Output Variable or Output Meter Index Key Name
  Electric Equipment Radiant Heating Energy; !- Output Variable or Output Meter Name

OS:EnergyManagementSystem:Sensor,
  {035e2814-55ff-4233-902f-eb9e88dc31be}, !- Handle
  ig_ee_conv_7,                           !- Name
  misc plug loads,                        !- Output Variable or Output Meter Index Key Name
  Electric Equipment Convective Heating Energy; !- Output Variable or Output Meter Name

OS:EnergyManagementSystem:Sensor,
  {5eff4c88-314f-4bdb-ab94-fb09ad5455ef}, !- Handle
  ig_ee_rad_7,                            !- Name
  misc plug loads,                        !- Output Variable or Output Meter Index Key Name
  Electric Equipment Radiant Heating Energy; !- Output Variable or Output Meter Name

OS:EnergyManagementSystem:Sensor,
  {b2484ec4-7d21-4c3f-891b-a26f027f19f3}, !- Handle
  ig_ee_conv_8,                           !- Name
  misc tv,                                !- Output Variable or Output Meter Index Key Name
  Electric Equipment Convective Heating Energy; !- Output Variable or Output Meter Name

OS:EnergyManagementSystem:Sensor,
  {5c3462db-81f8-455e-b3a3-d3ea516664df}, !- Handle
  ig_ee_rad_8,                            !- Name
  misc tv,                                !- Output Variable or Output Meter Index Key Name
  Electric Equipment Radiant Heating Energy; !- Output Variable or Output Meter Name

OS:EnergyManagementSystem:Sensor,
  {dcc3c53d-0d78-4191-bde5-cd7cc13fc3fc}, !- Handle
  ig_ee_conv_9,                           !- Name
  whole house fan,                        !- Output Variable or Output Meter Index Key Name
  Electric Equipment Convective Heating Energy; !- Output Variable or Output Meter Name

OS:EnergyManagementSystem:Sensor,
  {4eaca9c5-e1c0-431a-9b1b-7287bbb20777}, !- Handle
  ig_ee_rad_9,                            !- Name
  whole house fan,                        !- Output Variable or Output Meter Index Key Name
  Electric Equipment Radiant Heating Energy; !- Output Variable or Output Meter Name

OS:EnergyManagementSystem:Sensor,
  {dfca76a8-ab9b-418a-899c-3cabf5a3c727}, !- Handle
  ig_oe_conv,                             !- Name
  clothes dryer 1,                        !- Output Variable or Output Meter Index Key Name
  Other Equipment Convective Heating Energy; !- Output Variable or Output Meter Name

OS:EnergyManagementSystem:Sensor,
  {b4e786f0-0b60-48dd-8735-0496114f395d}, !- Handle
  ig_oe_rad,                              !- Name
  clothes dryer 1,                        !- Output Variable or Output Meter Index Key Name
  Other Equipment Radiant Heating Energy; !- Output Variable or Output Meter Name

OS:EnergyManagementSystem:Sensor,
  {3ac6f3f4-77d1-48ad-a0a0-04f39e5eff2e}, !- Handle
  ig_oe_conv_1,                           !- Name
  cooking range 1,                        !- Output Variable or Output Meter Index Key Name
  Other Equipment Convective Heating Energy; !- Output Variable or Output Meter Name

OS:EnergyManagementSystem:Sensor,
  {c2e20420-bbaa-4898-9e5a-e7837104eb69}, !- Handle
  ig_oe_rad_1,                            !- Name
  cooking range 1,                        !- Output Variable or Output Meter Index Key Name
  Other Equipment Radiant Heating Energy; !- Output Variable or Output Meter Name

OS:EnergyManagementSystem:Sensor,
  {9ac20c96-6d62-4eef-a46d-57ca84f16ad0}, !- Handle
  ig_oe_conv_2,                           !- Name
  general water use latent,               !- Output Variable or Output Meter Index Key Name
  Other Equipment Convective Heating Energy; !- Output Variable or Output Meter Name

OS:EnergyManagementSystem:Sensor,
  {c6665dfe-da9d-4332-bbc1-32e75f81c6bb}, !- Handle
  ig_oe_rad_2,                            !- Name
  general water use latent,               !- Output Variable or Output Meter Index Key Name
  Other Equipment Radiant Heating Energy; !- Output Variable or Output Meter Name

OS:EnergyManagementSystem:Sensor,
  {b78bacbd-a239-4001-9d90-348dd6ccc9e5}, !- Handle
  ig_oe_conv_3,                           !- Name
  general water use sensible,             !- Output Variable or Output Meter Index Key Name
  Other Equipment Convective Heating Energy; !- Output Variable or Output Meter Name

OS:EnergyManagementSystem:Sensor,
  {a0204c4f-2ea2-49e7-a05f-5228b945cee3}, !- Handle
  ig_oe_rad_3,                            !- Name
  general water use sensible,             !- Output Variable or Output Meter Index Key Name
  Other Equipment Radiant Heating Energy; !- Output Variable or Output Meter Name

OS:EnergyManagementSystem:Sensor,
  {71a02385-7b99-4049-9877-84b65e53c19e}, !- Handle
  ig_oe_conv_4,                           !- Name
  water heater energy adjustment1,        !- Output Variable or Output Meter Index Key Name
  Other Equipment Convective Heating Energy; !- Output Variable or Output Meter Name

OS:EnergyManagementSystem:Sensor,
  {ba03361f-5345-425f-ba3b-80e5bec28671}, !- Handle
  ig_oe_rad_4,                            !- Name
  water heater energy adjustment1,        !- Output Variable or Output Meter Index Key Name
  Other Equipment Radiant Heating Energy; !- Output Variable or Output Meter Name

OS:EnergyManagementSystem:Sensor,
  {4132014c-5db8-431e-9e94-9f9d23389379}, !- Handle
  ig_oe_conv_5,                           !- Name
  water heater lat,                       !- Output Variable or Output Meter Index Key Name
  Other Equipment Convective Heating Energy; !- Output Variable or Output Meter Name

OS:EnergyManagementSystem:Sensor,
  {6ebb0ff8-0a54-4e97-9623-06e3e83519bf}, !- Handle
  ig_oe_rad_5,                            !- Name
  water heater lat,                       !- Output Variable or Output Meter Index Key Name
  Other Equipment Radiant Heating Energy; !- Output Variable or Output Meter Name

OS:EnergyManagementSystem:Sensor,
  {a4a718b0-28d2-4d61-9793-0f5df0e19608}, !- Handle
  ig_oe_conv_6,                           !- Name
  water heater sens,                      !- Output Variable or Output Meter Index Key Name
  Other Equipment Convective Heating Energy; !- Output Variable or Output Meter Name

OS:EnergyManagementSystem:Sensor,
  {57b0d86d-ac30-4276-8b0e-b259aefce26b}, !- Handle
  ig_oe_rad_6,                            !- Name
  water heater sens,                      !- Output Variable or Output Meter Index Key Name
  Other Equipment Radiant Heating Energy; !- Output Variable or Output Meter Name

OS:EnergyManagementSystem:Sensor,
  {6680d65c-8dad-4728-b64d-ef211f6d4e94}, !- Handle
  ig_ppl_conv,                            !- Name
  occupants,                              !- Output Variable or Output Meter Index Key Name
  People Convective Heating Energy;       !- Output Variable or Output Meter Name

OS:EnergyManagementSystem:Sensor,
  {e799e0c1-87ef-437d-9d57-588c888c2af3}, !- Handle
  ig_ppl_rad,                             !- Name
  occupants,                              !- Output Variable or Output Meter Index Key Name
  People Radiant Heating Energy;          !- Output Variable or Output Meter Name

OS:EnergyManagementSystem:Sensor,
  {4d71882a-54f9-4ab2-8d40-86beec9766fc}, !- Handle
  tin_s_1,                                !- Name
  conditioned space,                      !- Output Variable or Output Meter Index Key Name
  Zone Mean Air Temperature;              !- Output Variable or Output Meter Name

OS:EnergyManagementSystem:Sensor,
  {d20c4847-b50a-4df1-8d0b-20627d35e977}, !- Handle
  htg_sp_s_1,                             !- Name
  heating setpoint,                       !- Output Variable or Output Meter Index Key Name
  Schedule Value;                         !- Output Variable or Output Meter Name

OS:EnergyManagementSystem:Sensor,
  {e21cd683-4a6a-4faf-8981-262302789784}, !- Handle
  clg_sp_s_1,                             !- Name
  cooling setpoint,                       !- Output Variable or Output Meter Index Key Name
  Schedule Value;                         !- Output Variable or Output Meter Name

OS:EnergyManagementSystem:ProgramCallingManager,
  {6b05f3a5-b009-49bc-abc8-ebb428079e67}, !- Handle
  component_loads_program_calling_manager, !- Name
  EndOfZoneTimestepAfterZoneReporting,    !- EnergyPlus Model Calling Point
  {08a5686b-e7d4-42d3-9a63-066f1680ca2d}; !- Program Name 1

OS:AdditionalProperties,
  {bc4b064b-1db6-4f4f-9efb-6ae4731f0352}, !- Handle
  {40c2bd92-2cb1-4f96-b9ba-881ba64bc874}; !- Object Name

OS:AdditionalProperties,
  {8a5c2703-2e77-402e-b5ee-7df6ff373bcf}, !- Handle
  {0d379777-eedb-415d-b410-670f9d874639}; !- Object Name

OS:AdditionalProperties,
  {0ba2b521-9bfb-4d9e-8ed6-5254f49373c3}, !- Handle
  {36e43c80-e63e-4041-a39a-f63d4a39dae8}; !- Object Name

OS:AdditionalProperties,
  {3afb0d9a-e35f-447c-a2f7-7163c0d940a6}, !- Handle
  {2ce65c45-03a5-4c4e-b3a7-f3fe118660de}; !- Object Name

OS:AdditionalProperties,
  {0bc38458-9982-4a6d-b7ef-40b02c4e85e2}, !- Handle
  {78bbf25f-f5a3-4146-9e11-8c027928357a}; !- Object Name

OS:AdditionalProperties,
  {c754f72e-78d2-4c4e-82ba-cd4a3a30dcdf}, !- Handle
  {3f3d489b-90d2-4dfd-bc47-2ccfcf66daae}; !- Object Name

OS:AdditionalProperties,
  {c0b9cf3b-725d-4240-9c58-012bce10fbff}, !- Handle
  {0c512579-d8f9-46c7-b767-bfe5ab3a448f}; !- Object Name

OS:AdditionalProperties,
  {9e0db1a4-8245-4172-a565-80eb766230b2}, !- Handle
  {d0555f48-2eb0-4858-84a2-f73eed67c98a}; !- Object Name

OS:AdditionalProperties,
  {4c649b0a-d1b1-4540-b0e7-295c6486a6e9}, !- Handle
  {8cdcea5a-54db-4098-9529-4c83aba081ff}; !- Object Name

OS:AdditionalProperties,
  {a6641a53-9c76-432b-bfcb-c9e8bfec657d}, !- Handle
  {4b3b658d-a14f-4934-9fd4-40596517cf6b}; !- Object Name

OS:AdditionalProperties,
  {283ad5e7-048b-4491-b909-abb26b836a95}, !- Handle
  {a642ae06-4663-4889-aa87-2b159920a762}; !- Object Name

OS:AdditionalProperties,
  {b487125a-c5c8-4d15-9d10-1ac8387fd9b1}, !- Handle
  {4d64c5a8-4b2c-4397-8037-e2ece3175b20}; !- Object Name

OS:AdditionalProperties,
  {7eb71bcf-4197-4485-ae45-3ed0345e29b4}, !- Handle
  {02d34d35-8bf3-4064-9568-34abba6eec6f}; !- Object Name

OS:AdditionalProperties,
  {197c3143-2ca4-4d5c-a5f3-d52e9564e7b5}, !- Handle
  {4730d6f3-0573-4802-ba39-1feb2d1b7950}; !- Object Name

OS:AdditionalProperties,
  {d1933d72-ecd4-425c-8f75-df33b8a16c01}, !- Handle
  {06f67e41-a1d6-4eba-a6a3-34303dbb30ff}; !- Object Name

OS:EnergyManagementSystem:Program,
  {8ccc34da-7a8a-4d70-8576-3823a990c968}, !- Handle
  total_airflows_program,                 !- Name
  Set total_infil_flow_rate = 0,          !- Program Line 1
  Set total_mechvent_flow_rate = 0,       !- Program Line 2
  Set total_natvent_flow_rate = 0,        !- Program Line 3
  Set total_whf_flow_rate = 0,            !- Program Line 4
  Set total_infil_flow_rate = total_infil_flow_rate + (infil_program_Qinf * 1), !- Program Line 5
  Set total_mechvent_flow_rate = total_mechvent_flow_rate + (infil_program_Qfan * 1), !- Program Line 6
  Set total_natvent_flow_rate = total_natvent_flow_rate + (natural_vent_program_Qnv * 1), !- Program Line 7
  Set total_whf_flow_rate = total_whf_flow_rate + (natural_vent_program_Qwhf * 1); !- Program Line 8

OS:AdditionalProperties,
  {6e40126f-ea0f-47e8-a5ae-5963d175f171}, !- Handle
  {8ccc34da-7a8a-4d70-8576-3823a990c968}, !- Object Name
  ObjectType,                             !- Feature Name 1
  String,                                 !- Feature Data Type 1
  total airflows program;                 !- Feature Value 1

OS:EnergyManagementSystem:ProgramCallingManager,
  {82a94e3e-1907-4c42-94f1-ccd0d86d1725}, !- Handle
  total_airflows_program_calling_manager, !- Name
  EndOfZoneTimestepAfterZoneReporting,    !- EnergyPlus Model Calling Point
  {8ccc34da-7a8a-4d70-8576-3823a990c968}; !- Program Name 1

OS:Output:JSON,
  {ebf28262-6e0e-4d6c-bcc7-cc219be047a6}, !- Handle
  TimeSeriesAndTabular,                   !- Option Type
  No,                                     !- Output JSON
  No,                                     !- Output CBOR
  Yes;                                    !- Output MessagePack

OS:OutputControl:Files,
  {4506448f-ef16-4e09-86e0-e543194c3335}, !- Handle
  No,                                     !- Output CSV
  No,                                     !- Output MTR
  No,                                     !- Output ESO
  No,                                     !- Output EIO
  No,                                     !- Output Tabular
  No,                                     !- Output SQLite
  Yes,                                    !- Output JSON
  No,                                     !- Output AUDIT
  Yes,                                    !- Output Space Sizing
  Yes,                                    !- Output Zone Sizing
  Yes,                                    !- Output System Sizing
  Yes,                                    !- Output DXF
  No,                                     !- Output BND
  No,                                     !- Output RDD
  No,                                     !- Output MDD
  No,                                     !- Output MTD
  No,                                     !- Output SHD
  Yes,                                    !- Output DFS
  Yes,                                    !- Output GLHE
  Yes,                                    !- Output DelightIn
  Yes,                                    !- Output DelightELdmp
  Yes,                                    !- Output DelightDFdmp
  Yes,                                    !- Output EDD
  Yes,                                    !- Output DBG
  No,                                     !- Output PerfLog
  Yes,                                    !- Output SLN
  Yes,                                    !- Output SCI
  Yes,                                    !- Output WRL
  Yes,                                    !- Output Screen
  Yes,                                    !- Output ExtShd
  Yes;                                    !- Output Tarcog

OS:Building,
  {d56be3f7-fb92-4cd8-a5c3-c8104505ba7e}, !- Handle
  Building 1,                             !- Name
  ,                                       !- Building Sector Type
  ,                                       !- North Axis {deg}
  ,                                       !- Nominal Floor to Floor Height {m}
  ,                                       !- Space Type Name
  ,                                       !- Default Construction Set Name
  ;                                       !- Default Schedule Set Name

OS:AdditionalProperties,
  {9cffa6c9-f356-484c-92f0-6c83a01d5f9f}, !- Handle
  {d56be3f7-fb92-4cd8-a5c3-c8104505ba7e}, !- Object Name
  hpxml_path,                             !- Feature Name 1
  String,                                 !- Feature Data Type 1
  /var/simdata/openstudio/run/home.xml,   !- Feature Value 1
  hpxml_defaults_path,                    !- Feature Name 2
  String,                                 !- Feature Data Type 2
  /var/simdata/openstudio/run/in.xml,     !- Feature Value 2
  building_id,                            !- Feature Name 3
  String,                                 !- Feature Data Type 3
  ,                                       !- Feature Value 3
  emissions_scenario_names,               !- Feature Name 4
  String,                                 !- Feature Data Type 4
  ["AER_HighRECost_Avg"&#44 "AER_HighRECostLowNGPrice_Avg"&#44 "AER_LowRECost_Avg"&#44 "AER_LowRECostHighNGPrice_Avg"&#44 "AER_MidCase_Avg"&#44 "LRMER_HighRECost_15"&#44 "LRMER_HighRECost_25"&#44 "LRMER_HighRECostLowNGPrice_15"&#44 "LRMER_HighRECostLowNGPrice_25"&#44 "LRMER_LowRECost_15"&#44 "LRMER_LowRECost_25"&#44 "LRMER_LowRECostHighNGPrice_15"&#44 "LRMER_LowRECostHighNGPrice_25"&#44 "LRMER_MidCase_15"&#44 "LRMER_MidCase_25"], !- Feature Value 4
  emissions_scenario_types,               !- Feature Name 5
  String,                                 !- Feature Data Type 5
  ["CO2e"&#44 "CO2e"&#44 "CO2e"&#44 "CO2e"&#44 "CO2e"&#44 "CO2e"&#44 "CO2e"&#44 "CO2e"&#44 "CO2e"&#44 "CO2e"&#44 "CO2e"&#44 "CO2e"&#44 "CO2e"&#44 "CO2e"&#44 "CO2e"], !- Feature Value 5
  heated_zones,                           !- Feature Name 6
  String,                                 !- Feature Data Type 6
  ["conditioned space"],                  !- Feature Value 6
  cooled_zones,                           !- Feature Name 7
  String,                                 !- Feature Data Type 7
  ["conditioned space"],                  !- Feature Value 7
  is_southern_hemisphere,                 !- Feature Name 8
  Boolean,                                !- Feature Data Type 8
  false;                                  !- Feature Value 8

OS:Meter:Custom,
  {b07933c0-2314-475d-a72c-7d75d7e11a28}, !- Handle
  Electricity:Total,                      !- Name
  Electricity,                            !- Fuel Type
  ,                                       !- Key Name 1
  Electricity:Facility;                   !- Output Variable or Meter Name 1

OS:Meter:Custom,
  {3bcf6828-47df-4f43-b17d-e51099e98869}, !- Handle
  Electricity:Net,                        !- Name
  Electricity,                            !- Fuel Type
  ,                                       !- Key Name 1
  Electricity:Facility;                   !- Output Variable or Meter Name 1

