
OS:Version,
  {f2c018c2-89ab-4d34-855a-df1d4402caf1}, !- Handle
  3.9.0;                                  !- Version Identifier

OS:SimulationControl,
  {0c27726c-b7f3-4706-9b7e-df348fe9fa00}, !- Handle
  ,                                       !- Do Zone Sizing Calculation
  ,                                       !- Do System Sizing Calculation
  ,                                       !- Do Plant Sizing Calculation
  No;                                     !- Run Simulation for Sizing Periods

OS:Timestep,
  {eec70124-ebda-4aa9-8f51-4ef1ff8b9eac}, !- Handle
  4;                                      !- Number of Timesteps per Hour

OS:ShadowCalculation,
  {ce3661b9-f9bd-4c79-a5f0-328d8b461311}, !- Handle
  PolygonClipping,                        !- Shading Calculation Method
  ,                                       !- Shading Calculation Update Frequency Method
  20,                                     !- Shading Calculation Update Frequency
  200,                                    !- Maximum Figures in Shadow Overlap Calculations
  ,                                       !- Polygon Clipping Algorithm
  512,                                    !- Pixel Counting Resolution
  ,                                       !- Sky Diffuse Modeling Algorithm
  No,                                     !- Output External Shading Calculation Results
  No,                                     !- Disable Self-Shading Within Shading Zone Groups
  No;                                     !- Disable Self-Shading From Shading Zone Groups to Other Zones

OS:SurfaceConvectionAlgorithm:Outside,
  {cf56a905-d71f-42d6-8f5e-d1cd126f50ff}, !- Handle
  DOE-2;                                  !- Algorithm

OS:SurfaceConvectionAlgorithm:Inside,
  {4d7502b5-4eb2-4ce2-830a-ebaf2c08e9d7}, !- Handle
  TARP;                                   !- Algorithm

OS:ZoneCapacitanceMultiplier:ResearchSpecial,
  {c5737e57-4a57-47f6-bae8-655e7b99657e}, !- Handle
  7,                                      !- Temperature Capacity Multiplier
  15,                                     !- Humidity Capacity Multiplier
  ;                                       !- Carbon Dioxide Capacity Multiplier

OS:ConvergenceLimits,
  {0ed24eb4-4530-4c57-ad8a-c493d3d40234}, !- Handle
  0;                                      !- Minimum System Timestep {minutes}

OS:RunPeriod,
  {5a2ee028-8a7e-4156-99e3-5073234fdcdd}, !- Handle
  Run Period 1,                           !- Name
  1,                                      !- Begin Month
  1,                                      !- Begin Day of Month
  12,                                     !- End Month
  31,                                     !- End Day of Month
  ,                                       !- Use Weather File Holidays and Special Days
  ,                                       !- Use Weather File Daylight Saving Period
  ,                                       !- Apply Weekend Holiday Rule
  ,                                       !- Use Weather File Rain Indicators
  ,                                       !- Use Weather File Snow Indicators
  ;                                       !- Number of Times Runperiod to be Repeated

OS:PerformancePrecisionTradeoffs,
  {bf355ebb-c005-4118-8e70-771a8510c384}, !- Handle
  ,                                       !- Use Coil Direct Solutions
  CarrollMRT;                             !- Zone Radiant Exchange Algorithm

OS:WeatherFile,
  {e62fd9a6-06a5-4ac2-b7b5-6fe96c024d4e}, !- Handle
  Portland Intl Arpt,                     !- City
  OR,                                     !- State Province Region
  USA,                                    !- Country
  customized weather file,                !- Data Source
  726980,                                 !- WMO Number
  45.59,                                  !- Latitude {deg}
  -122.6,                                 !- Longitude {deg}
  -8,                                     !- Time Zone {hr}
  33,                                     !- Elevation {m}
  /weather/G4100510.epw,                  !- Url
  23418E60,                               !- Checksum
  2018,                                   !- Start Date Actual Year
  Monday;                                 !- Start Day of Week

OS:YearDescription,
  {a4f0f725-85d4-406f-993a-33a2d313038d}, !- Handle
  2018,                                   !- Calendar Year
  ,                                       !- Day of Week for Start Day
  ;                                       !- Is Leap Year

OS:Site,
  {f3a833e7-308b-4f01-b1ad-72df54e96588}, !- Handle
  Portland Intl Arpt_OR,                  !- Name
  45.59,                                  !- Latitude {deg}
  -122.6,                                 !- Longitude {deg}
  -8,                                     !- Time Zone {hr}
  33,                                     !- Elevation {m}
  Suburbs,                                !- Terrain
  Yes;                                    !- Keep Site Location Information

OS:RunPeriodControl:DaylightSavingTime,
  {43dda90f-b271-481e-9c22-09e3c04ed3fd}, !- Handle
  Mar 11,                                 !- Start Date
  Nov 4;                                  !- End Date

OS:Site:GroundTemperature:Shallow,
  {e52a1564-7467-4143-973f-aba33b17db24}, !- Handle
  10.2558044641633,                       !- January Surface Ground Temperature {C}
  8.96328398056839,                       !- February Surface Ground Temperature {C}
  8.85977430498792,                       !- March Surface Ground Temperature {C}
  9.47314131759795,                       !- April Surface Ground Temperature {C}
  11.9354680782591,                       !- May Surface Ground Temperature {C}
  14.3863242762951,                       !- June Surface Ground Temperature {C}
  16.5110856158237,                       !- July Surface Ground Temperature {C}
  17.857069666975,                        !- August Surface Ground Temperature {C}
  17.9714184050852,                       !- September Surface Ground Temperature {C}
  16.8766866085166,                       !- October Surface Ground Temperature {C}
  14.8061079306247,                       !- November Surface Ground Temperature {C}
  12.4304340182317;                       !- December Surface Ground Temperature {C}

OS:ThermalZone,
  {cf144433-f66c-4e64-bb50-06bd20bb1eb7}, !- Handle
  conditioned space,                      !- Name
  1,                                      !- Multiplier
  ,                                       !- Ceiling Height {m}
  278.184700919808,                       !- Volume {m3}
  ,                                       !- Floor Area {m2}
  ,                                       !- Zone Inside Convection Algorithm
  ,                                       !- Zone Outside Convection Algorithm
  ,                                       !- Zone Conditioning Equipment List Name
  {6c0f185f-c4a9-498f-b87c-607738d1152e}, !- Zone Air Inlet Port List
  {02945ab0-a21f-4afc-b654-e7f0897b316d}, !- Zone Air Exhaust Port List
  {c75129a8-ad65-413b-86a9-45b3346451e3}, !- Zone Air Node Name
  {9a546080-ccb9-44ab-8564-cb900174813a}, !- Zone Return Air Port List
  ,                                       !- Primary Daylighting Control Name
  ,                                       !- Fraction of Zone Controlled by Primary Daylighting Control
  ,                                       !- Secondary Daylighting Control Name
  ,                                       !- Fraction of Zone Controlled by Secondary Daylighting Control
  ,                                       !- Illuminance Map Name
  ,                                       !- Group Rendering Name
  {8a99caa3-01f9-40e6-9100-c8afd323e94a}, !- Thermostat Name
  No;                                     !- Use Ideal Air Loads

OS:Node,
  {d3f59921-4e3a-4f80-a106-f2553a610dba}, !- Handle
  Node 1,                                 !- Name
  {c75129a8-ad65-413b-86a9-45b3346451e3}, !- Inlet Port
  ;                                       !- Outlet Port

OS:Connection,
  {c75129a8-ad65-413b-86a9-45b3346451e3}, !- Handle
  {cf144433-f66c-4e64-bb50-06bd20bb1eb7}, !- Source Object
  11,                                     !- Outlet Port
  {d3f59921-4e3a-4f80-a106-f2553a610dba}, !- Target Object
  2;                                      !- Inlet Port

OS:PortList,
  {6c0f185f-c4a9-498f-b87c-607738d1152e}, !- Handle
  {cf144433-f66c-4e64-bb50-06bd20bb1eb7}, !- HVAC Component
  {0a485a8f-00fb-4eb8-819c-a04da2d082f5}; !- Port 1

OS:PortList,
  {02945ab0-a21f-4afc-b654-e7f0897b316d}, !- Handle
  {cf144433-f66c-4e64-bb50-06bd20bb1eb7}; !- HVAC Component

OS:PortList,
  {9a546080-ccb9-44ab-8564-cb900174813a}, !- Handle
  {cf144433-f66c-4e64-bb50-06bd20bb1eb7}, !- HVAC Component
  {de78b821-7a18-4b31-8474-af02eba93ff0}; !- Port 1

OS:Sizing:Zone,
  {daebbd05-8a98-4c5b-9ca8-82608a63fb7f}, !- Handle
  {cf144433-f66c-4e64-bb50-06bd20bb1eb7}, !- Zone or ZoneList Name
  SupplyAirTemperature,                   !- Zone Cooling Design Supply Air Temperature Input Method
  14,                                     !- Zone Cooling Design Supply Air Temperature {C}
  11.11,                                  !- Zone Cooling Design Supply Air Temperature Difference {deltaC}
  SupplyAirTemperature,                   !- Zone Heating Design Supply Air Temperature Input Method
  40,                                     !- Zone Heating Design Supply Air Temperature {C}
  11.11,                                  !- Zone Heating Design Supply Air Temperature Difference {deltaC}
  0.0085,                                 !- Zone Cooling Design Supply Air Humidity Ratio {kg-H2O/kg-air}
  0.008,                                  !- Zone Heating Design Supply Air Humidity Ratio {kg-H2O/kg-air}
  ,                                       !- Zone Heating Sizing Factor
  ,                                       !- Zone Cooling Sizing Factor
  DesignDay,                              !- Cooling Design Air Flow Method
  ,                                       !- Cooling Design Air Flow Rate {m3/s}
  ,                                       !- Cooling Minimum Air Flow per Zone Floor Area {m3/s-m2}
  ,                                       !- Cooling Minimum Air Flow {m3/s}
  ,                                       !- Cooling Minimum Air Flow Fraction
  DesignDay,                              !- Heating Design Air Flow Method
  ,                                       !- Heating Design Air Flow Rate {m3/s}
  ,                                       !- Heating Maximum Air Flow per Zone Floor Area {m3/s-m2}
  ,                                       !- Heating Maximum Air Flow {m3/s}
  ,                                       !- Heating Maximum Air Flow Fraction
  No,                                     !- Account for Dedicated Outdoor Air System
  NeutralSupplyAir,                       !- Dedicated Outdoor Air System Control Strategy
  autosize,                               !- Dedicated Outdoor Air Low Setpoint Temperature for Design {C}
  autosize,                               !- Dedicated Outdoor Air High Setpoint Temperature for Design {C}
  Sensible Load Only No Latent Load,      !- Zone Load Sizing Method
  HumidityRatioDifference,                !- Zone Latent Cooling Design Supply Air Humidity Ratio Input Method
  ,                                       !- Zone Dehumidification Design Supply Air Humidity Ratio {kgWater/kgDryAir}
  0.005,                                  !- Zone Cooling Design Supply Air Humidity Ratio Difference {kgWater/kgDryAir}
  HumidityRatioDifference,                !- Zone Latent Heating Design Supply Air Humidity Ratio Input Method
  ,                                       !- Zone Humidification Design Supply Air Humidity Ratio {kgWater/kgDryAir}
  0.005,                                  !- Zone Humidification Design Supply Air Humidity Ratio Difference {kgWater/kgDryAir}
  ,                                       !- Zone Humidistat Dehumidification Set Point Schedule Name
  ,                                       !- Zone Humidistat Humidification Set Point Schedule Name
  ,                                       !- Design Zone Air Distribution Effectiveness in Cooling Mode
  ,                                       !- Design Zone Air Distribution Effectiveness in Heating Mode
  ,                                       !- Design Zone Secondary Recirculation Fraction {dimensionless}
  ,                                       !- Design Minimum Zone Ventilation Efficiency {dimensionless}
  Coincident;                             !- Sizing Option

OS:ZoneHVAC:EquipmentList,
  {6560d4a7-6a42-4186-8909-a2003470a382}, !- Handle
  Zone HVAC Equipment List 1,             !- Name
  {cf144433-f66c-4e64-bb50-06bd20bb1eb7}, !- Thermal Zone
  ,                                       !- Load Distribution Scheme
  {e063a174-da3c-418b-8e33-001df14b7fdb}, !- Zone Equipment 1
  1,                                      !- Zone Equipment Cooling Sequence 1
  1,                                      !- Zone Equipment Heating or No-Load Sequence 1
  {f3d31a63-e702-4e25-98e2-4371c0f23871}, !- Zone Equipment Sequential Cooling Fraction Schedule Name 1
  {214cfd1d-323d-442a-84a2-8fafcdd7001e}; !- Zone Equipment Sequential Heating Fraction Schedule Name 1

OS:AdditionalProperties,
  {8416e084-2b2b-4bf6-8913-012b266983c3}, !- Handle
  {cf144433-f66c-4e64-bb50-06bd20bb1eb7}, !- Object Name
  ObjectType,                             !- Feature Name 1
  String,                                 !- Feature Data Type 1
  conditioned space;                      !- Feature Value 1

OS:Space,
  {e1166775-97c1-407e-9578-3eacdf10cef7}, !- Handle
  conditioned space 1,                    !- Name
  ,                                       !- Space Type Name
  ,                                       !- Default Construction Set Name
  ,                                       !- Default Schedule Set Name
  ,                                       !- Direction of Relative North {deg}
  ,                                       !- X Origin {m}
  ,                                       !- Y Origin {m}
  ,                                       !- Z Origin {m}
  ,                                       !- Building Story Name
  {cf144433-f66c-4e64-bb50-06bd20bb1eb7}, !- Thermal Zone Name
  ,                                       !- Part of Total Floor Area
  ,                                       !- Design Specification Outdoor Air Object Name
  ,                                       !- Building Unit Name
  278.184700919808;                       !- Volume {m3}

OS:Schedule:Ruleset,
  {f7b45520-bd95-4dfe-a28b-40b3a35632f5}, !- Handle
  heating setpoint,                       !- Name
  {4fe086fd-844f-45fd-afc8-ac3ea346733f}, !- Schedule Type Limits Name
  {96391863-1217-48d1-89eb-70716a043389}; !- Default Day Schedule Name

OS:Schedule:Day,
  {96391863-1217-48d1-89eb-70716a043389}, !- Handle
  heating setpoint default day,           !- Name
  {4fe086fd-844f-45fd-afc8-ac3ea346733f}, !- Schedule Type Limits Name
  ,                                       !- Interpolate to Timestep
  24,                                     !- Hour 1
  0,                                      !- Minute 1
  0;                                      !- Value Until Time 1

OS:Schedule:Rule,
  {b4c3b7cc-15fa-4b06-96ba-8986b267ddae}, !- Handle
  heating setpoint allday rule,           !- Name
  {f7b45520-bd95-4dfe-a28b-40b3a35632f5}, !- Schedule Ruleset Name
  0,                                      !- Rule Order
  {3302d337-5e64-45c7-bb7f-30f822cb1916}, !- Day Schedule Name
  Yes,                                    !- Apply Sunday
  Yes,                                    !- Apply Monday
  Yes,                                    !- Apply Tuesday
  Yes,                                    !- Apply Wednesday
  Yes,                                    !- Apply Thursday
  Yes,                                    !- Apply Friday
  Yes,                                    !- Apply Saturday
  DateRange,                              !- Date Specification Type
  1,                                      !- Start Month
  1,                                      !- Start Day
  12,                                     !- End Month
  31;                                     !- End Day

OS:Schedule:Day,
  {3302d337-5e64-45c7-bb7f-30f822cb1916}, !- Handle
  heating setpoint day,                   !- Name
  {4fe086fd-844f-45fd-afc8-ac3ea346733f}, !- Schedule Type Limits Name
  ,                                       !- Interpolate to Timestep
  7,                                      !- Hour 1
  0,                                      !- Minute 1
  16.6666666666667,                       !- Value Until Time 1
  22,                                     !- Hour 2
  0,                                      !- Minute 2
  18.3333333333333,                       !- Value Until Time 2
  24,                                     !- Hour 3
  0,                                      !- Minute 3
  16.6666666666667;                       !- Value Until Time 3

OS:Schedule:Ruleset,
  {013f05fa-bdf8-4edc-bbc5-e58b530653e7}, !- Handle
  cooling setpoint,                       !- Name
  {4fe086fd-844f-45fd-afc8-ac3ea346733f}, !- Schedule Type Limits Name
  {3208c2d2-2f9a-4d48-84e4-b86526b49847}; !- Default Day Schedule Name

OS:Schedule:Day,
  {3208c2d2-2f9a-4d48-84e4-b86526b49847}, !- Handle
  cooling setpoint default day,           !- Name
  {4fe086fd-844f-45fd-afc8-ac3ea346733f}, !- Schedule Type Limits Name
  ,                                       !- Interpolate to Timestep
  24,                                     !- Hour 1
  0,                                      !- Minute 1
  0;                                      !- Value Until Time 1

OS:Schedule:Rule,
  {66e63f91-bcc0-4a4e-93b3-50a2ef405e20}, !- Handle
  cooling setpoint allday rule,           !- Name
  {013f05fa-bdf8-4edc-bbc5-e58b530653e7}, !- Schedule Ruleset Name
  0,                                      !- Rule Order
  {4778a6f0-b78d-4cd0-b0d3-3d04b22ed186}, !- Day Schedule Name
  Yes,                                    !- Apply Sunday
  Yes,                                    !- Apply Monday
  Yes,                                    !- Apply Tuesday
  Yes,                                    !- Apply Wednesday
  Yes,                                    !- Apply Thursday
  Yes,                                    !- Apply Friday
  Yes,                                    !- Apply Saturday
  DateRange,                              !- Date Specification Type
  1,                                      !- Start Month
  1,                                      !- Start Day
  12,                                     !- End Month
  31;                                     !- End Day

OS:Schedule:Day,
  {4778a6f0-b78d-4cd0-b0d3-3d04b22ed186}, !- Handle
  cooling setpoint day,                   !- Name
  {4fe086fd-844f-45fd-afc8-ac3ea346733f}, !- Schedule Type Limits Name
  ,                                       !- Interpolate to Timestep
  24,                                     !- Hour 1
  0,                                      !- Minute 1
  25.5555555555556;                       !- Value Until Time 1

OS:ThermostatSetpoint:DualSetpoint,
  {8a99caa3-01f9-40e6-9100-c8afd323e94a}, !- Handle
  conditioned space temperature setpoint, !- Name
  {f7b45520-bd95-4dfe-a28b-40b3a35632f5}, !- Heating Setpoint Temperature Schedule Name
  {013f05fa-bdf8-4edc-bbc5-e58b530653e7}, !- Cooling Setpoint Temperature Schedule Name
  0;                                      !- Temperature Difference Between Cutout And Setpoint {deltaC}

OS:ScheduleTypeLimits,
  {4fe086fd-844f-45fd-afc8-ac3ea346733f}, !- Handle
  Temperature,                            !- Name
  ,                                       !- Lower Limit Value
  ,                                       !- Upper Limit Value
  Continuous,                             !- Numeric Type
  Temperature;                            !- Unit Type

OS:Surface,
  {fb237a0a-b8e6-494f-bd97-5a0f55b9bcc5}, !- Handle
  Roof1,                                  !- Name
  RoofCeiling,                            !- Surface Type
  {6e6a7298-8674-4d9d-856d-34f1df275650}, !- Construction Name
  {cc707bb5-9bfe-4604-9eeb-f1c22abc4f25}, !- Space Name
  Outdoors,                               !- Outside Boundary Condition
  ,                                       !- Outside Boundary Condition Object
  SunExposed,                             !- Sun Exposure
  WindExposed,                            !- Wind Exposure
  ,                                       !- View Factor to Ground
  ,                                       !- Number of Vertices
  -2.58631376286792, 2.58631376286792, 2.7432, !- X,Y,Z Vertex 1 {m}
  -2.58631376286792, -2.58631376286792, 2.7432, !- X,Y,Z Vertex 2 {m}
  2.58631376286792, -2.58631376286792, 2.7432, !- X,Y,Z Vertex 3 {m}
  2.58631376286792, 2.58631376286792, 2.7432; !- X,Y,Z Vertex 4 {m}

OS:AdditionalProperties,
  {08d68d3e-fc16-4b0b-89c6-24bb077cad7d}, !- Handle
  {fb237a0a-b8e6-494f-bd97-5a0f55b9bcc5}, !- Object Name
  Length,                                 !- Feature Name 1
  Double,                                 !- Feature Data Type 1
  16.970562748477143,                     !- Feature Value 1
  Width,                                  !- Feature Name 2
  Double,                                 !- Feature Data Type 2
  16.970562748477139,                     !- Feature Value 2
  Azimuth,                                !- Feature Name 3
  Integer,                                !- Feature Data Type 3
  0,                                      !- Feature Value 3
  Tilt,                                   !- Feature Name 4
  Double,                                 !- Feature Data Type 4
  0,                                      !- Feature Value 4
  SurfaceType,                            !- Feature Name 5
  String,                                 !- Feature Data Type 5
  Roof;                                   !- Feature Value 5

OS:ThermalZone,
  {7e0ebb51-0110-4fba-8573-28158e9c4350}, !- Handle
  garage,                                 !- Name
  1,                                      !- Multiplier
  ,                                       !- Ceiling Height {m}
  65.242014547968,                        !- Volume {m3}
  ,                                       !- Floor Area {m2}
  ,                                       !- Zone Inside Convection Algorithm
  ,                                       !- Zone Outside Convection Algorithm
  ,                                       !- Zone Conditioning Equipment List Name
  {edc636bd-41e7-484a-942f-d4570ed35757}, !- Zone Air Inlet Port List
  {e7d387bc-46b2-470b-8ff6-c1e98119a2f9}, !- Zone Air Exhaust Port List
  {a5738e01-bdb1-4c2c-b35d-5795bbc8e74f}, !- Zone Air Node Name
  {a96ca8fb-6d3f-4bfc-98ae-39635f601f80}, !- Zone Return Air Port List
  ,                                       !- Primary Daylighting Control Name
  ,                                       !- Fraction of Zone Controlled by Primary Daylighting Control
  ,                                       !- Secondary Daylighting Control Name
  ,                                       !- Fraction of Zone Controlled by Secondary Daylighting Control
  ,                                       !- Illuminance Map Name
  ,                                       !- Group Rendering Name
  ,                                       !- Thermostat Name
  No;                                     !- Use Ideal Air Loads

OS:Node,
  {d506c6ec-44b7-40cd-b5e3-61196cbd374a}, !- Handle
  Node 2,                                 !- Name
  {a5738e01-bdb1-4c2c-b35d-5795bbc8e74f}, !- Inlet Port
  ;                                       !- Outlet Port

OS:Connection,
  {a5738e01-bdb1-4c2c-b35d-5795bbc8e74f}, !- Handle
  {7e0ebb51-0110-4fba-8573-28158e9c4350}, !- Source Object
  11,                                     !- Outlet Port
  {d506c6ec-44b7-40cd-b5e3-61196cbd374a}, !- Target Object
  2;                                      !- Inlet Port

OS:PortList,
  {edc636bd-41e7-484a-942f-d4570ed35757}, !- Handle
  {7e0ebb51-0110-4fba-8573-28158e9c4350}; !- HVAC Component

OS:PortList,
  {e7d387bc-46b2-470b-8ff6-c1e98119a2f9}, !- Handle
  {7e0ebb51-0110-4fba-8573-28158e9c4350}; !- HVAC Component

OS:PortList,
  {a96ca8fb-6d3f-4bfc-98ae-39635f601f80}, !- Handle
  {7e0ebb51-0110-4fba-8573-28158e9c4350}; !- HVAC Component

OS:Sizing:Zone,
  {76802ef3-d4f7-4784-98df-a90cac1a6000}, !- Handle
  {7e0ebb51-0110-4fba-8573-28158e9c4350}, !- Zone or ZoneList Name
  SupplyAirTemperature,                   !- Zone Cooling Design Supply Air Temperature Input Method
  14,                                     !- Zone Cooling Design Supply Air Temperature {C}
  11.11,                                  !- Zone Cooling Design Supply Air Temperature Difference {deltaC}
  SupplyAirTemperature,                   !- Zone Heating Design Supply Air Temperature Input Method
  40,                                     !- Zone Heating Design Supply Air Temperature {C}
  11.11,                                  !- Zone Heating Design Supply Air Temperature Difference {deltaC}
  0.0085,                                 !- Zone Cooling Design Supply Air Humidity Ratio {kg-H2O/kg-air}
  0.008,                                  !- Zone Heating Design Supply Air Humidity Ratio {kg-H2O/kg-air}
  ,                                       !- Zone Heating Sizing Factor
  ,                                       !- Zone Cooling Sizing Factor
  DesignDay,                              !- Cooling Design Air Flow Method
  ,                                       !- Cooling Design Air Flow Rate {m3/s}
  ,                                       !- Cooling Minimum Air Flow per Zone Floor Area {m3/s-m2}
  ,                                       !- Cooling Minimum Air Flow {m3/s}
  ,                                       !- Cooling Minimum Air Flow Fraction
  DesignDay,                              !- Heating Design Air Flow Method
  ,                                       !- Heating Design Air Flow Rate {m3/s}
  ,                                       !- Heating Maximum Air Flow per Zone Floor Area {m3/s-m2}
  ,                                       !- Heating Maximum Air Flow {m3/s}
  ,                                       !- Heating Maximum Air Flow Fraction
  No,                                     !- Account for Dedicated Outdoor Air System
  NeutralSupplyAir,                       !- Dedicated Outdoor Air System Control Strategy
  autosize,                               !- Dedicated Outdoor Air Low Setpoint Temperature for Design {C}
  autosize,                               !- Dedicated Outdoor Air High Setpoint Temperature for Design {C}
  Sensible Load Only No Latent Load,      !- Zone Load Sizing Method
  HumidityRatioDifference,                !- Zone Latent Cooling Design Supply Air Humidity Ratio Input Method
  ,                                       !- Zone Dehumidification Design Supply Air Humidity Ratio {kgWater/kgDryAir}
  0.005,                                  !- Zone Cooling Design Supply Air Humidity Ratio Difference {kgWater/kgDryAir}
  HumidityRatioDifference,                !- Zone Latent Heating Design Supply Air Humidity Ratio Input Method
  ,                                       !- Zone Humidification Design Supply Air Humidity Ratio {kgWater/kgDryAir}
  0.005,                                  !- Zone Humidification Design Supply Air Humidity Ratio Difference {kgWater/kgDryAir}
  ,                                       !- Zone Humidistat Dehumidification Set Point Schedule Name
  ,                                       !- Zone Humidistat Humidification Set Point Schedule Name
  ,                                       !- Design Zone Air Distribution Effectiveness in Cooling Mode
  ,                                       !- Design Zone Air Distribution Effectiveness in Heating Mode
  ,                                       !- Design Zone Secondary Recirculation Fraction {dimensionless}
  ,                                       !- Design Minimum Zone Ventilation Efficiency {dimensionless}
  Coincident;                             !- Sizing Option

OS:ZoneHVAC:EquipmentList,
  {490c75ff-1d39-41fa-9132-b1c13f2633f1}, !- Handle
  Zone HVAC Equipment List 2,             !- Name
  {7e0ebb51-0110-4fba-8573-28158e9c4350}; !- Thermal Zone

OS:AdditionalProperties,
  {a8f4c82b-2db3-4765-9879-d1e4ea43276c}, !- Handle
  {7e0ebb51-0110-4fba-8573-28158e9c4350}, !- Object Name
  ObjectType,                             !- Feature Name 1
  String,                                 !- Feature Data Type 1
  garage;                                 !- Feature Value 1

OS:Space,
  {cc707bb5-9bfe-4604-9eeb-f1c22abc4f25}, !- Handle
  garage 1,                               !- Name
  ,                                       !- Space Type Name
  ,                                       !- Default Construction Set Name
  ,                                       !- Default Schedule Set Name
  ,                                       !- Direction of Relative North {deg}
  ,                                       !- X Origin {m}
  ,                                       !- Y Origin {m}
  ,                                       !- Z Origin {m}
  ,                                       !- Building Story Name
  {7e0ebb51-0110-4fba-8573-28158e9c4350}, !- Thermal Zone Name
  ,                                       !- Part of Total Floor Area
  ,                                       !- Design Specification Outdoor Air Object Name
  ,                                       !- Building Unit Name
  65.242014547968;                        !- Volume {m3}

OS:Material,
  {7759d44b-785a-4c71-8caf-aca3b2cfa0aa}, !- Handle
  asphalt or fiberglass shingles,         !- Name
  Rough,                                  !- Roughness
  0.00635,                                !- Thickness {m}
  0.162714,                               !- Conductivity {W/m-K}
  1121.4,                                 !- Density {kg/m3}
  1465.45,                                !- Specific Heat {J/kg-K}
  0.9,                                    !- Thermal Absorptance
  0.85,                                   !- Solar Absorptance
  0.85;                                   !- Visible Absorptance

OS:Material,
  {f5da2090-1d4b-433e-87fe-ca4d4e21cd21}, !- Handle
  roof rigid ins,                         !- Name
  Rough,                                  !- Roughness
  0.00254769498546046,                    !- Thickness {m}
  0.029427,                               !- Conductivity {W/m-K}
  32.04,                                  !- Density {kg/m3}
  1214.23,                                !- Specific Heat {J/kg-K}
  0.9,                                    !- Thermal Absorptance
  0.7,                                    !- Solar Absorptance
  0.7;                                    !- Visible Absorptance

OS:Material,
  {5b9c5bfb-8444-44dc-97ff-6935e59e9762}, !- Handle
  osb sheathing 0.5 in.,                  !- Name
  Rough,                                  !- Roughness
  0.0127,                                 !- Thickness {m}
  0.1154577,                              !- Conductivity {W/m-K}
  512.64,                                 !- Density {kg/m3}
  1214.23,                                !- Specific Heat {J/kg-K}
  0.9,                                    !- Thermal Absorptance
  0.6,                                    !- Solar Absorptance
  0.6;                                    !- Visible Absorptance

OS:Construction,
  {6e6a7298-8674-4d9d-856d-34f1df275650}, !- Handle
  Roof1 construction,                     !- Name
  ,                                       !- Surface Rendering Name
  {7759d44b-785a-4c71-8caf-aca3b2cfa0aa}, !- Layer 1
  {f5da2090-1d4b-433e-87fe-ca4d4e21cd21}, !- Layer 2
  {5b9c5bfb-8444-44dc-97ff-6935e59e9762}; !- Layer 3

OS:Surface,
  {ca3243db-c446-4228-855d-6af29dda2488}, !- Handle
  Roof2,                                  !- Name
  RoofCeiling,                            !- Surface Type
  {906e0553-0a81-4267-8af8-055209f20605}, !- Construction Name
  {e1166775-97c1-407e-9578-3eacdf10cef7}, !- Space Name
  Outdoors,                               !- Outside Boundary Condition
  ,                                       !- Outside Boundary Condition Object
  SunExposed,                             !- Sun Exposure
  WindExposed,                            !- Wind Exposure
  ,                                       !- View Factor to Ground
  ,                                       !- Number of Vertices
  -5.34052743462666, 5.34052743462666, 2.7432, !- X,Y,Z Vertex 1 {m}
  -5.34052743462666, -5.34052743462666, 2.7432, !- X,Y,Z Vertex 2 {m}
  5.34052743462666, -5.34052743462666, 2.7432, !- X,Y,Z Vertex 3 {m}
  5.34052743462666, 5.34052743462666, 2.7432; !- X,Y,Z Vertex 4 {m}

OS:AdditionalProperties,
  {cda6ee32-9b7a-4d5d-8bda-85f30e0083b4}, !- Handle
  {ca3243db-c446-4228-855d-6af29dda2488}, !- Object Name
  Length,                                 !- Feature Name 1
  Double,                                 !- Feature Data Type 1
  35.042830935870462,                     !- Feature Value 1
  Width,                                  !- Feature Name 2
  Double,                                 !- Feature Data Type 2
  35.042830935870462,                     !- Feature Value 2
  Azimuth,                                !- Feature Name 3
  Integer,                                !- Feature Data Type 3
  0,                                      !- Feature Value 3
  Tilt,                                   !- Feature Name 4
  Double,                                 !- Feature Data Type 4
  0,                                      !- Feature Value 4
  SurfaceType,                            !- Feature Name 5
  String,                                 !- Feature Data Type 5
  Roof;                                   !- Feature Value 5

OS:Material,
  {08829fba-66b1-466d-a8bb-f35ab3bbb1d6}, !- Handle
  roof rigid ins 1,                       !- Name
  Rough,                                  !- Roughness
  0.051816,                               !- Thickness {m}
  0.029427,                               !- Conductivity {W/m-K}
  32.04,                                  !- Density {kg/m3}
  1214.23,                                !- Specific Heat {J/kg-K}
  0.9,                                    !- Thermal Absorptance
  0.7,                                    !- Solar Absorptance
  0.7;                                    !- Visible Absorptance

OS:Material,
  {d015421a-6654-4d62-87f9-2010883e0d90}, !- Handle
  osb sheathing 0.75 in.,                 !- Name
  Rough,                                  !- Roughness
  0.01905,                                !- Thickness {m}
  0.1154577,                              !- Conductivity {W/m-K}
  512.64,                                 !- Density {kg/m3}
  1214.23,                                !- Specific Heat {J/kg-K}
  0.9,                                    !- Thermal Absorptance
  0.7,                                    !- Solar Absorptance
  0.7;                                    !- Visible Absorptance

OS:Material,
  {c82c5836-8474-41a7-a571-4009dbfdddb5}, !- Handle
  roof stud and cavity,                   !- Name
  Rough,                                  !- Roughness
  0.2032,                                 !- Thickness {m}
  0.133729293996202,                      !- Conductivity {W/m-K}
  78.34581,                               !- Density {kg/m3}
  1123.46101114405,                       !- Specific Heat {J/kg-K}
  0.9,                                    !- Thermal Absorptance
  0.7,                                    !- Solar Absorptance
  0.7;                                    !- Visible Absorptance

OS:Material,
  {40f85e61-c78d-406f-a488-4bebd1d58561}, !- Handle
  gypsum board,                           !- Name
  Rough,                                  !- Roughness
  0.0127,                                 !- Thickness {m}
  0.1602906,                              !- Conductivity {W/m-K}
  801,                                    !- Density {kg/m3}
  837.4,                                  !- Specific Heat {J/kg-K}
  0.9,                                    !- Thermal Absorptance
  0.6,                                    !- Solar Absorptance
  0.6;                                    !- Visible Absorptance

OS:Construction,
  {906e0553-0a81-4267-8af8-055209f20605}, !- Handle
  Roof2 construction,                     !- Name
  ,                                       !- Surface Rendering Name
  {7759d44b-785a-4c71-8caf-aca3b2cfa0aa}, !- Layer 1
  {08829fba-66b1-466d-a8bb-f35ab3bbb1d6}, !- Layer 2
  {d015421a-6654-4d62-87f9-2010883e0d90}, !- Layer 3
  {c82c5836-8474-41a7-a571-4009dbfdddb5}, !- Layer 4
  {40f85e61-c78d-406f-a488-4bebd1d58561}; !- Layer 5

OS:Surface,
  {41743cfe-6804-44a1-bc2b-6e6dbfef042f}, !- Handle
  Wall1,                                  !- Name
  Wall,                                   !- Surface Type
  {f8e93f75-cfd1-48a0-ae64-8826712db8ac}, !- Construction Name
  {cc707bb5-9bfe-4604-9eeb-f1c22abc4f25}, !- Space Name
  Outdoors,                               !- Outside Boundary Condition
  ,                                       !- Outside Boundary Condition Object
  SunExposed,                             !- Sun Exposure
  WindExposed,                            !- Wind Exposure
  ,                                       !- View Factor to Ground
  ,                                       !- Number of Vertices
  -36.0813858, 18.987135, 0.3048,         !- X,Y,Z Vertex 1 {m}
  -36.0813858, 18.987135, 2.7432,         !- X,Y,Z Vertex 2 {m}
  -36.0813858, 26.302335, 2.7432,         !- X,Y,Z Vertex 3 {m}
  -36.0813858, 26.302335, 0.3048;         !- X,Y,Z Vertex 4 {m}

OS:AdditionalProperties,
  {a12a4e81-ee6e-4564-80b9-ce6c8dd2338f}, !- Handle
  {41743cfe-6804-44a1-bc2b-6e6dbfef042f}, !- Object Name
  Length,                                 !- Feature Name 1
  Double,                                 !- Feature Data Type 1
  24,                                     !- Feature Value 1
  Azimuth,                                !- Feature Name 2
  Integer,                                !- Feature Data Type 2
  270,                                    !- Feature Value 2
  Tilt,                                   !- Feature Name 3
  Double,                                 !- Feature Data Type 3
  90,                                     !- Feature Value 3
  SurfaceType,                            !- Feature Name 4
  String,                                 !- Feature Data Type 4
  Wall;                                   !- Feature Value 4

OS:Material,
  {8ed17c76-3432-4fdb-8083-c0985fc9ca39}, !- Handle
  wood siding,                            !- Name
  Rough,                                  !- Roughness
  0.0254,                                 !- Thickness {m}
  0.1024175,                              !- Conductivity {W/m-K}
  544.68,                                 !- Density {kg/m3}
  1172.36,                                !- Specific Heat {J/kg-K}
  0.9,                                    !- Thermal Absorptance
  0.85,                                   !- Solar Absorptance
  0.85;                                   !- Visible Absorptance

OS:Material,
  {2efa4435-ccaf-43a7-928c-1431d8fd376d}, !- Handle
  osb sheathing 0.5 in. 1,                !- Name
  Rough,                                  !- Roughness
  0.0127,                                 !- Thickness {m}
  0.1154577,                              !- Conductivity {W/m-K}
  512.64,                                 !- Density {kg/m3}
  1214.23,                                !- Specific Heat {J/kg-K}
  0.9,                                    !- Thermal Absorptance
  0.7,                                    !- Solar Absorptance
  0.7;                                    !- Visible Absorptance

OS:Material,
  {28d50776-8818-493c-bd69-391d09cfe01d}, !- Handle
  wall stud and cavity,                   !- Name
  Rough,                                  !- Roughness
  0.1397,                                 !- Thickness {m}
  0.727959376833552,                      !- Conductivity {W/m-K}
  139.0536,                               !- Density {kg/m3}
  1170.23755760369,                       !- Specific Heat {J/kg-K}
  0.9,                                    !- Thermal Absorptance
  0.6,                                    !- Solar Absorptance
  0.6;                                    !- Visible Absorptance

OS:Construction,
  {f8e93f75-cfd1-48a0-ae64-8826712db8ac}, !- Handle
  Wall1 construction,                     !- Name
  ,                                       !- Surface Rendering Name
  {8ed17c76-3432-4fdb-8083-c0985fc9ca39}, !- Layer 1
  {2efa4435-ccaf-43a7-928c-1431d8fd376d}, !- Layer 2
  {28d50776-8818-493c-bd69-391d09cfe01d}; !- Layer 3

OS:Surface,
  {295cd94e-ac66-4353-96b5-4540ac7a187e}, !- Handle
  Wall2,                                  !- Name
  Wall,                                   !- Surface Type
  {57bb0d4f-028c-4d7c-86e2-c89fb180c07c}, !- Construction Name
  {cc707bb5-9bfe-4604-9eeb-f1c22abc4f25}, !- Space Name
  Outdoors,                               !- Outside Boundary Condition
  ,                                       !- Outside Boundary Condition Object
  SunExposed,                             !- Sun Exposure
  WindExposed,                            !- Wind Exposure
  ,                                       !- View Factor to Ground
  ,                                       !- Number of Vertices
  13.8964087143714, 36.0813858, 0.3048,   !- X,Y,Z Vertex 1 {m}
  13.8964087143714, 36.0813858, 2.7432,   !- X,Y,Z Vertex 2 {m}
  17.5540087143714, 36.0813858, 2.7432,   !- X,Y,Z Vertex 3 {m}
  17.5540087143714, 36.0813858, 0.3048;   !- X,Y,Z Vertex 4 {m}

OS:AdditionalProperties,
  {96e17cb2-7c51-428c-9f38-82f28028f66a}, !- Handle
  {295cd94e-ac66-4353-96b5-4540ac7a187e}, !- Object Name
  Length,                                 !- Feature Name 1
  Double,                                 !- Feature Data Type 1
  12,                                     !- Feature Value 1
  Azimuth,                                !- Feature Name 2
  Integer,                                !- Feature Data Type 2
  0,                                      !- Feature Value 2
  Tilt,                                   !- Feature Name 3
  Double,                                 !- Feature Data Type 3
  90,                                     !- Feature Value 3
  SurfaceType,                            !- Feature Name 4
  String,                                 !- Feature Data Type 4
  Wall;                                   !- Feature Value 4

OS:Construction,
  {57bb0d4f-028c-4d7c-86e2-c89fb180c07c}, !- Handle
  Wall2 construction,                     !- Name
  ,                                       !- Surface Rendering Name
  {8ed17c76-3432-4fdb-8083-c0985fc9ca39}, !- Layer 1
  {2efa4435-ccaf-43a7-928c-1431d8fd376d}, !- Layer 2
  {28d50776-8818-493c-bd69-391d09cfe01d}; !- Layer 3

OS:Surface,
  {265fee1b-df22-452c-9519-3e602a00d5b0}, !- Handle
  Wall3,                                  !- Name
  Wall,                                   !- Surface Type
  {542ea8f2-eb99-4a98-af07-edafbdd7d6aa}, !- Construction Name
  {e1166775-97c1-407e-9578-3eacdf10cef7}, !- Space Name
  Outdoors,                               !- Outside Boundary Condition
  ,                                       !- Outside Boundary Condition Object
  SunExposed,                             !- Sun Exposure
  WindExposed,                            !- Wind Exposure
  ,                                       !- View Factor to Ground
  ,                                       !- Number of Vertices
  35.1523554, -36.0813858, 0.3048,        !- X,Y,Z Vertex 1 {m}
  35.1523554, -36.0813858, 2.7432,        !- X,Y,Z Vertex 2 {m}
  21.8211654, -36.0813858, 2.7432,        !- X,Y,Z Vertex 3 {m}
  21.8211654, -36.0813858, 0.3048;        !- X,Y,Z Vertex 4 {m}

OS:AdditionalProperties,
  {571d5a54-460d-441b-9622-8103f9c07f41}, !- Handle
  {265fee1b-df22-452c-9519-3e602a00d5b0}, !- Object Name
  Length,                                 !- Feature Name 1
  Double,                                 !- Feature Data Type 1
  43.737500000000004,                     !- Feature Value 1
  Azimuth,                                !- Feature Name 2
  Integer,                                !- Feature Data Type 2
  180,                                    !- Feature Value 2
  Tilt,                                   !- Feature Name 3
  Double,                                 !- Feature Data Type 3
  90,                                     !- Feature Value 3
  SurfaceType,                            !- Feature Name 4
  String,                                 !- Feature Data Type 4
  Wall;                                   !- Feature Value 4

OS:Material,
  {7ceb2da4-0845-4fe1-9853-e766c16f2574}, !- Handle
  wall stud and cavity 1,                 !- Name
  Rough,                                  !- Roughness
  0.1397,                                 !- Thickness {m}
  0.550994028857237,                      !- Conductivity {W/m-K}
  139.0536,                               !- Density {kg/m3}
  1170.23755760369,                       !- Specific Heat {J/kg-K}
  0.9,                                    !- Thermal Absorptance
  0.7,                                    !- Solar Absorptance
  0.7;                                    !- Visible Absorptance

OS:Construction,
  {542ea8f2-eb99-4a98-af07-edafbdd7d6aa}, !- Handle
  Wall3 construction,                     !- Name
  ,                                       !- Surface Rendering Name
  {8ed17c76-3432-4fdb-8083-c0985fc9ca39}, !- Layer 1
  {2efa4435-ccaf-43a7-928c-1431d8fd376d}, !- Layer 2
  {7ceb2da4-0845-4fe1-9853-e766c16f2574}, !- Layer 3
  {40f85e61-c78d-406f-a488-4bebd1d58561}; !- Layer 4

OS:Surface,
  {7b3a85fc-cb77-4134-a2cf-4c804442bcab}, !- Handle
  Wall4,                                  !- Name
  Wall,                                   !- Surface Type
  {9b9568c9-d080-4cad-b756-cbbd85d10c69}, !- Construction Name
  {e1166775-97c1-407e-9578-3eacdf10cef7}, !- Space Name
  Outdoors,                               !- Outside Boundary Condition
  ,                                       !- Outside Boundary Condition Object
  SunExposed,                             !- Sun Exposure
  WindExposed,                            !- Wind Exposure
  ,                                       !- View Factor to Ground
  ,                                       !- Number of Vertices
  -36.0813858, 13.8709146, 0.3048,        !- X,Y,Z Vertex 1 {m}
  -36.0813858, 13.8709146, 2.7432,        !- X,Y,Z Vertex 2 {m}
  -36.0813858, 18.0581046, 2.7432,        !- X,Y,Z Vertex 3 {m}
  -36.0813858, 18.0581046, 0.3048;        !- X,Y,Z Vertex 4 {m}

OS:AdditionalProperties,
  {59976cb4-7edf-44b5-9606-e68b895edbbb}, !- Handle
  {7b3a85fc-cb77-4134-a2cf-4c804442bcab}, !- Object Name
  Length,                                 !- Feature Name 1
  Double,                                 !- Feature Data Type 1
  13.737500000000001,                     !- Feature Value 1
  Azimuth,                                !- Feature Name 2
  Integer,                                !- Feature Data Type 2
  270,                                    !- Feature Value 2
  Tilt,                                   !- Feature Name 3
  Double,                                 !- Feature Data Type 3
  90,                                     !- Feature Value 3
  SurfaceType,                            !- Feature Name 4
  String,                                 !- Feature Data Type 4
  Wall;                                   !- Feature Value 4

OS:Construction,
  {9b9568c9-d080-4cad-b756-cbbd85d10c69}, !- Handle
  Wall4 construction,                     !- Name
  ,                                       !- Surface Rendering Name
  {8ed17c76-3432-4fdb-8083-c0985fc9ca39}, !- Layer 1
  {2efa4435-ccaf-43a7-928c-1431d8fd376d}, !- Layer 2
  {7ceb2da4-0845-4fe1-9853-e766c16f2574}, !- Layer 3
  {40f85e61-c78d-406f-a488-4bebd1d58561}; !- Layer 4

OS:Surface,
  {3399c320-16fc-4297-8c26-e60ac9aec02b}, !- Handle
  Wall5,                                  !- Name
  Wall,                                   !- Surface Type
  {afddb9c1-b040-4565-bb6c-79c97f766436}, !- Construction Name
  {e1166775-97c1-407e-9578-3eacdf10cef7}, !- Space Name
  Surface,                                !- Outside Boundary Condition
  {c3508a73-11c9-4335-96e0-f3029ccacbe3}, !- Outside Boundary Condition Object
  NoSun,                                  !- Sun Exposure
  NoWind,                                 !- Wind Exposure
  ,                                       !- View Factor to Ground
  ,                                       !- Number of Vertices
  -1.8288, 0, 0.3048,                     !- X,Y,Z Vertex 1 {m}
  -1.8288, 0, 2.7432,                     !- X,Y,Z Vertex 2 {m}
  1.8288, 0, 2.7432,                      !- X,Y,Z Vertex 3 {m}
  1.8288, 0, 0.3048;                      !- X,Y,Z Vertex 4 {m}

OS:AdditionalProperties,
  {0fba4148-d5cc-422e-a9be-c100b0f19286}, !- Handle
  {3399c320-16fc-4297-8c26-e60ac9aec02b}, !- Object Name
  Length,                                 !- Feature Name 1
  Double,                                 !- Feature Data Type 1
  12,                                     !- Feature Value 1
  Azimuth,                                !- Feature Name 2
  Integer,                                !- Feature Data Type 2
  0,                                      !- Feature Value 2
  Tilt,                                   !- Feature Name 3
  Double,                                 !- Feature Data Type 3
  90,                                     !- Feature Value 3
  SurfaceType,                            !- Feature Name 4
  String,                                 !- Feature Data Type 4
  Wall;                                   !- Feature Value 4

OS:Surface,
  {c3508a73-11c9-4335-96e0-f3029ccacbe3}, !- Handle
  Wall5 Reversed,                         !- Name
  Wall,                                   !- Surface Type
  {7f87e6b7-9d2b-4d89-b04b-e1d766a6e4dc}, !- Construction Name
  {cc707bb5-9bfe-4604-9eeb-f1c22abc4f25}, !- Space Name
  Surface,                                !- Outside Boundary Condition
  {3399c320-16fc-4297-8c26-e60ac9aec02b}, !- Outside Boundary Condition Object
  NoSun,                                  !- Sun Exposure
  NoWind,                                 !- Wind Exposure
  ,                                       !- View Factor to Ground
  ,                                       !- Number of Vertices
  1.8288, 0, 0.3048,                      !- X,Y,Z Vertex 1 {m}
  1.8288, 0, 2.7432,                      !- X,Y,Z Vertex 2 {m}
  -1.8288, 0, 2.7432,                     !- X,Y,Z Vertex 3 {m}
  -1.8288, 0, 0.3048;                     !- X,Y,Z Vertex 4 {m}

OS:AdditionalProperties,
  {eb58d055-b0e2-4e2e-b2a6-eca40609f5a4}, !- Handle
  {c3508a73-11c9-4335-96e0-f3029ccacbe3}, !- Object Name
  SurfaceType,                            !- Feature Name 1
  String,                                 !- Feature Data Type 1
  Wall;                                   !- Feature Value 1

OS:Material,
  {eae8be05-7a5d-48ef-b41a-3d35b24a2c51}, !- Handle
  osb sheathing 0.5 in. 2,                !- Name
  Rough,                                  !- Roughness
  0.0127,                                 !- Thickness {m}
  0.1154577,                              !- Conductivity {W/m-K}
  512.64,                                 !- Density {kg/m3}
  1214.23;                                !- Specific Heat {J/kg-K}

OS:Material,
  {a38b7993-59b7-4a40-8871-8ca9e00e23c6}, !- Handle
  wall stud and cavity 2,                 !- Name
  Rough,                                  !- Roughness
  0.1397,                                 !- Thickness {m}
  0.335415712884775,                      !- Conductivity {W/m-K}
  139.0536,                               !- Density {kg/m3}
  1170.23755760369,                       !- Specific Heat {J/kg-K}
  0.9,                                    !- Thermal Absorptance
  0.7,                                    !- Solar Absorptance
  0.7;                                    !- Visible Absorptance

OS:Construction,
  {afddb9c1-b040-4565-bb6c-79c97f766436}, !- Handle
  Wall5 construction,                     !- Name
  ,                                       !- Surface Rendering Name
  {eae8be05-7a5d-48ef-b41a-3d35b24a2c51}, !- Layer 1
  {a38b7993-59b7-4a40-8871-8ca9e00e23c6}, !- Layer 2
  {40f85e61-c78d-406f-a488-4bebd1d58561}; !- Layer 3

OS:Construction,
  {7f87e6b7-9d2b-4d89-b04b-e1d766a6e4dc}, !- Handle
  Wall5 construction Reversed,            !- Name
  ,                                       !- Surface Rendering Name
  {40f85e61-c78d-406f-a488-4bebd1d58561}, !- Layer 1
  {a38b7993-59b7-4a40-8871-8ca9e00e23c6}, !- Layer 2
  {eae8be05-7a5d-48ef-b41a-3d35b24a2c51}; !- Layer 3

OS:Surface,
  {a4189f51-a572-4d08-b676-e79fefdfd716}, !- Handle
  Wall6,                                  !- Name
  Wall,                                   !- Surface Type
  {fa17b894-d6c9-48c2-9ade-ceecf08a7ae1}, !- Construction Name
  {e1166775-97c1-407e-9578-3eacdf10cef7}, !- Space Name
  Surface,                                !- Outside Boundary Condition
  {4692123c-d2cf-4103-bdf7-0443caf77af0}, !- Outside Boundary Condition Object
  NoSun,                                  !- Sun Exposure
  NoWind,                                 !- Wind Exposure
  ,                                       !- View Factor to Ground
  ,                                       !- Number of Vertices
  3.35945109942102e-16, -1.8288, 0.3048,  !- X,Y,Z Vertex 1 {m}
  3.35945109942102e-16, -1.8288, 2.7432,  !- X,Y,Z Vertex 2 {m}
  -3.35945109942102e-16, 1.8288, 2.7432,  !- X,Y,Z Vertex 3 {m}
  -3.35945109942102e-16, 1.8288, 0.3048;  !- X,Y,Z Vertex 4 {m}

OS:AdditionalProperties,
  {cb8c8747-f267-421d-9756-b47aac97d97b}, !- Handle
  {a4189f51-a572-4d08-b676-e79fefdfd716}, !- Object Name
  Length,                                 !- Feature Name 1
  Double,                                 !- Feature Data Type 1
  12,                                     !- Feature Value 1
  Azimuth,                                !- Feature Name 2
  Integer,                                !- Feature Data Type 2
  270,                                    !- Feature Value 2
  Tilt,                                   !- Feature Name 3
  Double,                                 !- Feature Data Type 3
  90,                                     !- Feature Value 3
  SurfaceType,                            !- Feature Name 4
  String,                                 !- Feature Data Type 4
  Wall;                                   !- Feature Value 4

OS:Surface,
  {4692123c-d2cf-4103-bdf7-0443caf77af0}, !- Handle
  Wall6 Reversed,                         !- Name
  Wall,                                   !- Surface Type
  {8ea92ed2-680e-444c-a8db-e1ee195a50bb}, !- Construction Name
  {cc707bb5-9bfe-4604-9eeb-f1c22abc4f25}, !- Space Name
  Surface,                                !- Outside Boundary Condition
  {a4189f51-a572-4d08-b676-e79fefdfd716}, !- Outside Boundary Condition Object
  NoSun,                                  !- Sun Exposure
  NoWind,                                 !- Wind Exposure
  ,                                       !- View Factor to Ground
  ,                                       !- Number of Vertices
  -3.35945109942102e-16, 1.8288, 0.3048,  !- X,Y,Z Vertex 1 {m}
  -3.35945109942102e-16, 1.8288, 2.7432,  !- X,Y,Z Vertex 2 {m}
  3.35945109942102e-16, -1.8288, 2.7432,  !- X,Y,Z Vertex 3 {m}
  3.35945109942102e-16, -1.8288, 0.3048;  !- X,Y,Z Vertex 4 {m}

OS:AdditionalProperties,
  {876dc1a5-b492-417e-bbf2-d519d3aaf7e3}, !- Handle
  {4692123c-d2cf-4103-bdf7-0443caf77af0}, !- Object Name
  SurfaceType,                            !- Feature Name 1
  String,                                 !- Feature Data Type 1
  Wall;                                   !- Feature Value 1

OS:Material,
  {604e9b2d-9760-40f0-b3c3-0a725a808848}, !- Handle
  osb sheathing 0.5 in. 3,                !- Name
  Rough,                                  !- Roughness
  0.0127,                                 !- Thickness {m}
  0.1154577,                              !- Conductivity {W/m-K}
  512.64,                                 !- Density {kg/m3}
  1214.23;                                !- Specific Heat {J/kg-K}

OS:Construction,
  {fa17b894-d6c9-48c2-9ade-ceecf08a7ae1}, !- Handle
  Wall6 construction,                     !- Name
  ,                                       !- Surface Rendering Name
  {604e9b2d-9760-40f0-b3c3-0a725a808848}, !- Layer 1
  {a38b7993-59b7-4a40-8871-8ca9e00e23c6}, !- Layer 2
  {40f85e61-c78d-406f-a488-4bebd1d58561}; !- Layer 3

OS:Construction,
  {8ea92ed2-680e-444c-a8db-e1ee195a50bb}, !- Handle
  Wall6 construction Reversed,            !- Name
  ,                                       !- Surface Rendering Name
  {40f85e61-c78d-406f-a488-4bebd1d58561}, !- Layer 1
  {a38b7993-59b7-4a40-8871-8ca9e00e23c6}, !- Layer 2
  {604e9b2d-9760-40f0-b3c3-0a725a808848}; !- Layer 3

OS:Surface,
  {83238661-2cb8-4e17-b0c1-988998e7a7a5}, !- Handle
  Wall7,                                  !- Name
  Wall,                                   !- Surface Type
  {34c00d73-f193-42b1-9a4d-00a8cc4371ea}, !- Construction Name
  {e1166775-97c1-407e-9578-3eacdf10cef7}, !- Space Name
  Outdoors,                               !- Outside Boundary Condition
  ,                                       !- Outside Boundary Condition Object
  SunExposed,                             !- Sun Exposure
  WindExposed,                            !- Wind Exposure
  ,                                       !- View Factor to Ground
  ,                                       !- Number of Vertices
  3.61763831437138, 36.0813858, 0.3048,   !- X,Y,Z Vertex 1 {m}
  3.61763831437138, 36.0813858, 2.7432,   !- X,Y,Z Vertex 2 {m}
  12.9673783143714, 36.0813858, 2.7432,   !- X,Y,Z Vertex 3 {m}
  12.9673783143714, 36.0813858, 0.3048;   !- X,Y,Z Vertex 4 {m}

OS:AdditionalProperties,
  {d3c0743f-1442-439e-9285-fc1c23e8c8cc}, !- Handle
  {83238661-2cb8-4e17-b0c1-988998e7a7a5}, !- Object Name
  Length,                                 !- Feature Name 1
  Double,                                 !- Feature Data Type 1
  30.675000000000004,                     !- Feature Value 1
  Azimuth,                                !- Feature Name 2
  Integer,                                !- Feature Data Type 2
  0,                                      !- Feature Value 2
  Tilt,                                   !- Feature Name 3
  Double,                                 !- Feature Data Type 3
  90,                                     !- Feature Value 3
  SurfaceType,                            !- Feature Name 4
  String,                                 !- Feature Data Type 4
  Wall;                                   !- Feature Value 4

OS:Construction,
  {34c00d73-f193-42b1-9a4d-00a8cc4371ea}, !- Handle
  Wall7 construction,                     !- Name
  ,                                       !- Surface Rendering Name
  {8ed17c76-3432-4fdb-8083-c0985fc9ca39}, !- Layer 1
  {604e9b2d-9760-40f0-b3c3-0a725a808848}, !- Layer 2
  {7ceb2da4-0845-4fe1-9853-e766c16f2574}, !- Layer 3
  {40f85e61-c78d-406f-a488-4bebd1d58561}; !- Layer 4

OS:Surface,
  {f215d1e5-b199-4c07-b302-b3be96cbad29}, !- Handle
  Wall8,                                  !- Name
  Wall,                                   !- Surface Type
  {2dfbff62-b1e6-4db2-8954-73ccc2d05e55}, !- Construction Name
  {e1166775-97c1-407e-9578-3eacdf10cef7}, !- Space Name
  Outdoors,                               !- Outside Boundary Condition
  ,                                       !- Outside Boundary Condition Object
  SunExposed,                             !- Sun Exposure
  WindExposed,                            !- Wind Exposure
  ,                                       !- View Factor to Ground
  ,                                       !- Number of Vertices
  36.0813858, -17.9487979411765, 0.3048,  !- X,Y,Z Vertex 1 {m}
  36.0813858, -17.9487979411765, 2.7432,  !- X,Y,Z Vertex 2 {m}
  36.0813858, -25.3554379411765, 2.7432,  !- X,Y,Z Vertex 3 {m}
  36.0813858, -25.3554379411765, 0.3048;  !- X,Y,Z Vertex 4 {m}

OS:AdditionalProperties,
  {09c7025a-8fac-4b28-b4f5-887c584d458f}, !- Handle
  {f215d1e5-b199-4c07-b302-b3be96cbad29}, !- Object Name
  Length,                                 !- Feature Name 1
  Double,                                 !- Feature Data Type 1
  24.300000000000001,                     !- Feature Value 1
  Azimuth,                                !- Feature Name 2
  Integer,                                !- Feature Data Type 2
  90,                                     !- Feature Value 2
  Tilt,                                   !- Feature Name 3
  Double,                                 !- Feature Data Type 3
  90,                                     !- Feature Value 3
  SurfaceType,                            !- Feature Name 4
  String,                                 !- Feature Data Type 4
  Wall;                                   !- Feature Value 4

OS:Construction,
  {2dfbff62-b1e6-4db2-8954-73ccc2d05e55}, !- Handle
  Wall8 construction,                     !- Name
  ,                                       !- Surface Rendering Name
  {8ed17c76-3432-4fdb-8083-c0985fc9ca39}, !- Layer 1
  {604e9b2d-9760-40f0-b3c3-0a725a808848}, !- Layer 2
  {7ceb2da4-0845-4fe1-9853-e766c16f2574}, !- Layer 3
  {40f85e61-c78d-406f-a488-4bebd1d58561}; !- Layer 4

OS:Surface,
  {3a892da9-fb23-4499-9b9f-0a072f9cfe44}, !- Handle
  Wall9,                                  !- Name
  Wall,                                   !- Surface Type
  {524d332b-2444-4ca9-a574-0ef7a7df75fb}, !- Construction Name
  {cc707bb5-9bfe-4604-9eeb-f1c22abc4f25}, !- Space Name
  Outdoors,                               !- Outside Boundary Condition
  ,                                       !- Outside Boundary Condition Object
  SunExposed,                             !- Sun Exposure
  WindExposed,                            !- Wind Exposure
  ,                                       !- View Factor to Ground
  ,                                       !- Number of Vertices
  36.0813858, -13.3621675411765, 0.3048,  !- X,Y,Z Vertex 1 {m}
  36.0813858, -13.3621675411765, 2.7432,  !- X,Y,Z Vertex 2 {m}
  36.0813858, -17.0197675411765, 2.7432,  !- X,Y,Z Vertex 3 {m}
  36.0813858, -17.0197675411765, 0.3048;  !- X,Y,Z Vertex 4 {m}

OS:AdditionalProperties,
  {56f89342-e2da-4fe9-89a9-e5b2c361f8c8}, !- Handle
  {3a892da9-fb23-4499-9b9f-0a072f9cfe44}, !- Object Name
  Length,                                 !- Feature Name 1
  Double,                                 !- Feature Data Type 1
  12,                                     !- Feature Value 1
  Azimuth,                                !- Feature Name 2
  Integer,                                !- Feature Data Type 2
  90,                                     !- Feature Value 2
  Tilt,                                   !- Feature Name 3
  Double,                                 !- Feature Data Type 3
  90,                                     !- Feature Value 3
  SurfaceType,                            !- Feature Name 4
  String,                                 !- Feature Data Type 4
  Wall;                                   !- Feature Value 4

OS:Construction,
  {524d332b-2444-4ca9-a574-0ef7a7df75fb}, !- Handle
  Wall9 construction,                     !- Name
  ,                                       !- Surface Rendering Name
  {8ed17c76-3432-4fdb-8083-c0985fc9ca39}, !- Layer 1
  {604e9b2d-9760-40f0-b3c3-0a725a808848}, !- Layer 2
  {28d50776-8818-493c-bd69-391d09cfe01d}; !- Layer 3

OS:Surface,
  {7fe4bbdd-d5eb-4c99-ab0a-9487216e2275}, !- Handle
  RimJoist1,                              !- Name
  Wall,                                   !- Surface Type
  {5555a935-e4d0-43c0-8ced-f4daef29977f}, !- Construction Name
  {f0820cd0-1afe-41a1-9be0-80b974b9e2a0}, !- Space Name
  Outdoors,                               !- Outside Boundary Condition
  ,                                       !- Outside Boundary Condition Object
  SunExposed,                             !- Sun Exposure
  WindExposed,                            !- Wind Exposure
  ,                                       !- View Factor to Ground
  ,                                       !- Number of Vertices
  16.3283646, -36.0813858, 0.3048,        !- X,Y,Z Vertex 1 {m}
  16.3283646, -36.0813858, 0.6096,        !- X,Y,Z Vertex 2 {m}
  4.6545246, -36.0813858, 0.6096,         !- X,Y,Z Vertex 3 {m}
  4.6545246, -36.0813858, 0.3048;         !- X,Y,Z Vertex 4 {m}

OS:AdditionalProperties,
  {355a7448-68c3-42bb-ab93-cb79040af108}, !- Handle
  {7fe4bbdd-d5eb-4c99-ab0a-9487216e2275}, !- Object Name
  Length,                                 !- Feature Name 1
  Double,                                 !- Feature Data Type 1
  38.299999999999997,                     !- Feature Value 1
  Azimuth,                                !- Feature Name 2
  Integer,                                !- Feature Data Type 2
  180,                                    !- Feature Value 2
  Tilt,                                   !- Feature Name 3
  Double,                                 !- Feature Data Type 3
  90,                                     !- Feature Value 3
  SurfaceType,                            !- Feature Name 4
  String,                                 !- Feature Data Type 4
  RimJoist;                               !- Feature Value 4

OS:ThermalZone,
  {62a4303b-312c-4390-aac0-55f9400599bc}, !- Handle
  crawlspace - vented,                    !- Name
  1,                                      !- Multiplier
  ,                                       !- Ceiling Height {m}
  139.092350459904,                       !- Volume {m3}
  ,                                       !- Floor Area {m2}
  ,                                       !- Zone Inside Convection Algorithm
  ,                                       !- Zone Outside Convection Algorithm
  ,                                       !- Zone Conditioning Equipment List Name
  {93045f54-c187-4b48-b0f4-fde447579668}, !- Zone Air Inlet Port List
  {729eeadd-8cb7-45e6-8b28-0877f361a282}, !- Zone Air Exhaust Port List
  {83840ab8-d600-4492-a2a5-763ed96d2a43}, !- Zone Air Node Name
  {f3f5957a-0a8c-4cff-bedf-ef8fe14b0f2d}, !- Zone Return Air Port List
  ,                                       !- Primary Daylighting Control Name
  ,                                       !- Fraction of Zone Controlled by Primary Daylighting Control
  ,                                       !- Secondary Daylighting Control Name
  ,                                       !- Fraction of Zone Controlled by Secondary Daylighting Control
  ,                                       !- Illuminance Map Name
  ,                                       !- Group Rendering Name
  ,                                       !- Thermostat Name
  No;                                     !- Use Ideal Air Loads

OS:Node,
  {feed364d-444d-427a-a86d-4c2d5ca53355}, !- Handle
  Node 3,                                 !- Name
  {83840ab8-d600-4492-a2a5-763ed96d2a43}, !- Inlet Port
  ;                                       !- Outlet Port

OS:Connection,
  {83840ab8-d600-4492-a2a5-763ed96d2a43}, !- Handle
  {62a4303b-312c-4390-aac0-55f9400599bc}, !- Source Object
  11,                                     !- Outlet Port
  {feed364d-444d-427a-a86d-4c2d5ca53355}, !- Target Object
  2;                                      !- Inlet Port

OS:PortList,
  {93045f54-c187-4b48-b0f4-fde447579668}, !- Handle
  {62a4303b-312c-4390-aac0-55f9400599bc}; !- HVAC Component

OS:PortList,
  {729eeadd-8cb7-45e6-8b28-0877f361a282}, !- Handle
  {62a4303b-312c-4390-aac0-55f9400599bc}; !- HVAC Component

OS:PortList,
  {f3f5957a-0a8c-4cff-bedf-ef8fe14b0f2d}, !- Handle
  {62a4303b-312c-4390-aac0-55f9400599bc}; !- HVAC Component

OS:Sizing:Zone,
  {a8ccc061-58bc-41eb-bb2d-7194a1ee005d}, !- Handle
  {62a4303b-312c-4390-aac0-55f9400599bc}, !- Zone or ZoneList Name
  SupplyAirTemperature,                   !- Zone Cooling Design Supply Air Temperature Input Method
  14,                                     !- Zone Cooling Design Supply Air Temperature {C}
  11.11,                                  !- Zone Cooling Design Supply Air Temperature Difference {deltaC}
  SupplyAirTemperature,                   !- Zone Heating Design Supply Air Temperature Input Method
  40,                                     !- Zone Heating Design Supply Air Temperature {C}
  11.11,                                  !- Zone Heating Design Supply Air Temperature Difference {deltaC}
  0.0085,                                 !- Zone Cooling Design Supply Air Humidity Ratio {kg-H2O/kg-air}
  0.008,                                  !- Zone Heating Design Supply Air Humidity Ratio {kg-H2O/kg-air}
  ,                                       !- Zone Heating Sizing Factor
  ,                                       !- Zone Cooling Sizing Factor
  DesignDay,                              !- Cooling Design Air Flow Method
  ,                                       !- Cooling Design Air Flow Rate {m3/s}
  ,                                       !- Cooling Minimum Air Flow per Zone Floor Area {m3/s-m2}
  ,                                       !- Cooling Minimum Air Flow {m3/s}
  ,                                       !- Cooling Minimum Air Flow Fraction
  DesignDay,                              !- Heating Design Air Flow Method
  ,                                       !- Heating Design Air Flow Rate {m3/s}
  ,                                       !- Heating Maximum Air Flow per Zone Floor Area {m3/s-m2}
  ,                                       !- Heating Maximum Air Flow {m3/s}
  ,                                       !- Heating Maximum Air Flow Fraction
  No,                                     !- Account for Dedicated Outdoor Air System
  NeutralSupplyAir,                       !- Dedicated Outdoor Air System Control Strategy
  autosize,                               !- Dedicated Outdoor Air Low Setpoint Temperature for Design {C}
  autosize,                               !- Dedicated Outdoor Air High Setpoint Temperature for Design {C}
  Sensible Load Only No Latent Load,      !- Zone Load Sizing Method
  HumidityRatioDifference,                !- Zone Latent Cooling Design Supply Air Humidity Ratio Input Method
  ,                                       !- Zone Dehumidification Design Supply Air Humidity Ratio {kgWater/kgDryAir}
  0.005,                                  !- Zone Cooling Design Supply Air Humidity Ratio Difference {kgWater/kgDryAir}
  HumidityRatioDifference,                !- Zone Latent Heating Design Supply Air Humidity Ratio Input Method
  ,                                       !- Zone Humidification Design Supply Air Humidity Ratio {kgWater/kgDryAir}
  0.005,                                  !- Zone Humidification Design Supply Air Humidity Ratio Difference {kgWater/kgDryAir}
  ,                                       !- Zone Humidistat Dehumidification Set Point Schedule Name
  ,                                       !- Zone Humidistat Humidification Set Point Schedule Name
  ,                                       !- Design Zone Air Distribution Effectiveness in Cooling Mode
  ,                                       !- Design Zone Air Distribution Effectiveness in Heating Mode
  ,                                       !- Design Zone Secondary Recirculation Fraction {dimensionless}
  ,                                       !- Design Minimum Zone Ventilation Efficiency {dimensionless}
  Coincident;                             !- Sizing Option

OS:ZoneHVAC:EquipmentList,
  {0371ddd1-4a71-4404-b12d-7a8812cdcddd}, !- Handle
  Zone HVAC Equipment List 3,             !- Name
  {62a4303b-312c-4390-aac0-55f9400599bc}; !- Thermal Zone

OS:AdditionalProperties,
  {a2f045db-62f0-4ef4-abff-eaaff96aa8ff}, !- Handle
  {62a4303b-312c-4390-aac0-55f9400599bc}, !- Object Name
  ObjectType,                             !- Feature Name 1
  String,                                 !- Feature Data Type 1
  crawlspace - vented;                    !- Feature Value 1

OS:Space,
  {f0820cd0-1afe-41a1-9be0-80b974b9e2a0}, !- Handle
  crawlspace - vented 1,                  !- Name
  ,                                       !- Space Type Name
  ,                                       !- Default Construction Set Name
  ,                                       !- Default Schedule Set Name
  ,                                       !- Direction of Relative North {deg}
  ,                                       !- X Origin {m}
  ,                                       !- Y Origin {m}
  ,                                       !- Z Origin {m}
  ,                                       !- Building Story Name
  {62a4303b-312c-4390-aac0-55f9400599bc}, !- Thermal Zone Name
  ,                                       !- Part of Total Floor Area
  ,                                       !- Design Specification Outdoor Air Object Name
  ,                                       !- Building Unit Name
  139.092350459904;                       !- Volume {m3}

OS:Material,
  {5055e4ca-fe39-4270-a391-105e8e2edf75}, !- Handle
  rim joist stud and cavity,              !- Name
  Rough,                                  !- Roughness
  0.0508,                                 !- Thickness {m}
  0.178687637940209,                      !- Conductivity {W/m-K}
  50.32683,                               !- Density {kg/m3}
  1063.80987585548,                       !- Specific Heat {J/kg-K}
  0.9,                                    !- Thermal Absorptance
  0.6,                                    !- Solar Absorptance
  0.6;                                    !- Visible Absorptance

OS:Construction,
  {5555a935-e4d0-43c0-8ced-f4daef29977f}, !- Handle
  RimJoist1 construction,                 !- Name
  ,                                       !- Surface Rendering Name
  {8ed17c76-3432-4fdb-8083-c0985fc9ca39}, !- Layer 1
  {5055e4ca-fe39-4270-a391-105e8e2edf75}; !- Layer 2

OS:Surface,
  {3dba9d73-f3b4-49a8-ae28-000c92a70063}, !- Handle
  RimJoist2,                              !- Name
  Wall,                                   !- Surface Type
  {eba50d9e-8674-4038-8b06-43db96134e57}, !- Construction Name
  {f0820cd0-1afe-41a1-9be0-80b974b9e2a0}, !- Space Name
  Outdoors,                               !- Outside Boundary Condition
  ,                                       !- Outside Boundary Condition Object
  SunExposed,                             !- Sun Exposure
  WindExposed,                            !- Wind Exposure
  ,                                       !- View Factor to Ground
  ,                                       !- Number of Vertices
  -36.0813858, 29.5891458, 0.3048,        !- X,Y,Z Vertex 1 {m}
  -36.0813858, 29.5891458, 0.6096,        !- X,Y,Z Vertex 2 {m}
  -36.0813858, 36.0813858, 0.6096,        !- X,Y,Z Vertex 3 {m}
  -36.0813858, 36.0813858, 0.3048;        !- X,Y,Z Vertex 4 {m}

OS:AdditionalProperties,
  {a4261abd-2cb0-461b-b831-5f6466ce71aa}, !- Handle
  {3dba9d73-f3b4-49a8-ae28-000c92a70063}, !- Object Name
  Length,                                 !- Feature Name 1
  Double,                                 !- Feature Data Type 1
  21.300000000000001,                     !- Feature Value 1
  Azimuth,                                !- Feature Name 2
  Integer,                                !- Feature Data Type 2
  270,                                    !- Feature Value 2
  Tilt,                                   !- Feature Name 3
  Double,                                 !- Feature Data Type 3
  90,                                     !- Feature Value 3
  SurfaceType,                            !- Feature Name 4
  String,                                 !- Feature Data Type 4
  RimJoist;                               !- Feature Value 4

OS:Construction,
  {eba50d9e-8674-4038-8b06-43db96134e57}, !- Handle
  RimJoist2 construction,                 !- Name
  ,                                       !- Surface Rendering Name
  {8ed17c76-3432-4fdb-8083-c0985fc9ca39}, !- Layer 1
  {5055e4ca-fe39-4270-a391-105e8e2edf75}; !- Layer 2

OS:Surface,
  {82002102-9289-43f6-a8c6-9c401167a183}, !- Handle
  RimJoist3,                              !- Name
  Wall,                                   !- Surface Type
  {448d10e2-69e4-410c-a635-b0025e3c576b}, !- Construction Name
  {f0820cd0-1afe-41a1-9be0-80b974b9e2a0}, !- Space Name
  Outdoors,                               !- Outside Boundary Condition
  ,                                       !- Outside Boundary Condition Object
  SunExposed,                             !- Sun Exposure
  WindExposed,                            !- Wind Exposure
  ,                                       !- View Factor to Ground
  ,                                       !- Number of Vertices
  24.4075458, 36.0813858, 0.3048,         !- X,Y,Z Vertex 1 {m}
  24.4075458, 36.0813858, 0.6096,         !- X,Y,Z Vertex 2 {m}
  36.0813858, 36.0813858, 0.6096,         !- X,Y,Z Vertex 3 {m}
  36.0813858, 36.0813858, 0.3048;         !- X,Y,Z Vertex 4 {m}

OS:AdditionalProperties,
  {91d58ea3-9cd5-4111-9f59-b636506bed39}, !- Handle
  {82002102-9289-43f6-a8c6-9c401167a183}, !- Object Name
  Length,                                 !- Feature Name 1
  Double,                                 !- Feature Data Type 1
  38.299999999999997,                     !- Feature Value 1
  Azimuth,                                !- Feature Name 2
  Integer,                                !- Feature Data Type 2
  0,                                      !- Feature Value 2
  Tilt,                                   !- Feature Name 3
  Double,                                 !- Feature Data Type 3
  90,                                     !- Feature Value 3
  SurfaceType,                            !- Feature Name 4
  String,                                 !- Feature Data Type 4
  RimJoist;                               !- Feature Value 4

OS:Construction,
  {448d10e2-69e4-410c-a635-b0025e3c576b}, !- Handle
  RimJoist3 construction,                 !- Name
  ,                                       !- Surface Rendering Name
  {8ed17c76-3432-4fdb-8083-c0985fc9ca39}, !- Layer 1
  {5055e4ca-fe39-4270-a391-105e8e2edf75}; !- Layer 2

OS:Surface,
  {bc15c45f-c8fe-4962-b791-18f70a4ddf91}, !- Handle
  RimJoist4,                              !- Name
  Wall,                                   !- Surface Type
  {bd5a237a-d8b9-4983-b7c6-0fd11a60e0cb}, !- Construction Name
  {f0820cd0-1afe-41a1-9be0-80b974b9e2a0}, !- Space Name
  Outdoors,                               !- Outside Boundary Condition
  ,                                       !- Outside Boundary Condition Object
  SunExposed,                             !- Sun Exposure
  WindExposed,                            !- Wind Exposure
  ,                                       !- View Factor to Ground
  ,                                       !- Number of Vertices
  36.0813858, -29.5891458, 0.3048,        !- X,Y,Z Vertex 1 {m}
  36.0813858, -29.5891458, 0.6096,        !- X,Y,Z Vertex 2 {m}
  36.0813858, -36.0813858, 0.6096,        !- X,Y,Z Vertex 3 {m}
  36.0813858, -36.0813858, 0.3048;        !- X,Y,Z Vertex 4 {m}

OS:AdditionalProperties,
  {8902858a-029a-45cd-9d1d-392c8d2b9ff4}, !- Handle
  {bc15c45f-c8fe-4962-b791-18f70a4ddf91}, !- Object Name
  Length,                                 !- Feature Name 1
  Double,                                 !- Feature Data Type 1
  21.300000000000001,                     !- Feature Value 1
  Azimuth,                                !- Feature Name 2
  Integer,                                !- Feature Data Type 2
  90,                                     !- Feature Value 2
  Tilt,                                   !- Feature Name 3
  Double,                                 !- Feature Data Type 3
  90,                                     !- Feature Value 3
  SurfaceType,                            !- Feature Name 4
  String,                                 !- Feature Data Type 4
  RimJoist;                               !- Feature Value 4

OS:Construction,
  {bd5a237a-d8b9-4983-b7c6-0fd11a60e0cb}, !- Handle
  RimJoist4 construction,                 !- Name
  ,                                       !- Surface Rendering Name
  {8ed17c76-3432-4fdb-8083-c0985fc9ca39}, !- Layer 1
  {5055e4ca-fe39-4270-a391-105e8e2edf75}; !- Layer 2

OS:Surface,
  {5881322f-28ae-48e2-864f-231470f5b51d}, !- Handle
  Floor1,                                 !- Name
  Floor,                                  !- Surface Type
  {ab52359b-26bc-49f0-be10-de8b15bfd509}, !- Construction Name
  {e1166775-97c1-407e-9578-3eacdf10cef7}, !- Space Name
  Surface,                                !- Outside Boundary Condition
  {9cf48c25-9c55-4c95-a501-9cc1b0714d0d}, !- Outside Boundary Condition Object
  NoSun,                                  !- Sun Exposure
  NoWind,                                 !- Wind Exposure
  ,                                       !- View Factor to Ground
  ,                                       !- Number of Vertices
  -5.34052743462666, -5.34052743462666, 0.3048, !- X,Y,Z Vertex 1 {m}
  -5.34052743462666, 5.34052743462666, 0.3048, !- X,Y,Z Vertex 2 {m}
  5.34052743462666, 5.34052743462666, 0.3048, !- X,Y,Z Vertex 3 {m}
  5.34052743462666, -5.34052743462666, 0.3048; !- X,Y,Z Vertex 4 {m}

OS:AdditionalProperties,
  {7d564a93-9f28-43a2-931b-1a7749ac900f}, !- Handle
  {5881322f-28ae-48e2-864f-231470f5b51d}, !- Object Name
  SurfaceType,                            !- Feature Name 1
  String,                                 !- Feature Data Type 1
  Floor,                                  !- Feature Value 1
  Tilt,                                   !- Feature Name 2
  Double,                                 !- Feature Data Type 2
  0;                                      !- Feature Value 2

OS:Surface,
  {9cf48c25-9c55-4c95-a501-9cc1b0714d0d}, !- Handle
  Surface 1 Reversed,                     !- Name
  RoofCeiling,                            !- Surface Type
  {1d631a43-3264-40fd-991b-e0ca28adf120}, !- Construction Name
  {f0820cd0-1afe-41a1-9be0-80b974b9e2a0}, !- Space Name
  Surface,                                !- Outside Boundary Condition
  {5881322f-28ae-48e2-864f-231470f5b51d}, !- Outside Boundary Condition Object
  NoSun,                                  !- Sun Exposure
  NoWind,                                 !- Wind Exposure
  ,                                       !- View Factor to Ground
  ,                                       !- Number of Vertices
  5.34052743462666, -5.34052743462666, 0.3048, !- X,Y,Z Vertex 1 {m}
  5.34052743462666, 5.34052743462666, 0.3048, !- X,Y,Z Vertex 2 {m}
  -5.34052743462666, 5.34052743462666, 0.3048, !- X,Y,Z Vertex 3 {m}
  -5.34052743462666, -5.34052743462666, 0.3048; !- X,Y,Z Vertex 4 {m}

OS:AdditionalProperties,
  {62d92c53-9b19-454b-8c03-6b0cdefb3bc1}, !- Handle
  {9cf48c25-9c55-4c95-a501-9cc1b0714d0d}, !- Object Name
  SurfaceType,                            !- Feature Name 1
  String,                                 !- Feature Data Type 1
  Floor;                                  !- Feature Value 1

OS:Material,
  {6df6ea70-7b3e-4ab9-a3aa-2598a3890579}, !- Handle
  floor stud and cavity,                  !- Name
  Rough,                                  !- Roughness
  0.1397,                                 !- Thickness {m}
  0.92363688011841,                       !- Conductivity {W/m-K}
  92.3553,                                !- Density {kg/m3}
  1139.71374674761,                       !- Specific Heat {J/kg-K}
  0.9,                                    !- Thermal Absorptance
  0.7,                                    !- Solar Absorptance
  0.7;                                    !- Visible Absorptance

OS:Material,
  {5799ded2-9ed5-4029-8da6-6f04a6f95871}, !- Handle
  floor covering,                         !- Name
  Rough,                                  !- Roughness
  0.0127,                                 !- Thickness {m}
  0.0433443509615385,                     !- Conductivity {W/m-K}
  54.468,                                 !- Density {kg/m3}
  1339.84,                                !- Specific Heat {J/kg-K}
  0.9,                                    !- Thermal Absorptance
  0.6,                                    !- Solar Absorptance
  0.6;                                    !- Visible Absorptance

OS:Construction,
  {ab52359b-26bc-49f0-be10-de8b15bfd509}, !- Handle
  Floor1 construction,                    !- Name
  ,                                       !- Surface Rendering Name
  {6df6ea70-7b3e-4ab9-a3aa-2598a3890579}, !- Layer 1
  {d015421a-6654-4d62-87f9-2010883e0d90}, !- Layer 2
  {5799ded2-9ed5-4029-8da6-6f04a6f95871}; !- Layer 3

OS:Construction,
  {1d631a43-3264-40fd-991b-e0ca28adf120}, !- Handle
  Floor1 construction Reversed,           !- Name
  ,                                       !- Surface Rendering Name
  {5799ded2-9ed5-4029-8da6-6f04a6f95871}, !- Layer 1
  {d015421a-6654-4d62-87f9-2010883e0d90}, !- Layer 2
  {6df6ea70-7b3e-4ab9-a3aa-2598a3890579}; !- Layer 3

OS:Surface,
  {316b2364-2981-4c32-9722-a0b9d5d788ab}, !- Handle
  Slab1,                                  !- Name
  Floor,                                  !- Surface Type
  {916e7a54-8377-411e-9a77-d5463941a90d}, !- Construction Name
  {cc707bb5-9bfe-4604-9eeb-f1c22abc4f25}, !- Space Name
  Foundation,                             !- Outside Boundary Condition
  {72b0cddd-9cf2-4905-b4e3-4d5e98afb35f}, !- Outside Boundary Condition Object
  NoSun,                                  !- Sun Exposure
  NoWind,                                 !- Wind Exposure
  ,                                       !- View Factor to Ground
  ,                                       !- Number of Vertices
  -2.58631376286792, -2.58631376286792, 0, !- X,Y,Z Vertex 1 {m}
  -2.58631376286792, 2.58631376286792, 0, !- X,Y,Z Vertex 2 {m}
  2.58631376286792, 2.58631376286792, 0,  !- X,Y,Z Vertex 3 {m}
  2.58631376286792, -2.58631376286792, 0; !- X,Y,Z Vertex 4 {m}

OS:AdditionalProperties,
  {c81bdb2a-bcd8-4d68-adc5-58e7f519e0f6}, !- Handle
  {316b2364-2981-4c32-9722-a0b9d5d788ab}, !- Object Name
  SurfaceType,                            !- Feature Name 1
  String,                                 !- Feature Data Type 1
  Slab;                                   !- Feature Value 1

OS:Foundation:Kiva,
  {72b0cddd-9cf2-4905-b4e3-4d5e98afb35f}, !- Handle
  Foundation Kiva 1,                      !- Name
  13.4258307666913,                       !- Initial Indoor Air Temperature {C}
  ,                                       !- Interior Horizontal Insulation Material Name
  ,                                       !- Interior Horizontal Insulation Depth {m}
  ,                                       !- Interior Horizontal Insulation Width {m}
  ,                                       !- Interior Vertical Insulation Material Name
  ,                                       !- Interior Vertical Insulation Depth {m}
  ,                                       !- Exterior Horizontal Insulation Material Name
  ,                                       !- Exterior Horizontal Insulation Depth {m}
  ,                                       !- Exterior Horizontal Insulation Width {m}
  ,                                       !- Exterior Vertical Insulation Material Name
  ,                                       !- Exterior Vertical Insulation Depth {m}
  0.1016,                                 !- Wall Height Above Grade {m}
  0.2032,                                 !- Wall Depth Below Slab {m}
  ,                                       !- Footing Wall Construction Name
  ,                                       !- Footing Material Name
  ;                                       !- Footing Depth {m}

OS:Foundation:Kiva:Settings,
  {db76914c-05e1-42a3-bf9c-6f340d45ac32}, !- Handle
  1.3848,                                 !- Soil Conductivity {W/m-K}
  1842.3,                                 !- Soil Density {kg/m3}
  418.7,                                  !- Soil Specific Heat {J/kg-K}
  0.9,                                    !- Ground Solar Absorptivity {dimensionless}
  0.9,                                    !- Ground Thermal Absorptivity {dimensionless}
  0.03,                                   !- Ground Surface Roughness {m}
  40,                                     !- Far-Field Width {m}
  ZeroFlux,                               !- Deep-Ground Boundary Condition
  40,                                     !- Deep-Ground Depth {m}
  0.2,                                    !- Minimum Cell Dimension {m}
  3,                                      !- Maximum Cell Growth Coefficient {dimensionless}
  Timestep;                               !- Simulation Timestep

OS:Material,
  {d52f1c50-0b62-4a21-b0b9-ea32119247db}, !- Handle
  concrete 4.0 in.,                       !- Name
  Rough,                                  !- Roughness
  0.1016,                                 !- Thickness {m}
  1.803125,                               !- Conductivity {W/m-K}
  2242.8,                                 !- Density {kg/m3}
  837.4,                                  !- Specific Heat {J/kg-K}
  0.9,                                    !- Thermal Absorptance
  0.7,                                    !- Solar Absorptance
  0.7;                                    !- Visible Absorptance

OS:Construction,
  {916e7a54-8377-411e-9a77-d5463941a90d}, !- Handle
  Slab1 construction,                     !- Name
  ,                                       !- Surface Rendering Name
  {d52f1c50-0b62-4a21-b0b9-ea32119247db}; !- Layer 1

OS:SurfaceProperty:ExposedFoundationPerimeter,
  {36604809-dce4-4345-b23c-eef44f7b8431}, !- Handle
  {316b2364-2981-4c32-9722-a0b9d5d788ab}, !- Surface Name
  TotalExposedPerimeter,                  !- Exposed Perimeter Calculation Method
  14.6304;                                !- Total Exposed Perimeter {m}

OS:Surface,
  {22325340-1404-49e3-8c2e-f0c51069d4f8}, !- Handle
  FoundationWall1,                        !- Name
  Wall,                                   !- Surface Type
  {550a59bb-8292-4070-99e3-914fffc78ac3}, !- Construction Name
  {f0820cd0-1afe-41a1-9be0-80b974b9e2a0}, !- Space Name
  Foundation,                             !- Outside Boundary Condition
  {940eafcf-e1f7-41f5-a970-10bac39612c9}, !- Outside Boundary Condition Object
  NoSun,                                  !- Sun Exposure
  NoWind,                                 !- Wind Exposure
  ,                                       !- View Factor to Ground
  ,                                       !- Number of Vertices
  3.7254942, -36.0813858, -0.9144,        !- X,Y,Z Vertex 1 {m}
  3.7254942, -36.0813858, 0.3048,         !- X,Y,Z Vertex 2 {m}
  -36.0813858, -36.0813858, 0.3048,       !- X,Y,Z Vertex 3 {m}
  -36.0813858, -36.0813858, -0.9144;      !- X,Y,Z Vertex 4 {m}

OS:AdditionalProperties,
  {7f7206a0-a7d3-434c-866c-e3ca3a9e1524}, !- Handle
  {22325340-1404-49e3-8c2e-f0c51069d4f8}, !- Object Name
  Length,                                 !- Feature Name 1
  Double,                                 !- Feature Data Type 1
  130.59999999999999,                     !- Feature Value 1
  Azimuth,                                !- Feature Name 2
  Integer,                                !- Feature Data Type 2
  180,                                    !- Feature Value 2
  Tilt,                                   !- Feature Name 3
  Double,                                 !- Feature Data Type 3
  90,                                     !- Feature Value 3
  SurfaceType,                            !- Feature Name 4
  String,                                 !- Feature Data Type 4
  FoundationWall;                         !- Feature Value 4

OS:Foundation:Kiva,
  {940eafcf-e1f7-41f5-a970-10bac39612c9}, !- Handle
  Foundation Kiva 2,                      !- Name
  8.24991435668887,                       !- Initial Indoor Air Temperature {C}
  ,                                       !- Interior Horizontal Insulation Material Name
  ,                                       !- Interior Horizontal Insulation Depth {m}
  ,                                       !- Interior Horizontal Insulation Width {m}
  ,                                       !- Interior Vertical Insulation Material Name
  ,                                       !- Interior Vertical Insulation Depth {m}
  ,                                       !- Exterior Horizontal Insulation Material Name
  ,                                       !- Exterior Horizontal Insulation Depth {m}
  ,                                       !- Exterior Horizontal Insulation Width {m}
  ,                                       !- Exterior Vertical Insulation Material Name
  ,                                       !- Exterior Vertical Insulation Depth {m}
  0.3048,                                 !- Wall Height Above Grade {m}
  0.2032,                                 !- Wall Depth Below Slab {m}
  ,                                       !- Footing Wall Construction Name
  ,                                       !- Footing Material Name
  ;                                       !- Footing Depth {m}

OS:Material,
  {fea63785-a8f6-466b-a658-ef0e8add420e}, !- Handle
  concrete 8.0 in.,                       !- Name
  Rough,                                  !- Roughness
  0.2032,                                 !- Thickness {m}
  1.803125,                               !- Conductivity {W/m-K}
  2242.8,                                 !- Density {kg/m3}
  837.4,                                  !- Specific Heat {J/kg-K}
  0.9,                                    !- Thermal Absorptance
  0.7,                                    !- Solar Absorptance
  0.7;                                    !- Visible Absorptance

OS:Construction,
  {550a59bb-8292-4070-99e3-914fffc78ac3}, !- Handle
  FoundationWall1 construction,           !- Name
  ,                                       !- Surface Rendering Name
  {fea63785-a8f6-466b-a658-ef0e8add420e}; !- Layer 1

OS:Surface,
  {a4ce154a-de9c-4550-bbb3-98930eb1839a}, !- Handle
  Slab2,                                  !- Name
  Floor,                                  !- Surface Type
  {b794330d-7d45-42d5-b15f-c2f75ca2744a}, !- Construction Name
  {f0820cd0-1afe-41a1-9be0-80b974b9e2a0}, !- Space Name
  Foundation,                             !- Outside Boundary Condition
  {940eafcf-e1f7-41f5-a970-10bac39612c9}, !- Outside Boundary Condition Object
  NoSun,                                  !- Sun Exposure
  NoWind,                                 !- Wind Exposure
  ,                                       !- View Factor to Ground
  ,                                       !- Number of Vertices
  -5.34052743462666, -5.34052743462666, -0.9144, !- X,Y,Z Vertex 1 {m}
  -5.34052743462666, 5.34052743462666, -0.9144, !- X,Y,Z Vertex 2 {m}
  5.34052743462666, 5.34052743462666, -0.9144, !- X,Y,Z Vertex 3 {m}
  5.34052743462666, -5.34052743462666, -0.9144; !- X,Y,Z Vertex 4 {m}

OS:AdditionalProperties,
  {411b35d2-2382-49b6-95ad-72fffd9d0ae9}, !- Handle
  {a4ce154a-de9c-4550-bbb3-98930eb1839a}, !- Object Name
  SurfaceType,                            !- Feature Name 1
  String,                                 !- Feature Data Type 1
  Slab;                                   !- Feature Value 1

OS:Material,
  {64935d68-4485-4471-8505-ac8047a22b3c}, !- Handle
  soil 0.5 in.,                           !- Name
  Rough,                                  !- Roughness
  0.0127,                                 !- Thickness {m}
  1.3848,                                 !- Conductivity {W/m-K}
  1842.3,                                 !- Density {kg/m3}
  418.7,                                  !- Specific Heat {J/kg-K}
  0.9,                                    !- Thermal Absorptance
  0.7,                                    !- Solar Absorptance
  0.7;                                    !- Visible Absorptance

OS:Construction,
  {b794330d-7d45-42d5-b15f-c2f75ca2744a}, !- Handle
  Slab2 construction,                     !- Name
  ,                                       !- Surface Rendering Name
  {64935d68-4485-4471-8505-ac8047a22b3c}; !- Layer 1

OS:SurfaceProperty:ExposedFoundationPerimeter,
  {ce1b576c-3931-4b32-85d1-6e1e855a3311}, !- Handle
  {a4ce154a-de9c-4550-bbb3-98930eb1839a}, !- Surface Name
  TotalExposedPerimeter,                  !- Exposed Perimeter Calculation Method
  39.80688;                               !- Total Exposed Perimeter {m}

OS:Surface,
  {b50cb6cb-b31d-4f52-bc89-8ccb9f6819ae}, !- Handle
  surface Window1,                        !- Name
  Wall,                                   !- Surface Type
  {628ad5fd-9b1c-4228-8073-924244c890f6}, !- Construction Name
  {e1166775-97c1-407e-9578-3eacdf10cef7}, !- Space Name
  Outdoors,                               !- Outside Boundary Condition
  ,                                       !- Outside Boundary Condition Object
  SunExposed,                             !- Sun Exposure
  WindExposed,                            !- Wind Exposure
  ,                                       !- View Factor to Ground
  ,                                       !- Number of Vertices
  20.8926499362541, -36.0813858, 0.304285063745883, !- X,Y,Z Vertex 1 {m}
  20.8926499362541, -36.0813858, 1.52451493625412, !- X,Y,Z Vertex 2 {m}
  17.2568800637459, -36.0813858, 1.52451493625412, !- X,Y,Z Vertex 3 {m}
  17.2568800637459, -36.0813858, 0.304285063745883; !- X,Y,Z Vertex 4 {m}

OS:AdditionalProperties,
  {c70d1698-b574-42af-8527-7d966aeec2fe}, !- Handle
  {b50cb6cb-b31d-4f52-bc89-8ccb9f6819ae}, !- Object Name
  Length,                                 !- Feature Name 1
  Double,                                 !- Feature Data Type 1
  11.925000000000002,                     !- Feature Value 1
  Azimuth,                                !- Feature Name 2
  Integer,                                !- Feature Data Type 2
  180,                                    !- Feature Value 2
  Tilt,                                   !- Feature Name 3
  Double,                                 !- Feature Data Type 3
  90,                                     !- Feature Value 3
  SurfaceType,                            !- Feature Name 4
  String,                                 !- Feature Data Type 4
  Window;                                 !- Feature Value 4

OS:SubSurface,
  {a95d8d8a-ef6f-4b14-9b7e-29121a9458ec}, !- Handle
  Window1,                                !- Name
  FixedWindow,                            !- Sub Surface Type
  {37da97b5-ff15-450c-8b16-2896df03934c}, !- Construction Name
  {b50cb6cb-b31d-4f52-bc89-8ccb9f6819ae}, !- Surface Name
  ,                                       !- Outside Boundary Condition Object
  ,                                       !- View Factor to Ground
  ,                                       !- Frame and Divider Name
  ,                                       !- Multiplier
  ,                                       !- Number of Vertices
  20.892135, -36.0813858, 0.3048,         !- X,Y,Z Vertex 1 {m}
  20.892135, -36.0813858, 1.524,          !- X,Y,Z Vertex 2 {m}
  17.257395, -36.0813858, 1.524,          !- X,Y,Z Vertex 3 {m}
  17.257395, -36.0813858, 0.3048;         !- X,Y,Z Vertex 4 {m}

OS:ShadingSurfaceGroup,
  {87c52dd6-b5fb-4797-9b30-28d018e5c4b4}, !- Handle
  Window1 Shading Surfaces,               !- Name
  Space,                                  !- Shading Surface Type
  {e1166775-97c1-407e-9578-3eacdf10cef7}, !- Space Name
  ,                                       !- Direction of Relative North {deg}
  ,                                       !- X Origin {m}
  ,                                       !- Y Origin {m}
  ,                                       !- Z Origin {m}
  {a95d8d8a-ef6f-4b14-9b7e-29121a9458ec}; !- Shaded Object Name

OS:ShadingSurface,
  {44609096-88f0-4024-881c-723a75780f4e}, !- Handle
  Window1 overhangs,                      !- Name
  ,                                       !- Construction Name
  {87c52dd6-b5fb-4797-9b30-28d018e5c4b4}, !- Shading Surface Group Name
  ,                                       !- Transmittance Schedule Name
  ,                                       !- Number of Vertices
  21.196935, -36.0813858, 1.8288,         !- X,Y,Z Vertex 1 {m}
  16.952595, -36.0813858, 1.8288,         !- X,Y,Z Vertex 2 {m}
  16.952595, -36.6909858, 1.8288,         !- X,Y,Z Vertex 3 {m}
  21.196935, -36.6909858, 1.8288;         !- X,Y,Z Vertex 4 {m}

OS:WindowMaterial:SimpleGlazingSystem,
  {4375a83e-3e8f-4e78-88fb-1c8552108ae2}, !- Handle
  WindowMaterial,                         !- Name
  2.78222,                                !- U-Factor {W/m2-K}
  0.56;                                   !- Solar Heat Gain Coefficient

OS:Construction,
  {37da97b5-ff15-450c-8b16-2896df03934c}, !- Handle
  WindowConstruction,                     !- Name
  ,                                       !- Surface Rendering Name
  {4375a83e-3e8f-4e78-88fb-1c8552108ae2}; !- Layer 1

OS:Schedule:Ruleset,
  {2819e83c-e1e0-4f94-914d-010e2287fe6f}, !- Handle
  trans schedule winter=0.85 summer=0.7,  !- Name
  {8281b044-9d5b-4193-b805-3061b00474eb}, !- Schedule Type Limits Name
  {40e307bf-d386-48d4-a913-8707880b4a28}; !- Default Day Schedule Name

OS:Schedule:Day,
  {40e307bf-d386-48d4-a913-8707880b4a28}, !- Handle
  trans schedule winter=0.85 summer=0.7 default day, !- Name
  {8281b044-9d5b-4193-b805-3061b00474eb}, !- Schedule Type Limits Name
  ,                                       !- Interpolate to Timestep
  24,                                     !- Hour 1
  0,                                      !- Minute 1
  0;                                      !- Value Until Time 1

OS:ScheduleTypeLimits,
  {8281b044-9d5b-4193-b805-3061b00474eb}, !- Handle
  Fractional,                             !- Name
  0,                                      !- Lower Limit Value
  1,                                      !- Upper Limit Value
  Continuous;                             !- Numeric Type

OS:Schedule:Rule,
  {f32558a0-f0f9-4b44-984a-21f5276ed207}, !- Handle
  trans schedule winter=0.85 summer=0.7 allday rule, !- Name
  {2819e83c-e1e0-4f94-914d-010e2287fe6f}, !- Schedule Ruleset Name
  2,                                      !- Rule Order
  {d3110d3b-2fbb-4faf-81e5-a8249dbd7d2b}, !- Day Schedule Name
  Yes,                                    !- Apply Sunday
  Yes,                                    !- Apply Monday
  Yes,                                    !- Apply Tuesday
  Yes,                                    !- Apply Wednesday
  Yes,                                    !- Apply Thursday
  Yes,                                    !- Apply Friday
  Yes,                                    !- Apply Saturday
  DateRange,                              !- Date Specification Type
  1,                                      !- Start Month
  1,                                      !- Start Day
  5,                                      !- End Month
  31;                                     !- End Day

OS:Schedule:Day,
  {d3110d3b-2fbb-4faf-81e5-a8249dbd7d2b}, !- Handle
  trans schedule winter=0.85 summer=0.7 day, !- Name
  {8281b044-9d5b-4193-b805-3061b00474eb}, !- Schedule Type Limits Name
  ,                                       !- Interpolate to Timestep
  24,                                     !- Hour 1
  0,                                      !- Minute 1
  0.85;                                   !- Value Until Time 1

OS:Schedule:Rule,
  {9bed3ef1-1d73-401e-95f9-83b2c111cb48}, !- Handle
  trans schedule winter=0.85 summer=0.7 allday rule 1, !- Name
  {2819e83c-e1e0-4f94-914d-010e2287fe6f}, !- Schedule Ruleset Name
  1,                                      !- Rule Order
  {a36fd768-0827-42d4-9395-b416840200a7}, !- Day Schedule Name
  Yes,                                    !- Apply Sunday
  Yes,                                    !- Apply Monday
  Yes,                                    !- Apply Tuesday
  Yes,                                    !- Apply Wednesday
  Yes,                                    !- Apply Thursday
  Yes,                                    !- Apply Friday
  Yes,                                    !- Apply Saturday
  DateRange,                              !- Date Specification Type
  6,                                      !- Start Month
  1,                                      !- Start Day
  9,                                      !- End Month
  30;                                     !- End Day

OS:Schedule:Day,
  {a36fd768-0827-42d4-9395-b416840200a7}, !- Handle
  trans schedule winter=0.85 summer=0.7 day 1, !- Name
  {8281b044-9d5b-4193-b805-3061b00474eb}, !- Schedule Type Limits Name
  ,                                       !- Interpolate to Timestep
  24,                                     !- Hour 1
  0,                                      !- Minute 1
  0.7;                                    !- Value Until Time 1

OS:Schedule:Rule,
  {e293f8ad-7ed8-4aab-8c94-0cd252f4ffac}, !- Handle
  trans schedule winter=0.85 summer=0.7 allday rule 2, !- Name
  {2819e83c-e1e0-4f94-914d-010e2287fe6f}, !- Schedule Ruleset Name
  0,                                      !- Rule Order
  {a9026652-d0e7-4b1b-8e5a-5bc519c317e5}, !- Day Schedule Name
  Yes,                                    !- Apply Sunday
  Yes,                                    !- Apply Monday
  Yes,                                    !- Apply Tuesday
  Yes,                                    !- Apply Wednesday
  Yes,                                    !- Apply Thursday
  Yes,                                    !- Apply Friday
  Yes,                                    !- Apply Saturday
  DateRange,                              !- Date Specification Type
  10,                                     !- Start Month
  1,                                      !- Start Day
  12,                                     !- End Month
  31;                                     !- End Day

OS:Schedule:Day,
  {a9026652-d0e7-4b1b-8e5a-5bc519c317e5}, !- Handle
  trans schedule winter=0.85 summer=0.7 day 2, !- Name
  {8281b044-9d5b-4193-b805-3061b00474eb}, !- Schedule Type Limits Name
  ,                                       !- Interpolate to Timestep
  24,                                     !- Hour 1
  0,                                      !- Minute 1
  0.85;                                   !- Value Until Time 1

OS:SurfaceProperty:IncidentSolarMultiplier,
  {4cfb8f1b-a08d-4913-88b2-1013ada3e5b2}, !- Handle
  {a95d8d8a-ef6f-4b14-9b7e-29121a9458ec}, !- Surface Name
  1,                                      !- Incident Solar Multiplier {dimensionless}
  {2819e83c-e1e0-4f94-914d-010e2287fe6f}; !- Incident Solar Multiplier Schedule Name

OS:Surface,
  {42b662de-cd59-4929-95b8-95f8ba64cf8b}, !- Handle
  surface Window2,                        !- Name
  Wall,                                   !- Surface Type
  {628ad5fd-9b1c-4228-8073-924244c890f6}, !- Construction Name
  {e1166775-97c1-407e-9578-3eacdf10cef7}, !- Space Name
  Outdoors,                               !- Outside Boundary Condition
  ,                                       !- Outside Boundary Condition Object
  SunExposed,                             !- Sun Exposure
  WindExposed,                            !- Wind Exposure
  ,                                       !- View Factor to Ground
  ,                                       !- Number of Vertices
  -36.0813858, 27.2303264121797, 0.303761012179718, !- X,Y,Z Vertex 1 {m}
  -36.0813858, 27.2303264121797, 1.28119898782028, !- X,Y,Z Vertex 2 {m}
  -36.0813858, 28.6611543878203, 1.28119898782028, !- X,Y,Z Vertex 3 {m}
  -36.0813858, 28.6611543878203, 0.303761012179718; !- X,Y,Z Vertex 4 {m}

OS:AdditionalProperties,
  {84cb8cc7-13b4-4dd3-90f8-b6985fb959e5}, !- Handle
  {42b662de-cd59-4929-95b8-95f8ba64cf8b}, !- Object Name
  Length,                                 !- Feature Name 1
  Double,                                 !- Feature Data Type 1
  4.6875000000000009,                     !- Feature Value 1
  Azimuth,                                !- Feature Name 2
  Integer,                                !- Feature Data Type 2
  270,                                    !- Feature Value 2
  Tilt,                                   !- Feature Name 3
  Double,                                 !- Feature Data Type 3
  90,                                     !- Feature Value 3
  SurfaceType,                            !- Feature Name 4
  String,                                 !- Feature Data Type 4
  Window;                                 !- Feature Value 4

OS:SubSurface,
  {19503c1a-e381-48dd-b97b-a94e13e8f050}, !- Handle
  Window2,                                !- Name
  FixedWindow,                            !- Sub Surface Type
  {89e005e8-a23b-4abe-b110-07fee8ac0a29}, !- Construction Name
  {42b662de-cd59-4929-95b8-95f8ba64cf8b}, !- Surface Name
  ,                                       !- Outside Boundary Condition Object
  ,                                       !- View Factor to Ground
  ,                                       !- Frame and Divider Name
  ,                                       !- Multiplier
  ,                                       !- Number of Vertices
  -36.0813858, 27.2313654, 0.3048,        !- X,Y,Z Vertex 1 {m}
  -36.0813858, 27.2313654, 1.28016,       !- X,Y,Z Vertex 2 {m}
  -36.0813858, 28.6601154, 1.28016,       !- X,Y,Z Vertex 3 {m}
  -36.0813858, 28.6601154, 0.3048;        !- X,Y,Z Vertex 4 {m}

OS:ShadingSurfaceGroup,
  {47cd2033-a280-4edc-a375-a9a62e7ececb}, !- Handle
  Window2 Shading Surfaces,               !- Name
  Space,                                  !- Shading Surface Type
  {e1166775-97c1-407e-9578-3eacdf10cef7}, !- Space Name
  ,                                       !- Direction of Relative North {deg}
  ,                                       !- X Origin {m}
  ,                                       !- Y Origin {m}
  ,                                       !- Z Origin {m}
  {19503c1a-e381-48dd-b97b-a94e13e8f050}; !- Shaded Object Name

OS:ShadingSurface,
  {8bbda55c-083b-4a30-8b5d-82e0c60a62a5}, !- Handle
  Window2 overhangs,                      !- Name
  ,                                       !- Construction Name
  {47cd2033-a280-4edc-a375-a9a62e7ececb}, !- Shading Surface Group Name
  ,                                       !- Transmittance Schedule Name
  ,                                       !- Number of Vertices
  -36.0813858, 26.9265654, 1.58496,       !- X,Y,Z Vertex 1 {m}
  -36.0813858, 28.9649154, 1.58496,       !- X,Y,Z Vertex 2 {m}
  -36.6909858, 28.9649154, 1.58496,       !- X,Y,Z Vertex 3 {m}
  -36.6909858, 26.9265654, 1.58496;       !- X,Y,Z Vertex 4 {m}

OS:Construction,
  {89e005e8-a23b-4abe-b110-07fee8ac0a29}, !- Handle
  WindowConstruction 1,                   !- Name
  ,                                       !- Surface Rendering Name
  {4375a83e-3e8f-4e78-88fb-1c8552108ae2}; !- Layer 1

OS:SurfaceProperty:IncidentSolarMultiplier,
  {55d06a54-e6bd-464b-b711-f2f032b927c5}, !- Handle
  {19503c1a-e381-48dd-b97b-a94e13e8f050}, !- Surface Name
  1,                                      !- Incident Solar Multiplier {dimensionless}
  {2819e83c-e1e0-4f94-914d-010e2287fe6f}; !- Incident Solar Multiplier Schedule Name

OS:Surface,
  {fba74d44-7067-4eb9-82a5-ec144bc6b69d}, !- Handle
  surface Window3,                        !- Name
  Wall,                                   !- Surface Type
  {628ad5fd-9b1c-4228-8073-924244c890f6}, !- Construction Name
  {e1166775-97c1-407e-9578-3eacdf10cef7}, !- Space Name
  Outdoors,                               !- Outside Boundary Condition
  ,                                       !- Outside Boundary Condition Object
  SunExposed,                             !- Sun Exposure
  WindExposed,                            !- Wind Exposure
  ,                                       !- View Factor to Ground
  ,                                       !- Number of Vertices
  18.4824467657463, 36.0813858, 0.304207651374923, !- X,Y,Z Vertex 1 {m}
  18.4824467657463, 36.0813858, 1.37219234862508, !- X,Y,Z Vertex 2 {m}
  21.6361343201393, 36.0813858, 1.37219234862508, !- X,Y,Z Vertex 3 {m}
  21.6361343201393, 36.0813858, 0.304207651374923; !- X,Y,Z Vertex 4 {m}

OS:AdditionalProperties,
  {7e642f0a-d14a-441f-950c-ac91f88505a4}, !- Handle
  {fba74d44-7067-4eb9-82a5-ec144bc6b69d}, !- Object Name
  Length,                                 !- Feature Name 1
  Double,                                 !- Feature Data Type 1
  10.342857142857147,                     !- Feature Value 1
  Azimuth,                                !- Feature Name 2
  Integer,                                !- Feature Data Type 2
  0,                                      !- Feature Value 2
  Tilt,                                   !- Feature Name 3
  Double,                                 !- Feature Data Type 3
  90,                                     !- Feature Value 3
  SurfaceType,                            !- Feature Name 4
  String,                                 !- Feature Data Type 4
  Window;                                 !- Feature Value 4

OS:SubSurface,
  {468fca07-54a0-4e34-93fc-4cd84da71890}, !- Handle
  Window3,                                !- Name
  FixedWindow,                            !- Sub Surface Type
  {d6906c77-b19e-4096-8ac9-5fbabf82210e}, !- Construction Name
  {fba74d44-7067-4eb9-82a5-ec144bc6b69d}, !- Surface Name
  ,                                       !- Outside Boundary Condition Object
  ,                                       !- View Factor to Ground
  ,                                       !- Frame and Divider Name
  ,                                       !- Multiplier
  ,                                       !- Number of Vertices
  18.4830391143714, 36.0813858, 0.3048,   !- X,Y,Z Vertex 1 {m}
  18.4830391143714, 36.0813858, 1.3716,   !- X,Y,Z Vertex 2 {m}
  21.6355419715142, 36.0813858, 1.3716,   !- X,Y,Z Vertex 3 {m}
  21.6355419715142, 36.0813858, 0.3048;   !- X,Y,Z Vertex 4 {m}

OS:ShadingSurfaceGroup,
  {9f75f17e-8262-4201-a938-886fa390a0f8}, !- Handle
  Window3 Shading Surfaces,               !- Name
  Space,                                  !- Shading Surface Type
  {e1166775-97c1-407e-9578-3eacdf10cef7}, !- Space Name
  ,                                       !- Direction of Relative North {deg}
  ,                                       !- X Origin {m}
  ,                                       !- Y Origin {m}
  ,                                       !- Z Origin {m}
  {468fca07-54a0-4e34-93fc-4cd84da71890}; !- Shaded Object Name

OS:ShadingSurface,
  {8bd078c1-6e65-4e8a-864d-c8a82e612b39}, !- Handle
  Window3 overhangs,                      !- Name
  ,                                       !- Construction Name
  {9f75f17e-8262-4201-a938-886fa390a0f8}, !- Shading Surface Group Name
  ,                                       !- Transmittance Schedule Name
  ,                                       !- Number of Vertices
  18.1782391143714, 36.0813858, 1.6764,   !- X,Y,Z Vertex 1 {m}
  21.9403419715142, 36.0813858, 1.6764,   !- X,Y,Z Vertex 2 {m}
  21.9403419715142, 36.6909858, 1.6764,   !- X,Y,Z Vertex 3 {m}
  18.1782391143714, 36.6909858, 1.6764;   !- X,Y,Z Vertex 4 {m}

OS:Construction,
  {d6906c77-b19e-4096-8ac9-5fbabf82210e}, !- Handle
  WindowConstruction 2,                   !- Name
  ,                                       !- Surface Rendering Name
  {4375a83e-3e8f-4e78-88fb-1c8552108ae2}; !- Layer 1

OS:SurfaceProperty:IncidentSolarMultiplier,
  {0fa07638-6981-42e1-9606-ceaf9c5b255b}, !- Handle
  {468fca07-54a0-4e34-93fc-4cd84da71890}, !- Surface Name
  1,                                      !- Incident Solar Multiplier {dimensionless}
  {2819e83c-e1e0-4f94-914d-010e2287fe6f}; !- Incident Solar Multiplier Schedule Name

OS:Surface,
  {7d498195-18c4-4068-87ce-159acd81a81c}, !- Handle
  surface Window4,                        !- Name
  Wall,                                   !- Surface Type
  {628ad5fd-9b1c-4228-8073-924244c890f6}, !- Construction Name
  {e1166775-97c1-407e-9578-3eacdf10cef7}, !- Space Name
  Outdoors,                               !- Outside Boundary Condition
  ,                                       !- Outside Boundary Condition Object
  SunExposed,                             !- Sun Exposure
  WindExposed,                            !- Wind Exposure
  ,                                       !- View Factor to Ground
  ,                                       !- Number of Vertices
  36.0813858, -26.2837359404425, 0.304067599265981, !- X,Y,Z Vertex 1 {m}
  36.0813858, -26.2837359404425, 1.34185240073402, !- X,Y,Z Vertex 2 {m}
  36.0813858, -28.660847800734, 1.34185240073402, !- X,Y,Z Vertex 3 {m}
  36.0813858, -28.660847800734, 0.304067599265981; !- X,Y,Z Vertex 4 {m}

OS:AdditionalProperties,
  {0b052f00-4083-45e5-8654-7f8072efda76}, !- Handle
  {7d498195-18c4-4068-87ce-159acd81a81c}, !- Object Name
  Length,                                 !- Feature Name 1
  Double,                                 !- Feature Data Type 1
  7.7941176470588251,                     !- Feature Value 1
  Azimuth,                                !- Feature Name 2
  Integer,                                !- Feature Data Type 2
  90,                                     !- Feature Value 2
  Tilt,                                   !- Feature Name 3
  Double,                                 !- Feature Data Type 3
  90,                                     !- Feature Value 3
  SurfaceType,                            !- Feature Name 4
  String,                                 !- Feature Data Type 4
  Window;                                 !- Feature Value 4

OS:SubSurface,
  {339db983-e747-46d5-b4d9-6f1580a96b6c}, !- Handle
  Window4,                                !- Name
  FixedWindow,                            !- Sub Surface Type
  {9769dd33-fc26-41d1-b7a2-8a9ecb7e14e1}, !- Construction Name
  {7d498195-18c4-4068-87ce-159acd81a81c}, !- Surface Name
  ,                                       !- Outside Boundary Condition Object
  ,                                       !- View Factor to Ground
  ,                                       !- Frame and Divider Name
  ,                                       !- Multiplier
  ,                                       !- Number of Vertices
  36.0813858, -26.2844683411765, 0.3048,  !- X,Y,Z Vertex 1 {m}
  36.0813858, -26.2844683411765, 1.34112, !- X,Y,Z Vertex 2 {m}
  36.0813858, -28.6601154, 1.34112,       !- X,Y,Z Vertex 3 {m}
  36.0813858, -28.6601154, 0.3048;        !- X,Y,Z Vertex 4 {m}

OS:ShadingSurfaceGroup,
  {c8f4ecb8-b23e-4c08-b38e-c7f7e318472f}, !- Handle
  Window4 Shading Surfaces,               !- Name
  Space,                                  !- Shading Surface Type
  {e1166775-97c1-407e-9578-3eacdf10cef7}, !- Space Name
  ,                                       !- Direction of Relative North {deg}
  ,                                       !- X Origin {m}
  ,                                       !- Y Origin {m}
  ,                                       !- Z Origin {m}
  {339db983-e747-46d5-b4d9-6f1580a96b6c}; !- Shaded Object Name

OS:ShadingSurface,
  {8601e845-30f3-4416-8e0e-7c83b015508e}, !- Handle
  Window4 overhangs,                      !- Name
  ,                                       !- Construction Name
  {c8f4ecb8-b23e-4c08-b38e-c7f7e318472f}, !- Shading Surface Group Name
  ,                                       !- Transmittance Schedule Name
  ,                                       !- Number of Vertices
  36.0813858, -25.9796683411765, 1.64592, !- X,Y,Z Vertex 1 {m}
  36.0813858, -28.9649154, 1.64592,       !- X,Y,Z Vertex 2 {m}
  36.6909858, -28.9649154, 1.64592,       !- X,Y,Z Vertex 3 {m}
  36.6909858, -25.9796683411765, 1.64592; !- X,Y,Z Vertex 4 {m}

OS:Construction,
  {9769dd33-fc26-41d1-b7a2-8a9ecb7e14e1}, !- Handle
  WindowConstruction 3,                   !- Name
  ,                                       !- Surface Rendering Name
  {4375a83e-3e8f-4e78-88fb-1c8552108ae2}; !- Layer 1

OS:SurfaceProperty:IncidentSolarMultiplier,
  {9d42324c-2e20-4990-b657-9d4d9863c302}, !- Handle
  {339db983-e747-46d5-b4d9-6f1580a96b6c}, !- Surface Name
  1,                                      !- Incident Solar Multiplier {dimensionless}
  {2819e83c-e1e0-4f94-914d-010e2287fe6f}; !- Incident Solar Multiplier Schedule Name

OS:Material,
  {45caf689-c476-4ced-8698-020ee9b33fa6}, !- Handle
  wood siding 1,                          !- Name
  Rough,                                  !- Roughness
  0.0254,                                 !- Thickness {m}
  0.1024175,                              !- Conductivity {W/m-K}
  544.68,                                 !- Density {kg/m3}
  1172.36;                                !- Specific Heat {J/kg-K}

OS:Material,
  {b605f653-d4b3-4c89-977e-310633ff3d14}, !- Handle
  wall rigid ins,                         !- Name
  Rough,                                  !- Roughness
  0.5129784,                              !- Thickness {m}
  0.029427,                               !- Conductivity {W/m-K}
  32.04,                                  !- Density {kg/m3}
  1214.23,                                !- Specific Heat {J/kg-K}
  0.9,                                    !- Thermal Absorptance
  0.7,                                    !- Solar Absorptance
  0.7;                                    !- Visible Absorptance

OS:Material,
  {297ad985-ed33-4bdd-9077-25870a589a56}, !- Handle
  wall stud and cavity 3,                 !- Name
  Rough,                                  !- Roughness
  0.0889,                                 !- Thickness {m}
  0.380278417457636,                      !- Conductivity {W/m-K}
  52.34794524,                            !- Density {kg/m3}
  1209.88641434781,                       !- Specific Heat {J/kg-K}
  0.9,                                    !- Thermal Absorptance
  0.7,                                    !- Solar Absorptance
  0.7;                                    !- Visible Absorptance

OS:Construction,
  {628ad5fd-9b1c-4228-8073-924244c890f6}, !- Handle
  AdiabaticWallConstruction,              !- Name
  ,                                       !- Surface Rendering Name
  {45caf689-c476-4ced-8698-020ee9b33fa6}, !- Layer 1
  {b605f653-d4b3-4c89-977e-310633ff3d14}, !- Layer 2
  {297ad985-ed33-4bdd-9077-25870a589a56}, !- Layer 3
  {40f85e61-c78d-406f-a488-4bebd1d58561}; !- Layer 4

OS:Surface,
  {2a56f309-5afe-4e8d-9d7d-025028c33b43}, !- Handle
  surface Door1,                          !- Name
  Wall,                                   !- Surface Type
  {1d6066d4-dd16-42af-8ac9-da36393f5613}, !- Construction Name
  {e1166775-97c1-407e-9578-3eacdf10cef7}, !- Space Name
  Outdoors,                               !- Outside Boundary Condition
  ,                                       !- Outside Boundary Condition Object
  SunExposed,                             !- Sun Exposure
  WindExposed,                            !- Wind Exposure
  ,                                       !- View Factor to Ground
  ,                                       !- Number of Vertices
  22.5637245272463, 36.0813858, 0.303952155732047, !- X,Y,Z Vertex 1 {m}
  22.5637245272463, 36.0813858, 2.33866384426795, !- X,Y,Z Vertex 2 {m}
  23.479363244268, 36.0813858, 2.33866384426795, !- X,Y,Z Vertex 3 {m}
  23.479363244268, 36.0813858, 0.303952155732047; !- X,Y,Z Vertex 4 {m}

OS:AdditionalProperties,
  {b86fc010-20d4-44e8-8f36-0dfafb6ef7f6}, !- Handle
  {2a56f309-5afe-4e8d-9d7d-025028c33b43}, !- Object Name
  Length,                                 !- Feature Name 1
  Double,                                 !- Feature Data Type 1
  2.9985007496251876,                     !- Feature Value 1
  Azimuth,                                !- Feature Name 2
  Integer,                                !- Feature Data Type 2
  0,                                      !- Feature Value 2
  Tilt,                                   !- Feature Name 3
  Double,                                 !- Feature Data Type 3
  90,                                     !- Feature Value 3
  SurfaceType,                            !- Feature Name 4
  String,                                 !- Feature Data Type 4
  Door;                                   !- Feature Value 4

OS:SubSurface,
  {21d973fa-af1e-4928-860e-834beb23961e}, !- Handle
  Door1,                                  !- Name
  Door,                                   !- Sub Surface Type
  {dece1094-c716-4f3a-ae92-c1dad8280eec}, !- Construction Name
  {2a56f309-5afe-4e8d-9d7d-025028c33b43}, !- Surface Name
  ,                                       !- Outside Boundary Condition Object
  ,                                       !- View Factor to Ground
  ,                                       !- Frame and Divider Name
  ,                                       !- Multiplier
  ,                                       !- Number of Vertices
  22.5645723715142, 36.0813858, 0.3048,   !- X,Y,Z Vertex 1 {m}
  22.5645723715142, 36.0813858, 2.337816, !- X,Y,Z Vertex 2 {m}
  23.4785154, 36.0813858, 2.337816,       !- X,Y,Z Vertex 3 {m}
  23.4785154, 36.0813858, 0.3048;         !- X,Y,Z Vertex 4 {m}

OS:Material,
  {f3e707c5-96c8-4622-a7b8-28234c5b8241}, !- Handle
  door material,                          !- Name
  Rough,                                  !- Roughness
  0.04445,                                !- Thickness {m}
  0.0612266553480475,                     !- Conductivity {W/m-K}
  512.64,                                 !- Density {kg/m3}
  1214.23,                                !- Specific Heat {J/kg-K}
  0.9,                                    !- Thermal Absorptance
  0.7,                                    !- Solar Absorptance
  0.7;                                    !- Visible Absorptance

OS:Construction,
  {dece1094-c716-4f3a-ae92-c1dad8280eec}, !- Handle
  Door,                                   !- Name
  ,                                       !- Surface Rendering Name
  {f3e707c5-96c8-4622-a7b8-28234c5b8241}; !- Layer 1

OS:Material,
  {57446471-734e-48eb-aeeb-2e19e2a519be}, !- Handle
  wood siding 2,                          !- Name
  Rough,                                  !- Roughness
  0.0254,                                 !- Thickness {m}
  0.1024175,                              !- Conductivity {W/m-K}
  544.68,                                 !- Density {kg/m3}
  1172.36;                                !- Specific Heat {J/kg-K}

OS:Construction,
  {1d6066d4-dd16-42af-8ac9-da36393f5613}, !- Handle
  AdiabaticWallConstruction 1,            !- Name
  ,                                       !- Surface Rendering Name
  {57446471-734e-48eb-aeeb-2e19e2a519be}, !- Layer 1
  {b605f653-d4b3-4c89-977e-310633ff3d14}, !- Layer 2
  {297ad985-ed33-4bdd-9077-25870a589a56}, !- Layer 3
  {40f85e61-c78d-406f-a488-4bebd1d58561}; !- Layer 4

OS:InternalMass:Definition,
  {3668a0cb-442d-41a8-84e1-c084ae88c248}, !- Handle
  partition wall mass,                    !- Name
  {3e2a01d2-db99-4bef-8367-b964307ca052}, !- Construction Name
  SurfaceArea,                            !- Design Level Calculation Method
  114.08493,                              !- Surface Area {m2}
  ,                                       !- Surface Area per Space Floor Area {dimensionless}
  ;                                       !- Surface Area per Person {m2/person}

OS:InternalMass,
  {4717af7a-dc0c-4a4d-8c73-cf7fd4c75ae1}, !- Handle
  partition wall mass,                    !- Name
  {3668a0cb-442d-41a8-84e1-c084ae88c248}, !- Internal Mass Definition Name
  {e1166775-97c1-407e-9578-3eacdf10cef7}, !- Space or SpaceType Name
  1;                                      !- Multiplier

OS:Material,
  {76036829-7d21-43fb-97d1-eb906e095989}, !- Handle
  wall stud and cavity 4,                 !- Name
  Rough,                                  !- Roughness
  0.0889,                                 !- Thickness {m}
  0.391763531157105,                      !- Conductivity {W/m-K}
  83.034082224,                           !- Density {kg/m3}
  1211.67419087611,                       !- Specific Heat {J/kg-K}
  0.9,                                    !- Thermal Absorptance
  0.7,                                    !- Solar Absorptance
  0.7;                                    !- Visible Absorptance

OS:Construction,
  {3e2a01d2-db99-4bef-8367-b964307ca052}, !- Handle
  PartitionWallConstruction,              !- Name
  ,                                       !- Surface Rendering Name
  {40f85e61-c78d-406f-a488-4bebd1d58561}, !- Layer 1
  {76036829-7d21-43fb-97d1-eb906e095989}, !- Layer 2
  {40f85e61-c78d-406f-a488-4bebd1d58561}; !- Layer 3

OS:InternalMass:Definition,
  {7a5c6609-d1cc-4829-a842-bfb8058ecfdb}, !- Handle
  furniture mass conditioned space 1,     !- Name
  {4d05887e-20e7-4c46-9d69-9a8fa6b3e75c}, !- Construction Name
  SurfaceArea,                            !- Design Level Calculation Method
  45.63397,                               !- Surface Area {m2}
  ,                                       !- Surface Area per Space Floor Area {dimensionless}
  ;                                       !- Surface Area per Person {m2/person}

OS:InternalMass,
  {5e16e055-81af-4ae3-bd89-4230dbb950ed}, !- Handle
  furniture mass conditioned space 1,     !- Name
  {7a5c6609-d1cc-4829-a842-bfb8058ecfdb}, !- Internal Mass Definition Name
  {e1166775-97c1-407e-9578-3eacdf10cef7}, !- Space or SpaceType Name
  1;                                      !- Multiplier

OS:Material,
  {ad26848c-d18c-4471-8365-c4fbdcfaec6e}, !- Handle
  furniture material conditioned space 1, !- Name
  Rough,                                  !- Roughness
  0.1524,                                 !- Thickness {m}
  0.1154577,                              !- Conductivity {W/m-K}
  640.8,                                  !- Density {kg/m3}
  1214.23,                                !- Specific Heat {J/kg-K}
  0.9,                                    !- Thermal Absorptance
  0.6,                                    !- Solar Absorptance
  0.6;                                    !- Visible Absorptance

OS:Construction,
  {4d05887e-20e7-4c46-9d69-9a8fa6b3e75c}, !- Handle
  furniture construction conditioned space 1, !- Name
  ,                                       !- Surface Rendering Name
  {ad26848c-d18c-4471-8365-c4fbdcfaec6e}; !- Layer 1

OS:InternalMass:Definition,
  {ffe176e6-14ee-4cfd-b39a-53e07c6823d0}, !- Handle
  furniture mass garage 1,                !- Name
  {3eeaf638-60b9-4bbc-b11b-5d3467176e78}, !- Construction Name
  SurfaceArea,                            !- Design Level Calculation Method
  2.67561,                                !- Surface Area {m2}
  ,                                       !- Surface Area per Space Floor Area {dimensionless}
  ;                                       !- Surface Area per Person {m2/person}

OS:InternalMass,
  {2ea5d4d5-8627-4a4d-a943-06bc20a6e0e2}, !- Handle
  furniture mass garage 1,                !- Name
  {ffe176e6-14ee-4cfd-b39a-53e07c6823d0}, !- Internal Mass Definition Name
  {cc707bb5-9bfe-4604-9eeb-f1c22abc4f25}, !- Space or SpaceType Name
  1;                                      !- Multiplier

OS:Material,
  {b7ce7523-cdb8-48c8-accd-aa584a433def}, !- Handle
  furniture material garage 1,            !- Name
  Rough,                                  !- Roughness
  0.1524,                                 !- Thickness {m}
  0.1154577,                              !- Conductivity {W/m-K}
  640.8,                                  !- Density {kg/m3}
  1214.23,                                !- Specific Heat {J/kg-K}
  0.9,                                    !- Thermal Absorptance
  0.6,                                    !- Solar Absorptance
  0.6;                                    !- Visible Absorptance

OS:Construction,
  {3eeaf638-60b9-4bbc-b11b-5d3467176e78}, !- Handle
  furniture construction garage 1,        !- Name
  ,                                       !- Surface Rendering Name
  {b7ce7523-cdb8-48c8-accd-aa584a433def}; !- Layer 1

OS:ShadingSurface,
  {e0c6c39d-5557-48c0-bf40-8156cc00b671}, !- Handle
  Neighbor azimuth 90 distance 15.0,      !- Name
  ,                                       !- Construction Name
  {7db34ee1-8959-489e-b427-85b9370bbbac}, !- Shading Surface Group Name
  ,                                       !- Transmittance Schedule Name
  ,                                       !- Number of Vertices
  40.6533858, 36.0813858, 0,              !- X,Y,Z Vertex 1 {m}
  40.6533858, 36.0813858, 2.7432,         !- X,Y,Z Vertex 2 {m}
  40.6533858, -36.0813858, 2.7432,        !- X,Y,Z Vertex 3 {m}
  40.6533858, -36.0813858, 0;             !- X,Y,Z Vertex 4 {m}

OS:AdditionalProperties,
  {9ab497c1-c346-4ba9-b2d3-7ce58a96e86c}, !- Handle
  {e0c6c39d-5557-48c0-bf40-8156cc00b671}, !- Object Name
  Azimuth,                                !- Feature Name 1
  Integer,                                !- Feature Data Type 1
  90,                                     !- Feature Value 1
  Distance,                               !- Feature Name 2
  Double,                                 !- Feature Data Type 2
  15;                                     !- Feature Value 2

OS:ShadingSurface,
  {d8c27a5a-0acc-4269-972d-2763884c6304}, !- Handle
  Neighbor azimuth 270 distance 15.0,     !- Name
  ,                                       !- Construction Name
  {7db34ee1-8959-489e-b427-85b9370bbbac}, !- Shading Surface Group Name
  ,                                       !- Transmittance Schedule Name
  ,                                       !- Number of Vertices
  -40.6533858, -36.0813858, 0,            !- X,Y,Z Vertex 1 {m}
  -40.6533858, -36.0813858, 2.7432,       !- X,Y,Z Vertex 2 {m}
  -40.6533858, 36.0813858, 2.7432,        !- X,Y,Z Vertex 3 {m}
  -40.6533858, 36.0813858, 0;             !- X,Y,Z Vertex 4 {m}

OS:AdditionalProperties,
  {4cf0c3f9-62bd-434e-a088-d353d42be522}, !- Handle
  {d8c27a5a-0acc-4269-972d-2763884c6304}, !- Object Name
  Azimuth,                                !- Feature Name 1
  Integer,                                !- Feature Data Type 1
  270,                                    !- Feature Value 1
  Distance,                               !- Feature Name 2
  Double,                                 !- Feature Data Type 2
  15;                                     !- Feature Value 2

OS:ShadingSurfaceGroup,
  {7db34ee1-8959-489e-b427-85b9370bbbac}, !- Handle
  neighbors,                              !- Name
  Building;                               !- Shading Surface Type

OS:Coil:Heating:Gas,
  {fa142fbd-c073-49ce-8637-bf2ceddbe4dc}, !- Handle
  furnace htg coil,                       !- Name
  {e576217f-588c-4856-823f-2f072201a33f}, !- Availability Schedule Name
  0.925,                                  !- Gas Burner Efficiency
  16871.5153676745,                       !- Nominal Capacity {W}
  ,                                       !- Air Inlet Node Name
  ,                                       !- Air Outlet Node Name
  ,                                       !- Temperature Setpoint Node Name
  0,                                      !- On Cycle Parasitic Electric Load {W}
  ,                                       !- Part Load Fraction Correlation Curve Name
  0,                                      !- Off Cycle Parasitic Gas Load {W}
  NaturalGas;                             !- Fuel Type

OS:Schedule:Constant,
  {e576217f-588c-4856-823f-2f072201a33f}, !- Handle
  Always On Discrete,                     !- Name
  {70d3c043-f430-4372-b929-0cec16a02da8}, !- Schedule Type Limits Name
  1;                                      !- Value

OS:ScheduleTypeLimits,
  {70d3c043-f430-4372-b929-0cec16a02da8}, !- Handle
  OnOff,                                  !- Name
  0,                                      !- Lower Limit Value
  1,                                      !- Upper Limit Value
  Discrete,                               !- Numeric Type
  Availability;                           !- Unit Type

OS:AdditionalProperties,
  {3b9ee9a2-83e1-484e-9027-3da7ff9bd74f}, !- Handle
  {fa142fbd-c073-49ce-8637-bf2ceddbe4dc}, !- Object Name
  HPXML_ID,                               !- Feature Name 1
  String,                                 !- Feature Data Type 1
  HeatingSystem1,                         !- Feature Value 1
  IsHeatPumpBackup,                       !- Feature Name 2
  Boolean,                                !- Feature Data Type 2
  false;                                  !- Feature Value 2

OS:Fan:SystemModel,
  {196c2f62-38f8-49b9-824a-f78d03e2df0c}, !- Handle
  furnace supply fan,                     !- Name
  {e576217f-588c-4856-823f-2f072201a33f}, !- Availability Schedule Name
  ,                                       !- Air Inlet Node Name
  ,                                       !- Air Outlet Node Name
  0.49554481536,                          !- Design Maximum Air Flow Rate {m3/s}
  Discrete,                               !- Speed Control Method
  0.2,                                    !- Electric Power Minimum Flow Rate Fraction
  500,                                    !- Design Pressure Rise {Pa}
  1,                                      !- Motor Efficiency
  1,                                      !- Motor In Air Stream Fraction
  autosize,                               !- Design Electric Power Consumption {W}
  PowerPerFlow,                           !- Design Power Sizing Method
  794.580001233493,                       !- Electric Power Per Unit Flow Rate {W/(m3/s)}
  1.66667,                                !- Electric Power Per Unit Flow Rate Per Unit Pressure {W-s/m3-Pa}
  0.7,                                    !- Fan Total Efficiency
  ,                                       !- Electric Power Function of Flow Fraction Curve Name
  ,                                       !- Night Ventilation Mode Pressure Rise {Pa}
  ,                                       !- Night Ventilation Mode Flow Fraction
  ,                                       !- Motor Loss Zone Name
  0,                                      !- Motor Loss Radiative Fraction
  supply fan,                             !- End-Use Subcategory
  1,                                      !- Speed Flow Fraction 1
  1;                                      !- Speed Electric Power Fraction 1

OS:EnergyManagementSystem:Sensor,
  {392d55ef-a436-4a4b-aac2-6694e49448ee}, !- Handle
  furnace_supply_fan_s,                   !- Name
  furnace supply fan,                     !- Output Variable or Output Meter Index Key Name
  Fan Electricity Energy;                 !- Output Variable or Output Meter Name

OS:EnergyManagementSystem:Sensor,
  {2ffca12e-409b-4726-85ff-a3c1adc127c5}, !- Handle
  furnace_htg_coil_s,                     !- Name
  furnace htg coil,                       !- Output Variable or Output Meter Index Key Name
  Heating Coil Heating Energy;            !- Output Variable or Output Meter Name

OS:EnergyManagementSystem:Program,
  {39af3539-8b98-47d3-9434-eb6832f000fc}, !- Handle
  furnace_supply_fan_disaggregate_program, !- Name
  Set furnace_supply_fan_primary_htg = 0, !- Program Line 1
  If furnace_htg_coil_s > 0,              !- Program Line 2
  Set furnace_supply_fan_primary_htg = furnace_supply_fan_s, !- Program Line 3
  EndIf;                                  !- Program Line 4

OS:EnergyManagementSystem:ProgramCallingManager,
  {c696834b-946c-48d0-a9a1-26087dddaf44}, !- Handle
  furnace_supply_fan_disaggregate_program_calling_manager, !- Name
  EndOfSystemTimestepBeforeHVACReporting, !- EnergyPlus Model Calling Point
  {39af3539-8b98-47d3-9434-eb6832f000fc}; !- Program Name 1

OS:EnergyManagementSystem:OutputVariable,
  {aec198ed-6a52-477e-a168-609bb14d2f5f}, !- Handle
  furnace supply fan disaggregate htg primary, !- Name
  furnace_supply_fan_primary_htg,         !- EMS Variable Name
  Summed,                                 !- Type of Data in Variable
  SystemTimestep,                         !- Update Frequency
  {39af3539-8b98-47d3-9434-eb6832f000fc}, !- EMS Program or Subroutine Name
  J;                                      !- Units

OS:AdditionalProperties,
  {7f7c1ec8-5523-473f-b118-e45210913351}, !- Handle
  {aec198ed-6a52-477e-a168-609bb14d2f5f}, !- Object Name
  HPXML_ID,                               !- Feature Name 1
  String,                                 !- Feature Data Type 1
  HeatingSystem1,                         !- Feature Value 1
  ObjectType,                             !- Feature Name 2
  String,                                 !- Feature Data Type 2
  disaggregate htg primary;               !- Feature Value 2

OS:Schedule:Constant,
  {d2cb08b3-ab3d-449b-9d8c-9cf27b98f516}, !- Handle
  furnace auto fan schedule,              !- Name
  {70d3c043-f430-4372-b929-0cec16a02da8}, !- Schedule Type Limits Name
  0;                                      !- Value

OS:AirLoopHVAC:UnitarySystem,
  {70547b79-6ec1-44f3-a60d-2d1281bc73d8}, !- Handle
  furnace unitary system,                 !- Name
  Load,                                   !- Control Type
  {cf144433-f66c-4e64-bb50-06bd20bb1eb7}, !- Controlling Zone or Thermostat Location
  None,                                   !- Dehumidification Control Type
  {e576217f-588c-4856-823f-2f072201a33f}, !- Availability Schedule Name
  {1c9bb548-4eff-4916-b191-260840cc2b40}, !- Air Inlet Node Name
  {f099235d-ab31-4a0b-8e40-ce94bf8528fc}, !- Air Outlet Node Name
  {196c2f62-38f8-49b9-824a-f78d03e2df0c}, !- Supply Fan Name
  BlowThrough,                            !- Fan Placement
  {d2cb08b3-ab3d-449b-9d8c-9cf27b98f516}, !- Supply Air Fan Operating Mode Schedule Name
  {fa142fbd-c073-49ce-8637-bf2ceddbe4dc}, !- Heating Coil Name
  1,                                      !- DX Heating Coil Sizing Ratio
  ,                                       !- Cooling Coil Name
  No,                                     !- Use DOAS DX Cooling Coil
  2,                                      !- DOAS DX Cooling Coil Leaving Minimum Air Temperature {C}
  SensibleOnlyLoadControl,                !- Latent Load Control
  ,                                       !- Supplemental Heating Coil Name
  SupplyAirFlowRate,                      !- Supply Air Flow Rate Method During Cooling Operation
  0,                                      !- Supply Air Flow Rate During Cooling Operation {m3/s}
  ,                                       !- Supply Air Flow Rate Per Floor Area During Cooling Operation {m3/s-m2}
  ,                                       !- Fraction of Autosized Design Cooling Supply Air Flow Rate
  ,                                       !- Design Supply Air Flow Rate Per Unit of Capacity During Cooling Operation {m3/s-W}
  SupplyAirFlowRate,                      !- Supply Air Flow Rate Method During Heating Operation
  0.49554481536,                          !- Supply Air Flow Rate During Heating Operation {m3/s}
  ,                                       !- Supply Air Flow Rate Per Floor Area during Heating Operation {m3/s-m2}
  ,                                       !- Fraction of Autosized Design Heating Supply Air Flow Rate
  ,                                       !- Design Supply Air Flow Rate Per Unit of Capacity During Heating Operation {m3/s-W}
  SupplyAirFlowRate,                      !- Supply Air Flow Rate Method When No Cooling or Heating is Required
  0,                                      !- Supply Air Flow Rate When No Cooling or Heating is Required {m3/s}
  ,                                       !- Supply Air Flow Rate Per Floor Area When No Cooling or Heating is Required {m3/s-m2}
  ,                                       !- Fraction of Autosized Design Cooling Supply Air Flow Rate When No Cooling or Heating is Required
  ,                                       !- Fraction of Autosized Design Heating Supply Air Flow Rate When No Cooling or Heating is Required
  ,                                       !- Design Supply Air Flow Rate Per Unit of Capacity During Cooling Operation When No Cooling or Heating is Required {m3/s-W}
  ,                                       !- Design Supply Air Flow Rate Per Unit of Capacity During Heating Operation When No Cooling or Heating is Required {m3/s-W}
  Yes,                                    !- No Load Supply Air Flow Rate Control Set To Low Speed
  48.8888888888889,                       !- Maximum Supply Air Temperature {C}
  21,                                     !- Maximum Outdoor Dry-Bulb Temperature for Supplemental Heater Operation {C}
  ,                                       !- Outdoor Dry-Bulb Temperature Sensor Node Name
  0,                                      !- Ancilliary On-Cycle Electric Power {W}
  0;                                      !- Ancilliary Off-Cycle Electric Power {W}

OS:AirLoopHVAC,
  {9a0dd8cf-28ec-4ac3-a378-5711949dcd18}, !- Handle
  furnace airloop,                        !- Name
  ,                                       !- Controller List Name
  {e576217f-588c-4856-823f-2f072201a33f}, !- Availability Schedule
  {e9020079-a8e1-4070-846c-48ed916ffb8e}, !- Availability Manager List Name
  0.49554481536,                          !- Design Supply Air Flow Rate {m3/s}
  1,                                      !- Design Return Air Flow Fraction of Supply Air Flow
  ,                                       !- Branch List Name
  ,                                       !- Connector List Name
  {02b0b4f4-4eae-4b51-8b68-a4a5864ce17f}, !- Supply Side Inlet Node Name
  {28fef579-ab24-4089-8d0f-33e043d1f516}, !- Demand Side Outlet Node Name
  {d96e5305-b7cd-4ead-a4f0-687d56ff9510}, !- Demand Side Inlet Node A
  {8dba0ce3-b051-4f92-9ef8-9cae27e70fd2}, !- Supply Side Outlet Node A
  ,                                       !- Demand Side Inlet Node B
  ,                                       !- Supply Side Outlet Node B
  ,                                       !- Return Air Bypass Flow Temperature Setpoint Schedule Name
  {29d704da-cf50-4363-90f8-0c3ab7e90c33}, !- Demand Mixer Name
  {8c7c70a4-691e-43fd-acc7-564a02fa153e}, !- Demand Splitter A Name
  ,                                       !- Demand Splitter B Name
  ;                                       !- Supply Splitter Name

OS:Node,
  {b5e46293-9bf8-4514-94d8-d62213bbeff2}, !- Handle
  Node 4,                                 !- Name
  {02b0b4f4-4eae-4b51-8b68-a4a5864ce17f}, !- Inlet Port
  {1c9bb548-4eff-4916-b191-260840cc2b40}; !- Outlet Port

OS:Node,
  {519322aa-b350-4f85-809b-2333daf1469c}, !- Handle
  Node 5,                                 !- Name
  {f099235d-ab31-4a0b-8e40-ce94bf8528fc}, !- Inlet Port
  {8dba0ce3-b051-4f92-9ef8-9cae27e70fd2}; !- Outlet Port

OS:Connection,
  {02b0b4f4-4eae-4b51-8b68-a4a5864ce17f}, !- Handle
  {9a0dd8cf-28ec-4ac3-a378-5711949dcd18}, !- Source Object
  9,                                      !- Outlet Port
  {b5e46293-9bf8-4514-94d8-d62213bbeff2}, !- Target Object
  2;                                      !- Inlet Port

OS:Connection,
  {8dba0ce3-b051-4f92-9ef8-9cae27e70fd2}, !- Handle
  {519322aa-b350-4f85-809b-2333daf1469c}, !- Source Object
  3,                                      !- Outlet Port
  {9a0dd8cf-28ec-4ac3-a378-5711949dcd18}, !- Target Object
  12;                                     !- Inlet Port

OS:Node,
  {7801b1f3-0ea3-43a9-b44e-43114c6810a9}, !- Handle
  Node 6,                                 !- Name
  {d96e5305-b7cd-4ead-a4f0-687d56ff9510}, !- Inlet Port
  {998ee7ac-44eb-4f1a-b313-71bc690d6d33}; !- Outlet Port

OS:Node,
  {c4aa80c0-0b3f-4a41-bf66-3e391c0e6ec6}, !- Handle
  Node 7,                                 !- Name
  {a0f09cf1-118a-4ddd-a8d8-6ba786ac4d63}, !- Inlet Port
  {28fef579-ab24-4089-8d0f-33e043d1f516}; !- Outlet Port

OS:Node,
  {47e6fd39-9857-4e83-af20-a62d6c4d16e9}, !- Handle
  Node 8,                                 !- Name
  {baee93d2-7ec5-4c2b-960c-6dfd04cda1dd}, !- Inlet Port
  {0a485a8f-00fb-4eb8-819c-a04da2d082f5}; !- Outlet Port

OS:Connection,
  {d96e5305-b7cd-4ead-a4f0-687d56ff9510}, !- Handle
  {9a0dd8cf-28ec-4ac3-a378-5711949dcd18}, !- Source Object
  11,                                     !- Outlet Port
  {7801b1f3-0ea3-43a9-b44e-43114c6810a9}, !- Target Object
  2;                                      !- Inlet Port

OS:Connection,
  {28fef579-ab24-4089-8d0f-33e043d1f516}, !- Handle
  {c4aa80c0-0b3f-4a41-bf66-3e391c0e6ec6}, !- Source Object
  3,                                      !- Outlet Port
  {9a0dd8cf-28ec-4ac3-a378-5711949dcd18}, !- Target Object
  10;                                     !- Inlet Port

OS:AirLoopHVAC:ZoneSplitter,
  {8c7c70a4-691e-43fd-acc7-564a02fa153e}, !- Handle
  furnace zone splitter,                  !- Name
  {998ee7ac-44eb-4f1a-b313-71bc690d6d33}, !- Inlet Node Name
  {a9a8d60c-21e5-46b2-8a6c-b7a1cc45c751}; !- Outlet Node Name 1

OS:AirLoopHVAC:ZoneMixer,
  {29d704da-cf50-4363-90f8-0c3ab7e90c33}, !- Handle
  furnace zone mixer,                     !- Name
  {a0f09cf1-118a-4ddd-a8d8-6ba786ac4d63}, !- Outlet Node Name
  {c37356d8-cf59-4f12-b91e-c79eadfe070a}; !- Inlet Node Name 1

OS:Connection,
  {998ee7ac-44eb-4f1a-b313-71bc690d6d33}, !- Handle
  {7801b1f3-0ea3-43a9-b44e-43114c6810a9}, !- Source Object
  3,                                      !- Outlet Port
  {8c7c70a4-691e-43fd-acc7-564a02fa153e}, !- Target Object
  2;                                      !- Inlet Port

OS:Connection,
  {a0f09cf1-118a-4ddd-a8d8-6ba786ac4d63}, !- Handle
  {29d704da-cf50-4363-90f8-0c3ab7e90c33}, !- Source Object
  2,                                      !- Outlet Port
  {c4aa80c0-0b3f-4a41-bf66-3e391c0e6ec6}, !- Target Object
  2;                                      !- Inlet Port

OS:Sizing:System,
  {e42a0149-f47a-4c50-932a-c390fe00bf43}, !- Handle
  {9a0dd8cf-28ec-4ac3-a378-5711949dcd18}, !- AirLoop Name
  ,                                       !- Type of Load to Size On
  ,                                       !- Design Outdoor Air Flow Rate {m3/s}
  0.3,                                    !- Central Heating Maximum System Air Flow Ratio
  7,                                      !- Preheat Design Temperature {C}
  0.008,                                  !- Preheat Design Humidity Ratio {kg-H2O/kg-Air}
  12.8,                                   !- Precool Design Temperature {C}
  0.008,                                  !- Precool Design Humidity Ratio {kg-H2O/kg-Air}
  12.8,                                   !- Central Cooling Design Supply Air Temperature {C}
  16.7,                                   !- Central Heating Design Supply Air Temperature {C}
  ,                                       !- Sizing Option
  Yes,                                    !- 100% Outdoor Air in Cooling
  Yes,                                    !- 100% Outdoor Air in Heating
  0.0085,                                 !- Central Cooling Design Supply Air Humidity Ratio {kg-H2O/kg-Air}
  ,                                       !- Central Heating Design Supply Air Humidity Ratio {kg-H2O/kg-Air}
  ,                                       !- Cooling Design Air Flow Method
  ,                                       !- Cooling Design Air Flow Rate {m3/s}
  ,                                       !- Heating Design Air Flow Method
  ,                                       !- Heating Design Air Flow Rate {m3/s}
  ,                                       !- System Outdoor Air Method
  1,                                      !- Zone Maximum Outdoor Air Fraction {dimensionless}
  0.0099676501,                           !- Cooling Supply Air Flow Rate Per Floor Area {m3/s-m2}
  1,                                      !- Cooling Fraction of Autosized Cooling Supply Air Flow Rate
  3.9475456e-05,                          !- Cooling Supply Air Flow Rate Per Unit Cooling Capacity {m3/s-W}
  0.0099676501,                           !- Heating Supply Air Flow Rate Per Floor Area {m3/s-m2}
  1,                                      !- Heating Fraction of Autosized Heating Supply Air Flow Rate
  1,                                      !- Heating Fraction of Autosized Cooling Supply Air Flow Rate
  3.1588213e-05,                          !- Heating Supply Air Flow Rate Per Unit Heating Capacity {m3/s-W}
  CoolingDesignCapacity,                  !- Cooling Design Capacity Method
  autosize,                               !- Cooling Design Capacity {W}
  234.7,                                  !- Cooling Design Capacity Per Floor Area {W/m2}
  1,                                      !- Fraction of Autosized Cooling Design Capacity
  HeatingDesignCapacity,                  !- Heating Design Capacity Method
  autosize,                               !- Heating Design Capacity {W}
  157,                                    !- Heating Design Capacity Per Floor Area {W/m2}
  1,                                      !- Fraction of Autosized Heating Design Capacity
  OnOff,                                  !- Central Cooling Capacity Control Method
  autosize;                               !- Occupant Diversity

OS:AvailabilityManagerAssignmentList,
  {e9020079-a8e1-4070-846c-48ed916ffb8e}, !- Handle
  Air Loop HVAC 1 AvailabilityManagerAssignmentList; !- Name

OS:Connection,
  {1c9bb548-4eff-4916-b191-260840cc2b40}, !- Handle
  {b5e46293-9bf8-4514-94d8-d62213bbeff2}, !- Source Object
  3,                                      !- Outlet Port
  {70547b79-6ec1-44f3-a60d-2d1281bc73d8}, !- Target Object
  6;                                      !- Inlet Port

OS:Connection,
  {f099235d-ab31-4a0b-8e40-ce94bf8528fc}, !- Handle
  {70547b79-6ec1-44f3-a60d-2d1281bc73d8}, !- Source Object
  7,                                      !- Outlet Port
  {519322aa-b350-4f85-809b-2333daf1469c}, !- Target Object
  2;                                      !- Inlet Port

OS:AirTerminal:SingleDuct:ConstantVolume:NoReheat,
  {e063a174-da3c-418b-8e33-001df14b7fdb}, !- Handle
  furnace terminal,                       !- Name
  {e576217f-588c-4856-823f-2f072201a33f}, !- Availability Schedule Name
  {34d10865-0035-4732-8483-4a3ec1cf2a5a}, !- Air Inlet Node Name
  {baee93d2-7ec5-4c2b-960c-6dfd04cda1dd}, !- Air Outlet Node Name
  0.49554481536;                          !- Maximum Air Flow Rate {m3/s}

OS:Node,
  {0ca50c32-b629-442d-a665-dd297ebeb107}, !- Handle
  Node 9,                                 !- Name
  {de78b821-7a18-4b31-8474-af02eba93ff0}, !- Inlet Port
  {7f5df28d-5906-4624-a36b-0ad3feb3515d}; !- Outlet Port

OS:Connection,
  {0a485a8f-00fb-4eb8-819c-a04da2d082f5}, !- Handle
  {47e6fd39-9857-4e83-af20-a62d6c4d16e9}, !- Source Object
  3,                                      !- Outlet Port
  {6c0f185f-c4a9-498f-b87c-607738d1152e}, !- Target Object
  2;                                      !- Inlet Port

OS:Connection,
  {de78b821-7a18-4b31-8474-af02eba93ff0}, !- Handle
  {9a546080-ccb9-44ab-8564-cb900174813a}, !- Source Object
  2,                                      !- Outlet Port
  {0ca50c32-b629-442d-a665-dd297ebeb107}, !- Target Object
  2;                                      !- Inlet Port

OS:Node,
  {7386d8c8-84d0-4316-b41d-5db17958d259}, !- Handle
  Node 10,                                !- Name
  {a9a8d60c-21e5-46b2-8a6c-b7a1cc45c751}, !- Inlet Port
  {34d10865-0035-4732-8483-4a3ec1cf2a5a}; !- Outlet Port

OS:Connection,
  {a9a8d60c-21e5-46b2-8a6c-b7a1cc45c751}, !- Handle
  {8c7c70a4-691e-43fd-acc7-564a02fa153e}, !- Source Object
  3,                                      !- Outlet Port
  {7386d8c8-84d0-4316-b41d-5db17958d259}, !- Target Object
  2;                                      !- Inlet Port

OS:Connection,
  {34d10865-0035-4732-8483-4a3ec1cf2a5a}, !- Handle
  {7386d8c8-84d0-4316-b41d-5db17958d259}, !- Source Object
  3,                                      !- Outlet Port
  {e063a174-da3c-418b-8e33-001df14b7fdb}, !- Target Object
  3;                                      !- Inlet Port

OS:Connection,
  {baee93d2-7ec5-4c2b-960c-6dfd04cda1dd}, !- Handle
  {e063a174-da3c-418b-8e33-001df14b7fdb}, !- Source Object
  4,                                      !- Outlet Port
  {47e6fd39-9857-4e83-af20-a62d6c4d16e9}, !- Target Object
  2;                                      !- Inlet Port

OS:Schedule:Constant,
  {214cfd1d-323d-442a-84a2-8fafcdd7001e}, !- Handle
  Sequential Fraction Schedule,           !- Name
  {8281b044-9d5b-4193-b805-3061b00474eb}, !- Schedule Type Limits Name
  1;                                      !- Value

OS:Schedule:Constant,
  {f3d31a63-e702-4e25-98e2-4371c0f23871}, !- Handle
  Sequential Fraction Schedule 1,         !- Name
  {8281b044-9d5b-4193-b805-3061b00474eb}, !- Schedule Type Limits Name
  0;                                      !- Value

OS:Schedule:File,
  {3218d687-c157-4fc1-881a-9cd0ecbc0b3c}, !- Handle
  ceiling_fan,                            !- Name
  {8281b044-9d5b-4193-b805-3061b00474eb}, !- Schedule Type Limits Name
  {37a35c81-184e-439e-906e-d25e8b4569c6}, !- External File Name
  4,                                      !- Column Number
  1,                                      !- Rows to Skip at Top
  8760,                                   !- Number of Hours of Data
  ,                                       !- Column Separator
  Yes,                                    !- Interpolate to Timestep
  15,                                     !- Minutes per Item
  ,                                       !- Adjust Schedule for Daylight Savings
  Yes;                                    !- Translate File With Relative Path

OS:External:File,
  {37a35c81-184e-439e-906e-d25e8b4569c6}, !- Handle
  External File 1,                        !- Name
  in.schedules.csv;                       !- File Name

OS:ElectricEquipment:Definition,
  {7bca1a2d-0e2c-4737-865b-c24f44b888fc}, !- Handle
  ceiling fan,                            !- Name
  EquipmentLevel,                         !- Design Level Calculation Method
  16.6215185195739,                       !- Design Level {W}
  ,                                       !- Watts per Space Floor Area {W/m2}
  ,                                       !- Watts per Person {W/person}
  0,                                      !- Fraction Latent
  0.558,                                  !- Fraction Radiant
  0;                                      !- Fraction Lost

OS:ElectricEquipment,
  {1dbf72ed-dcd6-415e-a649-5d2f56d0e50a}, !- Handle
  ceiling fan,                            !- Name
  {7bca1a2d-0e2c-4737-865b-c24f44b888fc}, !- Electric Equipment Definition Name
  {e1166775-97c1-407e-9578-3eacdf10cef7}, !- Space or SpaceType Name
  {3218d687-c157-4fc1-881a-9cd0ecbc0b3c}, !- Schedule Name
  ,                                       !- Multiplier
  ceiling fan;                            !- End-Use Subcategory

OS:PlantLoop,
  {4e286987-1bed-48be-a8e2-60601df62bc0}, !- Handle
  dhw loop,                               !- Name
  Water,                                  !- Fluid Type
  0,                                      !- Glycol Concentration
  ,                                       !- User Defined Fluid Type
  ,                                       !- Plant Equipment Operation Heating Load
  ,                                       !- Plant Equipment Operation Cooling Load
  ,                                       !- Primary Plant Equipment Operation Scheme
  {82c8aacf-0fed-49de-b371-62b1742f283c}, !- Loop Temperature Setpoint Node Name
  ,                                       !- Maximum Loop Temperature {C}
  ,                                       !- Minimum Loop Temperature {C}
  0.01,                                   !- Maximum Loop Flow Rate {m3/s}
  ,                                       !- Minimum Loop Flow Rate {m3/s}
  0.003,                                  !- Plant Loop Volume {m3}
  {10a80ff3-98d8-4517-92ea-adeb009f6917}, !- Plant Side Inlet Node Name
  {5e1f718a-a623-485e-89b7-c86b42f9ae9d}, !- Plant Side Outlet Node Name
  ,                                       !- Plant Side Branch List Name
  {b15b9ff4-44f3-43a4-a384-038c3cd9c9f5}, !- Demand Side Inlet Node Name
  {ef466469-416d-4ef3-a85c-616dd40c8f5b}, !- Demand Side Outlet Node Name
  ,                                       !- Demand Side Branch List Name
  ,                                       !- Demand Side Connector List Name
  Optimal,                                !- Load Distribution Scheme
  {dfe96b49-39f4-4869-9cbe-1aef777dd840}, !- Availability Manager List Name
  ,                                       !- Plant Loop Demand Calculation Scheme
  ,                                       !- Common Pipe Simulation
  ,                                       !- Pressure Simulation Type
  ,                                       !- Plant Equipment Operation Heating Load Schedule
  ,                                       !- Plant Equipment Operation Cooling Load Schedule
  ,                                       !- Primary Plant Equipment Operation Scheme Schedule
  ,                                       !- Component Setpoint Operation Scheme Schedule
  {9c28142a-34f4-46e9-807c-e052a8dd1151}, !- Demand Mixer Name
  {b72633a8-b542-4dba-a394-5ace7d5c7297}, !- Demand Splitter Name
  {97474dd7-e349-45d6-8e4e-e52f1225c474}, !- Supply Mixer Name
  {a61a186c-280c-42e3-aabe-5c9f3a022304}; !- Supply Splitter Name

OS:Node,
  {4c239a7b-0119-4b8f-ba12-55df4fe2e952}, !- Handle
  Node 11,                                !- Name
  {10a80ff3-98d8-4517-92ea-adeb009f6917}, !- Inlet Port
  {df6da31a-2c22-4e26-a66f-d930866cb3cf}; !- Outlet Port

OS:Node,
  {82c8aacf-0fed-49de-b371-62b1742f283c}, !- Handle
  Node 12,                                !- Name
  {3d9d9752-f3d2-4320-92e0-903b0d6f4e58}, !- Inlet Port
  {5e1f718a-a623-485e-89b7-c86b42f9ae9d}; !- Outlet Port

OS:Node,
  {05bf7429-f03a-41f3-a3bb-ecef2cd38ee6}, !- Handle
  Node 13,                                !- Name
  {0778c910-ecd3-42f0-8683-3426b503d087}, !- Inlet Port
  {d8795869-40b2-43c6-96b5-8fcc41e526a0}; !- Outlet Port

OS:Connector:Mixer,
  {97474dd7-e349-45d6-8e4e-e52f1225c474}, !- Handle
  Connector Mixer 1,                      !- Name
  {c8deee6e-561c-4d33-a0d7-e470ee316c78}, !- Outlet Branch Name
  {9cf6f16b-78dd-4287-b135-2dea09d7070c}, !- Inlet Branch Name 1
  {2ae5bf5f-75a9-46ed-aec9-d93d3d5d6952}; !- Inlet Branch Name 2

OS:Connector:Splitter,
  {a61a186c-280c-42e3-aabe-5c9f3a022304}, !- Handle
  Connector Splitter 1,                   !- Name
  {6b48f070-ffe4-4856-b8d0-32e59e52cc8d}, !- Inlet Branch Name
  {0778c910-ecd3-42f0-8683-3426b503d087}, !- Outlet Branch Name 1
  {7b6f42e3-1033-412a-ae10-38fcbd5f2cca}; !- Outlet Branch Name 2

OS:Connection,
  {10a80ff3-98d8-4517-92ea-adeb009f6917}, !- Handle
  {4e286987-1bed-48be-a8e2-60601df62bc0}, !- Source Object
  14,                                     !- Outlet Port
  {4c239a7b-0119-4b8f-ba12-55df4fe2e952}, !- Target Object
  2;                                      !- Inlet Port

OS:Connection,
  {0778c910-ecd3-42f0-8683-3426b503d087}, !- Handle
  {a61a186c-280c-42e3-aabe-5c9f3a022304}, !- Source Object
  3,                                      !- Outlet Port
  {05bf7429-f03a-41f3-a3bb-ecef2cd38ee6}, !- Target Object
  2;                                      !- Inlet Port

OS:Connection,
  {5e1f718a-a623-485e-89b7-c86b42f9ae9d}, !- Handle
  {82c8aacf-0fed-49de-b371-62b1742f283c}, !- Source Object
  3,                                      !- Outlet Port
  {4e286987-1bed-48be-a8e2-60601df62bc0}, !- Target Object
  15;                                     !- Inlet Port

OS:Node,
  {b9377872-64d5-494b-a0e1-d1995622957e}, !- Handle
  Node 14,                                !- Name
  {b15b9ff4-44f3-43a4-a384-038c3cd9c9f5}, !- Inlet Port
  {75932345-45ed-4440-8bea-8319860c5085}; !- Outlet Port

OS:Node,
  {3d8c05a5-58ae-40b5-a62c-ca67dd3271c8}, !- Handle
  Node 15,                                !- Name
  {86cc7be6-a16e-4a09-a5bc-9fac76e07b2c}, !- Inlet Port
  {ef466469-416d-4ef3-a85c-616dd40c8f5b}; !- Outlet Port

OS:Node,
  {d25590b3-8588-4e86-b332-483d84dce0fe}, !- Handle
  Node 16,                                !- Name
  {b00710be-83ad-4169-ab5e-431d68b2773f}, !- Inlet Port
  {b97ff3dd-fb74-4025-960e-15d3bc01c7f7}; !- Outlet Port

OS:Connector:Mixer,
  {9c28142a-34f4-46e9-807c-e052a8dd1151}, !- Handle
  Connector Mixer 2,                      !- Name
  {86cc7be6-a16e-4a09-a5bc-9fac76e07b2c}, !- Outlet Branch Name
  {9f20df03-47d0-4b69-8f0f-e0eecce549fd}; !- Inlet Branch Name 1

OS:Connector:Splitter,
  {b72633a8-b542-4dba-a394-5ace7d5c7297}, !- Handle
  Connector Splitter 2,                   !- Name
  {75932345-45ed-4440-8bea-8319860c5085}, !- Inlet Branch Name
  {b00710be-83ad-4169-ab5e-431d68b2773f}; !- Outlet Branch Name 1

OS:Connection,
  {b15b9ff4-44f3-43a4-a384-038c3cd9c9f5}, !- Handle
  {4e286987-1bed-48be-a8e2-60601df62bc0}, !- Source Object
  17,                                     !- Outlet Port
  {b9377872-64d5-494b-a0e1-d1995622957e}, !- Target Object
  2;                                      !- Inlet Port

OS:Connection,
  {75932345-45ed-4440-8bea-8319860c5085}, !- Handle
  {b9377872-64d5-494b-a0e1-d1995622957e}, !- Source Object
  3,                                      !- Outlet Port
  {b72633a8-b542-4dba-a394-5ace7d5c7297}, !- Target Object
  2;                                      !- Inlet Port

OS:Connection,
  {b00710be-83ad-4169-ab5e-431d68b2773f}, !- Handle
  {b72633a8-b542-4dba-a394-5ace7d5c7297}, !- Source Object
  3,                                      !- Outlet Port
  {d25590b3-8588-4e86-b332-483d84dce0fe}, !- Target Object
  2;                                      !- Inlet Port

OS:Connection,
  {86cc7be6-a16e-4a09-a5bc-9fac76e07b2c}, !- Handle
  {9c28142a-34f4-46e9-807c-e052a8dd1151}, !- Source Object
  2,                                      !- Outlet Port
  {3d8c05a5-58ae-40b5-a62c-ca67dd3271c8}, !- Target Object
  2;                                      !- Inlet Port

OS:Connection,
  {ef466469-416d-4ef3-a85c-616dd40c8f5b}, !- Handle
  {3d8c05a5-58ae-40b5-a62c-ca67dd3271c8}, !- Source Object
  3,                                      !- Outlet Port
  {4e286987-1bed-48be-a8e2-60601df62bc0}, !- Target Object
  18;                                     !- Inlet Port

OS:Sizing:Plant,
  {bda43773-2d3b-4cf5-a1e4-c3fe50c1a43a}, !- Handle
  {4e286987-1bed-48be-a8e2-60601df62bc0}, !- Plant or Condenser Loop Name
  Heating,                                !- Loop Type
  51.6666666666667,                       !- Design Loop Exit Temperature {C}
  5.55555555555556,                       !- Loop Design Temperature Difference {deltaC}
  NonCoincident,                          !- Sizing Option
  1,                                      !- Zone Timesteps in Averaging Window
  None;                                   !- Coincident Sizing Factor Mode

OS:AvailabilityManagerAssignmentList,
  {dfe96b49-39f4-4869-9cbe-1aef777dd840}, !- Handle
  Plant Loop 1 AvailabilityManagerAssignmentList; !- Name

OS:Pipe:Adiabatic,
  {c2bc4147-22b7-4758-b856-ad652c26d23d}, !- Handle
  Pipe Adiabatic 1,                       !- Name
  {d8795869-40b2-43c6-96b5-8fcc41e526a0}, !- Inlet Node Name
  {aba3f313-d936-4273-ba8c-b697e9b15d2a}; !- Outlet Node Name

OS:Pipe:Adiabatic,
  {e5e94762-6469-47a0-9d30-c7c7cc5e98c9}, !- Handle
  Pipe Adiabatic 2,                       !- Name
  {30f1d86b-9b07-487a-9533-2e2fe531bee4}, !- Inlet Node Name
  {3d9d9752-f3d2-4320-92e0-903b0d6f4e58}; !- Outlet Node Name

OS:Node,
  {311c6966-b3a4-4f71-aae4-aff9031406af}, !- Handle
  Node 17,                                !- Name
  {aba3f313-d936-4273-ba8c-b697e9b15d2a}, !- Inlet Port
  {9cf6f16b-78dd-4287-b135-2dea09d7070c}; !- Outlet Port

OS:Connection,
  {d8795869-40b2-43c6-96b5-8fcc41e526a0}, !- Handle
  {05bf7429-f03a-41f3-a3bb-ecef2cd38ee6}, !- Source Object
  3,                                      !- Outlet Port
  {c2bc4147-22b7-4758-b856-ad652c26d23d}, !- Target Object
  2;                                      !- Inlet Port

OS:Connection,
  {aba3f313-d936-4273-ba8c-b697e9b15d2a}, !- Handle
  {c2bc4147-22b7-4758-b856-ad652c26d23d}, !- Source Object
  3,                                      !- Outlet Port
  {311c6966-b3a4-4f71-aae4-aff9031406af}, !- Target Object
  2;                                      !- Inlet Port

OS:Connection,
  {9cf6f16b-78dd-4287-b135-2dea09d7070c}, !- Handle
  {311c6966-b3a4-4f71-aae4-aff9031406af}, !- Source Object
  3,                                      !- Outlet Port
  {97474dd7-e349-45d6-8e4e-e52f1225c474}, !- Target Object
  3;                                      !- Inlet Port

OS:Node,
  {a9f292db-4005-4132-93ea-1542112a69c6}, !- Handle
  Node 18,                                !- Name
  {c8deee6e-561c-4d33-a0d7-e470ee316c78}, !- Inlet Port
  {30f1d86b-9b07-487a-9533-2e2fe531bee4}; !- Outlet Port

OS:Connection,
  {c8deee6e-561c-4d33-a0d7-e470ee316c78}, !- Handle
  {97474dd7-e349-45d6-8e4e-e52f1225c474}, !- Source Object
  2,                                      !- Outlet Port
  {a9f292db-4005-4132-93ea-1542112a69c6}, !- Target Object
  2;                                      !- Inlet Port

OS:Connection,
  {30f1d86b-9b07-487a-9533-2e2fe531bee4}, !- Handle
  {a9f292db-4005-4132-93ea-1542112a69c6}, !- Source Object
  3,                                      !- Outlet Port
  {e5e94762-6469-47a0-9d30-c7c7cc5e98c9}, !- Target Object
  2;                                      !- Inlet Port

OS:Connection,
  {3d9d9752-f3d2-4320-92e0-903b0d6f4e58}, !- Handle
  {e5e94762-6469-47a0-9d30-c7c7cc5e98c9}, !- Source Object
  3,                                      !- Outlet Port
  {82c8aacf-0fed-49de-b371-62b1742f283c}, !- Target Object
  2;                                      !- Inlet Port

OS:Pump:VariableSpeed,
  {bf834f3f-2b8f-4c29-8241-89870b102f6e}, !- Handle
  dhw loop pump,                          !- Name
  {df6da31a-2c22-4e26-a66f-d930866cb3cf}, !- Inlet Node Name
  {abf2e4a8-8d8d-4cfb-bd25-b48766d22611}, !- Outlet Node Name
  0.01,                                   !- Rated Flow Rate {m3/s}
  1,                                      !- Rated Pump Head {Pa}
  0,                                      !- Rated Power Consumption {W}
  0.85,                                   !- Motor Efficiency
  0,                                      !- Fraction of Motor Inefficiencies to Fluid Stream
  0,                                      !- Coefficient 1 of the Part Load Performance Curve
  1,                                      !- Coefficient 2 of the Part Load Performance Curve
  0,                                      !- Coefficient 3 of the Part Load Performance Curve
  0,                                      !- Coefficient 4 of the Part Load Performance Curve
  0,                                      !- Minimum Flow Rate {m3/s}
  Intermittent,                           !- Pump Control Type
  ,                                       !- Pump Flow Rate Schedule Name
  ,                                       !- Pump Curve Name
  ,                                       !- Impeller Diameter {m}
  ,                                       !- VFD Control Type
  ,                                       !- Pump RPM Schedule Name
  ,                                       !- Minimum Pressure Schedule {Pa}
  ,                                       !- Maximum Pressure Schedule {Pa}
  ,                                       !- Minimum RPM Schedule {rev/min}
  ,                                       !- Maximum RPM Schedule {rev/min}
  ,                                       !- Zone Name
  0.5,                                    !- Skin Loss Radiative Fraction
  PowerPerFlowPerPressure,                !- Design Power Sizing Method
  348701.1,                               !- Design Electric Power per Unit Flow Rate {W/(m3/s)}
  1.282051282,                            !- Design Shaft Power per Unit Flow Rate per Unit Head {W-s/m3-Pa}
  0,                                      !- Design Minimum Flow Rate Fraction
  General;                                !- End-Use Subcategory

OS:Node,
  {bfc2bfda-dae6-47ec-9b82-f3b5f1c45e2e}, !- Handle
  Node 19,                                !- Name
  {abf2e4a8-8d8d-4cfb-bd25-b48766d22611}, !- Inlet Port
  {6b48f070-ffe4-4856-b8d0-32e59e52cc8d}; !- Outlet Port

OS:Connection,
  {df6da31a-2c22-4e26-a66f-d930866cb3cf}, !- Handle
  {4c239a7b-0119-4b8f-ba12-55df4fe2e952}, !- Source Object
  3,                                      !- Outlet Port
  {bf834f3f-2b8f-4c29-8241-89870b102f6e}, !- Target Object
  2;                                      !- Inlet Port

OS:Connection,
  {abf2e4a8-8d8d-4cfb-bd25-b48766d22611}, !- Handle
  {bf834f3f-2b8f-4c29-8241-89870b102f6e}, !- Source Object
  3,                                      !- Outlet Port
  {bfc2bfda-dae6-47ec-9b82-f3b5f1c45e2e}, !- Target Object
  2;                                      !- Inlet Port

OS:Connection,
  {6b48f070-ffe4-4856-b8d0-32e59e52cc8d}, !- Handle
  {bfc2bfda-dae6-47ec-9b82-f3b5f1c45e2e}, !- Source Object
  3,                                      !- Outlet Port
  {a61a186c-280c-42e3-aabe-5c9f3a022304}, !- Target Object
  2;                                      !- Inlet Port

OS:Schedule:Constant,
  {51c89c90-5509-46d7-9eca-d4b9d382051b}, !- Handle
  dhw temp,                               !- Name
  {4fe086fd-844f-45fd-afc8-ac3ea346733f}, !- Schedule Type Limits Name
  51.6666666666667;                       !- Value

OS:SetpointManager:Scheduled,
  {8305b80e-22fc-46b1-8f60-7d9c193f2cad}, !- Handle
  Setpoint Manager Scheduled 1,           !- Name
  Temperature,                            !- Control Variable
  {51c89c90-5509-46d7-9eca-d4b9d382051b}, !- Schedule Name
  {82c8aacf-0fed-49de-b371-62b1742f283c}; !- Setpoint Node or NodeList Name

OS:Schedule:Constant,
  {376b9129-dcb7-4643-b0ae-7ba03f735c20}, !- Handle
  water heater Tamb act,                  !- Name
  {4fe086fd-844f-45fd-afc8-ac3ea346733f}, !- Schedule Type Limits Name
  23;                                     !- Value

OS:Schedule:Constant,
  {7ae3b91d-4739-4a8a-8c67-4427b123802c}, !- Handle
  water heater RHamb act,                 !- Name
  {8281b044-9d5b-4193-b805-3061b00474eb}, !- Schedule Type Limits Name
  0.5;                                    !- Value

OS:Schedule:Constant,
  {d708ea65-d7dd-419c-8fa0-e646b13ee691}, !- Handle
  water heater TopElementSetpoint,        !- Name
  {4fe086fd-844f-45fd-afc8-ac3ea346733f}, !- Schedule Type Limits Name
  0;                                      !- Value

OS:Schedule:Constant,
  {14d93696-23d8-4d5d-a1ac-01c80d4bc469}, !- Handle
  water heater BottomElementSetpoint,     !- Name
  {4fe086fd-844f-45fd-afc8-ac3ea346733f}, !- Schedule Type Limits Name
  0;                                      !- Value

OS:Schedule:Constant,
  {4dbcd9b5-992c-4d87-9fdc-d33f568d44aa}, !- Handle
  water heater setpoint,                  !- Name
  {4fe086fd-844f-45fd-afc8-ac3ea346733f}, !- Schedule Type Limits Name
  51.6666666666667;                       !- Value

OS:Curve:Biquadratic,
  {411273cf-f0ed-4bc6-a303-ab5aac894502}, !- Handle
  HPWH-Cap-fT,                            !- Name
  0.563,                                  !- Coefficient1 Constant
  0.0437,                                 !- Coefficient2 x
  3.9e-05,                                !- Coefficient3 x**2
  0.0055,                                 !- Coefficient4 y
  -0.000148,                              !- Coefficient5 y**2
  -0.000145,                              !- Coefficient6 x*y
  0,                                      !- Minimum Value of x
  100,                                    !- Maximum Value of x
  0,                                      !- Minimum Value of y
  100;                                    !- Maximum Value of y

OS:Curve:Biquadratic,
  {7501bfcb-3447-4cb6-9c93-119823970e9c}, !- Handle
  HPWH-COP-fT,                            !- Name
  1.1332,                                 !- Coefficient1 Constant
  0.063,                                  !- Coefficient2 x
  -9.79e-05,                              !- Coefficient3 x**2
  -0.00972,                               !- Coefficient4 y
  -2.14e-05,                              !- Coefficient5 y**2
  -0.000686,                              !- Coefficient6 x*y
  0,                                      !- Minimum Value of x
  100,                                    !- Maximum Value of x
  0,                                      !- Minimum Value of y
  100;                                    !- Maximum Value of y

OS:Coil:WaterHeating:AirToWaterHeatPump:Wrapped,
  {5ae9790e-568b-4277-969f-2b1d3c922828}, !- Handle
  water heater coil,                      !- Name
  2110.99091845052,                       !- Rated Heating Capacity {W}
  4.222255,                               !- Rated COP {W/W}
  0.88,                                   !- Rated Sensible Heat Ratio
  19.7222222222222,                       !- Rated Evaporator Inlet Air Dry-Bulb Temperature {C}
  13.5609953322795,                       !- Rated Evaporator Inlet Air Wet-Bulb Temperature {C}
  48.89,                                  !- Rated Condenser Water Temperature {C}
  0.0854224872192,                        !- Rated Evaporator Air Flow Rate {m3/s}
  Yes,                                    !- Evaporator Fan Power Included in Rated COP
  ,                                       !- Evaporator Air Inlet Node Name
  ,                                       !- Evaporator Air Outlet Node Name
  0,                                      !- Crankcase Heater Capacity {W}
  ,                                       !- Crankcase Heater Capacity Function of Temperature Curve Name
  0,                                      !- Maximum Ambient Temperature for Crankcase Heater Operation {C}
  WetBulbTemperature,                     !- Evaporator Air Temperature Type for Curve Objects
  {411273cf-f0ed-4bc6-a303-ab5aac894502}, !- Heating Capacity Function of Temperature Curve Name
  {90d17399-e31c-4104-b14c-38beca2d8266}, !- Heating Capacity Function of Air Flow Fraction Curve Name
  {7501bfcb-3447-4cb6-9c93-119823970e9c}, !- Heating COP Function of Temperature Curve Name
  {3533d9f4-83f0-4e9d-a02d-9ff7ee527f77}, !- Heating COP Function of Air Flow Fraction Curve Name
  {3aad850b-2996-47d5-b411-7141b6e93145}; !- Part Load Fraction Correlation Curve Name

OS:Curve:Biquadratic,
  {5d510d8c-9fec-401a-b033-345298da907a}, !- Handle
  HPWH-Htg-Cap-fT,                        !- Name
  0.563,                                  !- Coefficient1 Constant
  0.0437,                                 !- Coefficient2 x
  3.9e-05,                                !- Coefficient3 x**2
  0.0055,                                 !- Coefficient4 y
  -0.000148,                              !- Coefficient5 y**2
  -0.000145,                              !- Coefficient6 x*y
  0,                                      !- Minimum Value of x
  100,                                    !- Maximum Value of x
  0,                                      !- Minimum Value of y
  100,                                    !- Maximum Value of y
  0;                                      !- Minimum Curve Output

OS:Curve:Cubic,
  {90d17399-e31c-4104-b14c-38beca2d8266}, !- Handle
  HPWH-Htg-Cap-FF,                        !- Name
  1,                                      !- Coefficient1 Constant
  0,                                      !- Coefficient2 x
  0,                                      !- Coefficient3 x**2
  0,                                      !- Coefficient4 x**3
  0,                                      !- Minimum Value of x
  100;                                    !- Maximum Value of x

OS:Curve:Biquadratic,
  {4ef1860f-9323-4b79-9b34-1deb36120b70}, !- Handle
  HPWH-Htg-COP-fT,                        !- Name
  1.1332,                                 !- Coefficient1 Constant
  0.063,                                  !- Coefficient2 x
  -9.79e-05,                              !- Coefficient3 x**2
  -0.00972,                               !- Coefficient4 y
  -2.14e-05,                              !- Coefficient5 y**2
  -0.000686,                              !- Coefficient6 x*y
  0,                                      !- Minimum Value of x
  100,                                    !- Maximum Value of x
  0,                                      !- Minimum Value of y
  100;                                    !- Maximum Value of y

OS:Curve:Cubic,
  {3533d9f4-83f0-4e9d-a02d-9ff7ee527f77}, !- Handle
  HPWH-Htg-COP-FF,                        !- Name
  1,                                      !- Coefficient1 Constant
  0,                                      !- Coefficient2 x
  0,                                      !- Coefficient3 x**2
  0,                                      !- Coefficient4 x**3
  0,                                      !- Minimum Value of x
  100;                                    !- Maximum Value of x

OS:Curve:Cubic,
  {3aad850b-2996-47d5-b411-7141b6e93145}, !- Handle
  HPWH-COP-fPLR,                          !- Name
  1,                                      !- Coefficient1 Constant
  0,                                      !- Coefficient2 x
  0,                                      !- Coefficient3 x**2
  0,                                      !- Coefficient4 x**3
  0,                                      !- Minimum Value of x
  1;                                      !- Maximum Value of x

OS:AdditionalProperties,
  {4f60d988-be71-482b-9942-71589381d4ae}, !- Handle
  {5ae9790e-568b-4277-969f-2b1d3c922828}, !- Object Name
  HPXML_ID,                               !- Feature Name 1
  String,                                 !- Feature Data Type 1
  WaterHeatingSystem1;                    !- Feature Value 1

OS:WaterHeater:Stratified,
  {891fa98a-9cc8-410b-969c-69829fb8a7bd}, !- Handle
  water heater tank,                      !- Name
  Domestic Hot Water,                     !- End-Use Subcategory
  0.224853459967809,                      !- Tank Volume {m3}
  1.3343,                                 !- Tank Height {m}
  VerticalCylinder,                       !- Tank Shape
  ,                                       !- Tank Perimeter {m}
  90,                                     !- Maximum Temperature Limit {C}
  MasterSlave,                            !- Heater Priority Control
  {d708ea65-d7dd-419c-8fa0-e646b13ee691}, !- Heater 1 Setpoint Temperature Schedule Name
  18.5,                                   !- Heater 1 Deadband Temperature Difference {deltaC}
  4500.10628249447,                       !- Heater 1 Capacity {W}
  1.05632083333333,                       !- Heater 1 Height {m}
  {14d93696-23d8-4d5d-a1ac-01c80d4bc469}, !- Heater 2 Setpoint Temperature Schedule Name
  3.89,                                   !- Heater 2 Deadband Temperature Difference {deltaC}
  4500.10628249447,                       !- Heater 2 Capacity {W}
  0.277979166666667,                      !- Heater 2 Height {m}
  Electricity,                            !- Heater Fuel Type
  1,                                      !- Heater Thermal Efficiency
  3,                                      !- Off Cycle Parasitic Fuel Consumption Rate {W}
  Electricity,                            !- Off Cycle Parasitic Fuel Type
  0,                                      !- Off Cycle Parasitic Heat Fraction to Tank
  0,                                      !- Off Cycle Parasitic Height {m}
  3,                                      !- On Cycle Parasitic Fuel Consumption Rate {W}
  Electricity,                            !- On Cycle Parasitic Fuel Type
  0,                                      !- On Cycle Parasitic Heat Fraction to Tank
  0,                                      !- On Cycle Parasitic Height {m}
  Schedule,                               !- Ambient Temperature Indicator
  {376b9129-dcb7-4643-b0ae-7ba03f735c20}, !- Ambient Temperature Schedule Name
  ,                                       !- Ambient Temperature Thermal Zone Name
  ,                                       !- Ambient Temperature Outdoor Air Node Name
  0.925959286188401,                      !- Uniform Skin Loss Coefficient per Unit Area to Ambient Temperature {W/m2-K}
  1,                                      !- Skin Loss Fraction to Zone
  0,                                      !- Off Cycle Flue Loss Coefficient to Ambient Temperature {W/K}
  1,                                      !- Off Cycle Flue Loss Fraction to Zone
  ,                                       !- Peak Use Flow Rate {m3/s}
  ,                                       !- Use Flow Rate Fraction Schedule Name
  ,                                       !- Cold Water Supply Temperature Schedule Name
  {2d72f1bd-1904-48d8-b7b6-e3ffd35d6704}, !- Use Side Inlet Node Name
  {36cc8885-5ea5-4d2a-b2a7-2e8e4965e25a}, !- Use Side Outlet Node Name
  1,                                      !- Use Side Effectiveness
  0,                                      !- Use Side Inlet Height {m}
  autocalculate,                          !- Use Side Outlet Height {m}
  ,                                       !- Source Side Inlet Node Name
  ,                                       !- Source Side Outlet Node Name
  1,                                      !- Source Side Effectiveness
  0,                                      !- Source Side Inlet Height {m}
  0,                                      !- Source Side Outlet Height {m}
  Fixed,                                  !- Inlet Mode
  0.00374132212924807,                    !- Use Side Design Flow Rate {m3/s}
  0,                                      !- Source Side Design Flow Rate {m3/s}
  1.5,                                    !- Indirect Water Heating Recovery Time {hr}
  6,                                      !- Number of Nodes
  0,                                      !- Additional Destratification Conductivity {W/m-K}
  0,                                      !- Node 1 Additional Loss Coefficient {W/m2-K}
  0,                                      !- Node 2 Additional Loss Coefficient {W/m2-K}
  0,                                      !- Node 3 Additional Loss Coefficient {W/m2-K}
  0,                                      !- Node 4 Additional Loss Coefficient {W/m2-K}
  0,                                      !- Node 5 Additional Loss Coefficient {W/m2-K}
  0,                                      !- Node 6 Additional Loss Coefficient {W/m2-K}
  0,                                      !- Node 7 Additional Loss Coefficient {W/m2-K}
  0,                                      !- Node 8 Additional Loss Coefficient {W/m2-K}
  0,                                      !- Node 9 Additional Loss Coefficient {W/m2-K}
  0,                                      !- Node 10 Additional Loss Coefficient {W/m2-K}
  0,                                      !- Node 11 Additional Loss Coefficient {W/m2-K}
  0,                                      !- Node 12 Additional Loss Coefficient {W/m2-K}
  ;                                       !- Source Side Flow Control Mode

OS:WaterHeater:Sizing,
  {52801a47-3bb5-4281-9ca0-61fcd9481cb4}, !- Handle
  {891fa98a-9cc8-410b-969c-69829fb8a7bd}, !- WaterHeater Name
  PeakDraw,                               !- Design Mode
  0.538503,                               !- Time Storage Can Meet Peak Draw {hr}
  0,                                      !- Time for Tank Recovery {hr}
  1;                                      !- Nominal Tank Volume for Autosizing Plant Connections {m3}

OS:AdditionalProperties,
  {ce4b2413-e1bb-49d6-a729-e85fcca7353b}, !- Handle
  {891fa98a-9cc8-410b-969c-69829fb8a7bd}, !- Object Name
  HPXML_ID,                               !- Feature Name 1
  String,                                 !- Feature Data Type 1
  WaterHeatingSystem1;                    !- Feature Value 1

OS:Node,
  {0d74b36d-bb4b-423f-a5e2-347871e1bfa0}, !- Handle
  Node 20,                                !- Name
  {7b6f42e3-1033-412a-ae10-38fcbd5f2cca}, !- Inlet Port
  {2d72f1bd-1904-48d8-b7b6-e3ffd35d6704}; !- Outlet Port

OS:Connection,
  {7b6f42e3-1033-412a-ae10-38fcbd5f2cca}, !- Handle
  {a61a186c-280c-42e3-aabe-5c9f3a022304}, !- Source Object
  4,                                      !- Outlet Port
  {0d74b36d-bb4b-423f-a5e2-347871e1bfa0}, !- Target Object
  2;                                      !- Inlet Port

OS:Node,
  {f75690be-75ec-4afd-9fc1-9acbc7390e5c}, !- Handle
  Node 21,                                !- Name
  {36cc8885-5ea5-4d2a-b2a7-2e8e4965e25a}, !- Inlet Port
  {2ae5bf5f-75a9-46ed-aec9-d93d3d5d6952}; !- Outlet Port

OS:Connection,
  {2d72f1bd-1904-48d8-b7b6-e3ffd35d6704}, !- Handle
  {0d74b36d-bb4b-423f-a5e2-347871e1bfa0}, !- Source Object
  3,                                      !- Outlet Port
  {891fa98a-9cc8-410b-969c-69829fb8a7bd}, !- Target Object
  38;                                     !- Inlet Port

OS:Connection,
  {36cc8885-5ea5-4d2a-b2a7-2e8e4965e25a}, !- Handle
  {891fa98a-9cc8-410b-969c-69829fb8a7bd}, !- Source Object
  39,                                     !- Outlet Port
  {f75690be-75ec-4afd-9fc1-9acbc7390e5c}, !- Target Object
  2;                                      !- Inlet Port

OS:Connection,
  {2ae5bf5f-75a9-46ed-aec9-d93d3d5d6952}, !- Handle
  {f75690be-75ec-4afd-9fc1-9acbc7390e5c}, !- Source Object
  3,                                      !- Outlet Port
  {97474dd7-e349-45d6-8e4e-e52f1225c474}, !- Target Object
  4;                                      !- Inlet Port

OS:Fan:SystemModel,
  {be80dba7-7d02-4630-bb34-6c19d1729f8f}, !- Handle
  water heater fan,                       !- Name
  {e576217f-588c-4856-823f-2f072201a33f}, !- Availability Schedule Name
  ,                                       !- Air Inlet Node Name
  ,                                       !- Air Outlet Node Name
  0.0854224872192,                        !- Design Maximum Air Flow Rate {m3/s}
  Discrete,                               !- Speed Control Method
  0.2,                                    !- Electric Power Minimum Flow Rate Fraction
  500,                                    !- Design Pressure Rise {Pa}
  1,                                      !- Motor Efficiency
  1,                                      !- Motor In Air Stream Fraction
  autosize,                               !- Design Electric Power Consumption {W}
  PowerPerFlow,                           !- Design Power Sizing Method
  97.8922561519664,                       !- Electric Power Per Unit Flow Rate {W/(m3/s)}
  1.66667,                                !- Electric Power Per Unit Flow Rate Per Unit Pressure {W-s/m3-Pa}
  0.7,                                    !- Fan Total Efficiency
  ,                                       !- Electric Power Function of Flow Fraction Curve Name
  ,                                       !- Night Ventilation Mode Pressure Rise {Pa}
  ,                                       !- Night Ventilation Mode Flow Fraction
  ,                                       !- Motor Loss Zone Name
  0,                                      !- Motor Loss Radiative Fraction
  Domestic Hot Water;                     !- End-Use Subcategory

OS:AdditionalProperties,
  {4bb30b39-28f1-4315-9a9d-f6eb547d9e46}, !- Handle
  {be80dba7-7d02-4630-bb34-6c19d1729f8f}, !- Object Name
  HPXML_ID,                               !- Feature Name 1
  String,                                 !- Feature Data Type 1
  WaterHeatingSystem1,                    !- Feature Value 1
  ObjectType,                             !- Feature Name 2
  String,                                 !- Feature Data Type 2
  water heater;                           !- Feature Value 2

OS:WaterHeater:HeatPump:WrappedCondenser,
  {e5cad9a1-e03b-4c3b-91e3-fee07ffb8977}, !- Handle
  water heater hpwh,                      !- Name
  ,                                       !- Availability Schedule Name
  {4dbcd9b5-992c-4d87-9fdc-d33f568d44aa}, !- Compressor Setpoint Temperature Schedule Name
  3.89,                                   !- Dead Band Temperature Difference {deltaC}
  0.0555958333333333,                     !- Condenser Bottom Location {m}
  0.722745833333333,                      !- Condenser Top Location {m}
  0.0854224872192,                        !- Evaporator Air Flow Rate {m3/s}
  Schedule,                               !- Inlet Air Configuration
  ,                                       !- Air Inlet Node Name
  ,                                       !- Air Outlet Node Name
  ,                                       !- Outdoor Air Node Name
  {376b9129-dcb7-4643-b0ae-7ba03f735c20}, !- Inlet Air Temperature Schedule Name
  {7ae3b91d-4739-4a8a-8c67-4427b123802c}, !- Inlet Air Humidity Schedule Name
  {891fa98a-9cc8-410b-969c-69829fb8a7bd}, !- Tank Name
  {5ae9790e-568b-4277-969f-2b1d3c922828}, !- DX Coil Name
  5.55555555555556,                       !- Minimum Inlet Air Temperature for Compressor Operation {C}
  48.8888888888889,                       !- Maximum Inlet Air Temperature for Compressor Operation {C}
  Schedule,                               !- Compressor Location
  {376b9129-dcb7-4643-b0ae-7ba03f735c20}, !- Compressor Ambient Temperature Schedule Name
  {be80dba7-7d02-4630-bb34-6c19d1729f8f}, !- Fan Name
  DrawThrough,                            !- Fan Placement
  0,                                      !- On Cycle Parasitic Electric Load {W}
  0,                                      !- Off Cycle Parasitic Electric Load {W}
  Outdoors,                               !- Parasitic Heat Rejection Location
  {e576217f-588c-4856-823f-2f072201a33f}, !- Inlet Air Mixer Schedule Name
  MutuallyExclusive,                      !- Tank Element Control Logic
  1.05632083333333,                       !- Control Sensor 1 Height In Stratified Tank {m}
  0.75,                                   !- Control Sensor 1 Weight {dimensionless}
  0.389170833333333;                      !- Control Sensor 2 Height In Stratified Tank {m}

OS:EnergyManagementSystem:Sensor,
  {bc27f04b-afcd-4f54-ac49-c96272c1ca25}, !- Handle
  water_heater_amb_temp,                  !- Name
  garage,                                 !- Output Variable or Output Meter Index Key Name
  Zone Mean Air Temperature;              !- Output Variable or Output Meter Name

OS:EnergyManagementSystem:Sensor,
  {9166966e-9eae-4b34-a558-f5579d218644}, !- Handle
  water_heater_amb_rh,                    !- Name
  garage,                                 !- Output Variable or Output Meter Index Key Name
  Zone Air Relative Humidity;             !- Output Variable or Output Meter Name

OS:EnergyManagementSystem:Actuator,
  {d0c45d99-3966-4c09-9ac3-eda86bccd5c6}, !- Handle
  water_heater_Tamb_act,                  !- Name
  {376b9129-dcb7-4643-b0ae-7ba03f735c20}, !- Actuated Component Name
  Schedule:Constant,                      !- Actuated Component Type
  Schedule Value,                         !- Actuated Component Control Type
  ;                                       !- Zone or Space Name

OS:EnergyManagementSystem:Actuator,
  {7b0d061a-044b-4e0b-ba2b-be3dd0868f1f}, !- Handle
  water_heater_RHamb_act,                 !- Name
  {7ae3b91d-4739-4a8a-8c67-4427b123802c}, !- Actuated Component Name
  Schedule:Constant,                      !- Actuated Component Type
  Schedule Value,                         !- Actuated Component Control Type
  ;                                       !- Zone or Space Name

OS:OtherEquipment:Definition,
  {7203b1dc-32ea-432f-beba-06362e031360}, !- Handle
  water heater sens,                      !- Name
  EquipmentLevel,                         !- Design Level Calculation Method
  0,                                      !- Design Level {W}
  ,                                       !- Watts per Space Floor Area {W/m2}
  ,                                       !- Watts per Person {W/Person}
  0,                                      !- Fraction Latent
  0,                                      !- Fraction Radiant
  0;                                      !- Fraction Lost

OS:OtherEquipment,
  {1d77995e-6d5c-40d8-82a0-c846456288cf}, !- Handle
  water heater sens,                      !- Name
  {7203b1dc-32ea-432f-beba-06362e031360}, !- Other Equipment Definition Name
  {cc707bb5-9bfe-4604-9eeb-f1c22abc4f25}, !- Space or SpaceType Name
  {e576217f-588c-4856-823f-2f072201a33f}, !- Schedule Name
  ,                                       !- Multiplier
  ,                                       !- Fuel Type
  General;                                !- End-Use Subcategory

OS:EnergyManagementSystem:Actuator,
  {a985d41b-c259-4146-94fa-da6e01f07ad5}, !- Handle
  water_heater_sens_act,                  !- Name
  {1d77995e-6d5c-40d8-82a0-c846456288cf}, !- Actuated Component Name
  OtherEquipment,                         !- Actuated Component Type
  Power Level,                            !- Actuated Component Control Type
  {cc707bb5-9bfe-4604-9eeb-f1c22abc4f25}; !- Zone or Space Name

OS:OtherEquipment:Definition,
  {d3535dd8-264e-468c-9cfc-3788fc177c03}, !- Handle
  water heater lat,                       !- Name
  EquipmentLevel,                         !- Design Level Calculation Method
  0,                                      !- Design Level {W}
  ,                                       !- Watts per Space Floor Area {W/m2}
  ,                                       !- Watts per Person {W/Person}
  1,                                      !- Fraction Latent
  0,                                      !- Fraction Radiant
  0;                                      !- Fraction Lost

OS:OtherEquipment,
  {01df4201-8619-4f3b-90b4-07ea9c1b3c40}, !- Handle
  water heater lat,                       !- Name
  {d3535dd8-264e-468c-9cfc-3788fc177c03}, !- Other Equipment Definition Name
  {cc707bb5-9bfe-4604-9eeb-f1c22abc4f25}, !- Space or SpaceType Name
  {e576217f-588c-4856-823f-2f072201a33f}, !- Schedule Name
  ,                                       !- Multiplier
  ,                                       !- Fuel Type
  General;                                !- End-Use Subcategory

OS:EnergyManagementSystem:Actuator,
  {c3ac6d0c-7da5-461b-8f85-b2369b94e6ef}, !- Handle
  water_heater_lat_act,                   !- Name
  {01df4201-8619-4f3b-90b4-07ea9c1b3c40}, !- Actuated Component Name
  OtherEquipment,                         !- Actuated Component Type
  Power Level,                            !- Actuated Component Control Type
  {cc707bb5-9bfe-4604-9eeb-f1c22abc4f25}; !- Zone or Space Name

OS:EnergyManagementSystem:Sensor,
  {16a3e2fd-f4b5-4678-9929-3807a3a8d143}, !- Handle
  water_heater_tl,                        !- Name
  water heater tank,                      !- Output Variable or Output Meter Index Key Name
  Water Heater Heat Loss Rate;            !- Output Variable or Output Meter Name

OS:EnergyManagementSystem:Sensor,
  {592a0656-86b6-476c-a347-015f018f416f}, !- Handle
  water_heater_sens_cool,                 !- Name
  water heater coil,                      !- Output Variable or Output Meter Index Key Name
  Cooling Coil Sensible Cooling Rate;     !- Output Variable or Output Meter Name

OS:EnergyManagementSystem:Sensor,
  {cb2ae096-f71e-4e14-9b3e-1a853ce5a565}, !- Handle
  water_heater_lat_cool,                  !- Name
  water heater coil,                      !- Output Variable or Output Meter Index Key Name
  Cooling Coil Latent Cooling Rate;       !- Output Variable or Output Meter Name

OS:EnergyManagementSystem:Sensor,
  {c19eb88f-468c-423f-ac46-4cc77f51e26e}, !- Handle
  water_heater_fan_pwr,                   !- Name
  water heater fan,                       !- Output Variable or Output Meter Index Key Name
  Fan Electricity Rate;                   !- Output Variable or Output Meter Name

OS:EnergyManagementSystem:Program,
  {fcf8ded1-6e97-4e72-9459-2f2ffdcad788}, !- Handle
  water_heater_InletAir,                  !- Name
  Set water_heater_Tamb_act = water_heater_amb_temp, !- Program Line 1
  Set water_heater_RHamb_act = 0,         !- Program Line 2
  Set water_heater_RHamb_act = water_heater_RHamb_act + (water_heater_amb_rh / 100) / 1, !- Program Line 3
  Set water_heater_sens_act = (0 - water_heater_sens_cool - (water_heater_tl + water_heater_fan_pwr)) / 1, !- Program Line 4
  Set water_heater_lat_act = (0 - water_heater_lat_cool) / 1; !- Program Line 5

OS:EnergyManagementSystem:Actuator,
  {0f84bd5d-4efc-42ef-a9db-c225137aee5c}, !- Handle
  water_heater_LESchedOverride,           !- Name
  {14d93696-23d8-4d5d-a1ac-01c80d4bc469}, !- Actuated Component Name
  Schedule:Constant,                      !- Actuated Component Type
  Schedule Value,                         !- Actuated Component Control Type
  ;                                       !- Zone or Space Name

OS:EnergyManagementSystem:Actuator,
  {9174bc98-ad4c-4bb5-bd4c-c740486883c7}, !- Handle
  water_heater_UESchedOverride,           !- Name
  {d708ea65-d7dd-419c-8fa0-e646b13ee691}, !- Actuated Component Name
  Schedule:Constant,                      !- Actuated Component Type
  Schedule Value,                         !- Actuated Component Control Type
  ;                                       !- Zone or Space Name

OS:EnergyManagementSystem:Actuator,
  {dd98932a-2a57-441d-8cac-d9c3e134a0c3}, !- Handle
  water_heater_HPWHSchedOverride,         !- Name
  {4dbcd9b5-992c-4d87-9fdc-d33f568d44aa}, !- Actuated Component Name
  Schedule:Constant,                      !- Actuated Component Type
  Schedule Value,                         !- Actuated Component Control Type
  ;                                       !- Zone or Space Name

OS:EnergyManagementSystem:Sensor,
  {0f0cf42f-77a8-4c0a-8d53-3db678961bb3}, !- Handle
  water_heater_T_set,                     !- Name
  water heater setpoint,                  !- Output Variable or Output Meter Index Key Name
  Schedule Value;                         !- Output Variable or Output Meter Name

OS:EnergyManagementSystem:Program,
  {7321afc4-c3b5-4f49-8387-d06b68e769c7}, !- Handle
  water_heater_Control,                   !- Name
  Set water_heater_HPWHSchedOverride = water_heater_T_set, !- Program Line 1
  If (water_heater_amb_temp<5.56) || (water_heater_amb_temp>48.89), !- Program Line 2
  Set water_heater_UESchedOverride = water_heater_T_set, !- Program Line 3
  Set water_heater_LESchedOverride = water_heater_T_set, !- Program Line 4
  Else,                                   !- Program Line 5
  Set water_heater_UESchedOverride = water_heater_T_set - 9.0, !- Program Line 6
  Set water_heater_LESchedOverride = 0,   !- Program Line 7
  EndIf;                                  !- Program Line 8

OS:EnergyManagementSystem:ProgramCallingManager,
  {ae10cb54-f7df-454d-9b3e-2a694a65ff9d}, !- Handle
  water_heater_ProgramManager,            !- Name
  InsideHVACSystemIterationLoop,          !- EnergyPlus Model Calling Point
  {7321afc4-c3b5-4f49-8387-d06b68e769c7}, !- Program Name 1
  {fcf8ded1-6e97-4e72-9459-2f2ffdcad788}; !- Program Name 2

OS:OtherEquipment:Definition,
  {7a310ff0-caaa-4d2e-aa2f-d75f22d27b5b}, !- Handle
  water heater energy adjustment1,        !- Name
  EquipmentLevel,                         !- Design Level Calculation Method
  0.01,                                   !- Design Level {W}
  ,                                       !- Watts per Space Floor Area {W/m2}
  ,                                       !- Watts per Person {W/Person}
  0,                                      !- Fraction Latent
  0,                                      !- Fraction Radiant
  1;                                      !- Fraction Lost

OS:OtherEquipment,
  {c8d7a654-ee03-46cd-96ea-34d4478ce516}, !- Handle
  water heater energy adjustment1,        !- Name
  {7a310ff0-caaa-4d2e-aa2f-d75f22d27b5b}, !- Other Equipment Definition Name
  {cc707bb5-9bfe-4604-9eeb-f1c22abc4f25}, !- Space or SpaceType Name
  {e576217f-588c-4856-823f-2f072201a33f}, !- Schedule Name
  ,                                       !- Multiplier
  Electricity,                            !- Fuel Type
  water heater energy adjustment1;        !- End-Use Subcategory

OS:AdditionalProperties,
  {4985298e-385b-4d56-b3d5-2f03efcb2785}, !- Handle
  {c8d7a654-ee03-46cd-96ea-34d4478ce516}, !- Object Name
  HPXML_ID,                               !- Feature Name 1
  String,                                 !- Feature Data Type 1
  WaterHeatingSystem1;                    !- Feature Value 1

OS:EnergyManagementSystem:Sensor,
  {f44e7fc9-8ac7-47fc-af54-f98ebfc0932e}, !- Handle
  water_heater_tank_energy,               !- Name
  water heater tank,                      !- Output Variable or Output Meter Index Key Name
  Water Heater Electricity Rate;          !- Output Variable or Output Meter Name

OS:EnergyManagementSystem:Sensor,
  {e82f55aa-77cb-490f-a2bd-beb1c47223bd}, !- Handle
  water_heater_coil_energy,               !- Name
  water heater coil,                      !- Output Variable or Output Meter Index Key Name
  Cooling Coil Water Heating Electricity Rate; !- Output Variable or Output Meter Name

OS:EnergyManagementSystem:Sensor,
  {dc179340-c7e3-4209-a7f4-2c59dfa0a390}, !- Handle
  water_heater_fan_energy,                !- Name
  water heater fan,                       !- Output Variable or Output Meter Index Key Name
  Fan Electricity Rate;                   !- Output Variable or Output Meter Name

OS:EnergyManagementSystem:Sensor,
  {f75d7e2c-9d11-4a73-9dbb-c964212505c8}, !- Handle
  water_heater_tank_on_cycle_parasitic,   !- Name
  water heater tank,                      !- Output Variable or Output Meter Index Key Name
  Water Heater On Cycle Parasitic Electricity Rate; !- Output Variable or Output Meter Name

OS:EnergyManagementSystem:Sensor,
  {cfaf9895-6852-4168-9e82-39cf88ddc8c1}, !- Handle
  water_heater_tank_off_cycle_parasitic,  !- Name
  water heater tank,                      !- Output Variable or Output Meter Index Key Name
  Water Heater Off Cycle Parasitic Electricity Rate; !- Output Variable or Output Meter Name

OS:EnergyManagementSystem:Actuator,
  {aeeab5ae-0859-43e5-bbf6-69d185751403}, !- Handle
  water_heater_hpwh_ec_adj_act,           !- Name
  {c8d7a654-ee03-46cd-96ea-34d4478ce516}, !- Actuated Component Name
  OtherEquipment,                         !- Actuated Component Type
  Power Level,                            !- Actuated Component Control Type
  {cc707bb5-9bfe-4604-9eeb-f1c22abc4f25}; !- Zone or Space Name

OS:EnergyManagementSystem:Program,
  {a25aad49-b5fe-433f-9dee-c7b56d7fd115}, !- Handle
  water_heater_hpwh_EC_adj,               !- Name
  If WarmupFlag == 0,                     !- Program Line 1
  Set dhw_e_cons = water_heater_tank_energy + water_heater_tank_on_cycle_parasitic + water_heater_tank_off_cycle_parasitic + water_heater_coil_energy + water_heater_fan_energy, !- Program Line 2
  Set water_heater_hpwh_ec_adj_act = 0.0 * dhw_e_cons / 1, !- Program Line 3
  EndIf;                                  !- Program Line 4

OS:EnergyManagementSystem:ProgramCallingManager,
  {366e40be-7912-4d76-8e5b-80678be225e1}, !- Handle
  water_heater_hpwh_EC_adj_ProgramManager, !- Name
  EndOfSystemTimestepBeforeHVACReporting, !- EnergyPlus Model Calling Point
  {a25aad49-b5fe-433f-9dee-c7b56d7fd115}; !- Program Name 1

OS:WaterUse:Connections,
  {b363bc50-2a23-44b1-a7a8-90b3a4b6aa19}, !- Handle
  Water Use Connections 1,                !- Name
  {b97ff3dd-fb74-4025-960e-15d3bc01c7f7}, !- Inlet Node Name
  {8d2dbc1f-e811-4a19-b9cc-3eebc8b6411f}, !- Outlet Node Name
  ,                                       !- Supply Water Storage Tank Name
  ,                                       !- Reclamation Water Storage Tank Name
  ,                                       !- Hot Water Supply Temperature Schedule Name
  ,                                       !- Cold Water Supply Temperature Schedule Name
  None,                                   !- Drain Water Heat Exchanger Type
  Plant,                                  !- Drain Water Heat Exchanger Destination
  ,                                       !- Drain Water Heat Exchanger U-Factor Times Area {W/K}
  {79230173-17a4-4467-9e53-2e2af7e574c3}, !- Water Use Equipment Name 1
  {0b57e7d2-8b1d-4504-b8c5-a494f9db7a37}, !- Water Use Equipment Name 2
  {abed4374-203d-4f57-a1eb-029fef534767}, !- Water Use Equipment Name 3
  {c903d025-ed23-4e6e-80a2-6c281ae16d72}; !- Water Use Equipment Name 4

OS:AdditionalProperties,
  {e1f33788-b8c0-4fe6-8b81-ebfadf13bd9b}, !- Handle
  {b363bc50-2a23-44b1-a7a8-90b3a4b6aa19}, !- Object Name
  HPXML_ID,                               !- Feature Name 1
  String,                                 !- Feature Data Type 1
  WaterHeatingSystem1;                    !- Feature Value 1

OS:Node,
  {da33ce24-17f0-4c88-a438-a580cc0792fa}, !- Handle
  Node 22,                                !- Name
  {8d2dbc1f-e811-4a19-b9cc-3eebc8b6411f}, !- Inlet Port
  {9f20df03-47d0-4b69-8f0f-e0eecce549fd}; !- Outlet Port

OS:Connection,
  {b97ff3dd-fb74-4025-960e-15d3bc01c7f7}, !- Handle
  {d25590b3-8588-4e86-b332-483d84dce0fe}, !- Source Object
  3,                                      !- Outlet Port
  {b363bc50-2a23-44b1-a7a8-90b3a4b6aa19}, !- Target Object
  2;                                      !- Inlet Port

OS:Connection,
  {8d2dbc1f-e811-4a19-b9cc-3eebc8b6411f}, !- Handle
  {b363bc50-2a23-44b1-a7a8-90b3a4b6aa19}, !- Source Object
  3,                                      !- Outlet Port
  {da33ce24-17f0-4c88-a438-a580cc0792fa}, !- Target Object
  2;                                      !- Inlet Port

OS:Connection,
  {9f20df03-47d0-4b69-8f0f-e0eecce549fd}, !- Handle
  {da33ce24-17f0-4c88-a438-a580cc0792fa}, !- Source Object
  3,                                      !- Outlet Port
  {9c28142a-34f4-46e9-807c-e052a8dd1151}, !- Target Object
  3;                                      !- Inlet Port

OS:Schedule:File,
  {c9e384ae-e3dc-4295-accc-eabaae5a18c2}, !- Handle
  clothes_washer,                         !- Name
  {8281b044-9d5b-4193-b805-3061b00474eb}, !- Schedule Type Limits Name
  {37a35c81-184e-439e-906e-d25e8b4569c6}, !- External File Name
  10,                                     !- Column Number
  1,                                      !- Rows to Skip at Top
  8760,                                   !- Number of Hours of Data
  ,                                       !- Column Separator
  Yes,                                    !- Interpolate to Timestep
  15,                                     !- Minutes per Item
  ,                                       !- Adjust Schedule for Daylight Savings
  Yes;                                    !- Translate File With Relative Path

OS:ElectricEquipment:Definition,
  {d661eed7-613d-4f9c-98b5-5b41077d0048}, !- Handle
  clothes washer,                         !- Name
  EquipmentLevel,                         !- Design Level Calculation Method
  1010.03832347098,                       !- Design Level {W}
  ,                                       !- Watts per Space Floor Area {W/m2}
  ,                                       !- Watts per Person {W/person}
  0.03,                                   !- Fraction Latent
  0.162,                                  !- Fraction Radiant
  0.7;                                    !- Fraction Lost

OS:ElectricEquipment,
  {858a73ba-3b3b-4408-80a2-434b2a9b1f78}, !- Handle
  clothes washer,                         !- Name
  {d661eed7-613d-4f9c-98b5-5b41077d0048}, !- Electric Equipment Definition Name
  {e1166775-97c1-407e-9578-3eacdf10cef7}, !- Space or SpaceType Name
  {c9e384ae-e3dc-4295-accc-eabaae5a18c2}, !- Schedule Name
  ,                                       !- Multiplier
  clothes washer;                         !- End-Use Subcategory

OS:Schedule:File,
  {3572bbdc-9800-48fe-b180-fff564bd2592}, !- Handle
  clothes_dryer,                          !- Name
  {8281b044-9d5b-4193-b805-3061b00474eb}, !- Schedule Type Limits Name
  {37a35c81-184e-439e-906e-d25e8b4569c6}, !- External File Name
  11,                                     !- Column Number
  1,                                      !- Rows to Skip at Top
  8760,                                   !- Number of Hours of Data
  ,                                       !- Column Separator
  Yes,                                    !- Interpolate to Timestep
  15,                                     !- Minutes per Item
  ,                                       !- Adjust Schedule for Daylight Savings
  Yes;                                    !- Translate File With Relative Path

OS:ElectricEquipment:Definition,
  {66df09c8-b36d-4e7a-92c3-578b41cd9a36}, !- Handle
  clothes dryer,                          !- Name
  EquipmentLevel,                         !- Design Level Calculation Method
  6608.49078073993,                       !- Design Level {W}
  ,                                       !- Watts per Space Floor Area {W/m2}
  ,                                       !- Watts per Person {W/person}
  0.015,                                  !- Fraction Latent
  0.081,                                  !- Fraction Radiant
  0.85;                                   !- Fraction Lost

OS:ElectricEquipment,
  {02a62fd5-db82-44c1-8f17-b66888d9953b}, !- Handle
  clothes dryer,                          !- Name
  {66df09c8-b36d-4e7a-92c3-578b41cd9a36}, !- Electric Equipment Definition Name
  {e1166775-97c1-407e-9578-3eacdf10cef7}, !- Space or SpaceType Name
  {3572bbdc-9800-48fe-b180-fff564bd2592}, !- Schedule Name
  ,                                       !- Multiplier
  clothes dryer;                          !- End-Use Subcategory

OS:OtherEquipment:Definition,
  {41a16596-bece-4ce5-a34c-aebfc9724d7a}, !- Handle
  clothes dryer 2,                        !- Name
  EquipmentLevel,                         !- Design Level Calculation Method
  0,                                      !- Design Level {W}
  ,                                       !- Watts per Space Floor Area {W/m2}
  ,                                       !- Watts per Person {W/Person}
  0.015,                                  !- Fraction Latent
  0.081,                                  !- Fraction Radiant
  0.85;                                   !- Fraction Lost

OS:OtherEquipment,
  {db312b3f-932b-495b-ac46-a030a75fa27b}, !- Handle
  clothes dryer 1,                        !- Name
  {41a16596-bece-4ce5-a34c-aebfc9724d7a}, !- Other Equipment Definition Name
  {e1166775-97c1-407e-9578-3eacdf10cef7}, !- Space or SpaceType Name
  {3572bbdc-9800-48fe-b180-fff564bd2592}, !- Schedule Name
  ,                                       !- Multiplier
  Electricity,                            !- Fuel Type
  clothes dryer;                          !- End-Use Subcategory

OS:Schedule:File,
  {58609a30-d111-4ffd-a7b6-42ec0e9c29e3}, !- Handle
  dishwasher,                             !- Name
  {8281b044-9d5b-4193-b805-3061b00474eb}, !- Schedule Type Limits Name
  {37a35c81-184e-439e-906e-d25e8b4569c6}, !- External File Name
  8,                                      !- Column Number
  1,                                      !- Rows to Skip at Top
  8760,                                   !- Number of Hours of Data
  ,                                       !- Column Separator
  Yes,                                    !- Interpolate to Timestep
  15,                                     !- Minutes per Item
  ,                                       !- Adjust Schedule for Daylight Savings
  Yes;                                    !- Translate File With Relative Path

OS:ElectricEquipment:Definition,
  {1cc6be24-96b8-4ee6-9ae5-5912ee7fe8a1}, !- Handle
  dishwasher,                             !- Name
  EquipmentLevel,                         !- Design Level Calculation Method
  1250.10814815678,                       !- Design Level {W}
  ,                                       !- Watts per Space Floor Area {W/m2}
  ,                                       !- Watts per Person {W/person}
  0.3,                                    !- Fraction Latent
  0.18,                                   !- Fraction Radiant
  0.4;                                    !- Fraction Lost

OS:ElectricEquipment,
  {af4bfe5d-704f-47fc-b99a-ddee2245d410}, !- Handle
  dishwasher,                             !- Name
  {1cc6be24-96b8-4ee6-9ae5-5912ee7fe8a1}, !- Electric Equipment Definition Name
  {e1166775-97c1-407e-9578-3eacdf10cef7}, !- Space or SpaceType Name
  {58609a30-d111-4ffd-a7b6-42ec0e9c29e3}, !- Schedule Name
  ,                                       !- Multiplier
  dishwasher;                             !- End-Use Subcategory

OS:Schedule:Constant,
  {4c78601a-ea28-4db4-93d4-982112a91cb6}, !- Handle
  fridge schedule,                        !- Name
  {8281b044-9d5b-4193-b805-3061b00474eb}, !- Schedule Type Limits Name
  0;                                      !- Value

OS:EnergyManagementSystem:Sensor,
  {ebe00e5e-4678-4354-b4d6-f35cc822925a}, !- Handle
  fridge_tin_s,                           !- Name
  conditioned space,                      !- Output Variable or Output Meter Index Key Name
  Zone Mean Air Temperature;              !- Output Variable or Output Meter Name

OS:EnergyManagementSystem:Actuator,
  {956ebddf-464d-4006-a79c-b096f2c4411d}, !- Handle
  fridge_schedule_act,                    !- Name
  {4c78601a-ea28-4db4-93d4-982112a91cb6}, !- Actuated Component Name
  Schedule:Constant,                      !- Actuated Component Type
  Schedule Value,                         !- Actuated Component Control Type
  ;                                       !- Zone or Space Name

OS:EnergyManagementSystem:Program,
  {0e7923b7-fbbf-4dd0-a462-dec2d06c0612}, !- Handle
  fridge_schedule_program,                !- Name
  Set Tin = fridge_tin_s*(9.0/5.0)+32.0,  !- Program Line 1
  Set fridge_schedule_act = 0,            !- Program Line 2
  If (Hour == 0),                         !- Program Line 3
  Set fridge_schedule_act = (-0.487+0.019*Tin), !- Program Line 4
  ElseIf (Hour == 1),                     !- Program Line 5
  Set fridge_schedule_act = (-0.34+0.016*Tin), !- Program Line 6
  ElseIf (Hour == 2),                     !- Program Line 7
  Set fridge_schedule_act = (-0.37+0.017*Tin), !- Program Line 8
  ElseIf (Hour == 3),                     !- Program Line 9
  Set fridge_schedule_act = (-0.361+0.016*Tin), !- Program Line 10
  ElseIf (Hour == 4),                     !- Program Line 11
  Set fridge_schedule_act = (-0.515+0.018*Tin), !- Program Line 12
  ElseIf (Hour == 5),                     !- Program Line 13
  Set fridge_schedule_act = (-0.684+0.021*Tin), !- Program Line 14
  ElseIf (Hour == 6),                     !- Program Line 15
  Set fridge_schedule_act = (-0.471+0.019*Tin), !- Program Line 16
  ElseIf (Hour == 7),                     !- Program Line 17
  Set fridge_schedule_act = (-0.159+0.015*Tin), !- Program Line 18
  ElseIf (Hour == 8),                     !- Program Line 19
  Set fridge_schedule_act = (-0.079+0.015*Tin), !- Program Line 20
  ElseIf (Hour == 9),                     !- Program Line 21
  Set fridge_schedule_act = (-0.417+0.019*Tin), !- Program Line 22
  ElseIf (Hour == 10),                    !- Program Line 23
  Set fridge_schedule_act = (-0.411+0.018*Tin), !- Program Line 24
  ElseIf (Hour == 11),                    !- Program Line 25
  Set fridge_schedule_act = (-0.386+0.018*Tin), !- Program Line 26
  ElseIf (Hour == 12),                    !- Program Line 27
  Set fridge_schedule_act = (-0.24+0.016*Tin), !- Program Line 28
  ElseIf (Hour == 13),                    !- Program Line 29
  Set fridge_schedule_act = (-0.314+0.017*Tin), !- Program Line 30
  ElseIf (Hour == 14),                    !- Program Line 31
  Set fridge_schedule_act = (-0.16+0.015*Tin), !- Program Line 32
  ElseIf (Hour == 15),                    !- Program Line 33
  Set fridge_schedule_act = (-0.121+0.015*Tin), !- Program Line 34
  ElseIf (Hour == 16),                    !- Program Line 35
  Set fridge_schedule_act = (-0.469+0.02*Tin), !- Program Line 36
  ElseIf (Hour == 17),                    !- Program Line 37
  Set fridge_schedule_act = (-0.412+0.02*Tin), !- Program Line 38
  ElseIf (Hour == 18),                    !- Program Line 39
  Set fridge_schedule_act = (-0.091+0.017*Tin), !- Program Line 40
  ElseIf (Hour == 19),                    !- Program Line 41
  Set fridge_schedule_act = (0.077+0.014*Tin), !- Program Line 42
  ElseIf (Hour == 20),                    !- Program Line 43
  Set fridge_schedule_act = (-0.118+0.016*Tin), !- Program Line 44
  ElseIf (Hour == 21),                    !- Program Line 45
  Set fridge_schedule_act = (-0.247+0.017*Tin), !- Program Line 46
  ElseIf (Hour == 22),                    !- Program Line 47
  Set fridge_schedule_act = (-0.445+0.019*Tin), !- Program Line 48
  ElseIf (Hour == 23),                    !- Program Line 49
  Set fridge_schedule_act = (-0.544+0.02*Tin), !- Program Line 50
  EndIf;                                  !- Program Line 51

OS:EnergyManagementSystem:ProgramCallingManager,
  {defea24b-b612-40a9-8d10-800ecf57b280}, !- Handle
  fridge_schedule_program_calling_manager, !- Name
  BeginZoneTimestepAfterInitHeatBalance,  !- EnergyPlus Model Calling Point
  {0e7923b7-fbbf-4dd0-a462-dec2d06c0612}; !- Program Name 1

OS:ElectricEquipment:Definition,
  {683aec27-2f72-48b4-acb9-b7ec40fec13a}, !- Handle
  fridge,                                 !- Name
  EquipmentLevel,                         !- Design Level Calculation Method
  51.9006849315069,                       !- Design Level {W}
  ,                                       !- Watts per Space Floor Area {W/m2}
  ,                                       !- Watts per Person {W/person}
  0,                                      !- Fraction Latent
  0.6,                                    !- Fraction Radiant
  0;                                      !- Fraction Lost

OS:ElectricEquipment,
  {384f0346-6595-4e2f-8ca6-1fc70d030e76}, !- Handle
  fridge,                                 !- Name
  {683aec27-2f72-48b4-acb9-b7ec40fec13a}, !- Electric Equipment Definition Name
  {e1166775-97c1-407e-9578-3eacdf10cef7}, !- Space or SpaceType Name
  {4c78601a-ea28-4db4-93d4-982112a91cb6}, !- Schedule Name
  ,                                       !- Multiplier
  fridge;                                 !- End-Use Subcategory

OS:Schedule:Constant,
  {ebf0685f-3d3c-4ca4-8717-af161452c16e}, !- Handle
  fridge schedule 1,                      !- Name
  {8281b044-9d5b-4193-b805-3061b00474eb}, !- Schedule Type Limits Name
  0;                                      !- Value

OS:EnergyManagementSystem:Sensor,
  {30abe011-0fda-4118-a7d5-b446f1b8092b}, !- Handle
  fridge_tin_s_1,                         !- Name
  garage,                                 !- Output Variable or Output Meter Index Key Name
  Zone Mean Air Temperature;              !- Output Variable or Output Meter Name

OS:EnergyManagementSystem:Actuator,
  {9cd54a89-c074-4172-8559-21a9d1b68e74}, !- Handle
  fridge_schedule_1_act,                  !- Name
  {ebf0685f-3d3c-4ca4-8717-af161452c16e}, !- Actuated Component Name
  Schedule:Constant,                      !- Actuated Component Type
  Schedule Value,                         !- Actuated Component Control Type
  ;                                       !- Zone or Space Name

OS:EnergyManagementSystem:Program,
  {f9c8ce8e-5c37-43b5-b384-916a2a285335}, !- Handle
  fridge_schedule_1_program,              !- Name
  Set Tin = fridge_tin_s_1*(9.0/5.0)+32.0, !- Program Line 1
  Set fridge_schedule_1_act = 0,          !- Program Line 2
  If (Hour == 0),                         !- Program Line 3
  Set fridge_schedule_1_act = (-0.487+0.019*Tin), !- Program Line 4
  ElseIf (Hour == 1),                     !- Program Line 5
  Set fridge_schedule_1_act = (-0.34+0.016*Tin), !- Program Line 6
  ElseIf (Hour == 2),                     !- Program Line 7
  Set fridge_schedule_1_act = (-0.37+0.017*Tin), !- Program Line 8
  ElseIf (Hour == 3),                     !- Program Line 9
  Set fridge_schedule_1_act = (-0.361+0.016*Tin), !- Program Line 10
  ElseIf (Hour == 4),                     !- Program Line 11
  Set fridge_schedule_1_act = (-0.515+0.018*Tin), !- Program Line 12
  ElseIf (Hour == 5),                     !- Program Line 13
  Set fridge_schedule_1_act = (-0.684+0.021*Tin), !- Program Line 14
  ElseIf (Hour == 6),                     !- Program Line 15
  Set fridge_schedule_1_act = (-0.471+0.019*Tin), !- Program Line 16
  ElseIf (Hour == 7),                     !- Program Line 17
  Set fridge_schedule_1_act = (-0.159+0.015*Tin), !- Program Line 18
  ElseIf (Hour == 8),                     !- Program Line 19
  Set fridge_schedule_1_act = (-0.079+0.015*Tin), !- Program Line 20
  ElseIf (Hour == 9),                     !- Program Line 21
  Set fridge_schedule_1_act = (-0.417+0.019*Tin), !- Program Line 22
  ElseIf (Hour == 10),                    !- Program Line 23
  Set fridge_schedule_1_act = (-0.411+0.018*Tin), !- Program Line 24
  ElseIf (Hour == 11),                    !- Program Line 25
  Set fridge_schedule_1_act = (-0.386+0.018*Tin), !- Program Line 26
  ElseIf (Hour == 12),                    !- Program Line 27
  Set fridge_schedule_1_act = (-0.24+0.016*Tin), !- Program Line 28
  ElseIf (Hour == 13),                    !- Program Line 29
  Set fridge_schedule_1_act = (-0.314+0.017*Tin), !- Program Line 30
  ElseIf (Hour == 14),                    !- Program Line 31
  Set fridge_schedule_1_act = (-0.16+0.015*Tin), !- Program Line 32
  ElseIf (Hour == 15),                    !- Program Line 33
  Set fridge_schedule_1_act = (-0.121+0.015*Tin), !- Program Line 34
  ElseIf (Hour == 16),                    !- Program Line 35
  Set fridge_schedule_1_act = (-0.469+0.02*Tin), !- Program Line 36
  ElseIf (Hour == 17),                    !- Program Line 37
  Set fridge_schedule_1_act = (-0.412+0.02*Tin), !- Program Line 38
  ElseIf (Hour == 18),                    !- Program Line 39
  Set fridge_schedule_1_act = (-0.091+0.017*Tin), !- Program Line 40
  ElseIf (Hour == 19),                    !- Program Line 41
  Set fridge_schedule_1_act = (-0.077+0.014*Tin), !- Program Line 42
  ElseIf (Hour == 20),                    !- Program Line 43
  Set fridge_schedule_1_act = (-0.118+0.016*Tin), !- Program Line 44
  ElseIf (Hour == 21),                    !- Program Line 45
  Set fridge_schedule_1_act = (-0.247+0.017*Tin), !- Program Line 46
  ElseIf (Hour == 22),                    !- Program Line 47
  Set fridge_schedule_1_act = (-0.445+0.019*Tin), !- Program Line 48
  ElseIf (Hour == 23),                    !- Program Line 49
  Set fridge_schedule_1_act = (-0.544+0.02*Tin), !- Program Line 50
  EndIf;                                  !- Program Line 51

OS:EnergyManagementSystem:ProgramCallingManager,
  {f2db46f8-8537-48ca-9c75-bb02d5bda05c}, !- Handle
  fridge_schedule_1_program_calling_manager, !- Name
  BeginZoneTimestepAfterInitHeatBalance,  !- EnergyPlus Model Calling Point
  {f9c8ce8e-5c37-43b5-b384-916a2a285335}; !- Program Name 1

OS:ElectricEquipment:Definition,
  {e90f7bb6-5cd8-4563-b33c-df9d2cd9e485}, !- Handle
  fridge 2,                               !- Name
  EquipmentLevel,                         !- Design Level Calculation Method
  100.821917808219,                       !- Design Level {W}
  ,                                       !- Watts per Space Floor Area {W/m2}
  ,                                       !- Watts per Person {W/person}
  0,                                      !- Fraction Latent
  0.6,                                    !- Fraction Radiant
  0;                                      !- Fraction Lost

OS:ElectricEquipment,
  {c64d90bd-ddc5-45d6-8d00-4e7c4cd270d3}, !- Handle
  fridge 1,                               !- Name
  {e90f7bb6-5cd8-4563-b33c-df9d2cd9e485}, !- Electric Equipment Definition Name
  {cc707bb5-9bfe-4604-9eeb-f1c22abc4f25}, !- Space or SpaceType Name
  {ebf0685f-3d3c-4ca4-8717-af161452c16e}, !- Schedule Name
  ,                                       !- Multiplier
  fridge;                                 !- End-Use Subcategory

OS:Schedule:File,
  {1785b619-734d-4490-9730-d50d945e45b4}, !- Handle
  cooking_range,                          !- Name
  {8281b044-9d5b-4193-b805-3061b00474eb}, !- Schedule Type Limits Name
  {37a35c81-184e-439e-906e-d25e8b4569c6}, !- External File Name
  12,                                     !- Column Number
  1,                                      !- Rows to Skip at Top
  8760,                                   !- Number of Hours of Data
  ,                                       !- Column Separator
  Yes,                                    !- Interpolate to Timestep
  15,                                     !- Minutes per Item
  ,                                       !- Adjust Schedule for Daylight Savings
  Yes;                                    !- Translate File With Relative Path

OS:ElectricEquipment:Definition,
  {d18a67db-eb5d-4042-8bee-a9fb271f0d00}, !- Handle
  cooking range,                          !- Name
  EquipmentLevel,                         !- Design Level Calculation Method
  1902.38496847035,                       !- Design Level {W}
  ,                                       !- Watts per Space Floor Area {W/m2}
  ,                                       !- Watts per Person {W/person}
  0.0799999999999999,                     !- Fraction Latent
  0.432,                                  !- Fraction Radiant
  0.2;                                    !- Fraction Lost

OS:ElectricEquipment,
  {0948efd9-86b3-4fbe-aa4b-514b5cabba49}, !- Handle
  cooking range,                          !- Name
  {d18a67db-eb5d-4042-8bee-a9fb271f0d00}, !- Electric Equipment Definition Name
  {e1166775-97c1-407e-9578-3eacdf10cef7}, !- Space or SpaceType Name
  {1785b619-734d-4490-9730-d50d945e45b4}, !- Schedule Name
  ,                                       !- Multiplier
  cooking range;                          !- End-Use Subcategory

OS:OtherEquipment:Definition,
  {f5dae43b-f964-4ffc-986c-f9f67f505e8d}, !- Handle
  cooking range 2,                        !- Name
  EquipmentLevel,                         !- Design Level Calculation Method
  0,                                      !- Design Level {W}
  ,                                       !- Watts per Space Floor Area {W/m2}
  ,                                       !- Watts per Person {W/Person}
  0.0799999999999999,                     !- Fraction Latent
  0.432,                                  !- Fraction Radiant
  0.2;                                    !- Fraction Lost

OS:OtherEquipment,
  {07c06251-fb1d-47b8-9307-ca3971e2e7bf}, !- Handle
  cooking range 1,                        !- Name
  {f5dae43b-f964-4ffc-986c-f9f67f505e8d}, !- Other Equipment Definition Name
  {e1166775-97c1-407e-9578-3eacdf10cef7}, !- Space or SpaceType Name
  {1785b619-734d-4490-9730-d50d945e45b4}, !- Schedule Name
  ,                                       !- Multiplier
  Electricity,                            !- Fuel Type
  cooking range;                          !- End-Use Subcategory

OS:Schedule:FixedInterval,
  {99b79ee8-10d6-4b63-84be-d5f16d20f9e6}, !- Handle
  mains temperature schedule,             !- Name
  {4fe086fd-844f-45fd-afc8-ac3ea346733f}, !- Schedule Type Limits Name
  ,                                       !- Translate to Schedule File
  ,                                       !- Interpolate to Timestep
  1440,                                   !- Interval Length {minutes}
  ,                                       !- Out Of Range Value
  1,                                      !- Start Month
  1,                                      !- Start Day
  13.0633333333333,                       !- Value 1
  13.0188888888889,                       !- Value 2
  12.975,                                 !- Value 3
  12.9327777777778,                       !- Value 4
  12.8916666666667,                       !- Value 5
  12.8516666666667,                       !- Value 6
  12.8122222222222,                       !- Value 7
  12.7744444444444,                       !- Value 8
  12.7377777777778,                       !- Value 9
  12.7016666666667,                       !- Value 10
  12.6672222222222,                       !- Value 11
  12.6338888888889,                       !- Value 12
  12.6016666666667,                       !- Value 13
  12.5705555555556,                       !- Value 14
  12.5411111111111,                       !- Value 15
  12.5122222222222,                       !- Value 16
  12.485,                                 !- Value 17
  12.4583333333333,                       !- Value 18
  12.4333333333333,                       !- Value 19
  12.41,                                  !- Value 20
  12.3872222222222,                       !- Value 21
  12.3661111111111,                       !- Value 22
  12.3455555555556,                       !- Value 23
  12.3272222222222,                       !- Value 24
  12.3094444444444,                       !- Value 25
  12.2933333333333,                       !- Value 26
  12.2783333333333,                       !- Value 27
  12.2644444444444,                       !- Value 28
  12.2516666666667,                       !- Value 29
  12.2405555555556,                       !- Value 30
  12.2305555555556,                       !- Value 31
  12.2222222222222,                       !- Value 32
  12.215,                                 !- Value 33
  12.2088888888889,                       !- Value 34
  12.2038888888889,                       !- Value 35
  12.2005555555556,                       !- Value 36
  12.1983333333333,                       !- Value 37
  12.1977777777778,                       !- Value 38
  12.1977777777778,                       !- Value 39
  12.2,                                   !- Value 40
  12.2027777777778,                       !- Value 41
  12.2072222222222,                       !- Value 42
  12.2127777777778,                       !- Value 43
  12.2194444444444,                       !- Value 44
  12.2277777777778,                       !- Value 45
  12.2372222222222,                       !- Value 46
  12.2483333333333,                       !- Value 47
  12.26,                                  !- Value 48
  12.2733333333333,                       !- Value 49
  12.2883333333333,                       !- Value 50
  12.3038888888889,                       !- Value 51
  12.3211111111111,                       !- Value 52
  12.3394444444444,                       !- Value 53
  12.3594444444444,                       !- Value 54
  12.38,                                  !- Value 55
  12.4022222222222,                       !- Value 56
  12.4255555555556,                       !- Value 57
  12.4505555555556,                       !- Value 58
  12.4761111111111,                       !- Value 59
  12.5033333333333,                       !- Value 60
  12.5316666666667,                       !- Value 61
  12.5611111111111,                       !- Value 62
  12.5916666666667,                       !- Value 63
  12.6233333333333,                       !- Value 64
  12.6566666666667,                       !- Value 65
  12.6905555555556,                       !- Value 66
  12.7261111111111,                       !- Value 67
  12.7627777777778,                       !- Value 68
  12.8,                                   !- Value 69
  12.8388888888889,                       !- Value 70
  12.8788888888889,                       !- Value 71
  12.9194444444444,                       !- Value 72
  12.9616666666667,                       !- Value 73
  13.0044444444444,                       !- Value 74
  13.0488888888889,                       !- Value 75
  13.0938888888889,                       !- Value 76
  13.14,                                  !- Value 77
  13.1872222222222,                       !- Value 78
  13.2355555555556,                       !- Value 79
  13.285,                                 !- Value 80
  13.335,                                 !- Value 81
  13.3861111111111,                       !- Value 82
  13.4383333333333,                       !- Value 83
  13.4911111111111,                       !- Value 84
  13.545,                                 !- Value 85
  13.6,                                   !- Value 86
  13.6555555555556,                       !- Value 87
  13.7122222222222,                       !- Value 88
  13.77,                                  !- Value 89
  13.8283333333333,                       !- Value 90
  13.8872222222222,                       !- Value 91
  13.9472222222222,                       !- Value 92
  14.0077777777778,                       !- Value 93
  14.0688888888889,                       !- Value 94
  14.1311111111111,                       !- Value 95
  14.1944444444444,                       !- Value 96
  14.2577777777778,                       !- Value 97
  14.3222222222222,                       !- Value 98
  14.3872222222222,                       !- Value 99
  14.4527777777778,                       !- Value 100
  14.5188888888889,                       !- Value 101
  14.5855555555556,                       !- Value 102
  14.6533333333333,                       !- Value 103
  14.7211111111111,                       !- Value 104
  14.7894444444444,                       !- Value 105
  14.8588888888889,                       !- Value 106
  14.9283333333333,                       !- Value 107
  14.9983333333333,                       !- Value 108
  15.0688888888889,                       !- Value 109
  15.14,                                  !- Value 110
  15.2111111111111,                       !- Value 111
  15.2833333333333,                       !- Value 112
  15.3555555555556,                       !- Value 113
  15.4277777777778,                       !- Value 114
  15.5005555555556,                       !- Value 115
  15.5738888888889,                       !- Value 116
  15.6477777777778,                       !- Value 117
  15.7211111111111,                       !- Value 118
  15.7955555555556,                       !- Value 119
  15.8694444444444,                       !- Value 120
  15.9438888888889,                       !- Value 121
  16.0188888888889,                       !- Value 122
  16.0938888888889,                       !- Value 123
  16.1688888888889,                       !- Value 124
  16.2438888888889,                       !- Value 125
  16.3188888888889,                       !- Value 126
  16.3944444444444,                       !- Value 127
  16.4694444444444,                       !- Value 128
  16.545,                                 !- Value 129
  16.6205555555556,                       !- Value 130
  16.6955555555556,                       !- Value 131
  16.7711111111111,                       !- Value 132
  16.8461111111111,                       !- Value 133
  16.9216666666667,                       !- Value 134
  16.9966666666667,                       !- Value 135
  17.0716666666667,                       !- Value 136
  17.1466666666667,                       !- Value 137
  17.2211111111111,                       !- Value 138
  17.2955555555556,                       !- Value 139
  17.37,                                  !- Value 140
  17.4438888888889,                       !- Value 141
  17.5177777777778,                       !- Value 142
  17.5911111111111,                       !- Value 143
  17.6644444444444,                       !- Value 144
  17.7372222222222,                       !- Value 145
  17.8094444444444,                       !- Value 146
  17.8816666666667,                       !- Value 147
  17.9533333333333,                       !- Value 148
  18.025,                                 !- Value 149
  18.0961111111111,                       !- Value 150
  18.1661111111111,                       !- Value 151
  18.2361111111111,                       !- Value 152
  18.3061111111111,                       !- Value 153
  18.375,                                 !- Value 154
  18.4433333333333,                       !- Value 155
  18.5111111111111,                       !- Value 156
  18.5788888888889,                       !- Value 157
  18.6455555555556,                       !- Value 158
  18.7116666666667,                       !- Value 159
  18.7772222222222,                       !- Value 160
  18.8416666666667,                       !- Value 161
  18.9061111111111,                       !- Value 162
  18.9694444444444,                       !- Value 163
  19.0322222222222,                       !- Value 164
  19.0944444444444,                       !- Value 165
  19.1555555555556,                       !- Value 166
  19.2166666666667,                       !- Value 167
  19.2761111111111,                       !- Value 168
  19.335,                                 !- Value 169
  19.3933333333333,                       !- Value 170
  19.4505555555556,                       !- Value 171
  19.5072222222222,                       !- Value 172
  19.5627777777778,                       !- Value 173
  19.6172222222222,                       !- Value 174
  19.6711111111111,                       !- Value 175
  19.7244444444444,                       !- Value 176
  19.7761111111111,                       !- Value 177
  19.8272222222222,                       !- Value 178
  19.8772222222222,                       !- Value 179
  19.9266666666667,                       !- Value 180
  19.9744444444444,                       !- Value 181
  20.0216666666667,                       !- Value 182
  20.0677777777778,                       !- Value 183
  20.1127777777778,                       !- Value 184
  20.1566666666667,                       !- Value 185
  20.1994444444444,                       !- Value 186
  20.2416666666667,                       !- Value 187
  20.2822222222222,                       !- Value 188
  20.3222222222222,                       !- Value 189
  20.3605555555556,                       !- Value 190
  20.3977777777778,                       !- Value 191
  20.4344444444444,                       !- Value 192
  20.4694444444444,                       !- Value 193
  20.5033333333333,                       !- Value 194
  20.5366666666667,                       !- Value 195
  20.5683333333333,                       !- Value 196
  20.5983333333333,                       !- Value 197
  20.6277777777778,                       !- Value 198
  20.6561111111111,                       !- Value 199
  20.6827777777778,                       !- Value 200
  20.7088888888889,                       !- Value 201
  20.7333333333333,                       !- Value 202
  20.7561111111111,                       !- Value 203
  20.7783333333333,                       !- Value 204
  20.7988888888889,                       !- Value 205
  20.8188888888889,                       !- Value 206
  20.8366666666667,                       !- Value 207
  20.8538888888889,                       !- Value 208
  20.8694444444444,                       !- Value 209
  20.8838888888889,                       !- Value 210
  20.8972222222222,                       !- Value 211
  20.9094444444444,                       !- Value 212
  20.92,                                  !- Value 213
  20.9288888888889,                       !- Value 214
  20.9372222222222,                       !- Value 215
  20.9438888888889,                       !- Value 216
  20.9494444444444,                       !- Value 217
  20.9533333333333,                       !- Value 218
  20.9566666666667,                       !- Value 219
  20.9577777777778,                       !- Value 220
  20.9583333333333,                       !- Value 221
  20.9572222222222,                       !- Value 222
  20.955,                                 !- Value 223
  20.9511111111111,                       !- Value 224
  20.9466666666667,                       !- Value 225
  20.94,                                  !- Value 226
  20.9327777777778,                       !- Value 227
  20.9238888888889,                       !- Value 228
  20.9138888888889,                       !- Value 229
  20.9027777777778,                       !- Value 230
  20.89,                                  !- Value 231
  20.8761111111111,                       !- Value 232
  20.8611111111111,                       !- Value 233
  20.8444444444444,                       !- Value 234
  20.8266666666667,                       !- Value 235
  20.8077777777778,                       !- Value 236
  20.7872222222222,                       !- Value 237
  20.7661111111111,                       !- Value 238
  20.7433333333333,                       !- Value 239
  20.7194444444444,                       !- Value 240
  20.6944444444444,                       !- Value 241
  20.6677777777778,                       !- Value 242
  20.64,                                  !- Value 243
  20.6111111111111,                       !- Value 244
  20.5811111111111,                       !- Value 245
  20.55,                                  !- Value 246
  20.5177777777778,                       !- Value 247
  20.4844444444444,                       !- Value 248
  20.4494444444444,                       !- Value 249
  20.4138888888889,                       !- Value 250
  20.3766666666667,                       !- Value 251
  20.3388888888889,                       !- Value 252
  20.2994444444444,                       !- Value 253
  20.2594444444444,                       !- Value 254
  20.2177777777778,                       !- Value 255
  20.1755555555556,                       !- Value 256
  20.1316666666667,                       !- Value 257
  20.0872222222222,                       !- Value 258
  20.0416666666667,                       !- Value 259
  19.995,                                 !- Value 260
  19.9472222222222,                       !- Value 261
  19.8983333333333,                       !- Value 262
  19.8488888888889,                       !- Value 263
  19.7983333333333,                       !- Value 264
  19.7466666666667,                       !- Value 265
  19.6944444444444,                       !- Value 266
  19.6405555555556,                       !- Value 267
  19.5866666666667,                       !- Value 268
  19.5311111111111,                       !- Value 269
  19.475,                                 !- Value 270
  19.4183333333333,                       !- Value 271
  19.3605555555556,                       !- Value 272
  19.3016666666667,                       !- Value 273
  19.2422222222222,                       !- Value 274
  19.1822222222222,                       !- Value 275
  19.1211111111111,                       !- Value 276
  19.0594444444444,                       !- Value 277
  18.9966666666667,                       !- Value 278
  18.9333333333333,                       !- Value 279
  18.8694444444444,                       !- Value 280
  18.805,                                 !- Value 281
  18.74,                                  !- Value 282
  18.6738888888889,                       !- Value 283
  18.6072222222222,                       !- Value 284
  18.5405555555556,                       !- Value 285
  18.4727777777778,                       !- Value 286
  18.4044444444444,                       !- Value 287
  18.3355555555556,                       !- Value 288
  18.2661111111111,                       !- Value 289
  18.1966666666667,                       !- Value 290
  18.1261111111111,                       !- Value 291
  18.0555555555556,                       !- Value 292
  17.9844444444444,                       !- Value 293
  17.9127777777778,                       !- Value 294
  17.8405555555556,                       !- Value 295
  17.7683333333333,                       !- Value 296
  17.6955555555556,                       !- Value 297
  17.6227777777778,                       !- Value 298
  17.5494444444444,                       !- Value 299
  17.4755555555556,                       !- Value 300
  17.4016666666667,                       !- Value 301
  17.3277777777778,                       !- Value 302
  17.2533333333333,                       !- Value 303
  17.1788888888889,                       !- Value 304
  17.1038888888889,                       !- Value 305
  17.0288888888889,                       !- Value 306
  16.9538888888889,                       !- Value 307
  16.8788888888889,                       !- Value 308
  16.8033333333333,                       !- Value 309
  16.7283333333333,                       !- Value 310
  16.6527777777778,                       !- Value 311
  16.5772222222222,                       !- Value 312
  16.5022222222222,                       !- Value 313
  16.4266666666667,                       !- Value 314
  16.3516666666667,                       !- Value 315
  16.2761111111111,                       !- Value 316
  16.2011111111111,                       !- Value 317
  16.1261111111111,                       !- Value 318
  16.0511111111111,                       !- Value 319
  15.9761111111111,                       !- Value 320
  15.9016666666667,                       !- Value 321
  15.8272222222222,                       !- Value 322
  15.7533333333333,                       !- Value 323
  15.6794444444444,                       !- Value 324
  15.6055555555556,                       !- Value 325
  15.5322222222222,                       !- Value 326
  15.4594444444444,                       !- Value 327
  15.3866666666667,                       !- Value 328
  15.3144444444444,                       !- Value 329
  15.2422222222222,                       !- Value 330
  15.1705555555556,                       !- Value 331
  15.0994444444444,                       !- Value 332
  15.0288888888889,                       !- Value 333
  14.9583333333333,                       !- Value 334
  14.8888888888889,                       !- Value 335
  14.8194444444444,                       !- Value 336
  14.7505555555556,                       !- Value 337
  14.6822222222222,                       !- Value 338
  14.6144444444444,                       !- Value 339
  14.5477777777778,                       !- Value 340
  14.4811111111111,                       !- Value 341
  14.415,                                 !- Value 342
  14.35,                                  !- Value 343
  14.2855555555556,                       !- Value 344
  14.2216666666667,                       !- Value 345
  14.1583333333333,                       !- Value 346
  14.0961111111111,                       !- Value 347
  14.0338888888889,                       !- Value 348
  13.9733333333333,                       !- Value 349
  13.9127777777778,                       !- Value 350
  13.8533333333333,                       !- Value 351
  13.795,                                 !- Value 352
  13.7372222222222,                       !- Value 353
  13.68,                                  !- Value 354
  13.6238888888889,                       !- Value 355
  13.5688888888889,                       !- Value 356
  13.5144444444444,                       !- Value 357
  13.4611111111111,                       !- Value 358
  13.4083333333333,                       !- Value 359
  13.3572222222222,                       !- Value 360
  13.3061111111111,                       !- Value 361
  13.2566666666667,                       !- Value 362
  13.2077777777778,                       !- Value 363
  13.1605555555556,                       !- Value 364
  13.1138888888889;                       !- Value 365

OS:Site:WaterMainsTemperature,
  {4fd0d540-4b6b-4074-92d3-19f8d8bdfdc8}, !- Handle
  Schedule,                               !- Calculation Method
  {99b79ee8-10d6-4b63-84be-d5f16d20f9e6}; !- Temperature Schedule Name

OS:Schedule:Constant,
  {16b8b53e-25e9-4ffb-9663-efdf8cfc549f}, !- Handle
  mixed water temperature schedule,       !- Name
  {4fe086fd-844f-45fd-afc8-ac3ea346733f}, !- Schedule Type Limits Name
  40.5555555555556;                       !- Value

OS:Schedule:File,
  {e905a497-ec8e-4253-aef7-f46a5297db39}, !- Handle
  hot_water_fixtures,                     !- Name
  {8281b044-9d5b-4193-b805-3061b00474eb}, !- Schedule Type Limits Name
  {37a35c81-184e-439e-906e-d25e8b4569c6}, !- External File Name
  13,                                     !- Column Number
  1,                                      !- Rows to Skip at Top
  8760,                                   !- Number of Hours of Data
  ,                                       !- Column Separator
  Yes,                                    !- Interpolate to Timestep
  15,                                     !- Minutes per Item
  ,                                       !- Adjust Schedule for Daylight Savings
  Yes;                                    !- Translate File With Relative Path

OS:WaterUse:Equipment:Definition,
  {ff10430f-bb12-4807-b7d5-de3d58ac42fd}, !- Handle
  dhw fixtures,                           !- Name
  dhw fixtures,                           !- End-Use Subcategory
  5.66593974790136e-05,                   !- Peak Flow Rate {m3/s}
  {16b8b53e-25e9-4ffb-9663-efdf8cfc549f}; !- Target Temperature Schedule Name

OS:WaterUse:Equipment,
  {79230173-17a4-4467-9e53-2e2af7e574c3}, !- Handle
  dhw fixtures,                           !- Name
  {ff10430f-bb12-4807-b7d5-de3d58ac42fd}, !- Water Use Equipment Definition Name
  ,                                       !- Space Name
  {e905a497-ec8e-4253-aef7-f46a5297db39}; !- Flow Rate Fraction Schedule Name

OS:WaterUse:Equipment:Definition,
  {63dbd89c-e158-4dd1-91a0-d2593ef44dda}, !- Handle
  dhw distribution waste,                 !- Name
  dhw distribution waste,                 !- End-Use Subcategory
  2.03656116606646e-05,                   !- Peak Flow Rate {m3/s}
  {16b8b53e-25e9-4ffb-9663-efdf8cfc549f}; !- Target Temperature Schedule Name

OS:WaterUse:Equipment,
  {0b57e7d2-8b1d-4504-b8c5-a494f9db7a37}, !- Handle
  dhw distribution waste,                 !- Name
  {63dbd89c-e158-4dd1-91a0-d2593ef44dda}, !- Water Use Equipment Definition Name
  ,                                       !- Space Name
  {e905a497-ec8e-4253-aef7-f46a5297db39}; !- Flow Rate Fraction Schedule Name

OS:Schedule:File,
  {47780b87-d829-4987-9db7-e748e25c707e}, !- Handle
  hot_water_clothes_washer,               !- Name
  {8281b044-9d5b-4193-b805-3061b00474eb}, !- Schedule Type Limits Name
  {37a35c81-184e-439e-906e-d25e8b4569c6}, !- External File Name
  9,                                      !- Column Number
  1,                                      !- Rows to Skip at Top
  8760,                                   !- Number of Hours of Data
  ,                                       !- Column Separator
  Yes,                                    !- Interpolate to Timestep
  15,                                     !- Minutes per Item
  ,                                       !- Adjust Schedule for Daylight Savings
  Yes;                                    !- Translate File With Relative Path

OS:WaterUse:Equipment:Definition,
  {41bcd63f-f5c4-4493-bb46-b5ff722c5f1f}, !- Handle
  clothes washer,                         !- Name
  clothes washer,                         !- End-Use Subcategory
  5.27420760645899e-06;                   !- Peak Flow Rate {m3/s}

OS:WaterUse:Equipment,
  {abed4374-203d-4f57-a1eb-029fef534767}, !- Handle
  clothes washer,                         !- Name
  {41bcd63f-f5c4-4493-bb46-b5ff722c5f1f}, !- Water Use Equipment Definition Name
  ,                                       !- Space Name
  {47780b87-d829-4987-9db7-e748e25c707e}; !- Flow Rate Fraction Schedule Name

OS:Schedule:File,
  {f8cbd484-c7a0-4015-b167-f7a694375ce5}, !- Handle
  hot_water_dishwasher,                   !- Name
  {8281b044-9d5b-4193-b805-3061b00474eb}, !- Schedule Type Limits Name
  {37a35c81-184e-439e-906e-d25e8b4569c6}, !- External File Name
  7,                                      !- Column Number
  1,                                      !- Rows to Skip at Top
  8760,                                   !- Number of Hours of Data
  ,                                       !- Column Separator
  Yes,                                    !- Interpolate to Timestep
  15,                                     !- Minutes per Item
  ,                                       !- Adjust Schedule for Daylight Savings
  Yes;                                    !- Translate File With Relative Path

OS:WaterUse:Equipment:Definition,
  {3caf5d5b-ff0d-46e6-88a1-562a382bf841}, !- Handle
  dishwasher,                             !- Name
  dishwasher,                             !- End-Use Subcategory
  1.41627759401209e-05;                   !- Peak Flow Rate {m3/s}

OS:WaterUse:Equipment,
  {c903d025-ed23-4e6e-80a2-6c281ae16d72}, !- Handle
  dishwasher,                             !- Name
  {3caf5d5b-ff0d-46e6-88a1-562a382bf841}, !- Water Use Equipment Definition Name
  ,                                       !- Space Name
  {f8cbd484-c7a0-4015-b167-f7a694375ce5}; !- Flow Rate Fraction Schedule Name

OS:Schedule:File,
  {e61fda93-ca17-4a44-89df-b6393bf6112b}, !- Handle
  lighting_interior,                      !- Name
  {8281b044-9d5b-4193-b805-3061b00474eb}, !- Schedule Type Limits Name
  {37a35c81-184e-439e-906e-d25e8b4569c6}, !- External File Name
  5,                                      !- Column Number
  1,                                      !- Rows to Skip at Top
  8760,                                   !- Number of Hours of Data
  ,                                       !- Column Separator
  Yes,                                    !- Interpolate to Timestep
  15,                                     !- Minutes per Item
  ,                                       !- Adjust Schedule for Daylight Savings
  Yes;                                    !- Translate File With Relative Path

OS:Lights:Definition,
  {d9f61059-b121-4969-8840-21201094d7c9}, !- Handle
  interior lighting,                      !- Name
  LightingLevel,                          !- Design Level Calculation Method
  1071.54220619421,                       !- Lighting Level {W}
  ,                                       !- Watts per Space Floor Area {W/m2}
  ,                                       !- Watts per Person {W/person}
  0.6,                                    !- Fraction Radiant
  0.2,                                    !- Fraction Visible
  0;                                      !- Return Air Fraction

OS:Lights,
  {d24be928-bfab-4aa5-a3dd-5c5bd39b7a4f}, !- Handle
  interior lighting,                      !- Name
  {d9f61059-b121-4969-8840-21201094d7c9}, !- Lights Definition Name
  {e1166775-97c1-407e-9578-3eacdf10cef7}, !- Space or SpaceType Name
  {e61fda93-ca17-4a44-89df-b6393bf6112b}, !- Schedule Name
  1,                                      !- Fraction Replaceable
  ,                                       !- Multiplier
  interior lighting;                      !- End-Use Subcategory

OS:Schedule:File,
  {967e47c2-f06f-4c86-a062-b0f3010b7d20}, !- Handle
  lighting_garage,                        !- Name
  {8281b044-9d5b-4193-b805-3061b00474eb}, !- Schedule Type Limits Name
  {37a35c81-184e-439e-906e-d25e8b4569c6}, !- External File Name
  6,                                      !- Column Number
  1,                                      !- Rows to Skip at Top
  8760,                                   !- Number of Hours of Data
  ,                                       !- Column Separator
  Yes,                                    !- Interpolate to Timestep
  15,                                     !- Minutes per Item
  ,                                       !- Adjust Schedule for Daylight Savings
  Yes;                                    !- Translate File With Relative Path

OS:Lights:Definition,
  {fc6fab70-d766-4d56-8f78-c562230a63ba}, !- Handle
  garage lighting,                        !- Name
  LightingLevel,                          !- Design Level Calculation Method
  69.4772881437303,                       !- Lighting Level {W}
  ,                                       !- Watts per Space Floor Area {W/m2}
  ,                                       !- Watts per Person {W/person}
  0.6,                                    !- Fraction Radiant
  0.2,                                    !- Fraction Visible
  0;                                      !- Return Air Fraction

OS:Lights,
  {f93b6d96-0c05-492f-9cb2-cffd5c0db927}, !- Handle
  garage lighting,                        !- Name
  {fc6fab70-d766-4d56-8f78-c562230a63ba}, !- Lights Definition Name
  {cc707bb5-9bfe-4604-9eeb-f1c22abc4f25}, !- Space or SpaceType Name
  {967e47c2-f06f-4c86-a062-b0f3010b7d20}, !- Schedule Name
  1,                                      !- Fraction Replaceable
  ,                                       !- Multiplier
  garage lighting;                        !- End-Use Subcategory

OS:Schedule:Ruleset,
  {115459bb-931b-492a-9745-e5da0c06e44e}, !- Handle
  exterior lighting schedule,             !- Name
  {8281b044-9d5b-4193-b805-3061b00474eb}, !- Schedule Type Limits Name
  {db55e037-bd27-4372-9848-5e53e668cca5}; !- Default Day Schedule Name

OS:Schedule:Day,
  {db55e037-bd27-4372-9848-5e53e668cca5}, !- Handle
  exterior lighting schedule default day, !- Name
  {8281b044-9d5b-4193-b805-3061b00474eb}, !- Schedule Type Limits Name
  ,                                       !- Interpolate to Timestep
  24,                                     !- Hour 1
  0,                                      !- Minute 1
  0;                                      !- Value Until Time 1

OS:Schedule:Rule,
  {194d436e-1c4e-40a0-9056-141cc537b622}, !- Handle
  exterior lighting schedule allday rule, !- Name
  {115459bb-931b-492a-9745-e5da0c06e44e}, !- Schedule Ruleset Name
  11,                                     !- Rule Order
  {8de56f33-3170-4a7b-987a-670fafc8bbe4}, !- Day Schedule Name
  Yes,                                    !- Apply Sunday
  Yes,                                    !- Apply Monday
  Yes,                                    !- Apply Tuesday
  Yes,                                    !- Apply Wednesday
  Yes,                                    !- Apply Thursday
  Yes,                                    !- Apply Friday
  Yes,                                    !- Apply Saturday
  DateRange,                              !- Date Specification Type
  1,                                      !- Start Month
  1,                                      !- Start Day
  1,                                      !- End Month
  31;                                     !- End Day

OS:Schedule:Day,
  {8de56f33-3170-4a7b-987a-670fafc8bbe4}, !- Handle
  exterior lighting schedule day,         !- Name
  {8281b044-9d5b-4193-b805-3061b00474eb}, !- Schedule Type Limits Name
  ,                                       !- Interpolate to Timestep
  1,                                      !- Hour 1
  0,                                      !- Minute 1
  0.566666666666667,                      !- Value Until Time 1
  3,                                      !- Hour 2
  0,                                      !- Minute 2
  0.524166666666667,                      !- Value Until Time 2
  5,                                      !- Hour 3
  0,                                      !- Minute 3
  0.495833333333333,                      !- Value Until Time 3
  6,                                      !- Hour 4
  0,                                      !- Minute 4
  0.5525,                                 !- Value Until Time 4
  7,                                      !- Hour 5
  0,                                      !- Minute 5
  0.623333333333333,                      !- Value Until Time 5
  8,                                      !- Hour 6
  0,                                      !- Minute 6
  0.580833333333333,                      !- Value Until Time 6
  9,                                      !- Hour 7
  0,                                      !- Minute 7
  0.439166666666667,                      !- Value Until Time 7
  10,                                     !- Hour 8
  0,                                      !- Minute 8
  0.354166666666667,                      !- Value Until Time 8
  12,                                     !- Hour 9
  0,                                      !- Minute 9
  0.34,                                   !- Value Until Time 9
  13,                                     !- Hour 10
  0,                                      !- Minute 10
  0.354166666666667,                      !- Value Until Time 10
  14,                                     !- Hour 11
  0,                                      !- Minute 11
  0.396666666666667,                      !- Value Until Time 11
  15,                                     !- Hour 12
  0,                                      !- Minute 12
  0.425,                                  !- Value Until Time 12
  16,                                     !- Hour 13
  0,                                      !- Minute 13
  0.495833333333333,                      !- Value Until Time 13
  17,                                     !- Hour 14
  0,                                      !- Minute 14
  0.623333333333333,                      !- Value Until Time 14
  18,                                     !- Hour 15
  0,                                      !- Minute 15
  0.793333333333333,                      !- Value Until Time 15
  19,                                     !- Hour 16
  0,                                      !- Minute 16
  0.906666666666667,                      !- Value Until Time 16
  20,                                     !- Hour 17
  0,                                      !- Minute 17
  0.963333333333333,                      !- Value Until Time 17
  21,                                     !- Hour 18
  0,                                      !- Minute 18
  0.991666666666667,                      !- Value Until Time 18
  22,                                     !- Hour 19
  0,                                      !- Minute 19
  0.920833333333333,                      !- Value Until Time 19
  23,                                     !- Hour 20
  0,                                      !- Minute 20
  0.793333333333333,                      !- Value Until Time 20
  24,                                     !- Hour 21
  0,                                      !- Minute 21
  0.665833333333333;                      !- Value Until Time 21

OS:Schedule:Rule,
  {82832515-1764-46e0-8b15-1a2291a6dbdb}, !- Handle
  exterior lighting schedule allday rule 1, !- Name
  {115459bb-931b-492a-9745-e5da0c06e44e}, !- Schedule Ruleset Name
  10,                                     !- Rule Order
  {bf6ce98d-f10b-4aee-8f1c-7ecb3e9c72ff}, !- Day Schedule Name
  Yes,                                    !- Apply Sunday
  Yes,                                    !- Apply Monday
  Yes,                                    !- Apply Tuesday
  Yes,                                    !- Apply Wednesday
  Yes,                                    !- Apply Thursday
  Yes,                                    !- Apply Friday
  Yes,                                    !- Apply Saturday
  DateRange,                              !- Date Specification Type
  2,                                      !- Start Month
  1,                                      !- Start Day
  2,                                      !- End Month
  28;                                     !- End Day

OS:Schedule:Day,
  {bf6ce98d-f10b-4aee-8f1c-7ecb3e9c72ff}, !- Handle
  exterior lighting schedule day 1,       !- Name
  {8281b044-9d5b-4193-b805-3061b00474eb}, !- Schedule Type Limits Name
  ,                                       !- Interpolate to Timestep
  1,                                      !- Hour 1
  0,                                      !- Minute 1
  0.528571428571429,                      !- Value Until Time 1
  3,                                      !- Hour 2
  0,                                      !- Minute 2
  0.488928571428571,                      !- Value Until Time 2
  5,                                      !- Hour 3
  0,                                      !- Minute 3
  0.4625,                                 !- Value Until Time 3
  6,                                      !- Hour 4
  0,                                      !- Minute 4
  0.515357142857143,                      !- Value Until Time 4
  7,                                      !- Hour 5
  0,                                      !- Minute 5
  0.581428571428571,                      !- Value Until Time 5
  8,                                      !- Hour 6
  0,                                      !- Minute 6
  0.541785714285714,                      !- Value Until Time 6
  9,                                      !- Hour 7
  0,                                      !- Minute 7
  0.409642857142857,                      !- Value Until Time 7
  10,                                     !- Hour 8
  0,                                      !- Minute 8
  0.330357142857143,                      !- Value Until Time 8
  12,                                     !- Hour 9
  0,                                      !- Minute 9
  0.317142857142857,                      !- Value Until Time 9
  13,                                     !- Hour 10
  0,                                      !- Minute 10
  0.330357142857143,                      !- Value Until Time 10
  14,                                     !- Hour 11
  0,                                      !- Minute 11
  0.37,                                   !- Value Until Time 11
  15,                                     !- Hour 12
  0,                                      !- Minute 12
  0.396428571428571,                      !- Value Until Time 12
  16,                                     !- Hour 13
  0,                                      !- Minute 13
  0.4625,                                 !- Value Until Time 13
  17,                                     !- Hour 14
  0,                                      !- Minute 14
  0.581428571428571,                      !- Value Until Time 14
  18,                                     !- Hour 15
  0,                                      !- Minute 15
  0.74,                                   !- Value Until Time 15
  19,                                     !- Hour 16
  0,                                      !- Minute 16
  0.845714285714286,                      !- Value Until Time 16
  20,                                     !- Hour 17
  0,                                      !- Minute 17
  0.898571428571429,                      !- Value Until Time 17
  21,                                     !- Hour 18
  0,                                      !- Minute 18
  0.925,                                  !- Value Until Time 18
  22,                                     !- Hour 19
  0,                                      !- Minute 19
  0.858928571428571,                      !- Value Until Time 19
  23,                                     !- Hour 20
  0,                                      !- Minute 20
  0.74,                                   !- Value Until Time 20
  24,                                     !- Hour 21
  0,                                      !- Minute 21
  0.621071428571429;                      !- Value Until Time 21

OS:Schedule:Rule,
  {5cc8051a-e9eb-4dd3-a58e-560c4169d0b4}, !- Handle
  exterior lighting schedule allday rule 2, !- Name
  {115459bb-931b-492a-9745-e5da0c06e44e}, !- Schedule Ruleset Name
  9,                                      !- Rule Order
  {93dc05aa-a07f-41d4-aca6-53022dcaeebb}, !- Day Schedule Name
  Yes,                                    !- Apply Sunday
  Yes,                                    !- Apply Monday
  Yes,                                    !- Apply Tuesday
  Yes,                                    !- Apply Wednesday
  Yes,                                    !- Apply Thursday
  Yes,                                    !- Apply Friday
  Yes,                                    !- Apply Saturday
  DateRange,                              !- Date Specification Type
  3,                                      !- Start Month
  1,                                      !- Start Day
  3,                                      !- End Month
  31;                                     !- End Day

OS:Schedule:Day,
  {93dc05aa-a07f-41d4-aca6-53022dcaeebb}, !- Handle
  exterior lighting schedule day 2,       !- Name
  {8281b044-9d5b-4193-b805-3061b00474eb}, !- Schedule Type Limits Name
  ,                                       !- Interpolate to Timestep
  1,                                      !- Hour 1
  0,                                      !- Minute 1
  0.485714285714286,                      !- Value Until Time 1
  3,                                      !- Hour 2
  0,                                      !- Minute 2
  0.449285714285714,                      !- Value Until Time 2
  5,                                      !- Hour 3
  0,                                      !- Minute 3
  0.425,                                  !- Value Until Time 3
  6,                                      !- Hour 4
  0,                                      !- Minute 4
  0.473571428571429,                      !- Value Until Time 4
  7,                                      !- Hour 5
  0,                                      !- Minute 5
  0.534285714285714,                      !- Value Until Time 5
  8,                                      !- Hour 6
  0,                                      !- Minute 6
  0.497857142857143,                      !- Value Until Time 6
  9,                                      !- Hour 7
  0,                                      !- Minute 7
  0.376428571428571,                      !- Value Until Time 7
  10,                                     !- Hour 8
  0,                                      !- Minute 8
  0.303571428571429,                      !- Value Until Time 8
  12,                                     !- Hour 9
  0,                                      !- Minute 9
  0.291428571428571,                      !- Value Until Time 9
  13,                                     !- Hour 10
  0,                                      !- Minute 10
  0.303571428571429,                      !- Value Until Time 10
  14,                                     !- Hour 11
  0,                                      !- Minute 11
  0.34,                                   !- Value Until Time 11
  15,                                     !- Hour 12
  0,                                      !- Minute 12
  0.364285714285714,                      !- Value Until Time 12
  16,                                     !- Hour 13
  0,                                      !- Minute 13
  0.425,                                  !- Value Until Time 13
  17,                                     !- Hour 14
  0,                                      !- Minute 14
  0.534285714285714,                      !- Value Until Time 14
  18,                                     !- Hour 15
  0,                                      !- Minute 15
  0.68,                                   !- Value Until Time 15
  19,                                     !- Hour 16
  0,                                      !- Minute 16
  0.777142857142857,                      !- Value Until Time 16
  20,                                     !- Hour 17
  0,                                      !- Minute 17
  0.825714285714286,                      !- Value Until Time 17
  21,                                     !- Hour 18
  0,                                      !- Minute 18
  0.85,                                   !- Value Until Time 18
  22,                                     !- Hour 19
  0,                                      !- Minute 19
  0.789285714285714,                      !- Value Until Time 19
  23,                                     !- Hour 20
  0,                                      !- Minute 20
  0.68,                                   !- Value Until Time 20
  24,                                     !- Hour 21
  0,                                      !- Minute 21
  0.570714285714286;                      !- Value Until Time 21

OS:Schedule:Rule,
  {98e0eb5c-c5ef-4c7e-96a4-b66457aa4422}, !- Handle
  exterior lighting schedule allday rule 3, !- Name
  {115459bb-931b-492a-9745-e5da0c06e44e}, !- Schedule Ruleset Name
  8,                                      !- Rule Order
  {efd82abc-8ed9-4ca9-873f-a564a508c92b}, !- Day Schedule Name
  Yes,                                    !- Apply Sunday
  Yes,                                    !- Apply Monday
  Yes,                                    !- Apply Tuesday
  Yes,                                    !- Apply Wednesday
  Yes,                                    !- Apply Thursday
  Yes,                                    !- Apply Friday
  Yes,                                    !- Apply Saturday
  DateRange,                              !- Date Specification Type
  4,                                      !- Start Month
  1,                                      !- Start Day
  4,                                      !- End Month
  30;                                     !- End Day

OS:Schedule:Day,
  {efd82abc-8ed9-4ca9-873f-a564a508c92b}, !- Handle
  exterior lighting schedule day 3,       !- Name
  {8281b044-9d5b-4193-b805-3061b00474eb}, !- Schedule Type Limits Name
  ,                                       !- Interpolate to Timestep
  1,                                      !- Hour 1
  0,                                      !- Minute 1
  0.442857142857143,                      !- Value Until Time 1
  3,                                      !- Hour 2
  0,                                      !- Minute 2
  0.409642857142857,                      !- Value Until Time 2
  5,                                      !- Hour 3
  0,                                      !- Minute 3
  0.3875,                                 !- Value Until Time 3
  6,                                      !- Hour 4
  0,                                      !- Minute 4
  0.431785714285714,                      !- Value Until Time 4
  7,                                      !- Hour 5
  0,                                      !- Minute 5
  0.487142857142857,                      !- Value Until Time 5
  8,                                      !- Hour 6
  0,                                      !- Minute 6
  0.453928571428571,                      !- Value Until Time 6
  9,                                      !- Hour 7
  0,                                      !- Minute 7
  0.343214285714286,                      !- Value Until Time 7
  10,                                     !- Hour 8
  0,                                      !- Minute 8
  0.276785714285714,                      !- Value Until Time 8
  12,                                     !- Hour 9
  0,                                      !- Minute 9
  0.265714285714286,                      !- Value Until Time 9
  13,                                     !- Hour 10
  0,                                      !- Minute 10
  0.276785714285714,                      !- Value Until Time 10
  14,                                     !- Hour 11
  0,                                      !- Minute 11
  0.31,                                   !- Value Until Time 11
  15,                                     !- Hour 12
  0,                                      !- Minute 12
  0.332142857142857,                      !- Value Until Time 12
  16,                                     !- Hour 13
  0,                                      !- Minute 13
  0.3875,                                 !- Value Until Time 13
  17,                                     !- Hour 14
  0,                                      !- Minute 14
  0.487142857142857,                      !- Value Until Time 14
  18,                                     !- Hour 15
  0,                                      !- Minute 15
  0.62,                                   !- Value Until Time 15
  19,                                     !- Hour 16
  0,                                      !- Minute 16
  0.708571428571429,                      !- Value Until Time 16
  20,                                     !- Hour 17
  0,                                      !- Minute 17
  0.752857142857143,                      !- Value Until Time 17
  21,                                     !- Hour 18
  0,                                      !- Minute 18
  0.775,                                  !- Value Until Time 18
  22,                                     !- Hour 19
  0,                                      !- Minute 19
  0.719642857142857,                      !- Value Until Time 19
  23,                                     !- Hour 20
  0,                                      !- Minute 20
  0.62,                                   !- Value Until Time 20
  24,                                     !- Hour 21
  0,                                      !- Minute 21
  0.520357142857143;                      !- Value Until Time 21

OS:Schedule:Rule,
  {0eec297d-69dc-4e53-8ac3-6f356290161c}, !- Handle
  exterior lighting schedule allday rule 4, !- Name
  {115459bb-931b-492a-9745-e5da0c06e44e}, !- Schedule Ruleset Name
  7,                                      !- Rule Order
  {3fba7833-fbb9-4070-980c-8dcca20f0631}, !- Day Schedule Name
  Yes,                                    !- Apply Sunday
  Yes,                                    !- Apply Monday
  Yes,                                    !- Apply Tuesday
  Yes,                                    !- Apply Wednesday
  Yes,                                    !- Apply Thursday
  Yes,                                    !- Apply Friday
  Yes,                                    !- Apply Saturday
  DateRange,                              !- Date Specification Type
  5,                                      !- Start Month
  1,                                      !- Start Day
  5,                                      !- End Month
  31;                                     !- End Day

OS:Schedule:Day,
  {3fba7833-fbb9-4070-980c-8dcca20f0631}, !- Handle
  exterior lighting schedule day 4,       !- Name
  {8281b044-9d5b-4193-b805-3061b00474eb}, !- Schedule Type Limits Name
  ,                                       !- Interpolate to Timestep
  1,                                      !- Hour 1
  0,                                      !- Minute 1
  0.4,                                    !- Value Until Time 1
  3,                                      !- Hour 2
  0,                                      !- Minute 2
  0.37,                                   !- Value Until Time 2
  5,                                      !- Hour 3
  0,                                      !- Minute 3
  0.35,                                   !- Value Until Time 3
  6,                                      !- Hour 4
  0,                                      !- Minute 4
  0.39,                                   !- Value Until Time 4
  7,                                      !- Hour 5
  0,                                      !- Minute 5
  0.44,                                   !- Value Until Time 5
  8,                                      !- Hour 6
  0,                                      !- Minute 6
  0.41,                                   !- Value Until Time 6
  9,                                      !- Hour 7
  0,                                      !- Minute 7
  0.31,                                   !- Value Until Time 7
  10,                                     !- Hour 8
  0,                                      !- Minute 8
  0.25,                                   !- Value Until Time 8
  12,                                     !- Hour 9
  0,                                      !- Minute 9
  0.24,                                   !- Value Until Time 9
  13,                                     !- Hour 10
  0,                                      !- Minute 10
  0.25,                                   !- Value Until Time 10
  14,                                     !- Hour 11
  0,                                      !- Minute 11
  0.28,                                   !- Value Until Time 11
  15,                                     !- Hour 12
  0,                                      !- Minute 12
  0.3,                                    !- Value Until Time 12
  16,                                     !- Hour 13
  0,                                      !- Minute 13
  0.35,                                   !- Value Until Time 13
  17,                                     !- Hour 14
  0,                                      !- Minute 14
  0.44,                                   !- Value Until Time 14
  18,                                     !- Hour 15
  0,                                      !- Minute 15
  0.56,                                   !- Value Until Time 15
  19,                                     !- Hour 16
  0,                                      !- Minute 16
  0.64,                                   !- Value Until Time 16
  20,                                     !- Hour 17
  0,                                      !- Minute 17
  0.68,                                   !- Value Until Time 17
  21,                                     !- Hour 18
  0,                                      !- Minute 18
  0.7,                                    !- Value Until Time 18
  22,                                     !- Hour 19
  0,                                      !- Minute 19
  0.65,                                   !- Value Until Time 19
  23,                                     !- Hour 20
  0,                                      !- Minute 20
  0.56,                                   !- Value Until Time 20
  24,                                     !- Hour 21
  0,                                      !- Minute 21
  0.47;                                   !- Value Until Time 21

OS:Schedule:Rule,
  {1742ba19-40d8-48bc-afec-6408408c2e2a}, !- Handle
  exterior lighting schedule allday rule 5, !- Name
  {115459bb-931b-492a-9745-e5da0c06e44e}, !- Schedule Ruleset Name
  6,                                      !- Rule Order
  {a10b4118-73bf-414e-88d9-e76b8cfacc8c}, !- Day Schedule Name
  Yes,                                    !- Apply Sunday
  Yes,                                    !- Apply Monday
  Yes,                                    !- Apply Tuesday
  Yes,                                    !- Apply Wednesday
  Yes,                                    !- Apply Thursday
  Yes,                                    !- Apply Friday
  Yes,                                    !- Apply Saturday
  DateRange,                              !- Date Specification Type
  6,                                      !- Start Month
  1,                                      !- Start Day
  6,                                      !- End Month
  30;                                     !- End Day

OS:Schedule:Day,
  {a10b4118-73bf-414e-88d9-e76b8cfacc8c}, !- Handle
  exterior lighting schedule day 5,       !- Name
  {8281b044-9d5b-4193-b805-3061b00474eb}, !- Schedule Type Limits Name
  ,                                       !- Interpolate to Timestep
  1,                                      !- Hour 1
  0,                                      !- Minute 1
  0.380952380952381,                      !- Value Until Time 1
  3,                                      !- Hour 2
  0,                                      !- Minute 2
  0.352380952380952,                      !- Value Until Time 2
  5,                                      !- Hour 3
  0,                                      !- Minute 3
  0.333333333333333,                      !- Value Until Time 3
  6,                                      !- Hour 4
  0,                                      !- Minute 4
  0.371428571428571,                      !- Value Until Time 4
  7,                                      !- Hour 5
  0,                                      !- Minute 5
  0.419047619047619,                      !- Value Until Time 5
  8,                                      !- Hour 6
  0,                                      !- Minute 6
  0.39047619047619,                       !- Value Until Time 6
  9,                                      !- Hour 7
  0,                                      !- Minute 7
  0.295238095238095,                      !- Value Until Time 7
  10,                                     !- Hour 8
  0,                                      !- Minute 8
  0.238095238095238,                      !- Value Until Time 8
  12,                                     !- Hour 9
  0,                                      !- Minute 9
  0.228571428571429,                      !- Value Until Time 9
  13,                                     !- Hour 10
  0,                                      !- Minute 10
  0.238095238095238,                      !- Value Until Time 10
  14,                                     !- Hour 11
  0,                                      !- Minute 11
  0.266666666666667,                      !- Value Until Time 11
  15,                                     !- Hour 12
  0,                                      !- Minute 12
  0.285714285714286,                      !- Value Until Time 12
  16,                                     !- Hour 13
  0,                                      !- Minute 13
  0.333333333333333,                      !- Value Until Time 13
  17,                                     !- Hour 14
  0,                                      !- Minute 14
  0.419047619047619,                      !- Value Until Time 14
  18,                                     !- Hour 15
  0,                                      !- Minute 15
  0.533333333333333,                      !- Value Until Time 15
  19,                                     !- Hour 16
  0,                                      !- Minute 16
  0.609523809523809,                      !- Value Until Time 16
  20,                                     !- Hour 17
  0,                                      !- Minute 17
  0.647619047619048,                      !- Value Until Time 17
  21,                                     !- Hour 18
  0,                                      !- Minute 18
  0.666666666666667,                      !- Value Until Time 18
  22,                                     !- Hour 19
  0,                                      !- Minute 19
  0.619047619047619,                      !- Value Until Time 19
  23,                                     !- Hour 20
  0,                                      !- Minute 20
  0.533333333333333,                      !- Value Until Time 20
  24,                                     !- Hour 21
  0,                                      !- Minute 21
  0.447619047619048;                      !- Value Until Time 21

OS:Schedule:Rule,
  {9a69b258-372f-404e-9527-511c637165a4}, !- Handle
  exterior lighting schedule allday rule 6, !- Name
  {115459bb-931b-492a-9745-e5da0c06e44e}, !- Schedule Ruleset Name
  5,                                      !- Rule Order
  {41142fef-4844-48b5-9d06-089804a975a4}, !- Day Schedule Name
  Yes,                                    !- Apply Sunday
  Yes,                                    !- Apply Monday
  Yes,                                    !- Apply Tuesday
  Yes,                                    !- Apply Wednesday
  Yes,                                    !- Apply Thursday
  Yes,                                    !- Apply Friday
  Yes,                                    !- Apply Saturday
  DateRange,                              !- Date Specification Type
  7,                                      !- Start Month
  1,                                      !- Start Day
  7,                                      !- End Month
  31;                                     !- End Day

OS:Schedule:Day,
  {41142fef-4844-48b5-9d06-089804a975a4}, !- Handle
  exterior lighting schedule day 6,       !- Name
  {8281b044-9d5b-4193-b805-3061b00474eb}, !- Schedule Type Limits Name
  ,                                       !- Interpolate to Timestep
  1,                                      !- Hour 1
  0,                                      !- Minute 1
  0.39047619047619,                       !- Value Until Time 1
  3,                                      !- Hour 2
  0,                                      !- Minute 2
  0.361190476190476,                      !- Value Until Time 2
  5,                                      !- Hour 3
  0,                                      !- Minute 3
  0.341666666666667,                      !- Value Until Time 3
  6,                                      !- Hour 4
  0,                                      !- Minute 4
  0.380714285714286,                      !- Value Until Time 4
  7,                                      !- Hour 5
  0,                                      !- Minute 5
  0.429523809523809,                      !- Value Until Time 5
  8,                                      !- Hour 6
  0,                                      !- Minute 6
  0.400238095238095,                      !- Value Until Time 6
  9,                                      !- Hour 7
  0,                                      !- Minute 7
  0.302619047619048,                      !- Value Until Time 7
  10,                                     !- Hour 8
  0,                                      !- Minute 8
  0.244047619047619,                      !- Value Until Time 8
  12,                                     !- Hour 9
  0,                                      !- Minute 9
  0.234285714285714,                      !- Value Until Time 9
  13,                                     !- Hour 10
  0,                                      !- Minute 10
  0.244047619047619,                      !- Value Until Time 10
  14,                                     !- Hour 11
  0,                                      !- Minute 11
  0.273333333333333,                      !- Value Until Time 11
  15,                                     !- Hour 12
  0,                                      !- Minute 12
  0.292857142857143,                      !- Value Until Time 12
  16,                                     !- Hour 13
  0,                                      !- Minute 13
  0.341666666666667,                      !- Value Until Time 13
  17,                                     !- Hour 14
  0,                                      !- Minute 14
  0.429523809523809,                      !- Value Until Time 14
  18,                                     !- Hour 15
  0,                                      !- Minute 15
  0.546666666666667,                      !- Value Until Time 15
  19,                                     !- Hour 16
  0,                                      !- Minute 16
  0.624761904761905,                      !- Value Until Time 16
  20,                                     !- Hour 17
  0,                                      !- Minute 17
  0.663809523809524,                      !- Value Until Time 17
  21,                                     !- Hour 18
  0,                                      !- Minute 18
  0.683333333333333,                      !- Value Until Time 18
  22,                                     !- Hour 19
  0,                                      !- Minute 19
  0.634523809523809,                      !- Value Until Time 19
  23,                                     !- Hour 20
  0,                                      !- Minute 20
  0.546666666666667,                      !- Value Until Time 20
  24,                                     !- Hour 21
  0,                                      !- Minute 21
  0.458809523809524;                      !- Value Until Time 21

OS:Schedule:Rule,
  {228896f6-2ab8-4555-b425-08b708899014}, !- Handle
  exterior lighting schedule allday rule 7, !- Name
  {115459bb-931b-492a-9745-e5da0c06e44e}, !- Schedule Ruleset Name
  4,                                      !- Rule Order
  {70db61d2-70a9-48e1-acd3-42fd9f5d1638}, !- Day Schedule Name
  Yes,                                    !- Apply Sunday
  Yes,                                    !- Apply Monday
  Yes,                                    !- Apply Tuesday
  Yes,                                    !- Apply Wednesday
  Yes,                                    !- Apply Thursday
  Yes,                                    !- Apply Friday
  Yes,                                    !- Apply Saturday
  DateRange,                              !- Date Specification Type
  8,                                      !- Start Month
  1,                                      !- Start Day
  8,                                      !- End Month
  31;                                     !- End Day

OS:Schedule:Day,
  {70db61d2-70a9-48e1-acd3-42fd9f5d1638}, !- Handle
  exterior lighting schedule day 7,       !- Name
  {8281b044-9d5b-4193-b805-3061b00474eb}, !- Schedule Type Limits Name
  ,                                       !- Interpolate to Timestep
  1,                                      !- Hour 1
  0,                                      !- Minute 1
  0.419047619047619,                      !- Value Until Time 1
  3,                                      !- Hour 2
  0,                                      !- Minute 2
  0.387619047619048,                      !- Value Until Time 2
  5,                                      !- Hour 3
  0,                                      !- Minute 3
  0.366666666666667,                      !- Value Until Time 3
  6,                                      !- Hour 4
  0,                                      !- Minute 4
  0.408571428571429,                      !- Value Until Time 4
  7,                                      !- Hour 5
  0,                                      !- Minute 5
  0.460952380952381,                      !- Value Until Time 5
  8,                                      !- Hour 6
  0,                                      !- Minute 6
  0.42952380952381,                       !- Value Until Time 6
  9,                                      !- Hour 7
  0,                                      !- Minute 7
  0.324761904761905,                      !- Value Until Time 7
  10,                                     !- Hour 8
  0,                                      !- Minute 8
  0.261904761904762,                      !- Value Until Time 8
  12,                                     !- Hour 9
  0,                                      !- Minute 9
  0.251428571428571,                      !- Value Until Time 9
  13,                                     !- Hour 10
  0,                                      !- Minute 10
  0.261904761904762,                      !- Value Until Time 10
  14,                                     !- Hour 11
  0,                                      !- Minute 11
  0.293333333333333,                      !- Value Until Time 11
  15,                                     !- Hour 12
  0,                                      !- Minute 12
  0.314285714285714,                      !- Value Until Time 12
  16,                                     !- Hour 13
  0,                                      !- Minute 13
  0.366666666666667,                      !- Value Until Time 13
  17,                                     !- Hour 14
  0,                                      !- Minute 14
  0.460952380952381,                      !- Value Until Time 14
  18,                                     !- Hour 15
  0,                                      !- Minute 15
  0.586666666666667,                      !- Value Until Time 15
  19,                                     !- Hour 16
  0,                                      !- Minute 16
  0.67047619047619,                       !- Value Until Time 16
  20,                                     !- Hour 17
  0,                                      !- Minute 17
  0.712380952380952,                      !- Value Until Time 17
  21,                                     !- Hour 18
  0,                                      !- Minute 18
  0.733333333333333,                      !- Value Until Time 18
  22,                                     !- Hour 19
  0,                                      !- Minute 19
  0.680952380952381,                      !- Value Until Time 19
  23,                                     !- Hour 20
  0,                                      !- Minute 20
  0.586666666666667,                      !- Value Until Time 20
  24,                                     !- Hour 21
  0,                                      !- Minute 21
  0.492380952380952;                      !- Value Until Time 21

OS:Schedule:Rule,
  {7861f3ff-febc-4cec-ab40-2543e0c23721}, !- Handle
  exterior lighting schedule allday rule 8, !- Name
  {115459bb-931b-492a-9745-e5da0c06e44e}, !- Schedule Ruleset Name
  3,                                      !- Rule Order
  {baa84122-a26b-46c9-bdea-3e8f49e7ff29}, !- Day Schedule Name
  Yes,                                    !- Apply Sunday
  Yes,                                    !- Apply Monday
  Yes,                                    !- Apply Tuesday
  Yes,                                    !- Apply Wednesday
  Yes,                                    !- Apply Thursday
  Yes,                                    !- Apply Friday
  Yes,                                    !- Apply Saturday
  DateRange,                              !- Date Specification Type
  9,                                      !- Start Month
  1,                                      !- Start Day
  9,                                      !- End Month
  30;                                     !- End Day

OS:Schedule:Day,
  {baa84122-a26b-46c9-bdea-3e8f49e7ff29}, !- Handle
  exterior lighting schedule day 8,       !- Name
  {8281b044-9d5b-4193-b805-3061b00474eb}, !- Schedule Type Limits Name
  ,                                       !- Interpolate to Timestep
  1,                                      !- Hour 1
  0,                                      !- Minute 1
  0.466666666666667,                      !- Value Until Time 1
  3,                                      !- Hour 2
  0,                                      !- Minute 2
  0.431666666666667,                      !- Value Until Time 2
  5,                                      !- Hour 3
  0,                                      !- Minute 3
  0.408333333333333,                      !- Value Until Time 3
  6,                                      !- Hour 4
  0,                                      !- Minute 4
  0.455,                                  !- Value Until Time 4
  7,                                      !- Hour 5
  0,                                      !- Minute 5
  0.513333333333333,                      !- Value Until Time 5
  8,                                      !- Hour 6
  0,                                      !- Minute 6
  0.478333333333333,                      !- Value Until Time 6
  9,                                      !- Hour 7
  0,                                      !- Minute 7
  0.361666666666667,                      !- Value Until Time 7
  10,                                     !- Hour 8
  0,                                      !- Minute 8
  0.291666666666667,                      !- Value Until Time 8
  12,                                     !- Hour 9
  0,                                      !- Minute 9
  0.28,                                   !- Value Until Time 9
  13,                                     !- Hour 10
  0,                                      !- Minute 10
  0.291666666666667,                      !- Value Until Time 10
  14,                                     !- Hour 11
  0,                                      !- Minute 11
  0.326666666666667,                      !- Value Until Time 11
  15,                                     !- Hour 12
  0,                                      !- Minute 12
  0.35,                                   !- Value Until Time 12
  16,                                     !- Hour 13
  0,                                      !- Minute 13
  0.408333333333333,                      !- Value Until Time 13
  17,                                     !- Hour 14
  0,                                      !- Minute 14
  0.513333333333333,                      !- Value Until Time 14
  18,                                     !- Hour 15
  0,                                      !- Minute 15
  0.653333333333333,                      !- Value Until Time 15
  19,                                     !- Hour 16
  0,                                      !- Minute 16
  0.746666666666667,                      !- Value Until Time 16
  20,                                     !- Hour 17
  0,                                      !- Minute 17
  0.793333333333333,                      !- Value Until Time 17
  21,                                     !- Hour 18
  0,                                      !- Minute 18
  0.816666666666667,                      !- Value Until Time 18
  22,                                     !- Hour 19
  0,                                      !- Minute 19
  0.758333333333333,                      !- Value Until Time 19
  23,                                     !- Hour 20
  0,                                      !- Minute 20
  0.653333333333333,                      !- Value Until Time 20
  24,                                     !- Hour 21
  0,                                      !- Minute 21
  0.548333333333333;                      !- Value Until Time 21

OS:Schedule:Rule,
  {e1fef463-637b-4eaa-bbe9-40f16ca3ebe6}, !- Handle
  exterior lighting schedule allday rule 9, !- Name
  {115459bb-931b-492a-9745-e5da0c06e44e}, !- Schedule Ruleset Name
  2,                                      !- Rule Order
  {649c8d37-b343-4131-893c-f09e89e56a1c}, !- Day Schedule Name
  Yes,                                    !- Apply Sunday
  Yes,                                    !- Apply Monday
  Yes,                                    !- Apply Tuesday
  Yes,                                    !- Apply Wednesday
  Yes,                                    !- Apply Thursday
  Yes,                                    !- Apply Friday
  Yes,                                    !- Apply Saturday
  DateRange,                              !- Date Specification Type
  10,                                     !- Start Month
  1,                                      !- Start Day
  10,                                     !- End Month
  31;                                     !- End Day

OS:Schedule:Day,
  {649c8d37-b343-4131-893c-f09e89e56a1c}, !- Handle
  exterior lighting schedule day 9,       !- Name
  {8281b044-9d5b-4193-b805-3061b00474eb}, !- Schedule Type Limits Name
  ,                                       !- Interpolate to Timestep
  1,                                      !- Hour 1
  0,                                      !- Minute 1
  0.50952380952381,                       !- Value Until Time 1
  3,                                      !- Hour 2
  0,                                      !- Minute 2
  0.471309523809524,                      !- Value Until Time 2
  5,                                      !- Hour 3
  0,                                      !- Minute 3
  0.445833333333333,                      !- Value Until Time 3
  6,                                      !- Hour 4
  0,                                      !- Minute 4
  0.496785714285714,                      !- Value Until Time 4
  7,                                      !- Hour 5
  0,                                      !- Minute 5
  0.56047619047619,                       !- Value Until Time 5
  8,                                      !- Hour 6
  0,                                      !- Minute 6
  0.522261904761905,                      !- Value Until Time 6
  9,                                      !- Hour 7
  0,                                      !- Minute 7
  0.394880952380952,                      !- Value Until Time 7
  10,                                     !- Hour 8
  0,                                      !- Minute 8
  0.318452380952381,                      !- Value Until Time 8
  12,                                     !- Hour 9
  0,                                      !- Minute 9
  0.305714285714286,                      !- Value Until Time 9
  13,                                     !- Hour 10
  0,                                      !- Minute 10
  0.318452380952381,                      !- Value Until Time 10
  14,                                     !- Hour 11
  0,                                      !- Minute 11
  0.356666666666667,                      !- Value Until Time 11
  15,                                     !- Hour 12
  0,                                      !- Minute 12
  0.382142857142857,                      !- Value Until Time 12
  16,                                     !- Hour 13
  0,                                      !- Minute 13
  0.445833333333333,                      !- Value Until Time 13
  17,                                     !- Hour 14
  0,                                      !- Minute 14
  0.56047619047619,                       !- Value Until Time 14
  18,                                     !- Hour 15
  0,                                      !- Minute 15
  0.713333333333333,                      !- Value Until Time 15
  19,                                     !- Hour 16
  0,                                      !- Minute 16
  0.815238095238095,                      !- Value Until Time 16
  20,                                     !- Hour 17
  0,                                      !- Minute 17
  0.866190476190476,                      !- Value Until Time 17
  21,                                     !- Hour 18
  0,                                      !- Minute 18
  0.891666666666667,                      !- Value Until Time 18
  22,                                     !- Hour 19
  0,                                      !- Minute 19
  0.82797619047619,                       !- Value Until Time 19
  23,                                     !- Hour 20
  0,                                      !- Minute 20
  0.713333333333333,                      !- Value Until Time 20
  24,                                     !- Hour 21
  0,                                      !- Minute 21
  0.598690476190476;                      !- Value Until Time 21

OS:Schedule:Rule,
  {5f59c3eb-a978-4503-b1d5-8c482ee81123}, !- Handle
  exterior lighting schedule allday rule 10, !- Name
  {115459bb-931b-492a-9745-e5da0c06e44e}, !- Schedule Ruleset Name
  1,                                      !- Rule Order
  {344f54f0-8d93-49f4-bedc-64956969d191}, !- Day Schedule Name
  Yes,                                    !- Apply Sunday
  Yes,                                    !- Apply Monday
  Yes,                                    !- Apply Tuesday
  Yes,                                    !- Apply Wednesday
  Yes,                                    !- Apply Thursday
  Yes,                                    !- Apply Friday
  Yes,                                    !- Apply Saturday
  DateRange,                              !- Date Specification Type
  11,                                     !- Start Month
  1,                                      !- Start Day
  11,                                     !- End Month
  30;                                     !- End Day

OS:Schedule:Day,
  {344f54f0-8d93-49f4-bedc-64956969d191}, !- Handle
  exterior lighting schedule day 10,      !- Name
  {8281b044-9d5b-4193-b805-3061b00474eb}, !- Schedule Type Limits Name
  ,                                       !- Interpolate to Timestep
  1,                                      !- Hour 1
  0,                                      !- Minute 1
  0.552380952380952,                      !- Value Until Time 1
  3,                                      !- Hour 2
  0,                                      !- Minute 2
  0.510952380952381,                      !- Value Until Time 2
  5,                                      !- Hour 3
  0,                                      !- Minute 3
  0.483333333333333,                      !- Value Until Time 3
  6,                                      !- Hour 4
  0,                                      !- Minute 4
  0.538571428571428,                      !- Value Until Time 4
  7,                                      !- Hour 5
  0,                                      !- Minute 5
  0.607619047619048,                      !- Value Until Time 5
  8,                                      !- Hour 6
  0,                                      !- Minute 6
  0.566190476190476,                      !- Value Until Time 6
  9,                                      !- Hour 7
  0,                                      !- Minute 7
  0.428095238095238,                      !- Value Until Time 7
  10,                                     !- Hour 8
  0,                                      !- Minute 8
  0.345238095238095,                      !- Value Until Time 8
  12,                                     !- Hour 9
  0,                                      !- Minute 9
  0.331428571428571,                      !- Value Until Time 9
  13,                                     !- Hour 10
  0,                                      !- Minute 10
  0.345238095238095,                      !- Value Until Time 10
  14,                                     !- Hour 11
  0,                                      !- Minute 11
  0.386666666666667,                      !- Value Until Time 11
  15,                                     !- Hour 12
  0,                                      !- Minute 12
  0.414285714285714,                      !- Value Until Time 12
  16,                                     !- Hour 13
  0,                                      !- Minute 13
  0.483333333333333,                      !- Value Until Time 13
  17,                                     !- Hour 14
  0,                                      !- Minute 14
  0.607619047619048,                      !- Value Until Time 14
  18,                                     !- Hour 15
  0,                                      !- Minute 15
  0.773333333333333,                      !- Value Until Time 15
  19,                                     !- Hour 16
  0,                                      !- Minute 16
  0.883809523809524,                      !- Value Until Time 16
  20,                                     !- Hour 17
  0,                                      !- Minute 17
  0.939047619047619,                      !- Value Until Time 17
  21,                                     !- Hour 18
  0,                                      !- Minute 18
  0.966666666666667,                      !- Value Until Time 18
  22,                                     !- Hour 19
  0,                                      !- Minute 19
  0.897619047619048,                      !- Value Until Time 19
  23,                                     !- Hour 20
  0,                                      !- Minute 20
  0.773333333333333,                      !- Value Until Time 20
  24,                                     !- Hour 21
  0,                                      !- Minute 21
  0.649047619047619;                      !- Value Until Time 21

OS:Schedule:Rule,
  {6fcb98fd-2ec8-4ec6-bb5d-bb1d3e4f703a}, !- Handle
  exterior lighting schedule allday rule 11, !- Name
  {115459bb-931b-492a-9745-e5da0c06e44e}, !- Schedule Ruleset Name
  0,                                      !- Rule Order
  {3f10821e-5dea-4117-a7df-b125c7f2f7e3}, !- Day Schedule Name
  Yes,                                    !- Apply Sunday
  Yes,                                    !- Apply Monday
  Yes,                                    !- Apply Tuesday
  Yes,                                    !- Apply Wednesday
  Yes,                                    !- Apply Thursday
  Yes,                                    !- Apply Friday
  Yes,                                    !- Apply Saturday
  DateRange,                              !- Date Specification Type
  12,                                     !- Start Month
  1,                                      !- Start Day
  12,                                     !- End Month
  31;                                     !- End Day

OS:Schedule:Day,
  {3f10821e-5dea-4117-a7df-b125c7f2f7e3}, !- Handle
  exterior lighting schedule day 11,      !- Name
  {8281b044-9d5b-4193-b805-3061b00474eb}, !- Schedule Type Limits Name
  ,                                       !- Interpolate to Timestep
  1,                                      !- Hour 1
  0,                                      !- Minute 1
  0.571428571428571,                      !- Value Until Time 1
  3,                                      !- Hour 2
  0,                                      !- Minute 2
  0.528571428571428,                      !- Value Until Time 2
  5,                                      !- Hour 3
  0,                                      !- Minute 3
  0.5,                                    !- Value Until Time 3
  6,                                      !- Hour 4
  0,                                      !- Minute 4
  0.557142857142857,                      !- Value Until Time 4
  7,                                      !- Hour 5
  0,                                      !- Minute 5
  0.628571428571428,                      !- Value Until Time 5
  8,                                      !- Hour 6
  0,                                      !- Minute 6
  0.585714285714286,                      !- Value Until Time 6
  9,                                      !- Hour 7
  0,                                      !- Minute 7
  0.442857142857143,                      !- Value Until Time 7
  10,                                     !- Hour 8
  0,                                      !- Minute 8
  0.357142857142857,                      !- Value Until Time 8
  12,                                     !- Hour 9
  0,                                      !- Minute 9
  0.342857142857143,                      !- Value Until Time 9
  13,                                     !- Hour 10
  0,                                      !- Minute 10
  0.357142857142857,                      !- Value Until Time 10
  14,                                     !- Hour 11
  0,                                      !- Minute 11
  0.4,                                    !- Value Until Time 11
  15,                                     !- Hour 12
  0,                                      !- Minute 12
  0.428571428571428,                      !- Value Until Time 12
  16,                                     !- Hour 13
  0,                                      !- Minute 13
  0.5,                                    !- Value Until Time 13
  17,                                     !- Hour 14
  0,                                      !- Minute 14
  0.628571428571428,                      !- Value Until Time 14
  18,                                     !- Hour 15
  0,                                      !- Minute 15
  0.8,                                    !- Value Until Time 15
  19,                                     !- Hour 16
  0,                                      !- Minute 16
  0.914285714285714,                      !- Value Until Time 16
  20,                                     !- Hour 17
  0,                                      !- Minute 17
  0.971428571428571,                      !- Value Until Time 17
  21,                                     !- Hour 18
  0,                                      !- Minute 18
  1,                                      !- Value Until Time 18
  22,                                     !- Hour 19
  0,                                      !- Minute 19
  0.928571428571428,                      !- Value Until Time 19
  23,                                     !- Hour 20
  0,                                      !- Minute 20
  0.8,                                    !- Value Until Time 20
  24,                                     !- Hour 21
  0,                                      !- Minute 21
  0.671428571428571;                      !- Value Until Time 21

OS:Exterior:Lights:Definition,
  {953071d8-2564-4cef-a70d-14c2f4b31258}, !- Handle
  exterior lighting,                      !- Name
  37.1441095890411;                       !- Design Level {W}

OS:Exterior:Lights,
  {7d7074a4-d620-473a-93d5-be57c94427e3}, !- Handle
  exterior lighting,                      !- Name
  {953071d8-2564-4cef-a70d-14c2f4b31258}, !- Exterior Lights Definition Name
  {115459bb-931b-492a-9745-e5da0c06e44e}, !- Schedule Name
  ,                                       !- Control Option
  ,                                       !- Multiplier
  exterior lighting;                      !- End-Use Subcategory

OS:Schedule:File,
  {b8e271d9-b180-4162-b853-c8047d06e61e}, !- Handle
  plug_loads_tv,                          !- Name
  {8281b044-9d5b-4193-b805-3061b00474eb}, !- Schedule Type Limits Name
  {37a35c81-184e-439e-906e-d25e8b4569c6}, !- External File Name
  3,                                      !- Column Number
  1,                                      !- Rows to Skip at Top
  8760,                                   !- Number of Hours of Data
  ,                                       !- Column Separator
  Yes,                                    !- Interpolate to Timestep
  15,                                     !- Minutes per Item
  ,                                       !- Adjust Schedule for Daylight Savings
  Yes;                                    !- Translate File With Relative Path

OS:ElectricEquipment:Definition,
  {a3c94ead-f2dc-471d-9aa0-dfdb7d006099}, !- Handle
  misc tv,                                !- Name
  EquipmentLevel,                         !- Design Level Calculation Method
  1112.08958516754,                       !- Design Level {W}
  ,                                       !- Watts per Space Floor Area {W/m2}
  ,                                       !- Watts per Person {W/person}
  0,                                      !- Fraction Latent
  0.6,                                    !- Fraction Radiant
  0;                                      !- Fraction Lost

OS:ElectricEquipment,
  {2b49fc2d-ee2c-4450-985c-10d87704e688}, !- Handle
  misc tv,                                !- Name
  {a3c94ead-f2dc-471d-9aa0-dfdb7d006099}, !- Electric Equipment Definition Name
  {e1166775-97c1-407e-9578-3eacdf10cef7}, !- Space or SpaceType Name
  {b8e271d9-b180-4162-b853-c8047d06e61e}, !- Schedule Name
  ,                                       !- Multiplier
  misc tv;                                !- End-Use Subcategory

OS:Schedule:File,
  {f8dcf0f8-1c9e-4a32-933d-cf966439d170}, !- Handle
  plug_loads_other,                       !- Name
  {8281b044-9d5b-4193-b805-3061b00474eb}, !- Schedule Type Limits Name
  {37a35c81-184e-439e-906e-d25e8b4569c6}, !- External File Name
  2,                                      !- Column Number
  1,                                      !- Rows to Skip at Top
  8760,                                   !- Number of Hours of Data
  ,                                       !- Column Separator
  Yes,                                    !- Interpolate to Timestep
  15,                                     !- Minutes per Item
  ,                                       !- Adjust Schedule for Daylight Savings
  Yes;                                    !- Translate File With Relative Path

OS:ElectricEquipment:Definition,
  {c0986c8e-d6bb-4011-9a00-479a66d819b2}, !- Handle
  misc plug loads,                        !- Name
  EquipmentLevel,                         !- Design Level Calculation Method
  606.078034688753,                       !- Design Level {W}
  ,                                       !- Watts per Space Floor Area {W/m2}
  ,                                       !- Watts per Person {W/person}
  0.021,                                  !- Fraction Latent
  0.558,                                  !- Fraction Radiant
  0.0489999999999999;                     !- Fraction Lost

OS:ElectricEquipment,
  {3e8e2efe-8190-4dc2-9e76-f649f956f54c}, !- Handle
  misc plug loads,                        !- Name
  {c0986c8e-d6bb-4011-9a00-479a66d819b2}, !- Electric Equipment Definition Name
  {e1166775-97c1-407e-9578-3eacdf10cef7}, !- Space or SpaceType Name
  {f8dcf0f8-1c9e-4a32-933d-cf966439d170}, !- Schedule Name
  ,                                       !- Multiplier
  misc plug loads;                        !- End-Use Subcategory

OS:Schedule:File,
  {40cf365f-f3b3-47bb-848b-72a7a168686c}, !- Handle
  occupants,                              !- Name
  {8281b044-9d5b-4193-b805-3061b00474eb}, !- Schedule Type Limits Name
  {37a35c81-184e-439e-906e-d25e8b4569c6}, !- External File Name
  1,                                      !- Column Number
  1,                                      !- Rows to Skip at Top
  8760,                                   !- Number of Hours of Data
  ,                                       !- Column Separator
  Yes,                                    !- Interpolate to Timestep
  15,                                     !- Minutes per Item
  ,                                       !- Adjust Schedule for Daylight Savings
  Yes;                                    !- Translate File With Relative Path

OS:Schedule:Constant,
  {eadb5a0c-82d2-4ce5-98eb-8147dbd83cf3}, !- Handle
  occupants activity schedule,            !- Name
  {a9e2f43a-fb97-4c41-b534-a314b52c909b}, !- Schedule Type Limits Name
  117.228428068889;                       !- Value

OS:People:Definition,
  {db60df43-2431-4b56-9e02-00413c125a48}, !- Handle
  occupants,                              !- Name
  People,                                 !- Number of People Calculation Method
  2,                                      !- Number of People {people}
  ,                                       !- People per Space Floor Area {person/m2}
  ,                                       !- Space Floor Area per Person {m2/person}
  0.314170909090909,                      !- Fraction Radiant
  0.563030303030303,                      !- Sensible Heat Fraction
  0,                                      !- Carbon Dioxide Generation Rate {m3/s-W}
  No,                                     !- Enable ASHRAE 55 Comfort Warnings
  EnclosureAveraged;                      !- Mean Radiant Temperature Calculation Type

OS:People,
  {e3bcbfc3-7c25-4bf3-bb62-49e3e21d0ab8}, !- Handle
  occupants,                              !- Name
  {db60df43-2431-4b56-9e02-00413c125a48}, !- People Definition Name
  {e1166775-97c1-407e-9578-3eacdf10cef7}, !- Space or SpaceType Name
  {40cf365f-f3b3-47bb-848b-72a7a168686c}, !- Number of People Schedule Name
  {eadb5a0c-82d2-4ce5-98eb-8147dbd83cf3}, !- Activity Level Schedule Name
  ,                                       !- Surface Name/Angle Factor List Name
  ,                                       !- Work Efficiency Schedule Name
  ,                                       !- Clothing Insulation Schedule Name
  ,                                       !- Air Velocity Schedule Name
  1;                                      !- Multiplier

OS:ScheduleTypeLimits,
  {a9e2f43a-fb97-4c41-b534-a314b52c909b}, !- Handle
  ActivityLevel,                          !- Name
  0,                                      !- Lower Limit Value
  ,                                       !- Upper Limit Value
  Continuous,                             !- Numeric Type
  ActivityLevel;                          !- Unit Type

OS:Schedule:Ruleset,
  {36feca9a-fbd3-40da-96c6-7137b8c3d429}, !- Handle
  general water use schedule,             !- Name
  {8281b044-9d5b-4193-b805-3061b00474eb}, !- Schedule Type Limits Name
  {5c0c1ec3-fcfa-45d1-9e0e-7aaf8ec1dd9c}; !- Default Day Schedule Name

OS:Schedule:Day,
  {5c0c1ec3-fcfa-45d1-9e0e-7aaf8ec1dd9c}, !- Handle
  general water use schedule default day, !- Name
  {8281b044-9d5b-4193-b805-3061b00474eb}, !- Schedule Type Limits Name
  ,                                       !- Interpolate to Timestep
  24,                                     !- Hour 1
  0,                                      !- Minute 1
  0;                                      !- Value Until Time 1

OS:Schedule:Rule,
  {353a6fd1-b7bd-4bf4-8ebe-407c8c62d9a3}, !- Handle
  general water use schedule allday rule, !- Name
  {36feca9a-fbd3-40da-96c6-7137b8c3d429}, !- Schedule Ruleset Name
  0,                                      !- Rule Order
  {aba95233-e173-40e3-bd43-97d5ecd0ca4a}, !- Day Schedule Name
  Yes,                                    !- Apply Sunday
  Yes,                                    !- Apply Monday
  Yes,                                    !- Apply Tuesday
  Yes,                                    !- Apply Wednesday
  Yes,                                    !- Apply Thursday
  Yes,                                    !- Apply Friday
  Yes,                                    !- Apply Saturday
  DateRange,                              !- Date Specification Type
  1,                                      !- Start Month
  1,                                      !- Start Day
  12,                                     !- End Month
  31;                                     !- End Day

OS:Schedule:Day,
  {aba95233-e173-40e3-bd43-97d5ecd0ca4a}, !- Handle
  general water use schedule day,         !- Name
  {8281b044-9d5b-4193-b805-3061b00474eb}, !- Schedule Type Limits Name
  ,                                       !- Interpolate to Timestep
  1,                                      !- Hour 1
  0,                                      !- Minute 1
  0.315068493150685,                      !- Value Until Time 1
  3,                                      !- Hour 2
  0,                                      !- Minute 2
  0.287671232876712,                      !- Value Until Time 2
  4,                                      !- Hour 3
  0,                                      !- Minute 3
  0.342465753424658,                      !- Value Until Time 3
  5,                                      !- Hour 4
  0,                                      !- Minute 4
  0.36986301369863,                       !- Value Until Time 4
  6,                                      !- Hour 5
  0,                                      !- Minute 5
  0.520547945205479,                      !- Value Until Time 5
  7,                                      !- Hour 6
  0,                                      !- Minute 6
  0.602739726027397,                      !- Value Until Time 6
  8,                                      !- Hour 7
  0,                                      !- Minute 7
  0.534246575342466,                      !- Value Until Time 7
  10,                                     !- Hour 8
  0,                                      !- Minute 8
  0.506849315068493,                      !- Value Until Time 8
  11,                                     !- Hour 9
  0,                                      !- Minute 9
  0.465753424657534,                      !- Value Until Time 9
  14,                                     !- Hour 10
  0,                                      !- Minute 10
  0.479452054794521,                      !- Value Until Time 10
  15,                                     !- Hour 11
  0,                                      !- Minute 11
  0.534246575342466,                      !- Value Until Time 11
  16,                                     !- Hour 12
  0,                                      !- Minute 12
  0.589041095890411,                      !- Value Until Time 12
  17,                                     !- Hour 13
  0,                                      !- Minute 13
  0.698630136986301,                      !- Value Until Time 13
  18,                                     !- Hour 14
  0,                                      !- Minute 14
  0.876712328767123,                      !- Value Until Time 14
  19,                                     !- Hour 15
  0,                                      !- Minute 15
  0.89041095890411,                       !- Value Until Time 15
  20,                                     !- Hour 16
  0,                                      !- Minute 16
  0.986301369863014,                      !- Value Until Time 16
  21,                                     !- Hour 17
  0,                                      !- Minute 17
  1,                                      !- Value Until Time 17
  22,                                     !- Hour 18
  0,                                      !- Minute 18
  0.863013698630137,                      !- Value Until Time 18
  23,                                     !- Hour 19
  0,                                      !- Minute 19
  0.616438356164384,                      !- Value Until Time 19
  24,                                     !- Hour 20
  0,                                      !- Minute 20
  0.465753424657534;                      !- Value Until Time 20

OS:OtherEquipment:Definition,
  {e9e1bda5-8bd1-4850-b5f2-901e7ad639d9}, !- Handle
  general water use sensible,             !- Name
  EquipmentLevel,                         !- Design Level Calculation Method
  -43.4886080223962,                      !- Design Level {W}
  ,                                       !- Watts per Space Floor Area {W/m2}
  ,                                       !- Watts per Person {W/Person}
  0,                                      !- Fraction Latent
  0.6,                                    !- Fraction Radiant
  0;                                      !- Fraction Lost

OS:OtherEquipment,
  {4c8df8aa-3af8-489b-83dd-7d912ab07869}, !- Handle
  general water use sensible,             !- Name
  {e9e1bda5-8bd1-4850-b5f2-901e7ad639d9}, !- Other Equipment Definition Name
  {e1166775-97c1-407e-9578-3eacdf10cef7}, !- Space or SpaceType Name
  {36feca9a-fbd3-40da-96c6-7137b8c3d429}, !- Schedule Name
  ,                                       !- Multiplier
  ,                                       !- Fuel Type
  general water use sensible;             !- End-Use Subcategory

OS:OtherEquipment:Definition,
  {002e686e-e733-41b3-8589-813f5c17ffbd}, !- Handle
  general water use latent,               !- Name
  EquipmentLevel,                         !- Design Level Calculation Method
  44.1265827122113,                       !- Design Level {W}
  ,                                       !- Watts per Space Floor Area {W/m2}
  ,                                       !- Watts per Person {W/Person}
  1,                                      !- Fraction Latent
  0,                                      !- Fraction Radiant
  0;                                      !- Fraction Lost

OS:OtherEquipment,
  {a69c4b02-b6fa-4fbf-b0ad-c07372303b87}, !- Handle
  general water use latent,               !- Name
  {002e686e-e733-41b3-8589-813f5c17ffbd}, !- Other Equipment Definition Name
  {e1166775-97c1-407e-9578-3eacdf10cef7}, !- Space or SpaceType Name
  {36feca9a-fbd3-40da-96c6-7137b8c3d429}, !- Schedule Name
  ,                                       !- Multiplier
  ,                                       !- Fuel Type
  general water use latent;               !- End-Use Subcategory

OS:EnergyManagementSystem:Sensor,
  {bcfa3f19-acf6-4cdc-9879-89e41a060c7c}, !- Handle
  out_pb_s,                               !- Name
  ,                                       !- Output Variable or Output Meter Index Key Name
  Site Outdoor Air Barometric Pressure;   !- Output Variable or Output Meter Name

OS:EnergyManagementSystem:Sensor,
  {81d444f5-2cdf-4296-8194-d96f5e39623c}, !- Handle
  out_wt_s,                               !- Name
  ,                                       !- Output Variable or Output Meter Index Key Name
  Site Outdoor Air Humidity Ratio;        !- Output Variable or Output Meter Name

OS:EnergyManagementSystem:Sensor,
  {a9d15da7-f531-4a6a-9905-8b694a46c600}, !- Handle
  win_s,                                  !- Name
  conditioned space,                      !- Output Variable or Output Meter Index Key Name
  Zone Air Humidity Ratio;                !- Output Variable or Output Meter Name

OS:EnergyManagementSystem:Sensor,
  {bb8d31c3-a2bb-4160-89c5-47addc9b3c93}, !- Handle
  site_vw_s,                              !- Name
  ,                                       !- Output Variable or Output Meter Index Key Name
  Site Wind Speed;                        !- Output Variable or Output Meter Name

OS:EnergyManagementSystem:Sensor,
  {d90e1bdf-a007-41d4-b208-5d675f9dfae1}, !- Handle
  tin_s,                                  !- Name
  conditioned space,                      !- Output Variable or Output Meter Index Key Name
  Zone Mean Air Temperature;              !- Output Variable or Output Meter Name

OS:EnergyManagementSystem:Sensor,
  {ad051cb0-8575-41e9-aebf-9a40779c1d0c}, !- Handle
  tout_s,                                 !- Name
  conditioned space,                      !- Output Variable or Output Meter Index Key Name
  Zone Outdoor Air Drybulb Temperature;   !- Output Variable or Output Meter Name

OS:Schedule:Ruleset,
  {63b73a23-255e-4766-bb2b-60c08174ec3b}, !- Handle
  cooling season schedule,                !- Name
  {8281b044-9d5b-4193-b805-3061b00474eb}, !- Schedule Type Limits Name
  {890edb88-8e15-4115-a70e-89b86f7e2a38}; !- Default Day Schedule Name

OS:Schedule:Day,
  {890edb88-8e15-4115-a70e-89b86f7e2a38}, !- Handle
  cooling season schedule default day,    !- Name
  {8281b044-9d5b-4193-b805-3061b00474eb}, !- Schedule Type Limits Name
  ,                                       !- Interpolate to Timestep
  24,                                     !- Hour 1
  0,                                      !- Minute 1
  0;                                      !- Value Until Time 1

OS:Schedule:Rule,
  {23feab88-a09f-4225-9d2e-86e9e93b2de1}, !- Handle
  cooling season schedule allday rule,    !- Name
  {63b73a23-255e-4766-bb2b-60c08174ec3b}, !- Schedule Ruleset Name
  2,                                      !- Rule Order
  {d63f6248-ecc8-4167-ab01-d47b596eb575}, !- Day Schedule Name
  Yes,                                    !- Apply Sunday
  Yes,                                    !- Apply Monday
  Yes,                                    !- Apply Tuesday
  Yes,                                    !- Apply Wednesday
  Yes,                                    !- Apply Thursday
  Yes,                                    !- Apply Friday
  Yes,                                    !- Apply Saturday
  DateRange,                              !- Date Specification Type
  1,                                      !- Start Month
  1,                                      !- Start Day
  5,                                      !- End Month
  31;                                     !- End Day

OS:Schedule:Day,
  {d63f6248-ecc8-4167-ab01-d47b596eb575}, !- Handle
  cooling season schedule day,            !- Name
  {8281b044-9d5b-4193-b805-3061b00474eb}, !- Schedule Type Limits Name
  ,                                       !- Interpolate to Timestep
  24,                                     !- Hour 1
  0,                                      !- Minute 1
  0;                                      !- Value Until Time 1

OS:Schedule:Rule,
  {7653ec8a-571e-41e1-990b-41a0c12e8a60}, !- Handle
  cooling season schedule allday rule 1,  !- Name
  {63b73a23-255e-4766-bb2b-60c08174ec3b}, !- Schedule Ruleset Name
  1,                                      !- Rule Order
  {a6b481bd-60de-4e91-b2dc-7a3d99be922a}, !- Day Schedule Name
  Yes,                                    !- Apply Sunday
  Yes,                                    !- Apply Monday
  Yes,                                    !- Apply Tuesday
  Yes,                                    !- Apply Wednesday
  Yes,                                    !- Apply Thursday
  Yes,                                    !- Apply Friday
  Yes,                                    !- Apply Saturday
  DateRange,                              !- Date Specification Type
  6,                                      !- Start Month
  1,                                      !- Start Day
  9,                                      !- End Month
  30;                                     !- End Day

OS:Schedule:Day,
  {a6b481bd-60de-4e91-b2dc-7a3d99be922a}, !- Handle
  cooling season schedule day 1,          !- Name
  {8281b044-9d5b-4193-b805-3061b00474eb}, !- Schedule Type Limits Name
  ,                                       !- Interpolate to Timestep
  24,                                     !- Hour 1
  0,                                      !- Minute 1
  1;                                      !- Value Until Time 1

OS:Schedule:Rule,
  {74c58430-ce24-41aa-80ef-f065f76a3d1a}, !- Handle
  cooling season schedule allday rule 2,  !- Name
  {63b73a23-255e-4766-bb2b-60c08174ec3b}, !- Schedule Ruleset Name
  0,                                      !- Rule Order
  {2cca11b7-6784-4070-9565-baddb736a451}, !- Day Schedule Name
  Yes,                                    !- Apply Sunday
  Yes,                                    !- Apply Monday
  Yes,                                    !- Apply Tuesday
  Yes,                                    !- Apply Wednesday
  Yes,                                    !- Apply Thursday
  Yes,                                    !- Apply Friday
  Yes,                                    !- Apply Saturday
  DateRange,                              !- Date Specification Type
  10,                                     !- Start Month
  1,                                      !- Start Day
  12,                                     !- End Month
  31;                                     !- End Day

OS:Schedule:Day,
  {2cca11b7-6784-4070-9565-baddb736a451}, !- Handle
  cooling season schedule day 2,          !- Name
  {8281b044-9d5b-4193-b805-3061b00474eb}, !- Schedule Type Limits Name
  ,                                       !- Interpolate to Timestep
  24,                                     !- Hour 1
  0,                                      !- Minute 1
  0;                                      !- Value Until Time 1

OS:EnergyManagementSystem:Sensor,
  {6aed917e-8d70-44c3-86cf-1e2daf0cdfa5}, !- Handle
  cool_season,                            !- Name
  cooling season schedule,                !- Output Variable or Output Meter Index Key Name
  Schedule Value;                         !- Output Variable or Output Meter Name

OS:EnergyManagementSystem:GlobalVariable,
  {7207c92a-b0f3-451d-a664-f39d7a3895cd}, !- Handle
  furnace_airloop_Fan_RTF;                !- Name

OS:EnergyManagementSystem:InternalVariable,
  {76fea2a4-5bd6-4c83-929d-acd5740f63fd}, !- Handle
  furnace_airloop_max_sup_fan_mfr,        !- Name
  furnace supply fan,                     !- Internal Data Index Key Name
  Fan Maximum Mass Flow Rate;             !- Internal Data Type

OS:EnergyManagementSystem:Sensor,
  {99764720-304c-490c-bd36-10c41abdab4c}, !- Handle
  furnace_airloop_Fan_RTF_s,              !- Name
  furnace supply fan,                     !- Output Variable or Output Meter Index Key Name
  Fan Runtime Fraction;                   !- Output Variable or Output Meter Name

OS:ThermalZone,
  {eaacf9b0-eca3-4473-b75c-761255e67f3f}, !- Handle
  furnace airloop ret air zone,           !- Name
  1,                                      !- Multiplier
  ,                                       !- Ceiling Height {m}
  1,                                      !- Volume {m3}
  ,                                       !- Floor Area {m2}
  ,                                       !- Zone Inside Convection Algorithm
  ,                                       !- Zone Outside Convection Algorithm
  ,                                       !- Zone Conditioning Equipment List Name
  {b175bdbd-d46f-43ac-8f28-280d41340e9d}, !- Zone Air Inlet Port List
  {d760c4a8-db12-45cf-88a3-f7e57830068c}, !- Zone Air Exhaust Port List
  {23f2d598-3376-484b-ad5b-a95295deca09}, !- Zone Air Node Name
  {bc3e9cfd-c22f-4e02-81b6-82e086034a35}, !- Zone Return Air Port List
  ,                                       !- Primary Daylighting Control Name
  ,                                       !- Fraction of Zone Controlled by Primary Daylighting Control
  ,                                       !- Secondary Daylighting Control Name
  ,                                       !- Fraction of Zone Controlled by Secondary Daylighting Control
  ,                                       !- Illuminance Map Name
  ,                                       !- Group Rendering Name
  ,                                       !- Thermostat Name
  No;                                     !- Use Ideal Air Loads

OS:Node,
  {f898f810-e279-4e06-9a4f-423ccb056ee1}, !- Handle
  Node 23,                                !- Name
  {23f2d598-3376-484b-ad5b-a95295deca09}, !- Inlet Port
  ;                                       !- Outlet Port

OS:Connection,
  {23f2d598-3376-484b-ad5b-a95295deca09}, !- Handle
  {eaacf9b0-eca3-4473-b75c-761255e67f3f}, !- Source Object
  11,                                     !- Outlet Port
  {f898f810-e279-4e06-9a4f-423ccb056ee1}, !- Target Object
  2;                                      !- Inlet Port

OS:PortList,
  {b175bdbd-d46f-43ac-8f28-280d41340e9d}, !- Handle
  {eaacf9b0-eca3-4473-b75c-761255e67f3f}; !- HVAC Component

OS:PortList,
  {d760c4a8-db12-45cf-88a3-f7e57830068c}, !- Handle
  {eaacf9b0-eca3-4473-b75c-761255e67f3f}; !- HVAC Component

OS:PortList,
  {bc3e9cfd-c22f-4e02-81b6-82e086034a35}, !- Handle
  {eaacf9b0-eca3-4473-b75c-761255e67f3f}; !- HVAC Component

OS:Sizing:Zone,
  {4fd975b1-b9ec-4a44-953f-809e48e7781b}, !- Handle
  {eaacf9b0-eca3-4473-b75c-761255e67f3f}, !- Zone or ZoneList Name
  SupplyAirTemperature,                   !- Zone Cooling Design Supply Air Temperature Input Method
  14,                                     !- Zone Cooling Design Supply Air Temperature {C}
  11.11,                                  !- Zone Cooling Design Supply Air Temperature Difference {deltaC}
  SupplyAirTemperature,                   !- Zone Heating Design Supply Air Temperature Input Method
  40,                                     !- Zone Heating Design Supply Air Temperature {C}
  11.11,                                  !- Zone Heating Design Supply Air Temperature Difference {deltaC}
  0.0085,                                 !- Zone Cooling Design Supply Air Humidity Ratio {kg-H2O/kg-air}
  0.008,                                  !- Zone Heating Design Supply Air Humidity Ratio {kg-H2O/kg-air}
  ,                                       !- Zone Heating Sizing Factor
  ,                                       !- Zone Cooling Sizing Factor
  DesignDay,                              !- Cooling Design Air Flow Method
  ,                                       !- Cooling Design Air Flow Rate {m3/s}
  ,                                       !- Cooling Minimum Air Flow per Zone Floor Area {m3/s-m2}
  ,                                       !- Cooling Minimum Air Flow {m3/s}
  ,                                       !- Cooling Minimum Air Flow Fraction
  DesignDay,                              !- Heating Design Air Flow Method
  ,                                       !- Heating Design Air Flow Rate {m3/s}
  ,                                       !- Heating Maximum Air Flow per Zone Floor Area {m3/s-m2}
  ,                                       !- Heating Maximum Air Flow {m3/s}
  ,                                       !- Heating Maximum Air Flow Fraction
  No,                                     !- Account for Dedicated Outdoor Air System
  NeutralSupplyAir,                       !- Dedicated Outdoor Air System Control Strategy
  autosize,                               !- Dedicated Outdoor Air Low Setpoint Temperature for Design {C}
  autosize,                               !- Dedicated Outdoor Air High Setpoint Temperature for Design {C}
  Sensible Load Only No Latent Load,      !- Zone Load Sizing Method
  HumidityRatioDifference,                !- Zone Latent Cooling Design Supply Air Humidity Ratio Input Method
  ,                                       !- Zone Dehumidification Design Supply Air Humidity Ratio {kgWater/kgDryAir}
  0.005,                                  !- Zone Cooling Design Supply Air Humidity Ratio Difference {kgWater/kgDryAir}
  HumidityRatioDifference,                !- Zone Latent Heating Design Supply Air Humidity Ratio Input Method
  ,                                       !- Zone Humidification Design Supply Air Humidity Ratio {kgWater/kgDryAir}
  0.005,                                  !- Zone Humidification Design Supply Air Humidity Ratio Difference {kgWater/kgDryAir}
  ,                                       !- Zone Humidistat Dehumidification Set Point Schedule Name
  ,                                       !- Zone Humidistat Humidification Set Point Schedule Name
  ,                                       !- Design Zone Air Distribution Effectiveness in Cooling Mode
  ,                                       !- Design Zone Air Distribution Effectiveness in Heating Mode
  ,                                       !- Design Zone Secondary Recirculation Fraction {dimensionless}
  ,                                       !- Design Minimum Zone Ventilation Efficiency {dimensionless}
  Coincident;                             !- Sizing Option

OS:ZoneHVAC:EquipmentList,
  {ff4820e6-ab6f-48bf-a51d-c4c093669ad6}, !- Handle
  Zone HVAC Equipment List 4,             !- Name
  {eaacf9b0-eca3-4473-b75c-761255e67f3f}; !- Thermal Zone

OS:Space,
  {235464a4-29e0-4b87-b5aa-81a968b4b48c}, !- Handle
  furnace airloop ret air space,          !- Name
  ,                                       !- Space Type Name
  ,                                       !- Default Construction Set Name
  ,                                       !- Default Schedule Set Name
  ,                                       !- Direction of Relative North {deg}
  ,                                       !- X Origin {m}
  ,                                       !- Y Origin {m}
  ,                                       !- Z Origin {m}
  ,                                       !- Building Story Name
  {eaacf9b0-eca3-4473-b75c-761255e67f3f}; !- Thermal Zone Name

OS:Surface,
  {f93d3f5b-1b5e-4279-81be-e7867f112103}, !- Handle
  Surface 1,                              !- Name
  Floor,                                  !- Surface Type
  {d632552d-bd74-4d1e-91e9-0b716a33e80e}, !- Construction Name
  {235464a4-29e0-4b87-b5aa-81a968b4b48c}, !- Space Name
  Adiabatic,                              !- Outside Boundary Condition
  ,                                       !- Outside Boundary Condition Object
  NoSun,                                  !- Sun Exposure
  NoWind,                                 !- Wind Exposure
  ,                                       !- View Factor to Ground
  ,                                       !- Number of Vertices
  0, 0, 0,                                !- X,Y,Z Vertex 1 {m}
  0, 1, 0,                                !- X,Y,Z Vertex 2 {m}
  1, 1, 0,                                !- X,Y,Z Vertex 3 {m}
  1, 0, 0;                                !- X,Y,Z Vertex 4 {m}

OS:Surface,
  {8dbe3557-817c-45c0-8479-e7380b23bbdc}, !- Handle
  Surface 2,                              !- Name
  Wall,                                   !- Surface Type
  {d632552d-bd74-4d1e-91e9-0b716a33e80e}, !- Construction Name
  {235464a4-29e0-4b87-b5aa-81a968b4b48c}, !- Space Name
  Adiabatic,                              !- Outside Boundary Condition
  ,                                       !- Outside Boundary Condition Object
  NoSun,                                  !- Sun Exposure
  NoWind,                                 !- Wind Exposure
  ,                                       !- View Factor to Ground
  ,                                       !- Number of Vertices
  0, 0, 1,                                !- X,Y,Z Vertex 1 {m}
  0, 1, 1,                                !- X,Y,Z Vertex 2 {m}
  0, 1, 0,                                !- X,Y,Z Vertex 3 {m}
  0, 0, 0;                                !- X,Y,Z Vertex 4 {m}

OS:Surface,
  {8e0b7602-c41b-401c-a3f4-cc2d96a6ac08}, !- Handle
  Surface 3,                              !- Name
  Wall,                                   !- Surface Type
  {d632552d-bd74-4d1e-91e9-0b716a33e80e}, !- Construction Name
  {235464a4-29e0-4b87-b5aa-81a968b4b48c}, !- Space Name
  Adiabatic,                              !- Outside Boundary Condition
  ,                                       !- Outside Boundary Condition Object
  NoSun,                                  !- Sun Exposure
  NoWind,                                 !- Wind Exposure
  ,                                       !- View Factor to Ground
  ,                                       !- Number of Vertices
  0, 1, 1,                                !- X,Y,Z Vertex 1 {m}
  1, 1, 1,                                !- X,Y,Z Vertex 2 {m}
  1, 1, 0,                                !- X,Y,Z Vertex 3 {m}
  0, 1, 0;                                !- X,Y,Z Vertex 4 {m}

OS:Surface,
  {d0668adc-5288-44fa-a9f5-8612cb2cef59}, !- Handle
  Surface 4,                              !- Name
  Wall,                                   !- Surface Type
  {d632552d-bd74-4d1e-91e9-0b716a33e80e}, !- Construction Name
  {235464a4-29e0-4b87-b5aa-81a968b4b48c}, !- Space Name
  Adiabatic,                              !- Outside Boundary Condition
  ,                                       !- Outside Boundary Condition Object
  NoSun,                                  !- Sun Exposure
  NoWind,                                 !- Wind Exposure
  ,                                       !- View Factor to Ground
  ,                                       !- Number of Vertices
  1, 1, 1,                                !- X,Y,Z Vertex 1 {m}
  1, 0, 1,                                !- X,Y,Z Vertex 2 {m}
  1, 0, 0,                                !- X,Y,Z Vertex 3 {m}
  1, 1, 0;                                !- X,Y,Z Vertex 4 {m}

OS:Surface,
  {31a323eb-e29f-4232-9d3c-ae671a60b4d1}, !- Handle
  Surface 5,                              !- Name
  Wall,                                   !- Surface Type
  {d632552d-bd74-4d1e-91e9-0b716a33e80e}, !- Construction Name
  {235464a4-29e0-4b87-b5aa-81a968b4b48c}, !- Space Name
  Adiabatic,                              !- Outside Boundary Condition
  ,                                       !- Outside Boundary Condition Object
  NoSun,                                  !- Sun Exposure
  NoWind,                                 !- Wind Exposure
  ,                                       !- View Factor to Ground
  ,                                       !- Number of Vertices
  1, 0, 1,                                !- X,Y,Z Vertex 1 {m}
  0, 0, 1,                                !- X,Y,Z Vertex 2 {m}
  0, 0, 0,                                !- X,Y,Z Vertex 3 {m}
  1, 0, 0;                                !- X,Y,Z Vertex 4 {m}

OS:Surface,
  {5c6a4314-ba99-4b2e-977b-e01fc9b7a911}, !- Handle
  Surface 6,                              !- Name
  RoofCeiling,                            !- Surface Type
  {d632552d-bd74-4d1e-91e9-0b716a33e80e}, !- Construction Name
  {235464a4-29e0-4b87-b5aa-81a968b4b48c}, !- Space Name
  Adiabatic,                              !- Outside Boundary Condition
  ,                                       !- Outside Boundary Condition Object
  NoSun,                                  !- Sun Exposure
  NoWind,                                 !- Wind Exposure
  ,                                       !- View Factor to Ground
  ,                                       !- Number of Vertices
  1, 0, 1,                                !- X,Y,Z Vertex 1 {m}
  1, 1, 1,                                !- X,Y,Z Vertex 2 {m}
  0, 1, 1,                                !- X,Y,Z Vertex 3 {m}
  0, 0, 1;                                !- X,Y,Z Vertex 4 {m}

OS:Material:NoMass,
  {c373d612-7b5b-4b0f-b51b-4ee25f5dc563}, !- Handle
  Adiabatic,                              !- Name
  Rough,                                  !- Roughness
  176.1;                                  !- Thermal Resistance {m2-K/W}

OS:Construction,
  {d632552d-bd74-4d1e-91e9-0b716a33e80e}, !- Handle
  AdiabaticConst,                         !- Name
  ,                                       !- Surface Rendering Name
  {c373d612-7b5b-4b0f-b51b-4ee25f5dc563}; !- Layer 1

OS:SurfaceProperty:ConvectionCoefficients,
  {0ca0a870-0c60-42c1-969b-f28d7a7f9f0b}, !- Handle
  {31a323eb-e29f-4232-9d3c-ae671a60b4d1}, !- Surface Name
  Inside,                                 !- Convection Coefficient 1 Location
  Value,                                  !- Convection Coefficient 1 Type
  30;                                     !- Convection Coefficient 1 {W/m2-K}

OS:SurfaceProperty:ConvectionCoefficients,
  {d23bcf07-a95b-46c0-b6aa-6a8f458bf8eb}, !- Handle
  {5c6a4314-ba99-4b2e-977b-e01fc9b7a911}, !- Surface Name
  Inside,                                 !- Convection Coefficient 1 Location
  Value,                                  !- Convection Coefficient 1 Type
  30;                                     !- Convection Coefficient 1 {W/m2-K}

OS:SurfaceProperty:ConvectionCoefficients,
  {cf67860e-145b-4662-a00f-130de833be67}, !- Handle
  {8dbe3557-817c-45c0-8479-e7380b23bbdc}, !- Surface Name
  Inside,                                 !- Convection Coefficient 1 Location
  Value,                                  !- Convection Coefficient 1 Type
  30;                                     !- Convection Coefficient 1 {W/m2-K}

OS:SurfaceProperty:ConvectionCoefficients,
  {32606f7e-7f5c-4555-a77a-2ea6520cfa6a}, !- Handle
  {8e0b7602-c41b-401c-a3f4-cc2d96a6ac08}, !- Surface Name
  Inside,                                 !- Convection Coefficient 1 Location
  Value,                                  !- Convection Coefficient 1 Type
  30;                                     !- Convection Coefficient 1 {W/m2-K}

OS:SurfaceProperty:ConvectionCoefficients,
  {7f8779cf-7421-45a6-97fc-eb9ca2c1030f}, !- Handle
  {d0668adc-5288-44fa-a9f5-8612cb2cef59}, !- Surface Name
  Inside,                                 !- Convection Coefficient 1 Location
  Value,                                  !- Convection Coefficient 1 Type
  30;                                     !- Convection Coefficient 1 {W/m2-K}

OS:SurfaceProperty:ConvectionCoefficients,
  {820e4606-9781-430a-ba8b-2e1a445e640c}, !- Handle
  {f93d3f5b-1b5e-4279-81be-e7867f112103}, !- Surface Name
  Inside,                                 !- Convection Coefficient 1 Location
  Value,                                  !- Convection Coefficient 1 Type
  30;                                     !- Convection Coefficient 1 {W/m2-K}

OS:AirLoopHVAC:ReturnPlenum,
  {ef8659c5-1602-413f-9fad-2f8a79880e44}, !- Handle
  Air Loop HVAC Return Plenum 1,          !- Name
  {eaacf9b0-eca3-4473-b75c-761255e67f3f}, !- ThermalZone
  {b0a6d140-d4da-40a4-8973-09a137ee3ccb}, !- Outlet Node
  ,                                       !- Induced Air Outlet Port List
  {7f5df28d-5906-4624-a36b-0ad3feb3515d}; !- Inlet Node 1

OS:Node,
  {6029fb59-0a29-449d-879e-a905773088dd}, !- Handle
  Node 25,                                !- Name
  {b0a6d140-d4da-40a4-8973-09a137ee3ccb}, !- Inlet Port
  {c37356d8-cf59-4f12-b91e-c79eadfe070a}; !- Outlet Port

OS:Connection,
  {7f5df28d-5906-4624-a36b-0ad3feb3515d}, !- Handle
  {0ca50c32-b629-442d-a665-dd297ebeb107}, !- Source Object
  3,                                      !- Outlet Port
  {ef8659c5-1602-413f-9fad-2f8a79880e44}, !- Target Object
  5;                                      !- Inlet Port

OS:Connection,
  {b0a6d140-d4da-40a4-8973-09a137ee3ccb}, !- Handle
  {ef8659c5-1602-413f-9fad-2f8a79880e44}, !- Source Object
  3,                                      !- Outlet Port
  {6029fb59-0a29-449d-879e-a905773088dd}, !- Target Object
  2;                                      !- Inlet Port

OS:Connection,
  {c37356d8-cf59-4f12-b91e-c79eadfe070a}, !- Handle
  {6029fb59-0a29-449d-879e-a905773088dd}, !- Source Object
  3,                                      !- Outlet Port
  {29d704da-cf50-4363-90f8-0c3ab7e90c33}, !- Target Object
  3;                                      !- Inlet Port

OS:EnergyManagementSystem:GlobalVariable,
  {236d43e4-693d-43e7-8b1a-5967d324afec}, !- Handle
  furnace_airloop_AH_MFR;                 !- Name

OS:EnergyManagementSystem:Sensor,
  {2ed8c434-8876-4df6-b1ff-8bc0c6c0f842}, !- Handle
  furnace_airloop_AH_MFR_s,               !- Name
  Node 6,                                 !- Output Variable or Output Meter Index Key Name
  System Node Mass Flow Rate;             !- Output Variable or Output Meter Name

OS:EnergyManagementSystem:GlobalVariable,
  {a3630239-40e3-4492-85b8-1045fb4809e5}, !- Handle
  furnace_airloop_AH_VFR;                 !- Name

OS:EnergyManagementSystem:Sensor,
  {d857a08e-3c4a-4542-a050-28dc5305422f}, !- Handle
  furnace_airloop_AH_VFR_s,               !- Name
  Node 6,                                 !- Output Variable or Output Meter Index Key Name
  System Node Current Density Volume Flow Rate; !- Output Variable or Output Meter Name

OS:EnergyManagementSystem:GlobalVariable,
  {7f8cc037-2bdb-44af-923f-87577bb59a47}, !- Handle
  furnace_airloop_AH_Tout;                !- Name

OS:EnergyManagementSystem:Sensor,
  {1b18f98b-0d3c-48ae-b617-ea7fe72d74af}, !- Handle
  furnace_airloop_AH_Tout_s,              !- Name
  Node 6,                                 !- Output Variable or Output Meter Index Key Name
  System Node Temperature;                !- Output Variable or Output Meter Name

OS:EnergyManagementSystem:GlobalVariable,
  {39ba0ccb-8a14-4de0-a6b8-2504833acfbb}, !- Handle
  furnace_airloop_AH_Wout;                !- Name

OS:EnergyManagementSystem:Sensor,
  {729b859c-3bec-48b6-8360-dd09b37f9ebd}, !- Handle
  furnace_airloop_AH_Wout_s,              !- Name
  Node 6,                                 !- Output Variable or Output Meter Index Key Name
  System Node Humidity Ratio;             !- Output Variable or Output Meter Name

OS:EnergyManagementSystem:GlobalVariable,
  {fbac6a58-2924-416c-afe3-a541f84750ea}, !- Handle
  furnace_airloop_RA_T;                   !- Name

OS:EnergyManagementSystem:Sensor,
  {de511bec-2d5c-472e-8bf7-da8f3ebf1b8d}, !- Handle
  furnace_airloop_RA_T_s,                 !- Name
  Node 9,                                 !- Output Variable or Output Meter Index Key Name
  System Node Temperature;                !- Output Variable or Output Meter Name

OS:EnergyManagementSystem:GlobalVariable,
  {fd5262f8-961c-4ad2-9c36-b487ac3d5c69}, !- Handle
  furnace_airloop_Ra_W;                   !- Name

OS:EnergyManagementSystem:Sensor,
  {1d8b03e1-f085-4ccf-820f-e4bbb8df1430}, !- Handle
  furnace_airloop_Ra_W_s,                 !- Name
  Node 9,                                 !- Output Variable or Output Meter Index Key Name
  System Node Humidity Ratio;             !- Output Variable or Output Meter Name

OS:EnergyManagementSystem:GlobalVariable,
  {bd72357f-c604-45f6-8b05-4b526d2d349b}, !- Handle
  furnace_airloop_0_DZ_T;                 !- Name

OS:EnergyManagementSystem:Sensor,
  {81070ac7-36f6-4ea6-a14c-b4d8a2664e51}, !- Handle
  furnace_airloop_0_DZ_T_s,               !- Name
  crawlspace - vented,                    !- Output Variable or Output Meter Index Key Name
  Zone Air Temperature;                   !- Output Variable or Output Meter Name

OS:EnergyManagementSystem:GlobalVariable,
  {4a79fe43-8a48-4cbe-97b8-24a868a83684}, !- Handle
  furnace_airloop_0_DZ_W;                 !- Name

OS:EnergyManagementSystem:Sensor,
  {6d5d6062-7ec6-4d5f-9458-1550b1323d25}, !- Handle
  furnace_airloop_0_DZ_W_s,               !- Name
  crawlspace - vented,                    !- Output Variable or Output Meter Index Key Name
  Zone Mean Air Humidity Ratio;           !- Output Variable or Output Meter Name

OS:EnergyManagementSystem:GlobalVariable,
  {3b8737d7-b4ca-4875-adcc-19c1099a78ee}, !- Handle
  furnace_airloop_0_SupSensLkToCond;      !- Name

OS:OtherEquipment:Definition,
  {1e5346c7-b4f1-4718-9bd7-73396766f90d}, !- Handle
  furnace airloop_0 SupSensLkToCond,      !- Name
  EquipmentLevel,                         !- Design Level Calculation Method
  0,                                      !- Design Level {W}
  ,                                       !- Watts per Space Floor Area {W/m2}
  ,                                       !- Watts per Person {W/Person}
  0,                                      !- Fraction Latent
  0,                                      !- Fraction Radiant
  0;                                      !- Fraction Lost

OS:OtherEquipment,
  {80fcf16d-a4e4-4fca-b8f5-7639d5443936}, !- Handle
  furnace airloop_0 SupSensLkToCond,      !- Name
  {1e5346c7-b4f1-4718-9bd7-73396766f90d}, !- Other Equipment Definition Name
  {e1166775-97c1-407e-9578-3eacdf10cef7}, !- Space or SpaceType Name
  {e576217f-588c-4856-823f-2f072201a33f}, !- Schedule Name
  ,                                       !- Multiplier
  ,                                       !- Fuel Type
  duct load;                              !- End-Use Subcategory

OS:EnergyManagementSystem:Actuator,
  {0eabc0df-2826-4b16-82b3-9495aaeb9bb5}, !- Handle
  furnace_airloop_0_SupSensLkToCond_act,  !- Name
  {80fcf16d-a4e4-4fca-b8f5-7639d5443936}, !- Actuated Component Name
  OtherEquipment,                         !- Actuated Component Type
  Power Level,                            !- Actuated Component Control Type
  {e1166775-97c1-407e-9578-3eacdf10cef7}; !- Zone or Space Name

OS:EnergyManagementSystem:GlobalVariable,
  {a45d3f15-e46d-489f-bf7c-662b693dc2f7}, !- Handle
  furnace_airloop_0_SupLatLkToCond;       !- Name

OS:OtherEquipment:Definition,
  {e34d1cc5-d326-4b03-8374-a33eb3151a1b}, !- Handle
  furnace airloop_0 SupLatLkToCond,       !- Name
  EquipmentLevel,                         !- Design Level Calculation Method
  0,                                      !- Design Level {W}
  ,                                       !- Watts per Space Floor Area {W/m2}
  ,                                       !- Watts per Person {W/Person}
  1,                                      !- Fraction Latent
  0,                                      !- Fraction Radiant
  0;                                      !- Fraction Lost

OS:OtherEquipment,
  {a92c5a36-4d2d-4049-9d6e-54fbc9c58800}, !- Handle
  furnace airloop_0 SupLatLkToCond,       !- Name
  {e34d1cc5-d326-4b03-8374-a33eb3151a1b}, !- Other Equipment Definition Name
  {e1166775-97c1-407e-9578-3eacdf10cef7}, !- Space or SpaceType Name
  {e576217f-588c-4856-823f-2f072201a33f}, !- Schedule Name
  ,                                       !- Multiplier
  ,                                       !- Fuel Type
  duct load;                              !- End-Use Subcategory

OS:EnergyManagementSystem:Actuator,
  {7edfd298-26c9-4a5c-865b-37b7797849ac}, !- Handle
  furnace_airloop_0_SupLatLkToCond_act,   !- Name
  {a92c5a36-4d2d-4049-9d6e-54fbc9c58800}, !- Actuated Component Name
  OtherEquipment,                         !- Actuated Component Type
  Power Level,                            !- Actuated Component Control Type
  {e1166775-97c1-407e-9578-3eacdf10cef7}; !- Zone or Space Name

OS:EnergyManagementSystem:GlobalVariable,
  {47ae69ad-2a14-408d-bae6-a8ffafe227ff}, !- Handle
  furnace_airloop_0_SupCondToLv;          !- Name

OS:OtherEquipment:Definition,
  {74bb1eb7-720e-462f-b5b9-04a9329b68f9}, !- Handle
  furnace airloop_0 SupCondToLv,          !- Name
  EquipmentLevel,                         !- Design Level Calculation Method
  0,                                      !- Design Level {W}
  ,                                       !- Watts per Space Floor Area {W/m2}
  ,                                       !- Watts per Person {W/Person}
  0,                                      !- Fraction Latent
  0,                                      !- Fraction Radiant
  0;                                      !- Fraction Lost

OS:OtherEquipment,
  {23b179ce-baf0-45b5-98ab-983014beecfe}, !- Handle
  furnace airloop_0 SupCondToLv,          !- Name
  {74bb1eb7-720e-462f-b5b9-04a9329b68f9}, !- Other Equipment Definition Name
  {e1166775-97c1-407e-9578-3eacdf10cef7}, !- Space or SpaceType Name
  {e576217f-588c-4856-823f-2f072201a33f}, !- Schedule Name
  ,                                       !- Multiplier
  ,                                       !- Fuel Type
  duct load;                              !- End-Use Subcategory

OS:EnergyManagementSystem:Actuator,
  {39d172ff-92ff-4717-a747-edcf19b6f325}, !- Handle
  furnace_airloop_0_SupCondToLv_act,      !- Name
  {23b179ce-baf0-45b5-98ab-983014beecfe}, !- Actuated Component Name
  OtherEquipment,                         !- Actuated Component Type
  Power Level,                            !- Actuated Component Control Type
  {e1166775-97c1-407e-9578-3eacdf10cef7}; !- Zone or Space Name

OS:EnergyManagementSystem:GlobalVariable,
  {3ce2727c-f587-4b18-8601-a770a70f5ea2}, !- Handle
  furnace_airloop_0_RetCondToRP;          !- Name

OS:OtherEquipment:Definition,
  {3df72c16-a11d-4f0d-8a2c-d0cc8b95e01f}, !- Handle
  furnace airloop_0 RetCondToRP,          !- Name
  EquipmentLevel,                         !- Design Level Calculation Method
  0,                                      !- Design Level {W}
  ,                                       !- Watts per Space Floor Area {W/m2}
  ,                                       !- Watts per Person {W/Person}
  0,                                      !- Fraction Latent
  0,                                      !- Fraction Radiant
  0;                                      !- Fraction Lost

OS:OtherEquipment,
  {aca513ce-9be6-4c2a-8b65-3fd466d77f0b}, !- Handle
  furnace airloop_0 RetCondToRP,          !- Name
  {3df72c16-a11d-4f0d-8a2c-d0cc8b95e01f}, !- Other Equipment Definition Name
  {235464a4-29e0-4b87-b5aa-81a968b4b48c}, !- Space or SpaceType Name
  {e576217f-588c-4856-823f-2f072201a33f}, !- Schedule Name
  ,                                       !- Multiplier
  ,                                       !- Fuel Type
  duct load;                              !- End-Use Subcategory

OS:EnergyManagementSystem:Actuator,
  {8ba881e6-31e1-4e10-8b89-54865fec4ce1}, !- Handle
  furnace_airloop_0_RetCondToRP_act,      !- Name
  {aca513ce-9be6-4c2a-8b65-3fd466d77f0b}, !- Actuated Component Name
  OtherEquipment,                         !- Actuated Component Type
  Power Level,                            !- Actuated Component Control Type
  {235464a4-29e0-4b87-b5aa-81a968b4b48c}; !- Zone or Space Name

OS:EnergyManagementSystem:GlobalVariable,
  {6e15fc48-3457-4f35-942a-f0548347873e}, !- Handle
  furnace_airloop_0_RetSensLkToRP;        !- Name

OS:OtherEquipment:Definition,
  {64052ab0-d9c3-45d7-8265-854236bcf0af}, !- Handle
  furnace airloop_0 RetSensLkToRP,        !- Name
  EquipmentLevel,                         !- Design Level Calculation Method
  0,                                      !- Design Level {W}
  ,                                       !- Watts per Space Floor Area {W/m2}
  ,                                       !- Watts per Person {W/Person}
  0,                                      !- Fraction Latent
  0,                                      !- Fraction Radiant
  0;                                      !- Fraction Lost

OS:OtherEquipment,
  {be9942cc-03fb-489a-857e-699e9936b01d}, !- Handle
  furnace airloop_0 RetSensLkToRP,        !- Name
  {64052ab0-d9c3-45d7-8265-854236bcf0af}, !- Other Equipment Definition Name
  {235464a4-29e0-4b87-b5aa-81a968b4b48c}, !- Space or SpaceType Name
  {e576217f-588c-4856-823f-2f072201a33f}, !- Schedule Name
  ,                                       !- Multiplier
  ,                                       !- Fuel Type
  duct load;                              !- End-Use Subcategory

OS:EnergyManagementSystem:Actuator,
  {219f970a-2bbc-4f51-945b-1bc1233f1f60}, !- Handle
  furnace_airloop_0_RetSensLkToRP_act,    !- Name
  {be9942cc-03fb-489a-857e-699e9936b01d}, !- Actuated Component Name
  OtherEquipment,                         !- Actuated Component Type
  Power Level,                            !- Actuated Component Control Type
  {235464a4-29e0-4b87-b5aa-81a968b4b48c}; !- Zone or Space Name

OS:EnergyManagementSystem:GlobalVariable,
  {be1fc09e-2188-48a3-8f51-41d6a7bca9d9}, !- Handle
  furnace_airloop_0_RetLatLkToRP;         !- Name

OS:OtherEquipment:Definition,
  {71fef33d-9624-4706-a51f-b199c0c8d00b}, !- Handle
  furnace airloop_0 RetLatLkToRP,         !- Name
  EquipmentLevel,                         !- Design Level Calculation Method
  0,                                      !- Design Level {W}
  ,                                       !- Watts per Space Floor Area {W/m2}
  ,                                       !- Watts per Person {W/Person}
  1,                                      !- Fraction Latent
  0,                                      !- Fraction Radiant
  0;                                      !- Fraction Lost

OS:OtherEquipment,
  {06dfa331-2801-492b-a749-5b4a80afdae9}, !- Handle
  furnace airloop_0 RetLatLkToRP,         !- Name
  {71fef33d-9624-4706-a51f-b199c0c8d00b}, !- Other Equipment Definition Name
  {235464a4-29e0-4b87-b5aa-81a968b4b48c}, !- Space or SpaceType Name
  {e576217f-588c-4856-823f-2f072201a33f}, !- Schedule Name
  ,                                       !- Multiplier
  ,                                       !- Fuel Type
  duct load;                              !- End-Use Subcategory

OS:EnergyManagementSystem:Actuator,
  {84f7dd1f-7de3-4041-b9ba-ddeeebab2978}, !- Handle
  furnace_airloop_0_RetLatLkToRP_act,     !- Name
  {06dfa331-2801-492b-a749-5b4a80afdae9}, !- Actuated Component Name
  OtherEquipment,                         !- Actuated Component Type
  Power Level,                            !- Actuated Component Control Type
  {235464a4-29e0-4b87-b5aa-81a968b4b48c}; !- Zone or Space Name

OS:EnergyManagementSystem:GlobalVariable,
  {ba509f6c-7572-441a-b106-7d9587c7e394}, !- Handle
  furnace_airloop_0_SupCondToDZ;          !- Name

OS:OtherEquipment:Definition,
  {01eb22e5-d0d4-4a64-adfc-3d3ffb648b11}, !- Handle
  furnace airloop_0 SupCondToDZ,          !- Name
  EquipmentLevel,                         !- Design Level Calculation Method
  0,                                      !- Design Level {W}
  ,                                       !- Watts per Space Floor Area {W/m2}
  ,                                       !- Watts per Person {W/Person}
  0,                                      !- Fraction Latent
  0,                                      !- Fraction Radiant
  0;                                      !- Fraction Lost

OS:OtherEquipment,
  {c0d7a2bc-ed24-48fe-8ec8-a923aa9d5a7e}, !- Handle
  furnace airloop_0 SupCondToDZ,          !- Name
  {01eb22e5-d0d4-4a64-adfc-3d3ffb648b11}, !- Other Equipment Definition Name
  {f0820cd0-1afe-41a1-9be0-80b974b9e2a0}, !- Space or SpaceType Name
  {e576217f-588c-4856-823f-2f072201a33f}, !- Schedule Name
  ,                                       !- Multiplier
  ,                                       !- Fuel Type
  General;                                !- End-Use Subcategory

OS:EnergyManagementSystem:Actuator,
  {2caad1da-837d-4551-8d47-3bfab4abab5c}, !- Handle
  furnace_airloop_0_SupCondToDZ_act,      !- Name
  {c0d7a2bc-ed24-48fe-8ec8-a923aa9d5a7e}, !- Actuated Component Name
  OtherEquipment,                         !- Actuated Component Type
  Power Level,                            !- Actuated Component Control Type
  {f0820cd0-1afe-41a1-9be0-80b974b9e2a0}; !- Zone or Space Name

OS:EnergyManagementSystem:GlobalVariable,
  {11633526-0c27-4120-9851-9a4b654a5a3c}, !- Handle
  furnace_airloop_0_RetCondToDZ;          !- Name

OS:OtherEquipment:Definition,
  {10b7b79e-0070-4a03-8b07-ec67ab1bff67}, !- Handle
  furnace airloop_0 RetCondToDZ,          !- Name
  EquipmentLevel,                         !- Design Level Calculation Method
  0,                                      !- Design Level {W}
  ,                                       !- Watts per Space Floor Area {W/m2}
  ,                                       !- Watts per Person {W/Person}
  0,                                      !- Fraction Latent
  0,                                      !- Fraction Radiant
  0;                                      !- Fraction Lost

OS:OtherEquipment,
  {c74e91de-4eab-4338-a118-d9e72fe787f8}, !- Handle
  furnace airloop_0 RetCondToDZ,          !- Name
  {10b7b79e-0070-4a03-8b07-ec67ab1bff67}, !- Other Equipment Definition Name
  {f0820cd0-1afe-41a1-9be0-80b974b9e2a0}, !- Space or SpaceType Name
  {e576217f-588c-4856-823f-2f072201a33f}, !- Schedule Name
  ,                                       !- Multiplier
  ,                                       !- Fuel Type
  General;                                !- End-Use Subcategory

OS:EnergyManagementSystem:Actuator,
  {12cea95c-dda0-4f72-ad46-1fe2c322e06a}, !- Handle
  furnace_airloop_0_RetCondToDZ_act,      !- Name
  {c74e91de-4eab-4338-a118-d9e72fe787f8}, !- Actuated Component Name
  OtherEquipment,                         !- Actuated Component Type
  Power Level,                            !- Actuated Component Control Type
  {f0820cd0-1afe-41a1-9be0-80b974b9e2a0}; !- Zone or Space Name

OS:EnergyManagementSystem:GlobalVariable,
  {15cd9d80-d3c0-4e8b-8fa1-8c43b56ec1a3}, !- Handle
  furnace_airloop_0_SupSensLkToDZ;        !- Name

OS:OtherEquipment:Definition,
  {33dd5023-0c35-4640-a443-9b8afdcce798}, !- Handle
  furnace airloop_0 SupSensLkToDZ,        !- Name
  EquipmentLevel,                         !- Design Level Calculation Method
  0,                                      !- Design Level {W}
  ,                                       !- Watts per Space Floor Area {W/m2}
  ,                                       !- Watts per Person {W/Person}
  0,                                      !- Fraction Latent
  0,                                      !- Fraction Radiant
  0;                                      !- Fraction Lost

OS:OtherEquipment,
  {097de4e9-9839-49fb-b37f-9049594d735b}, !- Handle
  furnace airloop_0 SupSensLkToDZ,        !- Name
  {33dd5023-0c35-4640-a443-9b8afdcce798}, !- Other Equipment Definition Name
  {f0820cd0-1afe-41a1-9be0-80b974b9e2a0}, !- Space or SpaceType Name
  {e576217f-588c-4856-823f-2f072201a33f}, !- Schedule Name
  ,                                       !- Multiplier
  ,                                       !- Fuel Type
  General;                                !- End-Use Subcategory

OS:EnergyManagementSystem:Actuator,
  {11403f0a-7fa0-48c6-998a-911d5a940d7a}, !- Handle
  furnace_airloop_0_SupSensLkToDZ_act,    !- Name
  {097de4e9-9839-49fb-b37f-9049594d735b}, !- Actuated Component Name
  OtherEquipment,                         !- Actuated Component Type
  Power Level,                            !- Actuated Component Control Type
  {f0820cd0-1afe-41a1-9be0-80b974b9e2a0}; !- Zone or Space Name

OS:EnergyManagementSystem:GlobalVariable,
  {0e594b80-849d-4498-bb91-5323fe50ad43}, !- Handle
  furnace_airloop_0_SupLatLkToDZ;         !- Name

OS:OtherEquipment:Definition,
  {6bd66ae6-cca6-40db-8124-0270ffefdb6a}, !- Handle
  furnace airloop_0 SupLatLkToDZ,         !- Name
  EquipmentLevel,                         !- Design Level Calculation Method
  0,                                      !- Design Level {W}
  ,                                       !- Watts per Space Floor Area {W/m2}
  ,                                       !- Watts per Person {W/Person}
  1,                                      !- Fraction Latent
  0,                                      !- Fraction Radiant
  0;                                      !- Fraction Lost

OS:OtherEquipment,
  {308b08a7-559e-4724-b482-17bf084d5123}, !- Handle
  furnace airloop_0 SupLatLkToDZ,         !- Name
  {6bd66ae6-cca6-40db-8124-0270ffefdb6a}, !- Other Equipment Definition Name
  {f0820cd0-1afe-41a1-9be0-80b974b9e2a0}, !- Space or SpaceType Name
  {e576217f-588c-4856-823f-2f072201a33f}, !- Schedule Name
  ,                                       !- Multiplier
  ,                                       !- Fuel Type
  General;                                !- End-Use Subcategory

OS:EnergyManagementSystem:Actuator,
  {d39b7fcb-7cda-4b2e-bf5c-55f25ad1c05c}, !- Handle
  furnace_airloop_0_SupLatLkToDZ_act,     !- Name
  {308b08a7-559e-4724-b482-17bf084d5123}, !- Actuated Component Name
  OtherEquipment,                         !- Actuated Component Type
  Power Level,                            !- Actuated Component Control Type
  {f0820cd0-1afe-41a1-9be0-80b974b9e2a0}; !- Zone or Space Name

OS:EnergyManagementSystem:GlobalVariable,
  {40ae737d-f815-4513-b9ee-3eee928e4bc7}, !- Handle
  furnace_airloop_0_ZoneMixDZToCond;      !- Name

OS:ZoneMixing,
  {a4c8c2d6-7be6-4cf3-8dea-bf8d7b1e1733}, !- Handle
  furnace airloop_0 ZoneMixDZToCond mix,  !- Name
  {cf144433-f66c-4e64-bb50-06bd20bb1eb7}, !- Zone or Space Name
  {e9d98b33-6bbf-4ede-bd8a-50b63d9486ef}, !- Schedule Name
  Flow/Zone,                              !- Design Flow Rate Calculation Method
  0,                                      !- Design Flow Rate {m3/s}
  ,                                       !- Flow Rate per Floor Area {m3/s-m2}
  ,                                       !- Flow Rate per Person {m3/s-person}
  ,                                       !- Air Changes per Hour {1/hr}
  {62a4303b-312c-4390-aac0-55f9400599bc}, !- Source Zone or Space Name
  ,                                       !- Delta Temperature {deltaC}
  ,                                       !- Delta Temperature Schedule Name
  ,                                       !- Minimum Receiving Temperature Schedule Name
  ,                                       !- Maximum Receiving Temperature Schedule Name
  ,                                       !- Minimum Source Temperature Schedule Name
  ,                                       !- Maximum Source Temperature Schedule Name
  ,                                       !- Minimum Outdoor Temperature Schedule Name
  ;                                       !- Maximum Outdoor Temperature Schedule Name

OS:Schedule:Constant,
  {e9d98b33-6bbf-4ede-bd8a-50b63d9486ef}, !- Handle
  Always On Continuous,                   !- Name
  {966d66a8-ea00-4cfc-9b12-4532c4fb72c9}, !- Schedule Type Limits Name
  1;                                      !- Value

OS:ScheduleTypeLimits,
  {966d66a8-ea00-4cfc-9b12-4532c4fb72c9}, !- Handle
  Fractional 1,                           !- Name
  0,                                      !- Lower Limit Value
  1,                                      !- Upper Limit Value
  Continuous,                             !- Numeric Type
  ;                                       !- Unit Type

OS:AdditionalProperties,
  {d42cdd9f-b202-4e24-90fb-4427ff2f8fa4}, !- Handle
  {a4c8c2d6-7be6-4cf3-8dea-bf8d7b1e1733}, !- Object Name
  ObjectType,                             !- Feature Name 1
  String,                                 !- Feature Data Type 1
  duct load;                              !- Feature Value 1

OS:EnergyManagementSystem:Actuator,
  {bc497b09-1ec3-4e05-8030-9c5752078516}, !- Handle
  furnace_airloop_0_ZoneMixDZToCond_mix_act, !- Name
  {a4c8c2d6-7be6-4cf3-8dea-bf8d7b1e1733}, !- Actuated Component Name
  ZoneMixing,                             !- Actuated Component Type
  Air Exchange Flow Rate,                 !- Actuated Component Control Type
  ;                                       !- Zone or Space Name

OS:EnergyManagementSystem:GlobalVariable,
  {21990194-f72e-4491-9a0b-f2893cc59cf6}, !- Handle
  furnace_airloop_0_ZoneMixCondToDZ;      !- Name

OS:ZoneMixing,
  {46d22ead-2b3a-4a9e-b4ce-e6666ee7bc53}, !- Handle
  furnace airloop_0 ZoneMixCondToDZ mix,  !- Name
  {62a4303b-312c-4390-aac0-55f9400599bc}, !- Zone or Space Name
  {e9d98b33-6bbf-4ede-bd8a-50b63d9486ef}, !- Schedule Name
  Flow/Zone,                              !- Design Flow Rate Calculation Method
  0,                                      !- Design Flow Rate {m3/s}
  ,                                       !- Flow Rate per Floor Area {m3/s-m2}
  ,                                       !- Flow Rate per Person {m3/s-person}
  ,                                       !- Air Changes per Hour {1/hr}
  {cf144433-f66c-4e64-bb50-06bd20bb1eb7}, !- Source Zone or Space Name
  ,                                       !- Delta Temperature {deltaC}
  ,                                       !- Delta Temperature Schedule Name
  ,                                       !- Minimum Receiving Temperature Schedule Name
  ,                                       !- Maximum Receiving Temperature Schedule Name
  ,                                       !- Minimum Source Temperature Schedule Name
  ,                                       !- Maximum Source Temperature Schedule Name
  ,                                       !- Minimum Outdoor Temperature Schedule Name
  ;                                       !- Maximum Outdoor Temperature Schedule Name

OS:AdditionalProperties,
  {ea131cbe-ef63-4309-8000-7e3c065c475c}, !- Handle
  {46d22ead-2b3a-4a9e-b4ce-e6666ee7bc53}, !- Object Name
  ObjectType,                             !- Feature Name 1
  String,                                 !- Feature Data Type 1
  duct load;                              !- Feature Value 1

OS:EnergyManagementSystem:Actuator,
  {c54e6ff4-a3ea-430a-8484-d5aabc91e30f}, !- Handle
  furnace_airloop_0_ZoneMixCondToDZ_mix_act, !- Name
  {46d22ead-2b3a-4a9e-b4ce-e6666ee7bc53}, !- Actuated Component Name
  ZoneMixing,                             !- Actuated Component Type
  Air Exchange Flow Rate,                 !- Actuated Component Control Type
  ;                                       !- Zone or Space Name

OS:EnergyManagementSystem:GlobalVariable,
  {bd927f00-b53c-4d46-a3f6-a6225132141d}, !- Handle
  furnace_airloop_0_DuctImbalLkSupFanEquivCond; !- Name

OS:EnergyManagementSystem:GlobalVariable,
  {7ccdd4d8-1550-4757-bc39-28ea0af454a9}, !- Handle
  furnace_airloop_0_DuctImbalLkExhFanEquivCond; !- Name

OS:EnergyManagementSystem:GlobalVariable,
  {2a28ae0c-96f8-4c9a-b191-ab37f8a72a0b}, !- Handle
  furnace_airloop_0_DuctImbalLkSupFanEquivDZ; !- Name

OS:EnergyManagementSystem:GlobalVariable,
  {57fa2599-c956-412a-aa8f-f4250d2f7a00}, !- Handle
  furnace_airloop_0_DuctImbalLkExhFanEquivDZ; !- Name

OS:EnergyManagementSystem:Subroutine,
  {af6f6b80-bd34-40b2-b297-67090d87fc93}, !- Handle
  furnace_airloop_0_duct_subroutine,      !- Name
  Set AH_MFR = furnace_airloop_AH_MFR / 1, !- Program Line 1
  If AH_MFR > 0,                          !- Program Line 2
  Set AH_Tout = furnace_airloop_AH_Tout,  !- Program Line 3
  Set AH_Wout = furnace_airloop_AH_Wout,  !- Program Line 4
  Set RA_T = furnace_airloop_RA_T,        !- Program Line 5
  Set RA_W = furnace_airloop_Ra_W,        !- Program Line 6
  Set Fan_RTF = furnace_airloop_Fan_RTF,  !- Program Line 7
  Set DZ_T = furnace_airloop_0_DZ_T,      !- Program Line 8
  Set DZ_W = furnace_airloop_0_DZ_W,      !- Program Line 9
  Set AH_VFR = furnace_airloop_AH_VFR / 1, !- Program Line 10
  Set h_SA = (@HFnTdbW AH_Tout AH_Wout),  !- Program Line 11
  Set h_RA = (@HFnTdbW RA_T RA_W),        !- Program Line 12
  Set h_fg = (@HfgAirFnWTdb AH_Wout AH_Tout), !- Program Line 13
  Set h_DZ = (@HFnTdbW DZ_T DZ_W),        !- Program Line 14
  Set air_cp = 1006.0,                    !- Program Line 15
  Set f_sup = 0.19999999999999998,        !- Program Line 16
  Set f_ret = 0.1,                        !- Program Line 17
  Set sup_lk_mfr = f_sup * AH_MFR,        !- Program Line 18
  Set ret_lk_mfr = f_ret * AH_MFR,        !- Program Line 19
  Set SupTotLkToCond = sup_lk_mfr*(h_RA - h_SA), !- Program Line 20
  Set SupLatLkToCond = sup_lk_mfr*h_fg*(RA_W-AH_Wout), !- Program Line 21
  Set SupSensLkToCond = SupTotLkToCond-SupLatLkToCond, !- Program Line 22
  Set supply_ua = 102.881,                !- Program Line 23
  Set eTm = 0-((Fan_RTF/(AH_MFR*air_cp))*supply_ua), !- Program Line 24
  Set t_sup = DZ_T+((AH_Tout-DZ_T)*(@Exp eTm)), !- Program Line 25
  Set SupCondToCond = AH_MFR*air_cp*(t_sup-AH_Tout), !- Program Line 26
  Set SupCondToDZ = 0-SupCondToCond,      !- Program Line 27
  Set return_ua = 19.052,                 !- Program Line 28
  Set eTm = 0-((Fan_RTF/(AH_MFR*air_cp))*return_ua), !- Program Line 29
  Set t_ret = DZ_T+((RA_T-DZ_T)*(@Exp eTm)), !- Program Line 30
  Set RetCondToRP = AH_MFR*air_cp*(t_ret-RA_T), !- Program Line 31
  Set RetCondToDZ = 0-RetCondToRP,        !- Program Line 32
  Set RetLatLkToRP = 0,                   !- Program Line 33
  Set RetSensLkToRP = ret_lk_mfr*air_cp*(DZ_T-RA_T), !- Program Line 34
  Set SupTotLkToDZ = sup_lk_mfr*(h_SA-h_DZ), !- Program Line 35
  Set SupLatLkToDZ = sup_lk_mfr*h_fg*(AH_Wout-DZ_W), !- Program Line 36
  Set SupSensLkToDZ = SupTotLkToDZ-SupLatLkToDZ, !- Program Line 37
  Set FracOutsideToCond = 1.0,            !- Program Line 38
  Set FracOutsideToDZ = 0.0,              !- Program Line 39
  Set FracCondToOutside = 0.0,            !- Program Line 40
  Set FracDZToOutside = 1.0,              !- Program Line 41
  Set FracDZToCond = 0.0,                 !- Program Line 42
  Set FracCondToDZ = 0.0,                 !- Program Line 43
  Set lk_imbal_vfr = @ABS(f_sup - f_ret) * AH_VFR, !- Program Line 44
  Set ImbalLkCondToDZ = lk_imbal_vfr * FracCondToDZ, !- Program Line 45
  Set ImbalLkDZToCond = lk_imbal_vfr * FracDZToCond, !- Program Line 46
  Set ImbalLkOutsideToCond = lk_imbal_vfr * FracOutsideToCond, !- Program Line 47
  Set ImbalLkOutsideToDZ = lk_imbal_vfr * FracOutsideToDZ, !- Program Line 48
  Set ImbalLkCondToOutside = lk_imbal_vfr * FracCondToOutside, !- Program Line 49
  Set ImbalLkDZToOutside = lk_imbal_vfr * FracDZToOutside, !- Program Line 50
  Else,                                   !- Program Line 51
  Set SupLatLkToCond = 0,                 !- Program Line 52
  Set SupSensLkToCond = 0,                !- Program Line 53
  Set SupCondToCond = 0,                  !- Program Line 54
  Set RetCondToRP = 0,                    !- Program Line 55
  Set RetLatLkToRP = 0,                   !- Program Line 56
  Set RetSensLkToRP = 0,                  !- Program Line 57
  Set RetCondToDZ = 0,                    !- Program Line 58
  Set SupCondToDZ = 0,                    !- Program Line 59
  Set SupLatLkToDZ = 0,                   !- Program Line 60
  Set SupSensLkToDZ = 0,                  !- Program Line 61
  Set ImbalLkCondToDZ = 0,                !- Program Line 62
  Set ImbalLkDZToCond = 0,                !- Program Line 63
  Set ImbalLkOutsideToCond = 0,           !- Program Line 64
  Set ImbalLkOutsideToDZ = 0,             !- Program Line 65
  Set ImbalLkCondToOutside = 0,           !- Program Line 66
  Set ImbalLkDZToOutside = 0,             !- Program Line 67
  EndIf,                                  !- Program Line 68
  Set furnace_airloop_0_SupLatLkToCond = SupLatLkToCond, !- Program Line 69
  Set furnace_airloop_0_SupSensLkToCond = SupSensLkToCond, !- Program Line 70
  Set furnace_airloop_0_SupCondToLv = SupCondToCond, !- Program Line 71
  Set furnace_airloop_0_RetCondToRP = RetCondToRP, !- Program Line 72
  Set furnace_airloop_0_RetLatLkToRP = RetLatLkToRP, !- Program Line 73
  Set furnace_airloop_0_RetSensLkToRP = RetSensLkToRP, !- Program Line 74
  Set furnace_airloop_0_RetCondToDZ = RetCondToDZ, !- Program Line 75
  Set furnace_airloop_0_SupCondToDZ = SupCondToDZ, !- Program Line 76
  Set furnace_airloop_0_SupLatLkToDZ = SupLatLkToDZ, !- Program Line 77
  Set furnace_airloop_0_SupSensLkToDZ = SupSensLkToDZ, !- Program Line 78
  Set furnace_airloop_0_ZoneMixCondToDZ = ImbalLkCondToDZ, !- Program Line 79
  Set furnace_airloop_0_ZoneMixDZToCond = ImbalLkDZToCond, !- Program Line 80
  Set furnace_airloop_0_DuctImbalLkSupFanEquivCond = ImbalLkCondToOutside, !- Program Line 81
  Set furnace_airloop_0_DuctImbalLkExhFanEquivCond = ImbalLkOutsideToCond, !- Program Line 82
  Set furnace_airloop_0_DuctImbalLkSupFanEquivDZ = ImbalLkDZToOutside, !- Program Line 83
  Set furnace_airloop_0_DuctImbalLkExhFanEquivDZ = ImbalLkOutsideToDZ; !- Program Line 84

OS:EnergyManagementSystem:Program,
  {4b67a40b-34ff-441b-9c7f-5c3a90896ed6}, !- Handle
  furnace_airloop_0_duct_program,         !- Name
  Set furnace_airloop_AH_MFR = furnace_airloop_AH_MFR_s, !- Program Line 1
  Set furnace_airloop_Fan_RTF = 0,        !- Program Line 2
  Set furnace_airloop_Fan_RTF = furnace_airloop_Fan_RTF + furnace_airloop_Fan_RTF_s, !- Program Line 3
  Set furnace_airloop_AH_VFR = furnace_airloop_AH_VFR_s, !- Program Line 4
  Set furnace_airloop_AH_Tout = furnace_airloop_AH_Tout_s, !- Program Line 5
  Set furnace_airloop_AH_Wout = furnace_airloop_AH_Wout_s, !- Program Line 6
  Set furnace_airloop_RA_T = furnace_airloop_RA_T_s, !- Program Line 7
  Set furnace_airloop_Ra_W = furnace_airloop_Ra_W_s, !- Program Line 8
  Set furnace_airloop_0_DZ_T = furnace_airloop_0_DZ_T_s, !- Program Line 9
  Set furnace_airloop_0_DZ_W = furnace_airloop_0_DZ_W_s, !- Program Line 10
  Run furnace_airloop_0_duct_subroutine,  !- Program Line 11
  Set furnace_airloop_0_SupSensLkToCond_act = furnace_airloop_0_SupSensLkToCond, !- Program Line 12
  Set furnace_airloop_0_SupLatLkToCond_act = furnace_airloop_0_SupLatLkToCond, !- Program Line 13
  Set furnace_airloop_0_SupCondToLv_act = furnace_airloop_0_SupCondToLv, !- Program Line 14
  Set furnace_airloop_0_RetSensLkToRP_act = furnace_airloop_0_RetSensLkToRP, !- Program Line 15
  Set furnace_airloop_0_RetLatLkToRP_act = furnace_airloop_0_RetLatLkToRP, !- Program Line 16
  Set furnace_airloop_0_RetCondToRP_act = furnace_airloop_0_RetCondToRP, !- Program Line 17
  Set furnace_airloop_0_RetCondToDZ_act = furnace_airloop_0_RetCondToDZ, !- Program Line 18
  Set furnace_airloop_0_SupCondToDZ_act = furnace_airloop_0_SupCondToDZ, !- Program Line 19
  Set furnace_airloop_0_SupSensLkToDZ_act = furnace_airloop_0_SupSensLkToDZ, !- Program Line 20
  Set furnace_airloop_0_SupLatLkToDZ_act = furnace_airloop_0_SupLatLkToDZ, !- Program Line 21
  Set furnace_airloop_0_ZoneMixDZToCond_mix_act = furnace_airloop_0_ZoneMixDZToCond, !- Program Line 22
  Set furnace_airloop_0_ZoneMixCondToDZ_mix_act = furnace_airloop_0_ZoneMixCondToDZ; !- Program Line 23

OS:EnergyManagementSystem:ProgramCallingManager,
  {56e29d47-05b2-487a-8c91-464e554eedf8}, !- Handle
  furnace_airloop_0_duct_program_calling_manager, !- Name
  EndOfSystemTimestepAfterHVACReporting,  !- EnergyPlus Model Calling Point
  {4b67a40b-34ff-441b-9c7f-5c3a90896ed6}; !- Program Name 1

OS:Schedule:Ruleset,
  {69f4ed76-d9e1-4e79-8037-f9510d62cc79}, !- Handle
  natural vent schedule,                  !- Name
  {70d3c043-f430-4372-b929-0cec16a02da8}, !- Schedule Type Limits Name
  {fb147fe4-9a94-44ac-9e61-12e4782cc106}; !- Default Day Schedule Name

OS:Schedule:Day,
  {fb147fe4-9a94-44ac-9e61-12e4782cc106}, !- Handle
  natural vent schedule default day,      !- Name
  {70d3c043-f430-4372-b929-0cec16a02da8}, !- Schedule Type Limits Name
  ,                                       !- Interpolate to Timestep
  24,                                     !- Hour 1
  0,                                      !- Minute 1
  0;                                      !- Value Until Time 1

OS:Schedule:Rule,
  {73239010-5801-4e21-a49b-fce6505b809b}, !- Handle
  natural vent schedule rule,             !- Name
  {69f4ed76-d9e1-4e79-8037-f9510d62cc79}, !- Schedule Ruleset Name
  0,                                      !- Rule Order
  {e820c795-f6ed-400a-a14f-b0ed49b50e7a}, !- Day Schedule Name
  No,                                     !- Apply Sunday
  Yes,                                    !- Apply Monday
  No,                                     !- Apply Tuesday
  Yes,                                    !- Apply Wednesday
  No,                                     !- Apply Thursday
  Yes,                                    !- Apply Friday
  No,                                     !- Apply Saturday
  DateRange,                              !- Date Specification Type
  1,                                      !- Start Month
  1,                                      !- Start Day
  12,                                     !- End Month
  31;                                     !- End Day

OS:Schedule:Day,
  {e820c795-f6ed-400a-a14f-b0ed49b50e7a}, !- Handle
  natural vent schedule day,              !- Name
  {70d3c043-f430-4372-b929-0cec16a02da8}, !- Schedule Type Limits Name
  ,                                       !- Interpolate to Timestep
  24,                                     !- Hour 1
  0,                                      !- Minute 1
  1;                                      !- Value Until Time 1

OS:EnergyManagementSystem:Sensor,
  {f4fe48f9-fa24-4fba-89e7-03be9fb7b34e}, !- Handle
  natural_vent_s,                         !- Name
  natural vent schedule,                  !- Output Variable or Output Meter Index Key Name
  Schedule Value;                         !- Output Variable or Output Meter Name

OS:EnergyManagementSystem:Sensor,
  {4adb3830-de94-4fe2-a249-adbae2db11ad}, !- Handle
  htg_sp_s,                               !- Name
  heating setpoint,                       !- Output Variable or Output Meter Index Key Name
  Schedule Value;                         !- Output Variable or Output Meter Name

OS:EnergyManagementSystem:Sensor,
  {18745dfb-e79a-4aff-ae5e-e87b88f83e1f}, !- Handle
  clg_sp_s,                               !- Name
  cooling setpoint,                       !- Output Variable or Output Meter Index Key Name
  Schedule Value;                         !- Output Variable or Output Meter Name

OS:SpaceInfiltration:DesignFlowRate,
  {489cd9f9-63cf-43f0-95ac-d1518f0a66c6}, !- Handle
  natural vent flow,                      !- Name
  {e1166775-97c1-407e-9578-3eacdf10cef7}, !- Space or SpaceType Name
  {e576217f-588c-4856-823f-2f072201a33f}, !- Schedule Name
  Flow/Space,                             !- Design Flow Rate Calculation Method
  0,                                      !- Design Flow Rate {m3/s}
  ,                                       !- Flow per Space Floor Area {m3/s-m2}
  ,                                       !- Flow per Exterior Surface Area {m3/s-m2}
  ,                                       !- Air Changes per Hour {1/hr}
  ,                                       !- Constant Term Coefficient
  ,                                       !- Temperature Term Coefficient
  ,                                       !- Velocity Term Coefficient
  ;                                       !- Velocity Squared Term Coefficient

OS:AdditionalProperties,
  {75b1a25f-1108-4eff-9822-238da0f76a0c}, !- Handle
  {489cd9f9-63cf-43f0-95ac-d1518f0a66c6}, !- Object Name
  ObjectType,                             !- Feature Name 1
  String,                                 !- Feature Data Type 1
  natural vent;                           !- Feature Value 1

OS:EnergyManagementSystem:Actuator,
  {4f40145f-6a99-4577-bb2e-b4ae50c92d08}, !- Handle
  natural_vent_flow_act,                  !- Name
  {489cd9f9-63cf-43f0-95ac-d1518f0a66c6}, !- Actuated Component Name
  Zone Infiltration,                      !- Actuated Component Type
  Air Exchange Flow Rate,                 !- Actuated Component Control Type
  ;                                       !- Zone or Space Name

OS:SpaceInfiltration:DesignFlowRate,
  {57724dcb-c258-4e6a-8fff-d62545f249db}, !- Handle
  whole house fan flow,                   !- Name
  {e1166775-97c1-407e-9578-3eacdf10cef7}, !- Space or SpaceType Name
  {e576217f-588c-4856-823f-2f072201a33f}, !- Schedule Name
  Flow/Space,                             !- Design Flow Rate Calculation Method
  0,                                      !- Design Flow Rate {m3/s}
  ,                                       !- Flow per Space Floor Area {m3/s-m2}
  ,                                       !- Flow per Exterior Surface Area {m3/s-m2}
  ,                                       !- Air Changes per Hour {1/hr}
  ,                                       !- Constant Term Coefficient
  ,                                       !- Temperature Term Coefficient
  ,                                       !- Velocity Term Coefficient
  ;                                       !- Velocity Squared Term Coefficient

OS:AdditionalProperties,
  {0e6e3443-6346-4944-9917-ce35d417d633}, !- Handle
  {57724dcb-c258-4e6a-8fff-d62545f249db}, !- Object Name
  ObjectType,                             !- Feature Name 1
  String,                                 !- Feature Data Type 1
  whole house fan;                        !- Feature Value 1

OS:EnergyManagementSystem:Actuator,
  {b13cb812-1d56-4ce5-8dff-594c748182ed}, !- Handle
  whole_house_fan_flow_act,               !- Name
  {57724dcb-c258-4e6a-8fff-d62545f249db}, !- Actuated Component Name
  Zone Infiltration,                      !- Actuated Component Type
  Air Exchange Flow Rate,                 !- Actuated Component Control Type
  ;                                       !- Zone or Space Name

OS:ElectricEquipment:Definition,
  {9ba3003f-94c5-4190-b732-46a4f196278a}, !- Handle
  whole house fan,                        !- Name
  EquipmentLevel,                         !- Design Level Calculation Method
  0,                                      !- Design Level {W}
  ,                                       !- Watts per Space Floor Area {W/m2}
  ,                                       !- Watts per Person {W/person}
  0,                                      !- Fraction Latent
  0,                                      !- Fraction Radiant
  1;                                      !- Fraction Lost

OS:ElectricEquipment,
  {54f16af4-3db5-499c-ae47-e430718e230a}, !- Handle
  whole house fan,                        !- Name
  {9ba3003f-94c5-4190-b732-46a4f196278a}, !- Electric Equipment Definition Name
  {e1166775-97c1-407e-9578-3eacdf10cef7}, !- Space or SpaceType Name
  {e576217f-588c-4856-823f-2f072201a33f}, !- Schedule Name
  ,                                       !- Multiplier
  whole house fan;                        !- End-Use Subcategory

OS:EnergyManagementSystem:Actuator,
  {f42040cf-4179-4fd7-a5e2-e5f38e9fd1ce}, !- Handle
  whole_house_fan_act,                    !- Name
  {54f16af4-3db5-499c-ae47-e430718e230a}, !- Actuated Component Name
  ElectricEquipment,                      !- Actuated Component Type
  Electricity Rate,                       !- Actuated Component Control Type
  {e1166775-97c1-407e-9578-3eacdf10cef7}; !- Zone or Space Name

OS:EnergyManagementSystem:Program,
  {cdf4ab17-3ba0-4614-a934-5274f8a876c2}, !- Handle
  natural_vent_program,                   !- Name
  Set Tin = tin_s,                        !- Program Line 1
  Set Tout = tout_s,                      !- Program Line 2
  Set Wout = out_wt_s,                    !- Program Line 3
  Set Pbar = out_pb_s,                    !- Program Line 4
  Set Phiout = (@RhFnTdbWPb Tout Wout Pbar), !- Program Line 5
  Set MaxHR = 0.0115,                     !- Program Line 6
  Set Tnvsp = (htg_sp_s + clg_sp_s) / 2,  !- Program Line 7
  Set NVavail = natural_vent_s,           !- Program Line 8
  Set ClgSsnAvail = cool_season,          !- Program Line 9
  Set Qnv = 0,                            !- Program Line 10
  Set Qwhf = 0,                           !- Program Line 11
  Set whole_house_fan_act = 0,            !- Program Line 12
  If ((Wout < MaxHR) && (Tin > Tout) && (Tin > Tnvsp) && (ClgSsnAvail > 0)), !- Program Line 13
  Set WHF_Flow = 0,                       !- Program Line 14
  Set Adj = (Tin-Tnvsp)/(Tin-Tout),       !- Program Line 15
  Set Adj = (@Min Adj 1),                 !- Program Line 16
  Set Adj = (@Max Adj 0),                 !- Program Line 17
  If (WHF_Flow > 0),                      !- Program Line 18
  Set Qwhf = WHF_Flow*Adj,                !- Program Line 19
  Set WHF_W = 0,                          !- Program Line 20
  Set whole_house_fan_act = WHF_W*Adj,    !- Program Line 21
  ElseIf (NVavail > 0),                   !- Program Line 22
  Set NVArea = 4683.3165688320005,        !- Program Line 23
  Set Cs = 8.968567957270247e-05,         !- Program Line 24
  Set Cw = 6.531778328561744e-05,         !- Program Line 25
  Set Tdiff = Tin-Tout,                   !- Program Line 26
  Set dT = (@Abs Tdiff),                  !- Program Line 27
  Set Vwind = site_vw_s,                  !- Program Line 28
  Set SGNV = NVArea*Adj*((((Cs*dT)+(Cw*(Vwind^2)))^0.5)/1000), !- Program Line 29
  Set MaxNV = 1.5454705606656003,         !- Program Line 30
  Set Qnv = (@Min SGNV MaxNV),            !- Program Line 31
  EndIf,                                  !- Program Line 32
  EndIf,                                  !- Program Line 33
  Set natural_vent_flow_act = Qnv,        !- Program Line 34
  Set whole_house_fan_flow_act = Qwhf,    !- Program Line 35
  Set natural_vent_program_Qnv = Qnv,     !- Program Line 36
  Set natural_vent_program_Qwhf = Qwhf;   !- Program Line 37

OS:AdditionalProperties,
  {c0edfd9c-b7fd-4f38-8263-47df60267106}, !- Handle
  {cdf4ab17-3ba0-4614-a934-5274f8a876c2}, !- Object Name
  ObjectType,                             !- Feature Name 1
  String,                                 !- Feature Data Type 1
  natural vent;                           !- Feature Value 1

OS:EnergyManagementSystem:ProgramCallingManager,
  {ca25face-24db-4607-938b-71c6edfcaf19}, !- Handle
  natural_vent_program_calling_manager,   !- Name
  BeginZoneTimestepAfterInitHeatBalance,  !- EnergyPlus Model Calling Point
  {cdf4ab17-3ba0-4614-a934-5274f8a876c2}; !- Program Name 1

OS:EnergyManagementSystem:GlobalVariable,
  {de8e845f-b6ad-48c8-a997-bd129fb61d72}, !- Handle
  natural_vent_program_Qnv;               !- Name

OS:EnergyManagementSystem:GlobalVariable,
  {64613fb0-54e0-4688-8ae5-1abc9caeeccc}, !- Handle
  natural_vent_program_Qwhf;              !- Name

OS:AdditionalProperties,
  {27cfa6a2-1366-4845-8139-0325f2df4cac}, !- Handle
  {de8e845f-b6ad-48c8-a997-bd129fb61d72}, !- Object Name
  ObjectType,                             !- Feature Name 1
  String,                                 !- Feature Data Type 1
  natural vent;                           !- Feature Value 1

OS:AdditionalProperties,
  {395e6a3a-778b-445f-b80e-768475a54440}, !- Handle
  {64613fb0-54e0-4688-8ae5-1abc9caeeccc}, !- Object Name
  ObjectType,                             !- Feature Name 1
  String,                                 !- Feature Data Type 1
  whole house fan;                        !- Feature Value 1

OS:SpaceInfiltration:EffectiveLeakageArea,
  {d8937ef1-b025-48a6-a11a-c6124bec338d}, !- Handle
  infil garage 1,                         !- Name
  {cc707bb5-9bfe-4604-9eeb-f1c22abc4f25}, !- Space or SpaceType Name
  {e576217f-588c-4856-823f-2f072201a33f}, !- Schedule Name
  407.75519742152,                        !- Effective Air Leakage Area {cm2}
  0.000129147378584692,                   !- Stack Coefficient
  4.64656772065491e-05;                   !- Wind Coefficient

OS:SpaceInfiltration:DesignFlowRate,
  {5d177ac8-514f-4011-8f62-92463ced3b15}, !- Handle
  infil crawlspace - vented 1,            !- Name
  {f0820cd0-1afe-41a1-9be0-80b974b9e2a0}, !- Space or SpaceType Name
  {e576217f-588c-4856-823f-2f072201a33f}, !- Schedule Name
  AirChanges/Hour,                        !- Design Flow Rate Calculation Method
  ,                                       !- Design Flow Rate {m3/s}
  ,                                       !- Flow per Space Floor Area {m3/s-m2}
  ,                                       !- Flow per Exterior Surface Area {m3/s-m2}
  2.60129669588333,                       !- Air Changes per Hour {1/hr}
  1,                                      !- Constant Term Coefficient
  0,                                      !- Temperature Term Coefficient
  0,                                      !- Velocity Term Coefficient
  0;                                      !- Velocity Squared Term Coefficient

OS:SpaceInfiltration:DesignFlowRate,
  {a986faba-bcfb-4719-a290-18fc4be0e353}, !- Handle
  crawlspace_vented 1 duct leakage imbalance infil flow, !- Name
  {f0820cd0-1afe-41a1-9be0-80b974b9e2a0}, !- Space or SpaceType Name
  {e576217f-588c-4856-823f-2f072201a33f}, !- Schedule Name
  Flow/Space,                             !- Design Flow Rate Calculation Method
  0,                                      !- Design Flow Rate {m3/s}
  ,                                       !- Flow per Space Floor Area {m3/s-m2}
  ,                                       !- Flow per Exterior Surface Area {m3/s-m2}
  ,                                       !- Air Changes per Hour {1/hr}
  ,                                       !- Constant Term Coefficient
  ,                                       !- Temperature Term Coefficient
  ,                                       !- Velocity Term Coefficient
  ;                                       !- Velocity Squared Term Coefficient

OS:EnergyManagementSystem:Actuator,
  {d3721807-0831-490a-8060-83d29491b8d3}, !- Handle
  crawlspace_vented_1_duct_leakage_imbalance_infil_flow_act, !- Name
  {a986faba-bcfb-4719-a290-18fc4be0e353}, !- Actuated Component Name
  Zone Infiltration,                      !- Actuated Component Type
  Air Exchange Flow Rate,                 !- Actuated Component Control Type
  ;                                       !- Zone or Space Name

OS:EnergyManagementSystem:Program,
  {2badabd3-2a6f-441d-bde8-b49315a9672a}, !- Handle
  crawlspace_vented_1_duct_leakage_imbalance_infil_program, !- Name
  Set Qducts = 0,                         !- Program Line 1
  Set Qducts = Qducts - furnace_airloop_0_DuctImbalLkSupFanEquivDZ, !- Program Line 2
  Set Qducts = Qducts + furnace_airloop_0_DuctImbalLkExhFanEquivDZ, !- Program Line 3
  Set crawlspace_vented_1_duct_leakage_imbalance_infil_flow_act = (@Abs(Qducts)); !- Program Line 4

OS:EnergyManagementSystem:ProgramCallingManager,
  {56d6ead2-2791-4dbc-a900-0914dc875d6b}, !- Handle
  crawlspace_vented_1_duct_leakage_imbalance_infil_program_calling_manager, !- Name
  BeginZoneTimestepAfterInitHeatBalance,  !- EnergyPlus Model Calling Point
  {2badabd3-2a6f-441d-bde8-b49315a9672a}; !- Program Name 1

OS:Schedule:Constant,
  {f8a096cc-0e48-40ff-b0c3-3e5e21fdd2dc}, !- Handle
  mech vent house fan schedule,           !- Name
  {8281b044-9d5b-4193-b805-3061b00474eb}, !- Schedule Type Limits Name
  1;                                      !- Value

OS:ElectricEquipment:Definition,
  {16cff38a-c78f-4f24-b08c-b177e47cf488}, !- Handle
  mech vent house fan,                    !- Name
  EquipmentLevel,                         !- Design Level Calculation Method
  0,                                      !- Design Level {W}
  ,                                       !- Watts per Space Floor Area {W/m2}
  ,                                       !- Watts per Person {W/person}
  0,                                      !- Fraction Latent
  0,                                      !- Fraction Radiant
  1;                                      !- Fraction Lost

OS:ElectricEquipment,
  {bcd33da0-92c8-4ed3-9195-0b7632b20e06}, !- Handle
  mech vent house fan,                    !- Name
  {16cff38a-c78f-4f24-b08c-b177e47cf488}, !- Electric Equipment Definition Name
  {e1166775-97c1-407e-9578-3eacdf10cef7}, !- Space or SpaceType Name
  {f8a096cc-0e48-40ff-b0c3-3e5e21fdd2dc}, !- Schedule Name
  ,                                       !- Multiplier
  mech vent;                              !- End-Use Subcategory

OS:Schedule:Constant,
  {f855bcc5-e837-432f-8d85-0c8fa2f7951d}, !- Handle
  mech vent house fan cfis schedule,      !- Name
  {8281b044-9d5b-4193-b805-3061b00474eb}, !- Schedule Type Limits Name
  1;                                      !- Value

OS:ElectricEquipment:Definition,
  {ee19f5b4-3c1f-4d7f-a981-7d99ae62b2f3}, !- Handle
  mech vent house fan cfis,               !- Name
  EquipmentLevel,                         !- Design Level Calculation Method
  0,                                      !- Design Level {W}
  ,                                       !- Watts per Space Floor Area {W/m2}
  ,                                       !- Watts per Person {W/person}
  0,                                      !- Fraction Latent
  0,                                      !- Fraction Radiant
  0;                                      !- Fraction Lost

OS:ElectricEquipment,
  {ae4a4771-cc51-49dd-84cf-ba35b819412f}, !- Handle
  mech vent house fan cfis,               !- Name
  {ee19f5b4-3c1f-4d7f-a981-7d99ae62b2f3}, !- Electric Equipment Definition Name
  {e1166775-97c1-407e-9578-3eacdf10cef7}, !- Space or SpaceType Name
  {f855bcc5-e837-432f-8d85-0c8fa2f7951d}, !- Schedule Name
  ,                                       !- Multiplier
  mech vent;                              !- End-Use Subcategory

OS:EnergyManagementSystem:Actuator,
  {05ce744c-f835-4ce0-933c-a524ea4d5600}, !- Handle
  mech_vent_house_fan_cfis_act,           !- Name
  {ae4a4771-cc51-49dd-84cf-ba35b819412f}, !- Actuated Component Name
  ElectricEquipment,                      !- Actuated Component Type
  Electricity Rate,                       !- Actuated Component Control Type
  {e1166775-97c1-407e-9578-3eacdf10cef7}; !- Zone or Space Name

OS:EnergyManagementSystem:Program,
  {1a653021-6d8e-4e35-a9ef-a7b282e26ffe}, !- Handle
  infil_program,                          !- Name
  Set p_m = 0.14,                         !- Program Line 1
  Set p_s = 0.22,                         !- Program Line 2
  Set s_m = 270,                          !- Program Line 3
  Set s_s = 370,                          !- Program Line 4
  Set z_m = 9.99744,                      !- Program Line 5
  Set z_s = 2.4384,                       !- Program Line 6
  Set f_t = (((s_m/z_m)^p_m)*((z_s/s_s)^p_s)), !- Program Line 7
  Set Tdiff = tin_s-tout_s,               !- Program Line 8
  Set dT = @Abs Tdiff,                    !- Program Line 9
  Set c = 0.1803,                         !- Program Line 10
  Set Cs = 0.0556,                        !- Program Line 11
  Set Cw = 0.1017,                        !- Program Line 12
  Set n = 0.65,                           !- Program Line 13
  Set sft = (f_t*0.5),                    !- Program Line 14
  Set temp1 = ((c*Cw)*((sft*site_vw_s)^(2*n)))^2, !- Program Line 15
  Set Qinf = (((c*Cs*(dT^n))^2)+temp1)^0.5, !- Program Line 16
  Set Qinf = (@Max Qinf 0),               !- Program Line 17
  Set mech_vent_house_fan_sensible_load_act = 0.0, !- Program Line 18
  Set mech_vent_house_fan_latent_load_act = 0.0, !- Program Line 19
  Set OASupInPb = out_pb_s,               !- Program Line 20
  Set OASupInTemp = tout_s,               !- Program Line 21
  Set OASupInW = out_wt_s,                !- Program Line 22
  Set OASupRho = (@RhoAirFnPbTdbW OASupInPb OASupInTemp OASupInW), !- Program Line 23
  Set OASupCp = (@CpAirFnW OASupInW),     !- Program Line 24
  Set OASupInEnth = (@HFnTdbW OASupInTemp OASupInW), !- Program Line 25
  Set ZoneTemp = tin_s,                   !- Program Line 26
  Set ZoneW = win_s,                      !- Program Line 27
  Set ZoneCp = (@CpAirFnW ZoneW),         !- Program Line 28
  Set ZoneAirEnth = (@HFnTdbW ZoneTemp ZoneW), !- Program Line 29
  Set mech_vent_house_fan_cfis_act = 0.0, !- Program Line 30
  Set QWHV_cfis_sup = 0.0,                !- Program Line 31
  Set QWHV_cfis_suppl_sup = 0.0,          !- Program Line 32
  Set QWHV_cfis_suppl_exh = 0.0,          !- Program Line 33
  Set Qrange = 0,                         !- Program Line 34
  Set Qrange = Qrange + 0.04719 * mech_vent_range_fan_0_sch_s, !- Program Line 35
  Set Qbath = 0,                          !- Program Line 36
  Set Qbath = Qbath + 0.04719 * mech_vent_bath_fan_0_sch_s, !- Program Line 37
  Set Qdryer = 0,                         !- Program Line 38
  Set Qdryer = Qdryer + 0.29358 * clothes_dryer_exhaust_0_sch_s, !- Program Line 39
  Set QWHV_sup = 0.0,                     !- Program Line 40
  Set QWHV_exh = 0.0,                     !- Program Line 41
  Set Qsupply = QWHV_sup + QWHV_cfis_sup + QWHV_cfis_suppl_sup, !- Program Line 42
  Set Qexhaust = Qrange + Qbath + Qdryer + QWHV_exh + QWHV_cfis_suppl_exh, !- Program Line 43
  Set Qfan = (@Max Qexhaust Qsupply),     !- Program Line 44
  Set Qducts = 0,                         !- Program Line 45
  Set Qducts = Qducts - furnace_airloop_0_DuctImbalLkSupFanEquivCond, !- Program Line 46
  Set Qducts = Qducts + furnace_airloop_0_DuctImbalLkExhFanEquivCond, !- Program Line 47
  If Qducts < 0,                          !- Program Line 48
  Set Qsupply = Qsupply - Qducts,         !- Program Line 49
  Else,                                   !- Program Line 50
  Set Qexhaust = Qexhaust + Qducts,       !- Program Line 51
  EndIf,                                  !- Program Line 52
  Set Qfan_with_ducts = (@Max Qexhaust Qsupply), !- Program Line 53
  Set Qimb = (@Abs (Qsupply - Qexhaust)), !- Program Line 54
  If Qinf + Qimb > 0,                     !- Program Line 55
  Set Qtot = Qfan_with_ducts + (Qinf^2) / (Qinf + Qimb), !- Program Line 56
  Else,                                   !- Program Line 57
  Set Qtot = Qfan_with_ducts,             !- Program Line 58
  EndIf,                                  !- Program Line 59
  Set Qinf_adj = Qtot - Qfan,             !- Program Line 60
  Set infil_flow_act = Qinf_adj,          !- Program Line 61
  Set infil_program_Qinf = Qinf_adj,      !- Program Line 62
  Set infil_program_Qfan = Qfan,          !- Program Line 63
  Set Qload = Qfan,                       !- Program Line 64
  Set Effectiveness_Sens = 0.0,           !- Program Line 65
  Set Effectiveness_Lat = 0.0,            !- Program Line 66
  Set Fan_MFR = Qload * OASupRho,         !- Program Line 67
  Set ZoneInEnth = OASupInEnth,           !- Program Line 68
  Set ZoneInTemp = OASupInTemp,           !- Program Line 69
  Set FanTotalToCond = Fan_MFR * (ZoneInEnth - ZoneAirEnth), !- Program Line 70
  Set FanSensToCond = Fan_MFR * ZoneCp * (ZoneInTemp - ZoneTemp), !- Program Line 71
  Set FanLatToCond = FanTotalToCond - FanSensToCond, !- Program Line 72
  Set mech_vent_house_fan_sensible_load_act = mech_vent_house_fan_sensible_load_act + FanSensToCond, !- Program Line 73
  Set mech_vent_house_fan_latent_load_act = mech_vent_house_fan_latent_load_act + FanLatToCond; !- Program Line 74

OS:AdditionalProperties,
  {bdde5568-d77f-4ffa-afa7-76a3be7891f7}, !- Handle
  {1a653021-6d8e-4e35-a9ef-a7b282e26ffe}, !- Object Name
  ObjectType,                             !- Feature Name 1
  String,                                 !- Feature Data Type 1
  infil;                                  !- Feature Value 1

OS:OtherEquipment:Definition,
  {52067bb8-3981-4518-b6ba-9498191779a7}, !- Handle
  mech vent house fan sensible load,      !- Name
  EquipmentLevel,                         !- Design Level Calculation Method
  0,                                      !- Design Level {W}
  ,                                       !- Watts per Space Floor Area {W/m2}
  ,                                       !- Watts per Person {W/Person}
  0,                                      !- Fraction Latent
  0,                                      !- Fraction Radiant
  0;                                      !- Fraction Lost

OS:OtherEquipment,
  {be16b872-6bf6-4162-853b-ab33495f8cfd}, !- Handle
  mech vent house fan sensible load,      !- Name
  {52067bb8-3981-4518-b6ba-9498191779a7}, !- Other Equipment Definition Name
  {e1166775-97c1-407e-9578-3eacdf10cef7}, !- Space or SpaceType Name
  {e576217f-588c-4856-823f-2f072201a33f}, !- Schedule Name
  ,                                       !- Multiplier
  ,                                       !- Fuel Type
  mech vent house fan;                    !- End-Use Subcategory

OS:EnergyManagementSystem:Actuator,
  {be2c327b-400f-41c2-8ffe-d4bc0120a698}, !- Handle
  mech_vent_house_fan_sensible_load_act,  !- Name
  {be16b872-6bf6-4162-853b-ab33495f8cfd}, !- Actuated Component Name
  OtherEquipment,                         !- Actuated Component Type
  Power Level,                            !- Actuated Component Control Type
  {e1166775-97c1-407e-9578-3eacdf10cef7}; !- Zone or Space Name

OS:OtherEquipment:Definition,
  {c1eef8e8-cf14-4128-a88d-0ef0a1ff8c36}, !- Handle
  mech vent house fan latent load,        !- Name
  EquipmentLevel,                         !- Design Level Calculation Method
  0,                                      !- Design Level {W}
  ,                                       !- Watts per Space Floor Area {W/m2}
  ,                                       !- Watts per Person {W/Person}
  1,                                      !- Fraction Latent
  0,                                      !- Fraction Radiant
  0;                                      !- Fraction Lost

OS:OtherEquipment,
  {74db0019-3063-4081-adbd-24dee0748047}, !- Handle
  mech vent house fan latent load,        !- Name
  {c1eef8e8-cf14-4128-a88d-0ef0a1ff8c36}, !- Other Equipment Definition Name
  {e1166775-97c1-407e-9578-3eacdf10cef7}, !- Space or SpaceType Name
  {e576217f-588c-4856-823f-2f072201a33f}, !- Schedule Name
  ,                                       !- Multiplier
  ,                                       !- Fuel Type
  mech vent house fan;                    !- End-Use Subcategory

OS:EnergyManagementSystem:Actuator,
  {0922fd03-64b2-419c-913a-37c05d197678}, !- Handle
  mech_vent_house_fan_latent_load_act,    !- Name
  {74db0019-3063-4081-adbd-24dee0748047}, !- Actuated Component Name
  OtherEquipment,                         !- Actuated Component Type
  Power Level,                            !- Actuated Component Control Type
  {e1166775-97c1-407e-9578-3eacdf10cef7}; !- Zone or Space Name

OS:SpaceInfiltration:DesignFlowRate,
  {e0cbc2a9-11d1-4900-962b-a02efeafa325}, !- Handle
  infil flow,                             !- Name
  {e1166775-97c1-407e-9578-3eacdf10cef7}, !- Space or SpaceType Name
  {e576217f-588c-4856-823f-2f072201a33f}, !- Schedule Name
  Flow/Space,                             !- Design Flow Rate Calculation Method
  0,                                      !- Design Flow Rate {m3/s}
  ,                                       !- Flow per Space Floor Area {m3/s-m2}
  ,                                       !- Flow per Exterior Surface Area {m3/s-m2}
  ,                                       !- Air Changes per Hour {1/hr}
  ,                                       !- Constant Term Coefficient
  ,                                       !- Temperature Term Coefficient
  ,                                       !- Velocity Term Coefficient
  ;                                       !- Velocity Squared Term Coefficient

OS:EnergyManagementSystem:Actuator,
  {2c68a5c0-e362-4e34-861a-0b7c866a8f85}, !- Handle
  infil_flow_act,                         !- Name
  {e0cbc2a9-11d1-4900-962b-a02efeafa325}, !- Actuated Component Name
  Zone Infiltration,                      !- Actuated Component Type
  Air Exchange Flow Rate,                 !- Actuated Component Control Type
  ;                                       !- Zone or Space Name

OS:AdditionalProperties,
  {b680c53e-1518-4847-8a81-6503f53d4766}, !- Handle
  {e0cbc2a9-11d1-4900-962b-a02efeafa325}, !- Object Name
  ObjectType,                             !- Feature Name 1
  String,                                 !- Feature Data Type 1
  infil;                                  !- Feature Value 1

OS:Schedule:Ruleset,
  {937529a7-cf9d-40c8-a1f3-fdf34e4f6efa}, !- Handle
  mech vent range fan 0 schedule,         !- Name
  {8281b044-9d5b-4193-b805-3061b00474eb}, !- Schedule Type Limits Name
  {45b78cbe-5eaf-432a-916a-d01808ddccdb}; !- Default Day Schedule Name

OS:Schedule:Day,
  {45b78cbe-5eaf-432a-916a-d01808ddccdb}, !- Handle
  mech vent range fan 0 schedule default day, !- Name
  {8281b044-9d5b-4193-b805-3061b00474eb}, !- Schedule Type Limits Name
  ,                                       !- Interpolate to Timestep
  24,                                     !- Hour 1
  0,                                      !- Minute 1
  0;                                      !- Value Until Time 1

OS:Schedule:Rule,
  {3ea5c273-ca07-4363-8b78-e2cfb55ed349}, !- Handle
  mech vent range fan 0 schedule allday rule, !- Name
  {937529a7-cf9d-40c8-a1f3-fdf34e4f6efa}, !- Schedule Ruleset Name
  0,                                      !- Rule Order
  {7e02b38a-5984-45d1-be7a-405bfc011cf6}, !- Day Schedule Name
  Yes,                                    !- Apply Sunday
  Yes,                                    !- Apply Monday
  Yes,                                    !- Apply Tuesday
  Yes,                                    !- Apply Wednesday
  Yes,                                    !- Apply Thursday
  Yes,                                    !- Apply Friday
  Yes,                                    !- Apply Saturday
  DateRange,                              !- Date Specification Type
  1,                                      !- Start Month
  1,                                      !- Start Day
  12,                                     !- End Month
  31;                                     !- End Day

OS:Schedule:Day,
  {7e02b38a-5984-45d1-be7a-405bfc011cf6}, !- Handle
  mech vent range fan 0 schedule day,     !- Name
  {8281b044-9d5b-4193-b805-3061b00474eb}, !- Schedule Type Limits Name
  ,                                       !- Interpolate to Timestep
  20,                                     !- Hour 1
  0,                                      !- Minute 1
  0,                                      !- Value Until Time 1
  21,                                     !- Hour 2
  0,                                      !- Minute 2
  1,                                      !- Value Until Time 2
  24,                                     !- Hour 3
  0,                                      !- Minute 3
  0;                                      !- Value Until Time 3

OS:EnergyManagementSystem:Sensor,
  {06636ad8-a484-41d6-845c-80b562f7ef84}, !- Handle
  mech_vent_range_fan_0_sch_s,            !- Name
  mech vent range fan 0 schedule,         !- Output Variable or Output Meter Index Key Name
  Schedule Value;                         !- Output Variable or Output Meter Name

OS:ElectricEquipment:Definition,
  {6c00b306-1f0d-4f72-9ff5-cf9bbc4ab5a8}, !- Handle
  mech vent range fan 0,                  !- Name
  EquipmentLevel,                         !- Design Level Calculation Method
  30,                                     !- Design Level {W}
  ,                                       !- Watts per Space Floor Area {W/m2}
  ,                                       !- Watts per Person {W/person}
  0,                                      !- Fraction Latent
  0,                                      !- Fraction Radiant
  1;                                      !- Fraction Lost

OS:ElectricEquipment,
  {08d4b8ef-04a7-4681-abff-40b34d671793}, !- Handle
  mech vent range fan 0,                  !- Name
  {6c00b306-1f0d-4f72-9ff5-cf9bbc4ab5a8}, !- Electric Equipment Definition Name
  {e1166775-97c1-407e-9578-3eacdf10cef7}, !- Space or SpaceType Name
  {937529a7-cf9d-40c8-a1f3-fdf34e4f6efa}, !- Schedule Name
  ,                                       !- Multiplier
  mech vent;                              !- End-Use Subcategory

OS:Schedule:Ruleset,
  {8b36fbab-ca94-426e-ab81-c7103abc7469}, !- Handle
  mech vent bath fan 0 schedule,          !- Name
  {8281b044-9d5b-4193-b805-3061b00474eb}, !- Schedule Type Limits Name
  {bcb6840d-a15b-4f9a-a4db-65e4a365a233}; !- Default Day Schedule Name

OS:Schedule:Day,
  {bcb6840d-a15b-4f9a-a4db-65e4a365a233}, !- Handle
  mech vent bath fan 0 schedule default day, !- Name
  {8281b044-9d5b-4193-b805-3061b00474eb}, !- Schedule Type Limits Name
  ,                                       !- Interpolate to Timestep
  24,                                     !- Hour 1
  0,                                      !- Minute 1
  0;                                      !- Value Until Time 1

OS:Schedule:Rule,
  {82ef08f8-41bd-47c1-b688-ea76ed845975}, !- Handle
  mech vent bath fan 0 schedule allday rule, !- Name
  {8b36fbab-ca94-426e-ab81-c7103abc7469}, !- Schedule Ruleset Name
  0,                                      !- Rule Order
  {1766fcb1-1710-417a-b864-3cca39a19a7e}, !- Day Schedule Name
  Yes,                                    !- Apply Sunday
  Yes,                                    !- Apply Monday
  Yes,                                    !- Apply Tuesday
  Yes,                                    !- Apply Wednesday
  Yes,                                    !- Apply Thursday
  Yes,                                    !- Apply Friday
  Yes,                                    !- Apply Saturday
  DateRange,                              !- Date Specification Type
  1,                                      !- Start Month
  1,                                      !- Start Day
  12,                                     !- End Month
  31;                                     !- End Day

OS:Schedule:Day,
  {1766fcb1-1710-417a-b864-3cca39a19a7e}, !- Handle
  mech vent bath fan 0 schedule day,      !- Name
  {8281b044-9d5b-4193-b805-3061b00474eb}, !- Schedule Type Limits Name
  ,                                       !- Interpolate to Timestep
  19,                                     !- Hour 1
  0,                                      !- Minute 1
  0,                                      !- Value Until Time 1
  20,                                     !- Hour 2
  0,                                      !- Minute 2
  1,                                      !- Value Until Time 2
  24,                                     !- Hour 3
  0,                                      !- Minute 3
  0;                                      !- Value Until Time 3

OS:EnergyManagementSystem:Sensor,
  {d9a192a9-a126-41de-b7d7-157edf2e7e81}, !- Handle
  mech_vent_bath_fan_0_sch_s,             !- Name
  mech vent bath fan 0 schedule,          !- Output Variable or Output Meter Index Key Name
  Schedule Value;                         !- Output Variable or Output Meter Name

OS:ElectricEquipment:Definition,
  {10e4d3cc-cadf-4611-a657-33b1be9e490c}, !- Handle
  mech vent bath fan 0,                   !- Name
  EquipmentLevel,                         !- Design Level Calculation Method
  30,                                     !- Design Level {W}
  ,                                       !- Watts per Space Floor Area {W/m2}
  ,                                       !- Watts per Person {W/person}
  0,                                      !- Fraction Latent
  0,                                      !- Fraction Radiant
  1;                                      !- Fraction Lost

OS:ElectricEquipment,
  {3166b260-5781-480a-805f-04981f356ea3}, !- Handle
  mech vent bath fan 0,                   !- Name
  {10e4d3cc-cadf-4611-a657-33b1be9e490c}, !- Electric Equipment Definition Name
  {e1166775-97c1-407e-9578-3eacdf10cef7}, !- Space or SpaceType Name
  {8b36fbab-ca94-426e-ab81-c7103abc7469}, !- Schedule Name
  ,                                       !- Multiplier
  mech vent;                              !- End-Use Subcategory

OS:EnergyManagementSystem:Sensor,
  {72d1f4fd-0c91-4e30-8c98-3fa24ac19bb1}, !- Handle
  clothes_dryer_exhaust_0_sch_s,          !- Name
  clothes_dryer,                          !- Output Variable or Output Meter Index Key Name
  Schedule Value;                         !- Output Variable or Output Meter Name

OS:EnergyManagementSystem:GlobalVariable,
  {e6b8d5dc-2e9f-428f-9e6a-d04dbf08dfaa}, !- Handle
  infil_program_Qinf;                     !- Name

OS:EnergyManagementSystem:GlobalVariable,
  {56386040-ccce-4eca-aa2a-541fef09f495}, !- Handle
  infil_program_Qfan;                     !- Name

OS:AdditionalProperties,
  {70948705-c0ed-4db3-9fdd-84b6f583c59d}, !- Handle
  {e6b8d5dc-2e9f-428f-9e6a-d04dbf08dfaa}, !- Object Name
  ObjectType,                             !- Feature Name 1
  String,                                 !- Feature Data Type 1
  infil;                                  !- Feature Value 1

OS:AdditionalProperties,
  {f7a03d09-5237-417a-a8c7-04e79b88b359}, !- Handle
  {56386040-ccce-4eca-aa2a-541fef09f495}, !- Object Name
  ObjectType,                             !- Feature Name 1
  String,                                 !- Feature Data Type 1
  mech vent;                              !- Feature Value 1

OS:EnergyManagementSystem:ProgramCallingManager,
  {f4d5a930-852a-49cf-a88e-4120e08a8b26}, !- Handle
  infil_program_calling_manager,          !- Name
  BeginZoneTimestepAfterInitHeatBalance,  !- EnergyPlus Model Calling Point
  {1a653021-6d8e-4e35-a9ef-a7b282e26ffe}; !- Program Name 1

OS:AdditionalProperties,
  {456ae07b-6fd2-4448-98f1-303af8497c96}, !- Handle
  {eaacf9b0-eca3-4473-b75c-761255e67f3f}; !- Object Name

OS:EnergyManagementSystem:Sensor,
  {0ab077b6-6aed-43ba-b211-7235c53c1e6f}, !- Handle
  conditioned_space_htg_unmet_s,          !- Name
  conditioned space,                      !- Output Variable or Output Meter Index Key Name
  Zone Heating Setpoint Not Met Time;     !- Output Variable or Output Meter Name

OS:EnergyManagementSystem:Sensor,
  {15d45402-2302-4653-9fb8-23f854bda2ac}, !- Handle
  conditioned_space_clg_unmet_s,          !- Name
  conditioned space,                      !- Output Variable or Output Meter Index Key Name
  Zone Cooling Setpoint Not Met Time;     !- Output Variable or Output Meter Name

OS:AdditionalProperties,
  {36ddf087-aa41-4c41-999c-5b6e93418068}, !- Handle
  {15d45402-2302-4653-9fb8-23f854bda2ac}; !- Object Name

OS:AdditionalProperties,
  {a521e30b-b51c-41f0-9549-2a05f5700677}, !- Handle
  {0ab077b6-6aed-43ba-b211-7235c53c1e6f}; !- Object Name

OS:AdditionalProperties,
  {7d608298-ed2e-4422-93ad-d0ecfae01e52}, !- Handle
  {72d1f4fd-0c91-4e30-8c98-3fa24ac19bb1}; !- Object Name

OS:AdditionalProperties,
  {727dd545-dcdf-44da-88f9-40b243acb97e}, !- Handle
  {d9a192a9-a126-41de-b7d7-157edf2e7e81}; !- Object Name

OS:AdditionalProperties,
  {0476f4e9-0c9c-4f6a-8266-625fc3661b6e}, !- Handle
  {18745dfb-e79a-4aff-ae5e-e87b88f83e1f}; !- Object Name

OS:AdditionalProperties,
  {490aa827-13bb-4a93-a3be-4bfb416adbec}, !- Handle
  {4adb3830-de94-4fe2-a249-adbae2db11ad}; !- Object Name

OS:AdditionalProperties,
  {41590aba-4ba9-49a3-b372-3dd1174b66c3}, !- Handle
  {f4fe48f9-fa24-4fba-89e7-03be9fb7b34e}; !- Object Name

OS:AdditionalProperties,
  {7bd7869d-f0a4-4e3e-ad72-df64f2a763a0}, !- Handle
  {6d5d6062-7ec6-4d5f-9458-1550b1323d25}; !- Object Name

OS:AdditionalProperties,
  {207ec8ac-bb09-453c-98c2-b9b42339caf9}, !- Handle
  {81070ac7-36f6-4ea6-a14c-b4d8a2664e51}; !- Object Name

OS:AdditionalProperties,
  {5f533f76-00ee-432b-80b5-59ecf5288f10}, !- Handle
  {1d8b03e1-f085-4ccf-820f-e4bbb8df1430}; !- Object Name

OS:AdditionalProperties,
  {40070bed-a58f-4b25-95af-fcabc5c7c8ef}, !- Handle
  {e82f55aa-77cb-490f-a2bd-beb1c47223bd}; !- Object Name

OS:AdditionalProperties,
  {3cf296dc-7b4e-4d5b-a1a0-9998872087dd}, !- Handle
  {c19eb88f-468c-423f-ac46-4cc77f51e26e}; !- Object Name

OS:AdditionalProperties,
  {219bec1d-1160-4247-b579-7963d4986ee2}, !- Handle
  {30abe011-0fda-4118-a7d5-b446f1b8092b}; !- Object Name

OS:AdditionalProperties,
  {d6cd3f2b-8d54-4ab1-b7f2-b0b67faa6252}, !- Handle
  {f44e7fc9-8ac7-47fc-af54-f98ebfc0932e}; !- Object Name

OS:AdditionalProperties,
  {2a96d723-cb79-4bc9-9eac-b8112fea0eca}, !- Handle
  {592a0656-86b6-476c-a347-015f018f416f}; !- Object Name

OS:AdditionalProperties,
  {78703501-1db9-443a-b093-8d9458a47ea8}, !- Handle
  {cb2ae096-f71e-4e14-9b3e-1a853ce5a565}; !- Object Name

OS:AdditionalProperties,
  {98a64f8d-95ee-4756-a768-71abf6d3dd93}, !- Handle
  {0f0cf42f-77a8-4c0a-8d53-3db678961bb3}; !- Object Name

OS:AdditionalProperties,
  {e7f795b7-4634-4421-aae8-2fe70c55da78}, !- Handle
  {9166966e-9eae-4b34-a558-f5579d218644}; !- Object Name

OS:AdditionalProperties,
  {4054acd7-7796-4596-bf92-42176365b10b}, !- Handle
  {cfaf9895-6852-4168-9e82-39cf88ddc8c1}; !- Object Name

OS:AdditionalProperties,
  {2699931f-6cd3-4515-a8af-f7841619d95c}, !- Handle
  {bc27f04b-afcd-4f54-ac49-c96272c1ca25}; !- Object Name

OS:AdditionalProperties,
  {71716daa-eeb1-4db7-b13a-12e8ca17b1d5}, !- Handle
  {2ffca12e-409b-4726-85ff-a3c1adc127c5}; !- Object Name

OS:AdditionalProperties,
  {05dbc4cc-b614-4143-b9f5-f2a7f899feb6}, !- Handle
  {392d55ef-a436-4a4b-aac2-6694e49448ee}; !- Object Name

OS:AdditionalProperties,
  {f15f3b7b-1a85-45d1-bf22-43659966c147}, !- Handle
  {ebe00e5e-4678-4354-b4d6-f35cc822925a}; !- Object Name

OS:AdditionalProperties,
  {200c5f6a-cd58-4ef8-8cde-aa23d4f834b4}, !- Handle
  {d90e1bdf-a007-41d4-b208-5d675f9dfae1}; !- Object Name

OS:AdditionalProperties,
  {6b4f6400-a03a-4bdb-9879-bb6309cba281}, !- Handle
  {f75d7e2c-9d11-4a73-9dbb-c964212505c8}; !- Object Name

OS:AdditionalProperties,
  {d34ae9ce-9c29-4459-b5a5-c5dfcb13c277}, !- Handle
  {bcfa3f19-acf6-4cdc-9879-89e41a060c7c}; !- Object Name

OS:AdditionalProperties,
  {010bf4e8-dfcd-47c7-bf40-155368bafbbb}, !- Handle
  {06636ad8-a484-41d6-845c-80b562f7ef84}; !- Object Name

OS:AdditionalProperties,
  {a80121c9-e94f-4676-955d-f6e1c67132b1}, !- Handle
  {81d444f5-2cdf-4296-8194-d96f5e39623c}; !- Object Name

OS:AdditionalProperties,
  {cc0f7dae-8923-486b-8216-38edab46ba1f}, !- Handle
  {bb8d31c3-a2bb-4160-89c5-47addc9b3c93}; !- Object Name

OS:AdditionalProperties,
  {e5b89f41-ec8a-4281-b871-da34c5f3a1dc}, !- Handle
  {16a3e2fd-f4b5-4678-9929-3807a3a8d143}; !- Object Name

OS:AdditionalProperties,
  {c741b527-2d43-4e01-926a-47d2ac7e756e}, !- Handle
  {dc179340-c7e3-4209-a7f4-2c59dfa0a390}; !- Object Name

OS:AdditionalProperties,
  {cbf00c79-ef3e-4e8b-b58e-6f2aeed7527c}, !- Handle
  {ad051cb0-8575-41e9-aebf-9a40779c1d0c}; !- Object Name

OS:AdditionalProperties,
  {ae1e6ad3-41dd-4f70-b5a5-e2047f57c858}, !- Handle
  {1b18f98b-0d3c-48ae-b617-ea7fe72d74af}; !- Object Name

OS:AdditionalProperties,
  {c0170016-ce63-4af5-bff0-bbc1e9b754f2}, !- Handle
  {a9d15da7-f531-4a6a-9905-8b694a46c600}; !- Object Name

OS:AdditionalProperties,
  {a9d8616d-8433-4dcd-9c06-cf38d462d57d}, !- Handle
  {6aed917e-8d70-44c3-86cf-1e2daf0cdfa5}; !- Object Name

OS:AdditionalProperties,
  {b09a4d97-cf9d-4a96-90b4-32663c2e01c6}, !- Handle
  {d857a08e-3c4a-4542-a050-28dc5305422f}; !- Object Name

OS:AdditionalProperties,
  {bb5179c0-4a8f-4b86-aecb-a30cd3826e4c}, !- Handle
  {2ed8c434-8876-4df6-b1ff-8bc0c6c0f842}; !- Object Name

OS:AdditionalProperties,
  {fbebc12e-f7f2-43c9-9c34-a8022b511f82}, !- Handle
  {729b859c-3bec-48b6-8360-dd09b37f9ebd}; !- Object Name

OS:AdditionalProperties,
  {33d5e0d3-92b1-4946-8a05-199620beb67b}, !- Handle
  {99764720-304c-490c-bd36-10c41abdab4c}; !- Object Name

OS:AdditionalProperties,
  {9680e9ff-aa70-44c6-81d3-b0243c3141b2}, !- Handle
  {de511bec-2d5c-472e-8bf7-da8f3ebf1b8d}; !- Object Name

OS:EnergyManagementSystem:Program,
  {71c72109-f683-4767-a004-a3391a3cc1db}, !- Handle
  unmet_hours_program,                    !- Name
  Set htg_unmet_hours = 0,                !- Program Line 1
  Set clg_unmet_hours = 0,                !- Program Line 2
  Set unit_htg_unmet_hours = 0,           !- Program Line 3
  If ((DayOfYear >= 1) && (DayOfYear <= 365)), !- Program Line 4
  Set unit_htg_unmet_hours = unit_htg_unmet_hours + conditioned_space_htg_unmet_s, !- Program Line 5
  If unit_htg_unmet_hours > htg_unmet_hours, !- Program Line 6
  Set htg_unmet_hours = unit_htg_unmet_hours, !- Program Line 7
  EndIf,                                  !- Program Line 8
  EndIf;                                  !- Program Line 9

OS:AdditionalProperties,
  {8eff94a6-0638-4c68-b322-33785b634c6b}, !- Handle
  {71c72109-f683-4767-a004-a3391a3cc1db}, !- Object Name
  ObjectType,                             !- Feature Name 1
  String,                                 !- Feature Data Type 1
  unmet hours program;                    !- Feature Value 1

OS:EnergyManagementSystem:ProgramCallingManager,
  {b60604bb-0876-4103-a928-c1c71d8facc1}, !- Handle
  unmet_hours_program_calling_manager,    !- Name
  EndOfZoneTimestepBeforeZoneReporting,   !- EnergyPlus Model Calling Point
  {71c72109-f683-4767-a004-a3391a3cc1db}; !- Program Name 1

OS:EnergyManagementSystem:Sensor,
  {688fcbcc-73f6-40c6-8563-1c50febd8f26}, !- Handle
  htg_load_cond,                          !- Name
  ,                                       !- Output Variable or Output Meter Index Key Name
  Heating:EnergyTransfer:Zone:CONDITIONED SPACE; !- Output Variable or Output Meter Name

OS:EnergyManagementSystem:Sensor,
  {c251951e-2edb-4e29-9c35-9d48532cfbf4}, !- Handle
  clg_load_cond,                          !- Name
  ,                                       !- Output Variable or Output Meter Index Key Name
  Cooling:EnergyTransfer:Zone:CONDITIONED SPACE; !- Output Variable or Output Meter Name

OS:EnergyManagementSystem:Sensor,
  {52e4e464-9055-435a-8856-edc6afb5f906}, !- Handle
  htg_load_duct,                          !- Name
  ,                                       !- Output Variable or Output Meter Index Key Name
  Heating:EnergyTransfer:Zone:FURNACE AIRLOOP RET AIR ZONE; !- Output Variable or Output Meter Name

OS:EnergyManagementSystem:Sensor,
  {39665ae9-5d64-437d-8438-9b25d699e02d}, !- Handle
  clg_load_duct,                          !- Name
  ,                                       !- Output Variable or Output Meter Index Key Name
  Cooling:EnergyTransfer:Zone:FURNACE AIRLOOP RET AIR ZONE; !- Output Variable or Output Meter Name

OS:EnergyManagementSystem:Program,
  {6b6a2b29-79fa-4a5b-b31c-50e818b348c2}, !- Handle
  total_loads_program,                    !- Name
  Set loads_htg_tot = 0,                  !- Program Line 1
  Set loads_clg_tot = 0,                  !- Program Line 2
  If htg_load_cond > 0,                   !- Program Line 3
  Set loads_htg_tot = loads_htg_tot + (htg_load_cond - clg_load_cond) * 1.0, !- Program Line 4
  Set loads_htg_tot = loads_htg_tot + (htg_load_duct - clg_load_duct) * 1.0, !- Program Line 5
  EndIf,                                  !- Program Line 6
  Set loads_htg_tot = (@Max loads_htg_tot 0), !- Program Line 7
  If clg_load_cond > 0,                   !- Program Line 8
  Set loads_clg_tot = loads_clg_tot + (clg_load_cond - htg_load_cond) * 0.0, !- Program Line 9
  Set loads_clg_tot = loads_clg_tot + (clg_load_duct - htg_load_duct) * 0.0, !- Program Line 10
  EndIf,                                  !- Program Line 11
  Set loads_clg_tot = (@Max loads_clg_tot 0); !- Program Line 12

OS:AdditionalProperties,
  {0d94b5ee-9111-44e8-93ee-655c90a360c7}, !- Handle
  {6b6a2b29-79fa-4a5b-b31c-50e818b348c2}, !- Object Name
  ObjectType,                             !- Feature Name 1
  String,                                 !- Feature Data Type 1
  total loads program;                    !- Feature Value 1

OS:EnergyManagementSystem:ProgramCallingManager,
  {54fc6e9e-3cc3-437f-b5cf-60cf8741473d}, !- Handle
  total_loads_program_calling_manager,    !- Name
  EndOfZoneTimestepAfterZoneReporting,    !- EnergyPlus Model Calling Point
  {6b6a2b29-79fa-4a5b-b31c-50e818b348c2}; !- Program Name 1

OS:Output:Diagnostics,
  {0a274901-f9bc-4b8f-a14f-9f4e6bf52611}, !- Handle
  DisplayAdvancedReportVariables;         !- Key 1

OS:EnergyManagementSystem:Program,
  {f432582a-ba34-4a57-af2f-60d54006e21a}, !- Handle
  component_loads_program,                !- Name
  Set loads_htg_walls = 0,                !- Program Line 1
  Set loads_htg_rim_joists = 0,           !- Program Line 2
  Set loads_htg_foundation_walls = 0,     !- Program Line 3
  Set loads_htg_floors = 0,               !- Program Line 4
  Set loads_htg_slabs = 0,                !- Program Line 5
  Set loads_htg_ceilings = 0,             !- Program Line 6
  Set loads_htg_roofs = 0,                !- Program Line 7
  Set loads_htg_windows_conduction = 0,   !- Program Line 8
  Set loads_htg_windows_solar = 0,        !- Program Line 9
  Set loads_htg_doors = 0,                !- Program Line 10
  Set loads_htg_skylights_conduction = 0, !- Program Line 11
  Set loads_htg_skylights_solar = 0,      !- Program Line 12
  Set loads_htg_internal_mass = 0,        !- Program Line 13
  Set loads_htg_intgains = 0,             !- Program Line 14
  Set loads_htg_lighting = 0,             !- Program Line 15
  Set loads_htg_infil = 0,                !- Program Line 16
  Set loads_htg_mechvent = 0,             !- Program Line 17
  Set loads_htg_natvent = 0,              !- Program Line 18
  Set loads_htg_whf = 0,                  !- Program Line 19
  Set loads_htg_ducts = 0,                !- Program Line 20
  Set loads_clg_walls = 0,                !- Program Line 21
  Set loads_clg_rim_joists = 0,           !- Program Line 22
  Set loads_clg_foundation_walls = 0,     !- Program Line 23
  Set loads_clg_floors = 0,               !- Program Line 24
  Set loads_clg_slabs = 0,                !- Program Line 25
  Set loads_clg_ceilings = 0,             !- Program Line 26
  Set loads_clg_roofs = 0,                !- Program Line 27
  Set loads_clg_windows_conduction = 0,   !- Program Line 28
  Set loads_clg_windows_solar = 0,        !- Program Line 29
  Set loads_clg_doors = 0,                !- Program Line 30
  Set loads_clg_skylights_conduction = 0, !- Program Line 31
  Set loads_clg_skylights_solar = 0,      !- Program Line 32
  Set loads_clg_internal_mass = 0,        !- Program Line 33
  Set loads_clg_intgains = 0,             !- Program Line 34
  Set loads_clg_lighting = 0,             !- Program Line 35
  Set loads_clg_infil = 0,                !- Program Line 36
  Set loads_clg_mechvent = 0,             !- Program Line 37
  Set loads_clg_natvent = 0,              !- Program Line 38
  Set loads_clg_whf = 0,                  !- Program Line 39
  Set loads_clg_ducts = 0,                !- Program Line 40
  Set hr_walls = 0,                       !- Program Line 41
  Set hr_walls = hr_walls + s_conv_2 + s_ig_2 + s_sol_2 + s_lgt_2 + s_surf_2, !- Program Line 42
  Set hr_walls = hr_walls + s_conv_3 + s_ig_3 + s_sol_3 + s_lgt_3 + s_surf_3, !- Program Line 43
  Set hr_walls = hr_walls + s_conv_4 + s_ig_4 + s_sol_4 + s_lgt_4 + s_surf_4, !- Program Line 44
  Set hr_walls = hr_walls + s_conv_5 + s_ig_5 + s_sol_5 + s_lgt_5 + s_surf_5, !- Program Line 45
  Set hr_walls = hr_walls + s_conv_6 + s_ig_6 + s_sol_6 + s_lgt_6 + s_surf_6, !- Program Line 46
  Set hr_walls = hr_walls + s_conv_7 + s_ig_7 + s_sol_7 + s_lgt_7 + s_surf_7, !- Program Line 47
  Set hr_rim_joists = 0,                  !- Program Line 48
  Set hr_foundation_walls = 0,            !- Program Line 49
  Set hr_floors = 0,                      !- Program Line 50
  Set hr_floors = hr_floors + s_conv + s_ig + s_sol + s_lgt + s_surf, !- Program Line 51
  Set hr_slabs = 0,                       !- Program Line 52
  Set hr_ceilings = 0,                    !- Program Line 53
  Set hr_roofs = 0,                       !- Program Line 54
  Set hr_roofs = hr_roofs + s_conv_1 + s_ig_1 + s_sol_1 + s_lgt_1 + s_surf_1, !- Program Line 55
  Set hr_windows_conduction = 0,          !- Program Line 56
  Set hr_windows_conduction = hr_windows_conduction + ss_conv_1, !- Program Line 57
  Set hr_windows_conduction = hr_windows_conduction + ss_ig_1, !- Program Line 58
  Set hr_windows_conduction = hr_windows_conduction + ss_surf_1, !- Program Line 59
  Set hr_windows_conduction = hr_windows_conduction + ss_conv_2, !- Program Line 60
  Set hr_windows_conduction = hr_windows_conduction + ss_ig_2, !- Program Line 61
  Set hr_windows_conduction = hr_windows_conduction + ss_surf_2, !- Program Line 62
  Set hr_windows_conduction = hr_windows_conduction + ss_conv_3, !- Program Line 63
  Set hr_windows_conduction = hr_windows_conduction + ss_ig_3, !- Program Line 64
  Set hr_windows_conduction = hr_windows_conduction + ss_surf_3, !- Program Line 65
  Set hr_windows_conduction = hr_windows_conduction + ss_conv_4, !- Program Line 66
  Set hr_windows_conduction = hr_windows_conduction + ss_ig_4, !- Program Line 67
  Set hr_windows_conduction = hr_windows_conduction + ss_surf_4, !- Program Line 68
  Set hr_windows_solar = 0,               !- Program Line 69
  Set hr_windows_solar = hr_windows_solar - ss_trans_in * ZoneTimestep * 3600 + ss_back_out * ZoneTimestep * 3600 + ss_trans_out * ZoneTimestep * 3600, !- Program Line 70
  Set hr_windows_solar = hr_windows_solar - ss_trans_in_1 * ZoneTimestep * 3600 + ss_back_out_1 * ZoneTimestep * 3600 + ss_trans_out_1 * ZoneTimestep * 3600, !- Program Line 71
  Set hr_windows_solar = hr_windows_solar - ss_trans_in_2 * ZoneTimestep * 3600 + ss_back_out_2 * ZoneTimestep * 3600 + ss_trans_out_2 * ZoneTimestep * 3600, !- Program Line 72
  Set hr_windows_solar = hr_windows_solar - ss_trans_in_3 * ZoneTimestep * 3600 + ss_back_out_3 * ZoneTimestep * 3600 + ss_trans_out_3 * ZoneTimestep * 3600, !- Program Line 73
  Set hr_doors = 0,                       !- Program Line 74
  Set hr_doors = hr_doors + ss_sol,       !- Program Line 75
  Set hr_doors = hr_doors + ss_lgt,       !- Program Line 76
  Set hr_doors = hr_doors + ss_conv,      !- Program Line 77
  Set hr_doors = hr_doors + ss_ig,        !- Program Line 78
  Set hr_doors = hr_doors + ss_surf,      !- Program Line 79
  Set hr_skylights_conduction = 0,        !- Program Line 80
  Set hr_skylights_solar = 0,             !- Program Line 81
  Set hr_internal_mass = 0,               !- Program Line 82
  Set hr_internal_mass = hr_internal_mass + im_conv + im_ig + im_sol + im_lgt + im_surf, !- Program Line 83
  Set hr_internal_mass = hr_internal_mass + im_conv_1 + im_ig_1 + im_sol_1 + im_lgt_1 + im_surf_1, !- Program Line 84
  Set hr_intgains = 0,                    !- Program Line 85
  Set hr_intgains = hr_intgains - ig_ee_conv - ig_ee_rad - ig_ee_conv_1 - ig_ee_rad_1 - ig_ee_conv_2 - ig_ee_rad_2 - ig_ee_conv_3 - ig_ee_rad_3 - ig_ee_conv_4 - ig_ee_rad_4 - ig_ee_conv_5 - ig_ee_rad_5 - ig_ee_conv_6 - ig_ee_rad_6 - ig_ee_conv_7 - ig_ee_rad_7 - ig_ee_conv_8 - ig_ee_rad_8 - ig_oe_conv - ig_oe_rad - ig_oe_conv_1 - ig_oe_rad_1 - ig_oe_conv_2 - ig_oe_rad_2 - ig_oe_conv_3 - ig_oe_rad_3 - ig_ppl_conv - ig_ppl_rad, !- Program Line 86
  Set hr_lighting = 0,                    !- Program Line 87
  Set hr_lighting = hr_lighting - ig_lgt_conv - ig_lgt_rad - ig_lgt_vis, !- Program Line 88
  Set hr_infil = 0,                       !- Program Line 89
  Set hr_infil = hr_infil - airflow_gain + airflow_loss, !- Program Line 90
  Set hr_natvent = 0,                     !- Program Line 91
  Set hr_natvent = hr_natvent - airflow_gain_1 + airflow_loss_1, !- Program Line 92
  Set hr_whf = 0,                         !- Program Line 93
  Set hr_whf = hr_whf - airflow_gain_2 + airflow_loss_2, !- Program Line 94
  Set hr_mechvent = 0,                    !- Program Line 95
  Set hr_mechvent = hr_mechvent - mv_conv - mv_rad - mv_conv_1 - mv_rad_1 - mv_conv_2 - mv_rad_2 - mv_conv_3 - mv_rad_3 - mv_conv_4 - mv_rad_4 - mv_conv_5 - mv_rad_5, !- Program Line 96
  Set hr_ducts = 0,                       !- Program Line 97
  Set hr_ducts = hr_ducts - ducts_conv - ducts_rad - ducts_conv_1 - ducts_rad_1 - ducts_conv_2 - ducts_rad_2 - ducts_conv_3 - ducts_rad_3 - ducts_conv_4 - ducts_rad_4 - ducts_conv_5 - ducts_rad_5, !- Program Line 98
  Set hr_ducts = hr_ducts + (duct_mix_loss_1 - duct_mix_gain_1), !- Program Line 99
  Set htg_mode = 0,                       !- Program Line 100
  Set clg_mode = 0,                       !- Program Line 101
  If (htg_load_cond > 0),                 !- Program Line 102
  Set htg_mode = 1.0,                     !- Program Line 103
  ElseIf (clg_load_cond > 0),             !- Program Line 104
  Set clg_mode = 0.0,                     !- Program Line 105
  Else,                                   !- Program Line 106
  Set htg_season = 0,                     !- Program Line 107
  Set clg_season = 0,                     !- Program Line 108
  If ((DayOfYear >= 1) && (DayOfYear <= 365)), !- Program Line 109
  Set clg_season = 1,                     !- Program Line 110
  EndIf,                                  !- Program Line 111
  If ((DayOfYear >= 1) && (DayOfYear <= 365)), !- Program Line 112
  Set htg_season = 1,                     !- Program Line 113
  EndIf,                                  !- Program Line 114
  If ((airflow_gain_1 <> 0) || (airflow_loss_1 <> 0)) && (clg_season == 1), !- Program Line 115
  Set clg_mode = 0.0,                     !- Program Line 116
  ElseIf ((airflow_gain_2 <> 0) || (airflow_loss_2 <> 0)) && (clg_season == 1), !- Program Line 117
  Set clg_mode = 0.0,                     !- Program Line 118
  Else,                                   !- Program Line 119
  Set Tmid_setpoint = (htg_sp_s_1 + clg_sp_s_1) / 2, !- Program Line 120
  If (tin_s_1 > Tmid_setpoint) && (clg_season == 1), !- Program Line 121
  Set clg_mode = 0.0,                     !- Program Line 122
  ElseIf (tin_s_1 < Tmid_setpoint) && (htg_season == 1), !- Program Line 123
  Set htg_mode = 1.0,                     !- Program Line 124
  EndIf,                                  !- Program Line 125
  EndIf,                                  !- Program Line 126
  EndIf,                                  !- Program Line 127
  Set loads_htg_walls = loads_htg_walls + (hr_walls * htg_mode * 1), !- Program Line 128
  Set loads_htg_rim_joists = loads_htg_rim_joists + (hr_rim_joists * htg_mode * 1), !- Program Line 129
  Set loads_htg_foundation_walls = loads_htg_foundation_walls + (hr_foundation_walls * htg_mode * 1), !- Program Line 130
  Set loads_htg_floors = loads_htg_floors + (hr_floors * htg_mode * 1), !- Program Line 131
  Set loads_htg_slabs = loads_htg_slabs + (hr_slabs * htg_mode * 1), !- Program Line 132
  Set loads_htg_ceilings = loads_htg_ceilings + (hr_ceilings * htg_mode * 1), !- Program Line 133
  Set loads_htg_roofs = loads_htg_roofs + (hr_roofs * htg_mode * 1), !- Program Line 134
  Set loads_htg_windows_conduction = loads_htg_windows_conduction + (hr_windows_conduction * htg_mode * 1), !- Program Line 135
  Set loads_htg_windows_solar = loads_htg_windows_solar + (hr_windows_solar * htg_mode * 1), !- Program Line 136
  Set loads_htg_doors = loads_htg_doors + (hr_doors * htg_mode * 1), !- Program Line 137
  Set loads_htg_skylights_conduction = loads_htg_skylights_conduction + (hr_skylights_conduction * htg_mode * 1), !- Program Line 138
  Set loads_htg_skylights_solar = loads_htg_skylights_solar + (hr_skylights_solar * htg_mode * 1), !- Program Line 139
  Set loads_htg_internal_mass = loads_htg_internal_mass + (hr_internal_mass * htg_mode * 1), !- Program Line 140
  Set loads_htg_intgains = loads_htg_intgains + (hr_intgains * htg_mode * 1), !- Program Line 141
  Set loads_htg_lighting = loads_htg_lighting + (hr_lighting * htg_mode * 1), !- Program Line 142
  Set loads_htg_infil = loads_htg_infil + (hr_infil * htg_mode * 1), !- Program Line 143
  Set loads_htg_mechvent = loads_htg_mechvent + (hr_mechvent * htg_mode * 1), !- Program Line 144
  Set loads_htg_natvent = loads_htg_natvent + (hr_natvent * htg_mode * 1), !- Program Line 145
  Set loads_htg_whf = loads_htg_whf + (hr_whf * htg_mode * 1), !- Program Line 146
  Set loads_htg_ducts = loads_htg_ducts + (hr_ducts * htg_mode * 1), !- Program Line 147
  Set loads_clg_walls = loads_clg_walls + (-hr_walls * clg_mode * 1), !- Program Line 148
  Set loads_clg_rim_joists = loads_clg_rim_joists + (-hr_rim_joists * clg_mode * 1), !- Program Line 149
  Set loads_clg_foundation_walls = loads_clg_foundation_walls + (-hr_foundation_walls * clg_mode * 1), !- Program Line 150
  Set loads_clg_floors = loads_clg_floors + (-hr_floors * clg_mode * 1), !- Program Line 151
  Set loads_clg_slabs = loads_clg_slabs + (-hr_slabs * clg_mode * 1), !- Program Line 152
  Set loads_clg_ceilings = loads_clg_ceilings + (-hr_ceilings * clg_mode * 1), !- Program Line 153
  Set loads_clg_roofs = loads_clg_roofs + (-hr_roofs * clg_mode * 1), !- Program Line 154
  Set loads_clg_windows_conduction = loads_clg_windows_conduction + (-hr_windows_conduction * clg_mode * 1), !- Program Line 155
  Set loads_clg_windows_solar = loads_clg_windows_solar + (-hr_windows_solar * clg_mode * 1), !- Program Line 156
  Set loads_clg_doors = loads_clg_doors + (-hr_doors * clg_mode * 1), !- Program Line 157
  Set loads_clg_skylights_conduction = loads_clg_skylights_conduction + (-hr_skylights_conduction * clg_mode * 1), !- Program Line 158
  Set loads_clg_skylights_solar = loads_clg_skylights_solar + (-hr_skylights_solar * clg_mode * 1), !- Program Line 159
  Set loads_clg_internal_mass = loads_clg_internal_mass + (-hr_internal_mass * clg_mode * 1), !- Program Line 160
  Set loads_clg_intgains = loads_clg_intgains + (-hr_intgains * clg_mode * 1), !- Program Line 161
  Set loads_clg_lighting = loads_clg_lighting + (-hr_lighting * clg_mode * 1), !- Program Line 162
  Set loads_clg_infil = loads_clg_infil + (-hr_infil * clg_mode * 1), !- Program Line 163
  Set loads_clg_mechvent = loads_clg_mechvent + (-hr_mechvent * clg_mode * 1), !- Program Line 164
  Set loads_clg_natvent = loads_clg_natvent + (-hr_natvent * clg_mode * 1), !- Program Line 165
  Set loads_clg_whf = loads_clg_whf + (-hr_whf * clg_mode * 1), !- Program Line 166
  Set loads_clg_ducts = loads_clg_ducts + (-hr_ducts * clg_mode * 1); !- Program Line 167

OS:AdditionalProperties,
  {2d2cb710-830f-4685-87f6-5d72e732d6d2}, !- Handle
  {f432582a-ba34-4a57-af2f-60d54006e21a}, !- Object Name
  ObjectType,                             !- Feature Name 1
  String,                                 !- Feature Data Type 1
  component loads program;                !- Feature Value 1

OS:EnergyManagementSystem:Sensor,
  {698c3b33-96eb-437a-a139-20610d5e7bab}, !- Handle
  s_conv,                                 !- Name
  Floor1,                                 !- Output Variable or Output Meter Index Key Name
  Surface Inside Face Convection Heat Gain Energy; !- Output Variable or Output Meter Name

OS:EnergyManagementSystem:Sensor,
  {d84cd4cb-d30b-4edf-abf1-2691b1981c14}, !- Handle
  s_ig,                                   !- Name
  Floor1,                                 !- Output Variable or Output Meter Index Key Name
  Surface Inside Face Internal Gains Radiation Heat Gain Energy; !- Output Variable or Output Meter Name

OS:EnergyManagementSystem:Sensor,
  {62019f6c-ebb1-4218-9a3f-1b3571c4bbb9}, !- Handle
  s_sol,                                  !- Name
  Floor1,                                 !- Output Variable or Output Meter Index Key Name
  Surface Inside Face Solar Radiation Heat Gain Energy; !- Output Variable or Output Meter Name

OS:EnergyManagementSystem:Sensor,
  {b491ed90-d983-4ca2-a6e0-d02164afd772}, !- Handle
  s_lgt,                                  !- Name
  Floor1,                                 !- Output Variable or Output Meter Index Key Name
  Surface Inside Face Lights Radiation Heat Gain Energy; !- Output Variable or Output Meter Name

OS:EnergyManagementSystem:Sensor,
  {1c7cc4da-e8a1-4754-a0fb-3507e5984352}, !- Handle
  s_surf,                                 !- Name
  Floor1,                                 !- Output Variable or Output Meter Index Key Name
  Surface Inside Face Net Surface Thermal Radiation Heat Gain Energy; !- Output Variable or Output Meter Name

OS:EnergyManagementSystem:Sensor,
  {f81c103c-8996-41f2-bc3c-d01d2c72f229}, !- Handle
  s_conv_1,                               !- Name
  Roof2,                                  !- Output Variable or Output Meter Index Key Name
  Surface Inside Face Convection Heat Gain Energy; !- Output Variable or Output Meter Name

OS:EnergyManagementSystem:Sensor,
  {6fd09452-0dc4-46db-96a9-89ea30ff24f0}, !- Handle
  s_ig_1,                                 !- Name
  Roof2,                                  !- Output Variable or Output Meter Index Key Name
  Surface Inside Face Internal Gains Radiation Heat Gain Energy; !- Output Variable or Output Meter Name

OS:EnergyManagementSystem:Sensor,
  {fd6541ce-a7a0-4935-a6f0-1a126a1e5b17}, !- Handle
  s_sol_1,                                !- Name
  Roof2,                                  !- Output Variable or Output Meter Index Key Name
  Surface Inside Face Solar Radiation Heat Gain Energy; !- Output Variable or Output Meter Name

OS:EnergyManagementSystem:Sensor,
  {0ad90157-1d9d-4bcb-97b3-5f99e1430cdc}, !- Handle
  s_lgt_1,                                !- Name
  Roof2,                                  !- Output Variable or Output Meter Index Key Name
  Surface Inside Face Lights Radiation Heat Gain Energy; !- Output Variable or Output Meter Name

OS:EnergyManagementSystem:Sensor,
  {33f86c96-4f92-46fe-b7c7-e7baad5c1216}, !- Handle
  s_surf_1,                               !- Name
  Roof2,                                  !- Output Variable or Output Meter Index Key Name
  Surface Inside Face Net Surface Thermal Radiation Heat Gain Energy; !- Output Variable or Output Meter Name

OS:EnergyManagementSystem:Sensor,
  {2fe0e3c0-5dab-4867-b966-67e9377d579b}, !- Handle
  ss_sol,                                 !- Name
  Door1,                                  !- Output Variable or Output Meter Index Key Name
  Surface Inside Face Solar Radiation Heat Gain Energy; !- Output Variable or Output Meter Name

OS:EnergyManagementSystem:Sensor,
  {5352bc83-2af7-4eec-92dd-0368f15228b5}, !- Handle
  ss_lgt,                                 !- Name
  Door1,                                  !- Output Variable or Output Meter Index Key Name
  Surface Inside Face Lights Radiation Heat Gain Energy; !- Output Variable or Output Meter Name

OS:EnergyManagementSystem:Sensor,
  {64556e3b-e555-47b7-b0ce-452b3742c104}, !- Handle
  ss_conv,                                !- Name
  Door1,                                  !- Output Variable or Output Meter Index Key Name
  Surface Inside Face Convection Heat Gain Energy; !- Output Variable or Output Meter Name

OS:EnergyManagementSystem:Sensor,
  {6e0330da-0260-4d7b-af66-d1764570c1c6}, !- Handle
  ss_ig,                                  !- Name
  Door1,                                  !- Output Variable or Output Meter Index Key Name
  Surface Inside Face Internal Gains Radiation Heat Gain Energy; !- Output Variable or Output Meter Name

OS:EnergyManagementSystem:Sensor,
  {88ad08d6-5004-4a1e-815b-2f4c05f8570a}, !- Handle
  ss_surf,                                !- Name
  Door1,                                  !- Output Variable or Output Meter Index Key Name
  Surface Inside Face Net Surface Thermal Radiation Heat Gain Energy; !- Output Variable or Output Meter Name

OS:EnergyManagementSystem:Sensor,
  {54c5d95a-d6a0-42e8-9f35-4fd5d0966aac}, !- Handle
  ss_conv_1,                              !- Name
  Window1,                                !- Output Variable or Output Meter Index Key Name
  Surface Inside Face Convection Heat Gain Energy; !- Output Variable or Output Meter Name

OS:EnergyManagementSystem:Sensor,
  {953c18ea-ac40-48cc-807e-81d257b3ec42}, !- Handle
  ss_ig_1,                                !- Name
  Window1,                                !- Output Variable or Output Meter Index Key Name
  Surface Inside Face Internal Gains Radiation Heat Gain Energy; !- Output Variable or Output Meter Name

OS:EnergyManagementSystem:Sensor,
  {18f2a836-65ac-4a24-80e0-3cb1cb826979}, !- Handle
  ss_surf_1,                              !- Name
  Window1,                                !- Output Variable or Output Meter Index Key Name
  Surface Inside Face Net Surface Thermal Radiation Heat Gain Energy; !- Output Variable or Output Meter Name

OS:EnergyManagementSystem:Sensor,
  {ed2048cf-9350-40dc-85b1-f6d72798d617}, !- Handle
  ss_trans_in,                            !- Name
  Window1,                                !- Output Variable or Output Meter Index Key Name
  Surface Window Transmitted Solar Radiation Rate; !- Output Variable or Output Meter Name

OS:EnergyManagementSystem:Sensor,
  {f51434d7-93fe-4bd5-b522-d4c2330b7bd4}, !- Handle
  ss_back_out,                            !- Name
  Window1,                                !- Output Variable or Output Meter Index Key Name
  Surface Window Shortwave from Zone Back Out Window Heat Transfer Rate; !- Output Variable or Output Meter Name

OS:EnergyManagementSystem:Sensor,
  {867671d0-bcef-4222-a506-5c29696fe4e8}, !- Handle
  ss_trans_out,                           !- Name
  Window1,                                !- Output Variable or Output Meter Index Key Name
  Surface Inside Face Initial Transmitted Diffuse Transmitted Out Window Solar Radiation Rate; !- Output Variable or Output Meter Name

OS:EnergyManagementSystem:Sensor,
  {caab5598-9734-4a99-890e-e6815d084e6f}, !- Handle
  ss_conv_2,                              !- Name
  Window2,                                !- Output Variable or Output Meter Index Key Name
  Surface Inside Face Convection Heat Gain Energy; !- Output Variable or Output Meter Name

OS:EnergyManagementSystem:Sensor,
  {5faec6eb-49f8-4806-a425-2f0f989973f0}, !- Handle
  ss_ig_2,                                !- Name
  Window2,                                !- Output Variable or Output Meter Index Key Name
  Surface Inside Face Internal Gains Radiation Heat Gain Energy; !- Output Variable or Output Meter Name

OS:EnergyManagementSystem:Sensor,
  {de239382-8af1-4873-b3f0-d40a770a40fc}, !- Handle
  ss_surf_2,                              !- Name
  Window2,                                !- Output Variable or Output Meter Index Key Name
  Surface Inside Face Net Surface Thermal Radiation Heat Gain Energy; !- Output Variable or Output Meter Name

OS:EnergyManagementSystem:Sensor,
  {802c2d85-a82f-4242-aa9e-7e4cb925fa55}, !- Handle
  ss_trans_in_1,                          !- Name
  Window2,                                !- Output Variable or Output Meter Index Key Name
  Surface Window Transmitted Solar Radiation Rate; !- Output Variable or Output Meter Name

OS:EnergyManagementSystem:Sensor,
  {cfe6abfb-50b1-49de-b0bf-5ab000476f75}, !- Handle
  ss_back_out_1,                          !- Name
  Window2,                                !- Output Variable or Output Meter Index Key Name
  Surface Window Shortwave from Zone Back Out Window Heat Transfer Rate; !- Output Variable or Output Meter Name

OS:EnergyManagementSystem:Sensor,
  {a2a3e9ca-eb92-4683-9b20-d8151aed99c1}, !- Handle
  ss_trans_out_1,                         !- Name
  Window2,                                !- Output Variable or Output Meter Index Key Name
  Surface Inside Face Initial Transmitted Diffuse Transmitted Out Window Solar Radiation Rate; !- Output Variable or Output Meter Name

OS:EnergyManagementSystem:Sensor,
  {30af9360-89f2-4b71-b6bd-2b297aa4ae68}, !- Handle
  ss_conv_3,                              !- Name
  Window3,                                !- Output Variable or Output Meter Index Key Name
  Surface Inside Face Convection Heat Gain Energy; !- Output Variable or Output Meter Name

OS:EnergyManagementSystem:Sensor,
  {68607aba-e80b-4f46-9802-afc8c4d7d70d}, !- Handle
  ss_ig_3,                                !- Name
  Window3,                                !- Output Variable or Output Meter Index Key Name
  Surface Inside Face Internal Gains Radiation Heat Gain Energy; !- Output Variable or Output Meter Name

OS:EnergyManagementSystem:Sensor,
  {5115de72-1009-4eaa-92a5-34c907eec563}, !- Handle
  ss_surf_3,                              !- Name
  Window3,                                !- Output Variable or Output Meter Index Key Name
  Surface Inside Face Net Surface Thermal Radiation Heat Gain Energy; !- Output Variable or Output Meter Name

OS:EnergyManagementSystem:Sensor,
  {4d415121-4d07-41e3-890c-bfb5c47d21ae}, !- Handle
  ss_trans_in_2,                          !- Name
  Window3,                                !- Output Variable or Output Meter Index Key Name
  Surface Window Transmitted Solar Radiation Rate; !- Output Variable or Output Meter Name

OS:EnergyManagementSystem:Sensor,
  {640648cb-92cc-4819-aaea-d45774597ab6}, !- Handle
  ss_back_out_2,                          !- Name
  Window3,                                !- Output Variable or Output Meter Index Key Name
  Surface Window Shortwave from Zone Back Out Window Heat Transfer Rate; !- Output Variable or Output Meter Name

OS:EnergyManagementSystem:Sensor,
  {6529bdaa-eaf7-45d7-97c1-5e1f9acab076}, !- Handle
  ss_trans_out_2,                         !- Name
  Window3,                                !- Output Variable or Output Meter Index Key Name
  Surface Inside Face Initial Transmitted Diffuse Transmitted Out Window Solar Radiation Rate; !- Output Variable or Output Meter Name

OS:EnergyManagementSystem:Sensor,
  {2646ec37-4df4-420c-bd46-5d98c26a1cd7}, !- Handle
  ss_conv_4,                              !- Name
  Window4,                                !- Output Variable or Output Meter Index Key Name
  Surface Inside Face Convection Heat Gain Energy; !- Output Variable or Output Meter Name

OS:EnergyManagementSystem:Sensor,
  {d0c50c4e-d660-4792-8a46-be77e0b4b569}, !- Handle
  ss_ig_4,                                !- Name
  Window4,                                !- Output Variable or Output Meter Index Key Name
  Surface Inside Face Internal Gains Radiation Heat Gain Energy; !- Output Variable or Output Meter Name

OS:EnergyManagementSystem:Sensor,
  {e4a05721-761b-43dc-b3ab-997ffbff1c42}, !- Handle
  ss_surf_4,                              !- Name
  Window4,                                !- Output Variable or Output Meter Index Key Name
  Surface Inside Face Net Surface Thermal Radiation Heat Gain Energy; !- Output Variable or Output Meter Name

OS:EnergyManagementSystem:Sensor,
  {58548d33-6189-4e45-bb7a-15b3eedeaca2}, !- Handle
  ss_trans_in_3,                          !- Name
  Window4,                                !- Output Variable or Output Meter Index Key Name
  Surface Window Transmitted Solar Radiation Rate; !- Output Variable or Output Meter Name

OS:EnergyManagementSystem:Sensor,
  {2cfc2432-6222-4bda-bcea-32b2c494e70d}, !- Handle
  ss_back_out_3,                          !- Name
  Window4,                                !- Output Variable or Output Meter Index Key Name
  Surface Window Shortwave from Zone Back Out Window Heat Transfer Rate; !- Output Variable or Output Meter Name

OS:EnergyManagementSystem:Sensor,
  {193004f9-372d-4b5e-80f5-4e01d519257f}, !- Handle
  ss_trans_out_3,                         !- Name
  Window4,                                !- Output Variable or Output Meter Index Key Name
  Surface Inside Face Initial Transmitted Diffuse Transmitted Out Window Solar Radiation Rate; !- Output Variable or Output Meter Name

OS:EnergyManagementSystem:Sensor,
  {d9b7f874-6bd8-4eef-a270-5de25316cff1}, !- Handle
  s_conv_2,                               !- Name
  Wall3,                                  !- Output Variable or Output Meter Index Key Name
  Surface Inside Face Convection Heat Gain Energy; !- Output Variable or Output Meter Name

OS:EnergyManagementSystem:Sensor,
  {70ec1989-efcd-4444-83a5-922dd18bac62}, !- Handle
  s_ig_2,                                 !- Name
  Wall3,                                  !- Output Variable or Output Meter Index Key Name
  Surface Inside Face Internal Gains Radiation Heat Gain Energy; !- Output Variable or Output Meter Name

OS:EnergyManagementSystem:Sensor,
  {7fea40b4-8bd7-4d9f-b328-53d975178c7a}, !- Handle
  s_sol_2,                                !- Name
  Wall3,                                  !- Output Variable or Output Meter Index Key Name
  Surface Inside Face Solar Radiation Heat Gain Energy; !- Output Variable or Output Meter Name

OS:EnergyManagementSystem:Sensor,
  {5c67998c-a2fb-4e61-b02a-9d8a9b36c4dd}, !- Handle
  s_lgt_2,                                !- Name
  Wall3,                                  !- Output Variable or Output Meter Index Key Name
  Surface Inside Face Lights Radiation Heat Gain Energy; !- Output Variable or Output Meter Name

OS:EnergyManagementSystem:Sensor,
  {5967bc2f-c1e9-43ef-b09c-93d7f2a95035}, !- Handle
  s_surf_2,                               !- Name
  Wall3,                                  !- Output Variable or Output Meter Index Key Name
  Surface Inside Face Net Surface Thermal Radiation Heat Gain Energy; !- Output Variable or Output Meter Name

OS:EnergyManagementSystem:Sensor,
  {11bb2728-5d97-439f-9739-c21fcfcaf153}, !- Handle
  s_conv_3,                               !- Name
  Wall4,                                  !- Output Variable or Output Meter Index Key Name
  Surface Inside Face Convection Heat Gain Energy; !- Output Variable or Output Meter Name

OS:EnergyManagementSystem:Sensor,
  {ed05f152-9761-4a15-95ac-57c88a6ab407}, !- Handle
  s_ig_3,                                 !- Name
  Wall4,                                  !- Output Variable or Output Meter Index Key Name
  Surface Inside Face Internal Gains Radiation Heat Gain Energy; !- Output Variable or Output Meter Name

OS:EnergyManagementSystem:Sensor,
  {2f52d6c9-83c6-40ac-9349-f9b6c9ce3916}, !- Handle
  s_sol_3,                                !- Name
  Wall4,                                  !- Output Variable or Output Meter Index Key Name
  Surface Inside Face Solar Radiation Heat Gain Energy; !- Output Variable or Output Meter Name

OS:EnergyManagementSystem:Sensor,
  {e87853bd-3240-4c4f-81b7-750666ac89be}, !- Handle
  s_lgt_3,                                !- Name
  Wall4,                                  !- Output Variable or Output Meter Index Key Name
  Surface Inside Face Lights Radiation Heat Gain Energy; !- Output Variable or Output Meter Name

OS:EnergyManagementSystem:Sensor,
  {3d6d7322-da7e-4109-84f9-9431f5795196}, !- Handle
  s_surf_3,                               !- Name
  Wall4,                                  !- Output Variable or Output Meter Index Key Name
  Surface Inside Face Net Surface Thermal Radiation Heat Gain Energy; !- Output Variable or Output Meter Name

OS:EnergyManagementSystem:Sensor,
  {7751fdbf-6d41-4d68-9f57-c2eb48dd4259}, !- Handle
  s_conv_4,                               !- Name
  Wall5,                                  !- Output Variable or Output Meter Index Key Name
  Surface Inside Face Convection Heat Gain Energy; !- Output Variable or Output Meter Name

OS:EnergyManagementSystem:Sensor,
  {90294d92-f6d2-42a9-894f-a0d9a4f45d24}, !- Handle
  s_ig_4,                                 !- Name
  Wall5,                                  !- Output Variable or Output Meter Index Key Name
  Surface Inside Face Internal Gains Radiation Heat Gain Energy; !- Output Variable or Output Meter Name

OS:EnergyManagementSystem:Sensor,
  {cbd4f5f9-8e0e-4c95-b162-bdcb735a7f46}, !- Handle
  s_sol_4,                                !- Name
  Wall5,                                  !- Output Variable or Output Meter Index Key Name
  Surface Inside Face Solar Radiation Heat Gain Energy; !- Output Variable or Output Meter Name

OS:EnergyManagementSystem:Sensor,
  {b08a9445-e47b-46d3-94fc-fb36f350a74b}, !- Handle
  s_lgt_4,                                !- Name
  Wall5,                                  !- Output Variable or Output Meter Index Key Name
  Surface Inside Face Lights Radiation Heat Gain Energy; !- Output Variable or Output Meter Name

OS:EnergyManagementSystem:Sensor,
  {65b2614b-3d90-465c-9a37-7f295a312dba}, !- Handle
  s_surf_4,                               !- Name
  Wall5,                                  !- Output Variable or Output Meter Index Key Name
  Surface Inside Face Net Surface Thermal Radiation Heat Gain Energy; !- Output Variable or Output Meter Name

OS:EnergyManagementSystem:Sensor,
  {98eadb6d-f726-4b94-97fd-20f23116097d}, !- Handle
  s_conv_5,                               !- Name
  Wall6,                                  !- Output Variable or Output Meter Index Key Name
  Surface Inside Face Convection Heat Gain Energy; !- Output Variable or Output Meter Name

OS:EnergyManagementSystem:Sensor,
  {2e1b2271-f1b8-4a25-83a6-6ab9f97d446a}, !- Handle
  s_ig_5,                                 !- Name
  Wall6,                                  !- Output Variable or Output Meter Index Key Name
  Surface Inside Face Internal Gains Radiation Heat Gain Energy; !- Output Variable or Output Meter Name

OS:EnergyManagementSystem:Sensor,
  {46b9a43c-128f-4a0b-ad83-12b43318a1f8}, !- Handle
  s_sol_5,                                !- Name
  Wall6,                                  !- Output Variable or Output Meter Index Key Name
  Surface Inside Face Solar Radiation Heat Gain Energy; !- Output Variable or Output Meter Name

OS:EnergyManagementSystem:Sensor,
  {ea7ee32a-ac45-4654-a6c8-4a5b520cbd00}, !- Handle
  s_lgt_5,                                !- Name
  Wall6,                                  !- Output Variable or Output Meter Index Key Name
  Surface Inside Face Lights Radiation Heat Gain Energy; !- Output Variable or Output Meter Name

OS:EnergyManagementSystem:Sensor,
  {28a747b3-308c-46db-bed1-f91b4c2d685b}, !- Handle
  s_surf_5,                               !- Name
  Wall6,                                  !- Output Variable or Output Meter Index Key Name
  Surface Inside Face Net Surface Thermal Radiation Heat Gain Energy; !- Output Variable or Output Meter Name

OS:EnergyManagementSystem:Sensor,
  {4f6eb571-eb1a-47dd-87d8-78257316c876}, !- Handle
  s_conv_6,                               !- Name
  Wall7,                                  !- Output Variable or Output Meter Index Key Name
  Surface Inside Face Convection Heat Gain Energy; !- Output Variable or Output Meter Name

OS:EnergyManagementSystem:Sensor,
  {272843b0-297d-466b-87e6-aea59de592ff}, !- Handle
  s_ig_6,                                 !- Name
  Wall7,                                  !- Output Variable or Output Meter Index Key Name
  Surface Inside Face Internal Gains Radiation Heat Gain Energy; !- Output Variable or Output Meter Name

OS:EnergyManagementSystem:Sensor,
  {64c7c58d-db76-4f43-b6ab-839c4e724608}, !- Handle
  s_sol_6,                                !- Name
  Wall7,                                  !- Output Variable or Output Meter Index Key Name
  Surface Inside Face Solar Radiation Heat Gain Energy; !- Output Variable or Output Meter Name

OS:EnergyManagementSystem:Sensor,
  {dd0ff95d-eec7-4183-9223-b6b04c25e2aa}, !- Handle
  s_lgt_6,                                !- Name
  Wall7,                                  !- Output Variable or Output Meter Index Key Name
  Surface Inside Face Lights Radiation Heat Gain Energy; !- Output Variable or Output Meter Name

OS:EnergyManagementSystem:Sensor,
  {fdba5593-cb15-48ed-810f-9d606555c1da}, !- Handle
  s_surf_6,                               !- Name
  Wall7,                                  !- Output Variable or Output Meter Index Key Name
  Surface Inside Face Net Surface Thermal Radiation Heat Gain Energy; !- Output Variable or Output Meter Name

OS:EnergyManagementSystem:Sensor,
  {55db02d7-c104-4d8b-a5e2-190ea6092c51}, !- Handle
  s_conv_7,                               !- Name
  Wall8,                                  !- Output Variable or Output Meter Index Key Name
  Surface Inside Face Convection Heat Gain Energy; !- Output Variable or Output Meter Name

OS:EnergyManagementSystem:Sensor,
  {ad4af929-fe3c-4bdc-b38a-8c020388e26f}, !- Handle
  s_ig_7,                                 !- Name
  Wall8,                                  !- Output Variable or Output Meter Index Key Name
  Surface Inside Face Internal Gains Radiation Heat Gain Energy; !- Output Variable or Output Meter Name

OS:EnergyManagementSystem:Sensor,
  {1da9212e-5d6e-4322-a81e-e922abc2608f}, !- Handle
  s_sol_7,                                !- Name
  Wall8,                                  !- Output Variable or Output Meter Index Key Name
  Surface Inside Face Solar Radiation Heat Gain Energy; !- Output Variable or Output Meter Name

OS:EnergyManagementSystem:Sensor,
  {52664c6a-0935-431e-996c-65f0340a2a31}, !- Handle
  s_lgt_7,                                !- Name
  Wall8,                                  !- Output Variable or Output Meter Index Key Name
  Surface Inside Face Lights Radiation Heat Gain Energy; !- Output Variable or Output Meter Name

OS:EnergyManagementSystem:Sensor,
  {1d66adae-792f-4819-8eca-e3d9fc696ee7}, !- Handle
  s_surf_7,                               !- Name
  Wall8,                                  !- Output Variable or Output Meter Index Key Name
  Surface Inside Face Net Surface Thermal Radiation Heat Gain Energy; !- Output Variable or Output Meter Name

OS:EnergyManagementSystem:Sensor,
  {f64d6823-861a-4a0e-8403-6d7c5af2fc57}, !- Handle
  im_conv,                                !- Name
  furniture mass conditioned space 1,     !- Output Variable or Output Meter Index Key Name
  Surface Inside Face Convection Heat Gain Energy; !- Output Variable or Output Meter Name

OS:EnergyManagementSystem:Sensor,
  {4ef992ba-81fd-4749-b31c-9860a54ae2d2}, !- Handle
  im_ig,                                  !- Name
  furniture mass conditioned space 1,     !- Output Variable or Output Meter Index Key Name
  Surface Inside Face Internal Gains Radiation Heat Gain Energy; !- Output Variable or Output Meter Name

OS:EnergyManagementSystem:Sensor,
  {95b8f970-e954-4fd5-bab5-85cc352a520c}, !- Handle
  im_sol,                                 !- Name
  furniture mass conditioned space 1,     !- Output Variable or Output Meter Index Key Name
  Surface Inside Face Solar Radiation Heat Gain Energy; !- Output Variable or Output Meter Name

OS:EnergyManagementSystem:Sensor,
  {e258617c-c658-48c5-9e11-29b4b9093ca0}, !- Handle
  im_lgt,                                 !- Name
  furniture mass conditioned space 1,     !- Output Variable or Output Meter Index Key Name
  Surface Inside Face Lights Radiation Heat Gain Energy; !- Output Variable or Output Meter Name

OS:EnergyManagementSystem:Sensor,
  {404c824a-eebc-4dca-ab55-ac47a051d6f2}, !- Handle
  im_surf,                                !- Name
  furniture mass conditioned space 1,     !- Output Variable or Output Meter Index Key Name
  Surface Inside Face Net Surface Thermal Radiation Heat Gain Energy; !- Output Variable or Output Meter Name

OS:EnergyManagementSystem:Sensor,
  {3aedd1b1-1c17-45f2-9fdb-5a8b5fe4986d}, !- Handle
  im_conv_1,                              !- Name
  partition wall mass,                    !- Output Variable or Output Meter Index Key Name
  Surface Inside Face Convection Heat Gain Energy; !- Output Variable or Output Meter Name

OS:EnergyManagementSystem:Sensor,
  {a3f0a030-ff61-4e48-a6b6-0464342a5451}, !- Handle
  im_ig_1,                                !- Name
  partition wall mass,                    !- Output Variable or Output Meter Index Key Name
  Surface Inside Face Internal Gains Radiation Heat Gain Energy; !- Output Variable or Output Meter Name

OS:EnergyManagementSystem:Sensor,
  {522f80e2-de24-4873-85c2-f9c7d3b8fff7}, !- Handle
  im_sol_1,                               !- Name
  partition wall mass,                    !- Output Variable or Output Meter Index Key Name
  Surface Inside Face Solar Radiation Heat Gain Energy; !- Output Variable or Output Meter Name

OS:EnergyManagementSystem:Sensor,
  {0107bb62-0526-406d-b996-956dbe817973}, !- Handle
  im_lgt_1,                               !- Name
  partition wall mass,                    !- Output Variable or Output Meter Index Key Name
  Surface Inside Face Lights Radiation Heat Gain Energy; !- Output Variable or Output Meter Name

OS:EnergyManagementSystem:Sensor,
  {b2d343a6-9e40-4228-8106-a41e96c05ace}, !- Handle
  im_surf_1,                              !- Name
  partition wall mass,                    !- Output Variable or Output Meter Index Key Name
  Surface Inside Face Net Surface Thermal Radiation Heat Gain Energy; !- Output Variable or Output Meter Name

OS:EnergyManagementSystem:Sensor,
  {1f659f8c-bebd-4737-9ba2-9d0b34d5d88d}, !- Handle
  airflow_gain,                           !- Name
  infil flow,                             !- Output Variable or Output Meter Index Key Name
  Infiltration Sensible Heat Gain Energy; !- Output Variable or Output Meter Name

OS:EnergyManagementSystem:Sensor,
  {03e59574-ad9b-4fdb-aa56-dfcb9383ff9e}, !- Handle
  airflow_loss,                           !- Name
  infil flow,                             !- Output Variable or Output Meter Index Key Name
  Infiltration Sensible Heat Loss Energy; !- Output Variable or Output Meter Name

OS:EnergyManagementSystem:Sensor,
  {1286d615-9433-4b67-9e59-7ed204d6b063}, !- Handle
  airflow_gain_1,                         !- Name
  natural vent flow,                      !- Output Variable or Output Meter Index Key Name
  Infiltration Sensible Heat Gain Energy; !- Output Variable or Output Meter Name

OS:EnergyManagementSystem:Sensor,
  {db60b130-1e3a-4d2c-b0b0-34ea4ba2b453}, !- Handle
  airflow_loss_1,                         !- Name
  natural vent flow,                      !- Output Variable or Output Meter Index Key Name
  Infiltration Sensible Heat Loss Energy; !- Output Variable or Output Meter Name

OS:EnergyManagementSystem:Sensor,
  {1d15fdf3-7705-46f9-bcc7-742825b5872d}, !- Handle
  airflow_gain_2,                         !- Name
  whole house fan flow,                   !- Output Variable or Output Meter Index Key Name
  Infiltration Sensible Heat Gain Energy; !- Output Variable or Output Meter Name

OS:EnergyManagementSystem:Sensor,
  {ac0fc2cc-2f05-439e-b590-415cddd7d26b}, !- Handle
  airflow_loss_2,                         !- Name
  whole house fan flow,                   !- Output Variable or Output Meter Index Key Name
  Infiltration Sensible Heat Loss Energy; !- Output Variable or Output Meter Name

OS:EnergyManagementSystem:Sensor,
  {a663314c-3257-4073-9f3e-04b0bb48a49a}, !- Handle
  mv_conv,                                !- Name
  mech vent bath fan 0,                   !- Output Variable or Output Meter Index Key Name
  Electric Equipment Convective Heating Energy; !- Output Variable or Output Meter Name

OS:EnergyManagementSystem:Sensor,
  {9f25917f-b271-4a5b-a80f-bddcb5b9d1dc}, !- Handle
  mv_rad,                                 !- Name
  mech vent bath fan 0,                   !- Output Variable or Output Meter Index Key Name
  Electric Equipment Radiant Heating Energy; !- Output Variable or Output Meter Name

OS:EnergyManagementSystem:Sensor,
  {2f998a87-5de2-4749-a7ff-f022f7a405fd}, !- Handle
  mv_conv_1,                              !- Name
  mech vent house fan,                    !- Output Variable or Output Meter Index Key Name
  Electric Equipment Convective Heating Energy; !- Output Variable or Output Meter Name

OS:EnergyManagementSystem:Sensor,
  {7404ffa9-d39b-4aa7-897f-631923e6d6c1}, !- Handle
  mv_rad_1,                               !- Name
  mech vent house fan,                    !- Output Variable or Output Meter Index Key Name
  Electric Equipment Radiant Heating Energy; !- Output Variable or Output Meter Name

OS:EnergyManagementSystem:Sensor,
  {6fd2a40c-95ef-4725-83ad-0c68d8144be6}, !- Handle
  mv_conv_2,                              !- Name
  mech vent house fan cfis,               !- Output Variable or Output Meter Index Key Name
  Electric Equipment Convective Heating Energy; !- Output Variable or Output Meter Name

OS:EnergyManagementSystem:Sensor,
  {d9ba5ae0-e433-4b46-b002-5392e4147cfc}, !- Handle
  mv_rad_2,                               !- Name
  mech vent house fan cfis,               !- Output Variable or Output Meter Index Key Name
  Electric Equipment Radiant Heating Energy; !- Output Variable or Output Meter Name

OS:EnergyManagementSystem:Sensor,
  {a6873e81-7027-463e-8507-5205a082bab5}, !- Handle
  mv_conv_3,                              !- Name
  mech vent range fan 0,                  !- Output Variable or Output Meter Index Key Name
  Electric Equipment Convective Heating Energy; !- Output Variable or Output Meter Name

OS:EnergyManagementSystem:Sensor,
  {891ec01b-3108-46b6-ba87-498ef66730e5}, !- Handle
  mv_rad_3,                               !- Name
  mech vent range fan 0,                  !- Output Variable or Output Meter Index Key Name
  Electric Equipment Radiant Heating Energy; !- Output Variable or Output Meter Name

OS:EnergyManagementSystem:Sensor,
  {5c8bb460-6335-4860-8c04-e6deaadd7b57}, !- Handle
  mv_conv_4,                              !- Name
  mech vent house fan latent load,        !- Output Variable or Output Meter Index Key Name
  Other Equipment Convective Heating Energy; !- Output Variable or Output Meter Name

OS:EnergyManagementSystem:Sensor,
  {1bc339c5-be7a-4526-a2e9-1a45384fa1d0}, !- Handle
  mv_rad_4,                               !- Name
  mech vent house fan latent load,        !- Output Variable or Output Meter Index Key Name
  Other Equipment Radiant Heating Energy; !- Output Variable or Output Meter Name

OS:EnergyManagementSystem:Sensor,
  {ac364c12-710a-4f2d-9603-f0f2891e546f}, !- Handle
  mv_conv_5,                              !- Name
  mech vent house fan sensible load,      !- Output Variable or Output Meter Index Key Name
  Other Equipment Convective Heating Energy; !- Output Variable or Output Meter Name

OS:EnergyManagementSystem:Sensor,
  {3f0707c7-fb99-4aa7-ab10-66eea19dbb69}, !- Handle
  mv_rad_5,                               !- Name
  mech vent house fan sensible load,      !- Output Variable or Output Meter Index Key Name
  Other Equipment Radiant Heating Energy; !- Output Variable or Output Meter Name

OS:EnergyManagementSystem:Sensor,
  {05339b8c-0f78-4f25-8eea-c41570be2801}, !- Handle
  duct_mix_gain,                          !- Name
  conditioned space,                      !- Output Variable or Output Meter Index Key Name
  Zone Mixing Sensible Heat Gain Energy;  !- Output Variable or Output Meter Name

OS:EnergyManagementSystem:Sensor,
  {db2961d9-dd54-4121-bf1b-79690dff348d}, !- Handle
  duct_mix_loss,                          !- Name
  conditioned space,                      !- Output Variable or Output Meter Index Key Name
  Zone Mixing Sensible Heat Loss Energy;  !- Output Variable or Output Meter Name

OS:EnergyManagementSystem:Sensor,
  {676cb53a-ddb2-4ae9-8d36-5d2f77105610}, !- Handle
  duct_mix_gain_1,                        !- Name
  conditioned space,                      !- Output Variable or Output Meter Index Key Name
  Zone Mixing Sensible Heat Gain Energy;  !- Output Variable or Output Meter Name

OS:EnergyManagementSystem:Sensor,
  {defe58a4-7288-41c1-84ae-0e674e5e106b}, !- Handle
  duct_mix_loss_1,                        !- Name
  conditioned space,                      !- Output Variable or Output Meter Index Key Name
  Zone Mixing Sensible Heat Loss Energy;  !- Output Variable or Output Meter Name

OS:EnergyManagementSystem:Sensor,
  {9b59738a-122d-4437-850f-a2222cd3dda1}, !- Handle
  ducts_conv,                             !- Name
  furnace airloop_0 RetCondToRP,          !- Output Variable or Output Meter Index Key Name
  Other Equipment Convective Heating Energy; !- Output Variable or Output Meter Name

OS:EnergyManagementSystem:Sensor,
  {9b6cd2a3-07ff-4ea6-8fcb-6324bf12b3f1}, !- Handle
  ducts_rad,                              !- Name
  furnace airloop_0 RetCondToRP,          !- Output Variable or Output Meter Index Key Name
  Other Equipment Radiant Heating Energy; !- Output Variable or Output Meter Name

OS:EnergyManagementSystem:Sensor,
  {26eceac8-62be-43e7-80e1-3d56dd854306}, !- Handle
  ducts_conv_1,                           !- Name
  furnace airloop_0 RetLatLkToRP,         !- Output Variable or Output Meter Index Key Name
  Other Equipment Convective Heating Energy; !- Output Variable or Output Meter Name

OS:EnergyManagementSystem:Sensor,
  {533109b5-99b3-4084-88e7-09566a49cff6}, !- Handle
  ducts_rad_1,                            !- Name
  furnace airloop_0 RetLatLkToRP,         !- Output Variable or Output Meter Index Key Name
  Other Equipment Radiant Heating Energy; !- Output Variable or Output Meter Name

OS:EnergyManagementSystem:Sensor,
  {c4a4b45c-b68d-42b5-9209-f905e2def8fd}, !- Handle
  ducts_conv_2,                           !- Name
  furnace airloop_0 RetSensLkToRP,        !- Output Variable or Output Meter Index Key Name
  Other Equipment Convective Heating Energy; !- Output Variable or Output Meter Name

OS:EnergyManagementSystem:Sensor,
  {e64396a7-7bce-4aac-bd4f-a950b99673ec}, !- Handle
  ducts_rad_2,                            !- Name
  furnace airloop_0 RetSensLkToRP,        !- Output Variable or Output Meter Index Key Name
  Other Equipment Radiant Heating Energy; !- Output Variable or Output Meter Name

OS:EnergyManagementSystem:Sensor,
  {880f7643-10d7-4647-8f80-d97e9db995db}, !- Handle
  ducts_conv_3,                           !- Name
  furnace airloop_0 SupCondToLv,          !- Output Variable or Output Meter Index Key Name
  Other Equipment Convective Heating Energy; !- Output Variable or Output Meter Name

OS:EnergyManagementSystem:Sensor,
  {5a0fc78c-df01-4b48-a2ce-c2644a0c5528}, !- Handle
  ducts_rad_3,                            !- Name
  furnace airloop_0 SupCondToLv,          !- Output Variable or Output Meter Index Key Name
  Other Equipment Radiant Heating Energy; !- Output Variable or Output Meter Name

OS:EnergyManagementSystem:Sensor,
  {d2ded6e7-a1ef-4582-a6dc-7b26593f1f5d}, !- Handle
  ducts_conv_4,                           !- Name
  furnace airloop_0 SupLatLkToCond,       !- Output Variable or Output Meter Index Key Name
  Other Equipment Convective Heating Energy; !- Output Variable or Output Meter Name

OS:EnergyManagementSystem:Sensor,
  {a258a846-e76e-4279-bcf5-9b85d9832e65}, !- Handle
  ducts_rad_4,                            !- Name
  furnace airloop_0 SupLatLkToCond,       !- Output Variable or Output Meter Index Key Name
  Other Equipment Radiant Heating Energy; !- Output Variable or Output Meter Name

OS:EnergyManagementSystem:Sensor,
  {26d4432c-abac-4293-b339-43f4ead037d0}, !- Handle
  ducts_conv_5,                           !- Name
  furnace airloop_0 SupSensLkToCond,      !- Output Variable or Output Meter Index Key Name
  Other Equipment Convective Heating Energy; !- Output Variable or Output Meter Name

OS:EnergyManagementSystem:Sensor,
  {33255c07-ff1c-4ba4-8714-f0d7a6e6a81c}, !- Handle
  ducts_rad_5,                            !- Name
  furnace airloop_0 SupSensLkToCond,      !- Output Variable or Output Meter Index Key Name
  Other Equipment Radiant Heating Energy; !- Output Variable or Output Meter Name

OS:EnergyManagementSystem:Sensor,
  {083c56e4-a636-497c-b65b-23e1d46b3f16}, !- Handle
  ig_lgt_conv,                            !- Name
  interior lighting,                      !- Output Variable or Output Meter Index Key Name
  Lights Convective Heating Energy;       !- Output Variable or Output Meter Name

OS:EnergyManagementSystem:Sensor,
  {70702ca5-e82c-464a-96ac-078308c72d37}, !- Handle
  ig_lgt_rad,                             !- Name
  interior lighting,                      !- Output Variable or Output Meter Index Key Name
  Lights Radiant Heating Energy;          !- Output Variable or Output Meter Name

OS:EnergyManagementSystem:Sensor,
  {3d0b814f-95b3-4a40-8a46-7fdcf8bd7937}, !- Handle
  ig_lgt_vis,                             !- Name
  interior lighting,                      !- Output Variable or Output Meter Index Key Name
  Lights Visible Radiation Heating Energy; !- Output Variable or Output Meter Name

OS:EnergyManagementSystem:Sensor,
  {d2e25b68-acb2-4b77-89df-cbd5c98ff2c6}, !- Handle
  ig_ee_conv,                             !- Name
  ceiling fan,                            !- Output Variable or Output Meter Index Key Name
  Electric Equipment Convective Heating Energy; !- Output Variable or Output Meter Name

OS:EnergyManagementSystem:Sensor,
  {dc28275d-f65e-433c-bbda-561cb9ba9bc0}, !- Handle
  ig_ee_rad,                              !- Name
  ceiling fan,                            !- Output Variable or Output Meter Index Key Name
  Electric Equipment Radiant Heating Energy; !- Output Variable or Output Meter Name

OS:EnergyManagementSystem:Sensor,
  {aa1a53a9-b23c-4bd9-a201-0ba381c0305b}, !- Handle
  ig_ee_conv_1,                           !- Name
  clothes dryer,                          !- Output Variable or Output Meter Index Key Name
  Electric Equipment Convective Heating Energy; !- Output Variable or Output Meter Name

OS:EnergyManagementSystem:Sensor,
  {4fe059ce-8d80-44a2-be65-e3d692473ab8}, !- Handle
  ig_ee_rad_1,                            !- Name
  clothes dryer,                          !- Output Variable or Output Meter Index Key Name
  Electric Equipment Radiant Heating Energy; !- Output Variable or Output Meter Name

OS:EnergyManagementSystem:Sensor,
  {023ea588-4635-4f51-83d3-c056738b32e3}, !- Handle
  ig_ee_conv_2,                           !- Name
  clothes washer,                         !- Output Variable or Output Meter Index Key Name
  Electric Equipment Convective Heating Energy; !- Output Variable or Output Meter Name

OS:EnergyManagementSystem:Sensor,
  {38361279-5e71-4c49-be93-e07cf78646b5}, !- Handle
  ig_ee_rad_2,                            !- Name
  clothes washer,                         !- Output Variable or Output Meter Index Key Name
  Electric Equipment Radiant Heating Energy; !- Output Variable or Output Meter Name

OS:EnergyManagementSystem:Sensor,
  {897b3d1f-9ce0-46f8-9b20-af7681b6e1d5}, !- Handle
  ig_ee_conv_3,                           !- Name
  cooking range,                          !- Output Variable or Output Meter Index Key Name
  Electric Equipment Convective Heating Energy; !- Output Variable or Output Meter Name

OS:EnergyManagementSystem:Sensor,
  {7189da05-93d3-44a3-83a9-74fb06a2683b}, !- Handle
  ig_ee_rad_3,                            !- Name
  cooking range,                          !- Output Variable or Output Meter Index Key Name
  Electric Equipment Radiant Heating Energy; !- Output Variable or Output Meter Name

OS:EnergyManagementSystem:Sensor,
  {eb8cdafd-3162-4eeb-921d-3a8589055034}, !- Handle
  ig_ee_conv_4,                           !- Name
  dishwasher,                             !- Output Variable or Output Meter Index Key Name
  Electric Equipment Convective Heating Energy; !- Output Variable or Output Meter Name

OS:EnergyManagementSystem:Sensor,
  {76ebbbf5-b68f-4801-8c9d-33bc2aa111a8}, !- Handle
  ig_ee_rad_4,                            !- Name
  dishwasher,                             !- Output Variable or Output Meter Index Key Name
  Electric Equipment Radiant Heating Energy; !- Output Variable or Output Meter Name

OS:EnergyManagementSystem:Sensor,
  {5ab55454-99cb-46ed-8d5c-eea2308c8ca1}, !- Handle
  ig_ee_conv_5,                           !- Name
  fridge,                                 !- Output Variable or Output Meter Index Key Name
  Electric Equipment Convective Heating Energy; !- Output Variable or Output Meter Name

OS:EnergyManagementSystem:Sensor,
  {8de780c9-4ed8-469b-97bb-be45969a8b66}, !- Handle
  ig_ee_rad_5,                            !- Name
  fridge,                                 !- Output Variable or Output Meter Index Key Name
  Electric Equipment Radiant Heating Energy; !- Output Variable or Output Meter Name

OS:EnergyManagementSystem:Sensor,
  {c0229c65-474d-492d-80fe-20efef53eaeb}, !- Handle
  ig_ee_conv_6,                           !- Name
  misc plug loads,                        !- Output Variable or Output Meter Index Key Name
  Electric Equipment Convective Heating Energy; !- Output Variable or Output Meter Name

OS:EnergyManagementSystem:Sensor,
  {03133554-fb42-4baf-9eca-ab8a6307ce8e}, !- Handle
  ig_ee_rad_6,                            !- Name
  misc plug loads,                        !- Output Variable or Output Meter Index Key Name
  Electric Equipment Radiant Heating Energy; !- Output Variable or Output Meter Name

OS:EnergyManagementSystem:Sensor,
  {85bdb171-c84a-45ee-a66d-ff2cff3db2c9}, !- Handle
  ig_ee_conv_7,                           !- Name
  misc tv,                                !- Output Variable or Output Meter Index Key Name
  Electric Equipment Convective Heating Energy; !- Output Variable or Output Meter Name

OS:EnergyManagementSystem:Sensor,
  {71fef2a1-7768-41b1-800d-df3a64ce864b}, !- Handle
  ig_ee_rad_7,                            !- Name
  misc tv,                                !- Output Variable or Output Meter Index Key Name
  Electric Equipment Radiant Heating Energy; !- Output Variable or Output Meter Name

OS:EnergyManagementSystem:Sensor,
  {a83aef9a-697d-418a-8ae9-aa0fbbdf215d}, !- Handle
  ig_ee_conv_8,                           !- Name
  whole house fan,                        !- Output Variable or Output Meter Index Key Name
  Electric Equipment Convective Heating Energy; !- Output Variable or Output Meter Name

OS:EnergyManagementSystem:Sensor,
  {f1e2eedf-6988-4d0f-9380-d374943e0ccc}, !- Handle
  ig_ee_rad_8,                            !- Name
  whole house fan,                        !- Output Variable or Output Meter Index Key Name
  Electric Equipment Radiant Heating Energy; !- Output Variable or Output Meter Name

OS:EnergyManagementSystem:Sensor,
  {b412880b-917f-4f12-8942-587aa589f321}, !- Handle
  ig_oe_conv,                             !- Name
  clothes dryer 1,                        !- Output Variable or Output Meter Index Key Name
  Other Equipment Convective Heating Energy; !- Output Variable or Output Meter Name

OS:EnergyManagementSystem:Sensor,
  {965d5e35-a431-41c6-b973-cd2028e335d8}, !- Handle
  ig_oe_rad,                              !- Name
  clothes dryer 1,                        !- Output Variable or Output Meter Index Key Name
  Other Equipment Radiant Heating Energy; !- Output Variable or Output Meter Name

OS:EnergyManagementSystem:Sensor,
  {7df30b13-82dc-4466-8e84-cf4e30b0b966}, !- Handle
  ig_oe_conv_1,                           !- Name
  cooking range 1,                        !- Output Variable or Output Meter Index Key Name
  Other Equipment Convective Heating Energy; !- Output Variable or Output Meter Name

OS:EnergyManagementSystem:Sensor,
  {8e8d7809-a305-4a48-ab3d-9907d8d65e98}, !- Handle
  ig_oe_rad_1,                            !- Name
  cooking range 1,                        !- Output Variable or Output Meter Index Key Name
  Other Equipment Radiant Heating Energy; !- Output Variable or Output Meter Name

OS:EnergyManagementSystem:Sensor,
  {c60d1667-6dcc-4cad-9392-bfc8d75af9e1}, !- Handle
  ig_oe_conv_2,                           !- Name
  general water use latent,               !- Output Variable or Output Meter Index Key Name
  Other Equipment Convective Heating Energy; !- Output Variable or Output Meter Name

OS:EnergyManagementSystem:Sensor,
  {b735daae-72de-44fd-954d-1c8503ad6ce3}, !- Handle
  ig_oe_rad_2,                            !- Name
  general water use latent,               !- Output Variable or Output Meter Index Key Name
  Other Equipment Radiant Heating Energy; !- Output Variable or Output Meter Name

OS:EnergyManagementSystem:Sensor,
  {4dfb4b49-5fc7-48fa-9251-25d818b186fa}, !- Handle
  ig_oe_conv_3,                           !- Name
  general water use sensible,             !- Output Variable or Output Meter Index Key Name
  Other Equipment Convective Heating Energy; !- Output Variable or Output Meter Name

OS:EnergyManagementSystem:Sensor,
  {23b8dbce-ae8f-41b2-b05f-c58dcf24ff88}, !- Handle
  ig_oe_rad_3,                            !- Name
  general water use sensible,             !- Output Variable or Output Meter Index Key Name
  Other Equipment Radiant Heating Energy; !- Output Variable or Output Meter Name

OS:EnergyManagementSystem:Sensor,
  {8b9058f2-3809-4921-ba2d-d079abe273a4}, !- Handle
  ig_ppl_conv,                            !- Name
  occupants,                              !- Output Variable or Output Meter Index Key Name
  People Convective Heating Energy;       !- Output Variable or Output Meter Name

OS:EnergyManagementSystem:Sensor,
  {2d1d5f94-4b14-459a-9b88-00b9780b8eaf}, !- Handle
  ig_ppl_rad,                             !- Name
  occupants,                              !- Output Variable or Output Meter Index Key Name
  People Radiant Heating Energy;          !- Output Variable or Output Meter Name

OS:EnergyManagementSystem:Sensor,
  {844c0798-df60-42e2-a26e-9b53aaa6fe90}, !- Handle
  tin_s_1,                                !- Name
  conditioned space,                      !- Output Variable or Output Meter Index Key Name
  Zone Mean Air Temperature;              !- Output Variable or Output Meter Name

OS:EnergyManagementSystem:Sensor,
  {d2537a3b-93fa-48cc-bbe7-9bebf01bb18e}, !- Handle
  htg_sp_s_1,                             !- Name
  heating setpoint,                       !- Output Variable or Output Meter Index Key Name
  Schedule Value;                         !- Output Variable or Output Meter Name

OS:EnergyManagementSystem:Sensor,
  {ef07c7da-9ec4-4bac-b3fa-8fc2cb8b35d2}, !- Handle
  clg_sp_s_1,                             !- Name
  cooling setpoint,                       !- Output Variable or Output Meter Index Key Name
  Schedule Value;                         !- Output Variable or Output Meter Name

OS:EnergyManagementSystem:ProgramCallingManager,
  {0cee66b4-455b-46d5-aeb6-d29999c999cd}, !- Handle
  component_loads_program_calling_manager, !- Name
  EndOfZoneTimestepAfterZoneReporting,    !- EnergyPlus Model Calling Point
  {f432582a-ba34-4a57-af2f-60d54006e21a}; !- Program Name 1

OS:AdditionalProperties,
  {68399de0-e261-441c-9615-6a6d35110c01}, !- Handle
  {2a28ae0c-96f8-4c9a-b191-ab37f8a72a0b}; !- Object Name

OS:AdditionalProperties,
  {5c584eff-cbad-4f06-b85c-7ff9f6b86ad4}, !- Handle
  {7ccdd4d8-1550-4757-bc39-28ea0af454a9}; !- Object Name

OS:AdditionalProperties,
  {7e4263e0-38c5-4c45-b67c-5651240f45ef}, !- Handle
  {21990194-f72e-4491-9a0b-f2893cc59cf6}; !- Object Name

OS:AdditionalProperties,
  {25c97089-1dd9-4c3f-b0a5-f06a01f66f57}, !- Handle
  {15cd9d80-d3c0-4e8b-8fa1-8c43b56ec1a3}; !- Object Name

OS:AdditionalProperties,
  {c8503dd0-7110-48a8-89dd-5a0c0e0f0dbb}, !- Handle
  {ba509f6c-7572-441a-b106-7d9587c7e394}; !- Object Name

OS:AdditionalProperties,
  {35c99f8e-bc8e-428c-b2d1-2b8f0b0691f7}, !- Handle
  {57fa2599-c956-412a-aa8f-f4250d2f7a00}; !- Object Name

OS:AdditionalProperties,
  {a1d0cc96-d371-46b9-bfae-1c93c36da04a}, !- Handle
  {6e15fc48-3457-4f35-942a-f0548347873e}; !- Object Name

OS:AdditionalProperties,
  {9436ff4f-3b39-4d19-9598-c4253831d112}, !- Handle
  {7207c92a-b0f3-451d-a664-f39d7a3895cd}; !- Object Name

OS:AdditionalProperties,
  {d4ba5587-19a1-42ac-b355-a2ffb6ed0924}, !- Handle
  {fbac6a58-2924-416c-afe3-a541f84750ea}; !- Object Name

OS:AdditionalProperties,
  {efde98b2-d9ed-4bed-8e99-89b320f23911}, !- Handle
  {236d43e4-693d-43e7-8b1a-5967d324afec}; !- Object Name

OS:AdditionalProperties,
  {76b6622c-3b5d-4d98-a13d-63249f265efe}, !- Handle
  {a3630239-40e3-4492-85b8-1045fb4809e5}; !- Object Name

OS:EnergyManagementSystem:Program,
  {aa9b19a1-dfa2-45d5-b176-60fed1b1be2e}, !- Handle
  total_airflows_program,                 !- Name
  Set total_infil_flow_rate = 0,          !- Program Line 1
  Set total_mechvent_flow_rate = 0,       !- Program Line 2
  Set total_natvent_flow_rate = 0,        !- Program Line 3
  Set total_whf_flow_rate = 0,            !- Program Line 4
  Set total_infil_flow_rate = total_infil_flow_rate + (infil_program_Qinf * 1), !- Program Line 5
  Set total_mechvent_flow_rate = total_mechvent_flow_rate + (infil_program_Qfan * 1), !- Program Line 6
  Set total_natvent_flow_rate = total_natvent_flow_rate + (natural_vent_program_Qnv * 1), !- Program Line 7
  Set total_whf_flow_rate = total_whf_flow_rate + (natural_vent_program_Qwhf * 1); !- Program Line 8

OS:AdditionalProperties,
  {80f6fec4-d82c-4409-a461-ed33b248c436}, !- Handle
  {aa9b19a1-dfa2-45d5-b176-60fed1b1be2e}, !- Object Name
  ObjectType,                             !- Feature Name 1
  String,                                 !- Feature Data Type 1
  total airflows program;                 !- Feature Value 1

OS:EnergyManagementSystem:ProgramCallingManager,
  {f05736fa-4751-4851-b05d-70d4e743dad8}, !- Handle
  total_airflows_program_calling_manager, !- Name
  EndOfZoneTimestepAfterZoneReporting,    !- EnergyPlus Model Calling Point
  {aa9b19a1-dfa2-45d5-b176-60fed1b1be2e}; !- Program Name 1

OS:Output:JSON,
  {cea793c3-04d3-45fb-a5a1-f266e0383c96}, !- Handle
  TimeSeriesAndTabular,                   !- Option Type
  No,                                     !- Output JSON
  No,                                     !- Output CBOR
  Yes;                                    !- Output MessagePack

OS:OutputControl:Files,
  {4f414a1a-7b55-43d6-a1d4-3ff957d80dc8}, !- Handle
  No,                                     !- Output CSV
  No,                                     !- Output MTR
  No,                                     !- Output ESO
  No,                                     !- Output EIO
  No,                                     !- Output Tabular
  No,                                     !- Output SQLite
  Yes,                                    !- Output JSON
  No,                                     !- Output AUDIT
  Yes,                                    !- Output Space Sizing
  Yes,                                    !- Output Zone Sizing
  Yes,                                    !- Output System Sizing
  Yes,                                    !- Output DXF
  No,                                     !- Output BND
  No,                                     !- Output RDD
  No,                                     !- Output MDD
  No,                                     !- Output MTD
  No,                                     !- Output SHD
  Yes,                                    !- Output DFS
  Yes,                                    !- Output GLHE
  Yes,                                    !- Output DelightIn
  Yes,                                    !- Output DelightELdmp
  Yes,                                    !- Output DelightDFdmp
  Yes,                                    !- Output EDD
  Yes,                                    !- Output DBG
  No,                                     !- Output PerfLog
  Yes,                                    !- Output SLN
  Yes,                                    !- Output SCI
  Yes,                                    !- Output WRL
  Yes,                                    !- Output Screen
  Yes,                                    !- Output ExtShd
  Yes;                                    !- Output Tarcog

OS:Building,
  {be706ce4-bf1f-4b8e-b06a-1455e5490faf}, !- Handle
  Building 1,                             !- Name
  ,                                       !- Building Sector Type
  ,                                       !- North Axis {deg}
  ,                                       !- Nominal Floor to Floor Height {m}
  ,                                       !- Space Type Name
  ,                                       !- Default Construction Set Name
  ;                                       !- Default Schedule Set Name

OS:AdditionalProperties,
  {34e609c6-bd6f-4f95-a369-63031c154df6}, !- Handle
  {be706ce4-bf1f-4b8e-b06a-1455e5490faf}, !- Object Name
  hpxml_path,                             !- Feature Name 1
  String,                                 !- Feature Data Type 1
  /var/simdata/openstudio/run/home.xml,   !- Feature Value 1
  hpxml_defaults_path,                    !- Feature Name 2
  String,                                 !- Feature Data Type 2
  /var/simdata/openstudio/run/in.xml,     !- Feature Value 2
  building_id,                            !- Feature Name 3
  String,                                 !- Feature Data Type 3
  ,                                       !- Feature Value 3
  emissions_scenario_names,               !- Feature Name 4
  String,                                 !- Feature Data Type 4
  ["AER_HighRECost_Avg"&#44 "AER_HighRECostLowNGPrice_Avg"&#44 "AER_LowRECost_Avg"&#44 "AER_LowRECostHighNGPrice_Avg"&#44 "AER_MidCase_Avg"&#44 "LRMER_HighRECost_15"&#44 "LRMER_HighRECost_25"&#44 "LRMER_HighRECostLowNGPrice_15"&#44 "LRMER_HighRECostLowNGPrice_25"&#44 "LRMER_LowRECost_15"&#44 "LRMER_LowRECost_25"&#44 "LRMER_LowRECostHighNGPrice_15"&#44 "LRMER_LowRECostHighNGPrice_25"&#44 "LRMER_MidCase_15"&#44 "LRMER_MidCase_25"], !- Feature Value 4
  emissions_scenario_types,               !- Feature Name 5
  String,                                 !- Feature Data Type 5
  ["CO2e"&#44 "CO2e"&#44 "CO2e"&#44 "CO2e"&#44 "CO2e"&#44 "CO2e"&#44 "CO2e"&#44 "CO2e"&#44 "CO2e"&#44 "CO2e"&#44 "CO2e"&#44 "CO2e"&#44 "CO2e"&#44 "CO2e"&#44 "CO2e"], !- Feature Value 5
  heated_zones,                           !- Feature Name 6
  String,                                 !- Feature Data Type 6
  ["conditioned space"],                  !- Feature Value 6
  cooled_zones,                           !- Feature Name 7
  String,                                 !- Feature Data Type 7
  [],                                     !- Feature Value 7
  is_southern_hemisphere,                 !- Feature Name 8
  Boolean,                                !- Feature Data Type 8
  false;                                  !- Feature Value 8

OS:Meter:Custom,
  {5cc818a2-75f3-43f9-8422-5f5db7a9e723}, !- Handle
  Electricity:Total,                      !- Name
  Electricity,                            !- Fuel Type
  ,                                       !- Key Name 1
  Electricity:Facility;                   !- Output Variable or Meter Name 1

OS:Meter:Custom,
  {3c17555e-c93b-4aaf-8297-5aae98ecd9f3}, !- Handle
  Electricity:Net,                        !- Name
  Electricity,                            !- Fuel Type
  ,                                       !- Key Name 1
  Electricity:Facility;                   !- Output Variable or Meter Name 1

