
OS:Version,
  {6d49c880-d24c-48b3-b6a6-086ff75f76ab}, !- Handle
  3.9.0;                                  !- Version Identifier

OS:SimulationControl,
  {6191545a-dccd-4894-913e-7546f0585376}, !- Handle
  ,                                       !- Do Zone Sizing Calculation
  ,                                       !- Do System Sizing Calculation
  ,                                       !- Do Plant Sizing Calculation
  No;                                     !- Run Simulation for Sizing Periods

OS:Timestep,
  {15dbf5eb-eb0c-4a6c-817c-a8ea2c4802c9}, !- Handle
  4;                                      !- Number of Timesteps per Hour

OS:ShadowCalculation,
  {67ed36c7-f12f-4148-8749-12a2336d9b30}, !- Handle
  PolygonClipping,                        !- Shading Calculation Method
  ,                                       !- Shading Calculation Update Frequency Method
  20,                                     !- Shading Calculation Update Frequency
  200,                                    !- Maximum Figures in Shadow Overlap Calculations
  ,                                       !- Polygon Clipping Algorithm
  512,                                    !- Pixel Counting Resolution
  ,                                       !- Sky Diffuse Modeling Algorithm
  No,                                     !- Output External Shading Calculation Results
  No,                                     !- Disable Self-Shading Within Shading Zone Groups
  No;                                     !- Disable Self-Shading From Shading Zone Groups to Other Zones

OS:SurfaceConvectionAlgorithm:Outside,
  {ce877e74-ab84-436b-820c-b50680085c00}, !- Handle
  DOE-2;                                  !- Algorithm

OS:SurfaceConvectionAlgorithm:Inside,
  {fd967001-666b-4f3e-bfec-19fa3931c244}, !- Handle
  TARP;                                   !- Algorithm

OS:ZoneCapacitanceMultiplier:ResearchSpecial,
  {6922ca1e-74ef-4e3e-ba28-5e268e88dcde}, !- Handle
  7,                                      !- Temperature Capacity Multiplier
  15,                                     !- Humidity Capacity Multiplier
  ;                                       !- Carbon Dioxide Capacity Multiplier

OS:ConvergenceLimits,
  {c55fd888-d51c-49e8-9323-d0ce5a1e21e7}, !- Handle
  0;                                      !- Minimum System Timestep {minutes}

OS:RunPeriod,
  {debed408-b606-46aa-bb98-1f740f2325b6}, !- Handle
  Run Period 1,                           !- Name
  1,                                      !- Begin Month
  1,                                      !- Begin Day of Month
  12,                                     !- End Month
  31,                                     !- End Day of Month
  ,                                       !- Use Weather File Holidays and Special Days
  ,                                       !- Use Weather File Daylight Saving Period
  ,                                       !- Apply Weekend Holiday Rule
  ,                                       !- Use Weather File Rain Indicators
  ,                                       !- Use Weather File Snow Indicators
  ;                                       !- Number of Times Runperiod to be Repeated

OS:PerformancePrecisionTradeoffs,
  {d9722d22-db8f-492e-9d24-4c8e281d0423}, !- Handle
  ,                                       !- Use Coil Direct Solutions
  CarrollMRT;                             !- Zone Radiant Exchange Algorithm

OS:WeatherFile,
  {cd7cd43e-29bc-4dae-852f-42e4f8e3bd20}, !- Handle
  Portland Intl Arpt,                     !- City
  OR,                                     !- State Province Region
  USA,                                    !- Country
  customized weather file,                !- Data Source
  726980,                                 !- WMO Number
  45.59,                                  !- Latitude {deg}
  -122.6,                                 !- Longitude {deg}
  -8,                                     !- Time Zone {hr}
  33,                                     !- Elevation {m}
  /weather/G4100510.epw,                  !- Url
  23418E60,                               !- Checksum
  2018,                                   !- Start Date Actual Year
  Monday;                                 !- Start Day of Week

OS:YearDescription,
  {a6257ebc-eb4e-4110-821d-db8396f32d53}, !- Handle
  2018,                                   !- Calendar Year
  ,                                       !- Day of Week for Start Day
  ;                                       !- Is Leap Year

OS:Site,
  {597e4c37-1ae6-4ea2-93ed-c8d04f41d6c0}, !- Handle
  Portland Intl Arpt_OR,                  !- Name
  45.59,                                  !- Latitude {deg}
  -122.6,                                 !- Longitude {deg}
  -8,                                     !- Time Zone {hr}
  33,                                     !- Elevation {m}
  Suburbs,                                !- Terrain
  Yes;                                    !- Keep Site Location Information

OS:RunPeriodControl:DaylightSavingTime,
  {72c0a591-884b-45ba-ae4a-f243be3b46b6}, !- Handle
  Mar 11,                                 !- Start Date
  Nov 4;                                  !- End Date

OS:Site:GroundTemperature:Shallow,
  {1d301e3e-5097-4882-971c-8490213e46cf}, !- Handle
  10.2558044641633,                       !- January Surface Ground Temperature {C}
  8.96328398056839,                       !- February Surface Ground Temperature {C}
  8.85977430498792,                       !- March Surface Ground Temperature {C}
  9.47314131759795,                       !- April Surface Ground Temperature {C}
  11.9354680782591,                       !- May Surface Ground Temperature {C}
  14.3863242762951,                       !- June Surface Ground Temperature {C}
  16.5110856158237,                       !- July Surface Ground Temperature {C}
  17.857069666975,                        !- August Surface Ground Temperature {C}
  17.9714184050852,                       !- September Surface Ground Temperature {C}
  16.8766866085166,                       !- October Surface Ground Temperature {C}
  14.8061079306247,                       !- November Surface Ground Temperature {C}
  12.4304340182317;                       !- December Surface Ground Temperature {C}

OS:ThermalZone,
  {bb0a8cc7-cf18-42bf-921c-42423e81047c}, !- Handle
  conditioned space,                      !- Name
  1,                                      !- Multiplier
  ,                                       !- Ceiling Height {m}
  278.184700919808,                       !- Volume {m3}
  ,                                       !- Floor Area {m2}
  ,                                       !- Zone Inside Convection Algorithm
  ,                                       !- Zone Outside Convection Algorithm
  ,                                       !- Zone Conditioning Equipment List Name
  {772f941b-4cc0-4685-b38d-2afc73532a89}, !- Zone Air Inlet Port List
  {d7afbde8-e7b1-47ce-9464-c9adba97d5f6}, !- Zone Air Exhaust Port List
  {6608f633-7e61-454d-b34a-715b431c15e2}, !- Zone Air Node Name
  {2e08da80-50ad-4b50-af6f-c626f3825258}, !- Zone Return Air Port List
  ,                                       !- Primary Daylighting Control Name
  ,                                       !- Fraction of Zone Controlled by Primary Daylighting Control
  ,                                       !- Secondary Daylighting Control Name
  ,                                       !- Fraction of Zone Controlled by Secondary Daylighting Control
  ,                                       !- Illuminance Map Name
  ,                                       !- Group Rendering Name
  {bba2dc33-ba42-44d4-836a-ea0c9edf6674}, !- Thermostat Name
  No;                                     !- Use Ideal Air Loads

OS:Node,
  {9450322d-acca-4978-9eed-48f1d670d627}, !- Handle
  Node 1,                                 !- Name
  {6608f633-7e61-454d-b34a-715b431c15e2}, !- Inlet Port
  ;                                       !- Outlet Port

OS:Connection,
  {6608f633-7e61-454d-b34a-715b431c15e2}, !- Handle
  {bb0a8cc7-cf18-42bf-921c-42423e81047c}, !- Source Object
  11,                                     !- Outlet Port
  {9450322d-acca-4978-9eed-48f1d670d627}, !- Target Object
  2;                                      !- Inlet Port

OS:PortList,
  {772f941b-4cc0-4685-b38d-2afc73532a89}, !- Handle
  {bb0a8cc7-cf18-42bf-921c-42423e81047c}, !- HVAC Component
  {b9393810-e717-4369-a47c-b242f19d9d95}; !- Port 1

OS:PortList,
  {d7afbde8-e7b1-47ce-9464-c9adba97d5f6}, !- Handle
  {bb0a8cc7-cf18-42bf-921c-42423e81047c}; !- HVAC Component

OS:PortList,
  {2e08da80-50ad-4b50-af6f-c626f3825258}, !- Handle
  {bb0a8cc7-cf18-42bf-921c-42423e81047c}, !- HVAC Component
  {67790e0c-2172-4f3d-b832-646abcb3aaeb}; !- Port 1

OS:Sizing:Zone,
  {d9736935-8f6a-4b26-99d6-77ec789d22c1}, !- Handle
  {bb0a8cc7-cf18-42bf-921c-42423e81047c}, !- Zone or ZoneList Name
  SupplyAirTemperature,                   !- Zone Cooling Design Supply Air Temperature Input Method
  14,                                     !- Zone Cooling Design Supply Air Temperature {C}
  11.11,                                  !- Zone Cooling Design Supply Air Temperature Difference {deltaC}
  SupplyAirTemperature,                   !- Zone Heating Design Supply Air Temperature Input Method
  40,                                     !- Zone Heating Design Supply Air Temperature {C}
  11.11,                                  !- Zone Heating Design Supply Air Temperature Difference {deltaC}
  0.0085,                                 !- Zone Cooling Design Supply Air Humidity Ratio {kg-H2O/kg-air}
  0.008,                                  !- Zone Heating Design Supply Air Humidity Ratio {kg-H2O/kg-air}
  ,                                       !- Zone Heating Sizing Factor
  ,                                       !- Zone Cooling Sizing Factor
  DesignDay,                              !- Cooling Design Air Flow Method
  ,                                       !- Cooling Design Air Flow Rate {m3/s}
  ,                                       !- Cooling Minimum Air Flow per Zone Floor Area {m3/s-m2}
  ,                                       !- Cooling Minimum Air Flow {m3/s}
  ,                                       !- Cooling Minimum Air Flow Fraction
  DesignDay,                              !- Heating Design Air Flow Method
  ,                                       !- Heating Design Air Flow Rate {m3/s}
  ,                                       !- Heating Maximum Air Flow per Zone Floor Area {m3/s-m2}
  ,                                       !- Heating Maximum Air Flow {m3/s}
  ,                                       !- Heating Maximum Air Flow Fraction
  No,                                     !- Account for Dedicated Outdoor Air System
  NeutralSupplyAir,                       !- Dedicated Outdoor Air System Control Strategy
  autosize,                               !- Dedicated Outdoor Air Low Setpoint Temperature for Design {C}
  autosize,                               !- Dedicated Outdoor Air High Setpoint Temperature for Design {C}
  Sensible Load Only No Latent Load,      !- Zone Load Sizing Method
  HumidityRatioDifference,                !- Zone Latent Cooling Design Supply Air Humidity Ratio Input Method
  ,                                       !- Zone Dehumidification Design Supply Air Humidity Ratio {kgWater/kgDryAir}
  0.005,                                  !- Zone Cooling Design Supply Air Humidity Ratio Difference {kgWater/kgDryAir}
  HumidityRatioDifference,                !- Zone Latent Heating Design Supply Air Humidity Ratio Input Method
  ,                                       !- Zone Humidification Design Supply Air Humidity Ratio {kgWater/kgDryAir}
  0.005,                                  !- Zone Humidification Design Supply Air Humidity Ratio Difference {kgWater/kgDryAir}
  ,                                       !- Zone Humidistat Dehumidification Set Point Schedule Name
  ,                                       !- Zone Humidistat Humidification Set Point Schedule Name
  ,                                       !- Design Zone Air Distribution Effectiveness in Cooling Mode
  ,                                       !- Design Zone Air Distribution Effectiveness in Heating Mode
  ,                                       !- Design Zone Secondary Recirculation Fraction {dimensionless}
  ,                                       !- Design Minimum Zone Ventilation Efficiency {dimensionless}
  Coincident;                             !- Sizing Option

OS:ZoneHVAC:EquipmentList,
  {8e1822fc-e3eb-4094-8eb7-391e50e53651}, !- Handle
  Zone HVAC Equipment List 1,             !- Name
  {bb0a8cc7-cf18-42bf-921c-42423e81047c}, !- Thermal Zone
  ,                                       !- Load Distribution Scheme
  {cf122bee-85fc-43de-ad31-07188a3a2032}, !- Zone Equipment 1
  1,                                      !- Zone Equipment Cooling Sequence 1
  1,                                      !- Zone Equipment Heating or No-Load Sequence 1
  {75af3baf-9f22-49f4-ac56-b94103d955c4}, !- Zone Equipment Sequential Cooling Fraction Schedule Name 1
  {1146824f-01f1-4fae-a9c4-d8fe6f3788c9}; !- Zone Equipment Sequential Heating Fraction Schedule Name 1

OS:AdditionalProperties,
  {41b31003-3308-4646-b2fd-4fc822b763e5}, !- Handle
  {bb0a8cc7-cf18-42bf-921c-42423e81047c}, !- Object Name
  ObjectType,                             !- Feature Name 1
  String,                                 !- Feature Data Type 1
  conditioned space;                      !- Feature Value 1

OS:Space,
  {965e2dbf-9942-47af-8f79-871d1b8bbded}, !- Handle
  conditioned space 1,                    !- Name
  ,                                       !- Space Type Name
  ,                                       !- Default Construction Set Name
  ,                                       !- Default Schedule Set Name
  ,                                       !- Direction of Relative North {deg}
  ,                                       !- X Origin {m}
  ,                                       !- Y Origin {m}
  ,                                       !- Z Origin {m}
  ,                                       !- Building Story Name
  {bb0a8cc7-cf18-42bf-921c-42423e81047c}, !- Thermal Zone Name
  ,                                       !- Part of Total Floor Area
  ,                                       !- Design Specification Outdoor Air Object Name
  ,                                       !- Building Unit Name
  278.184700919808;                       !- Volume {m3}

OS:Schedule:Ruleset,
  {243c8af0-28d2-4b6f-b487-4e08afb4d5cb}, !- Handle
  heating setpoint,                       !- Name
  {853040a0-778a-4378-8ab7-36b2f6f94dcb}, !- Schedule Type Limits Name
  {be1c815d-9a2b-49ce-8c1c-dd0c8b7609a5}; !- Default Day Schedule Name

OS:Schedule:Day,
  {be1c815d-9a2b-49ce-8c1c-dd0c8b7609a5}, !- Handle
  heating setpoint default day,           !- Name
  {853040a0-778a-4378-8ab7-36b2f6f94dcb}, !- Schedule Type Limits Name
  ,                                       !- Interpolate to Timestep
  24,                                     !- Hour 1
  0,                                      !- Minute 1
  0;                                      !- Value Until Time 1

OS:Schedule:Rule,
  {d81f56c9-dbc6-4a40-9b6c-11f3ec1d3b88}, !- Handle
  heating setpoint allday rule,           !- Name
  {243c8af0-28d2-4b6f-b487-4e08afb4d5cb}, !- Schedule Ruleset Name
  0,                                      !- Rule Order
  {c8b45058-224c-44e3-9abd-e0a5f9870684}, !- Day Schedule Name
  Yes,                                    !- Apply Sunday
  Yes,                                    !- Apply Monday
  Yes,                                    !- Apply Tuesday
  Yes,                                    !- Apply Wednesday
  Yes,                                    !- Apply Thursday
  Yes,                                    !- Apply Friday
  Yes,                                    !- Apply Saturday
  DateRange,                              !- Date Specification Type
  1,                                      !- Start Month
  1,                                      !- Start Day
  12,                                     !- End Month
  31;                                     !- End Day

OS:Schedule:Day,
  {c8b45058-224c-44e3-9abd-e0a5f9870684}, !- Handle
  heating setpoint day,                   !- Name
  {853040a0-778a-4378-8ab7-36b2f6f94dcb}, !- Schedule Type Limits Name
  ,                                       !- Interpolate to Timestep
  2,                                      !- Hour 1
  0,                                      !- Minute 1
  19.4444444444444,                       !- Value Until Time 1
  17,                                     !- Hour 2
  0,                                      !- Minute 2
  20.5555555555556,                       !- Value Until Time 2
  24,                                     !- Hour 3
  0,                                      !- Minute 3
  19.4444444444444;                       !- Value Until Time 3

OS:Schedule:Ruleset,
  {5c25ee7f-3eb6-4540-9bd0-cc839fad7433}, !- Handle
  cooling setpoint,                       !- Name
  {853040a0-778a-4378-8ab7-36b2f6f94dcb}, !- Schedule Type Limits Name
  {67cc4739-727f-41e2-a15b-9bf13a7dd4a0}; !- Default Day Schedule Name

OS:Schedule:Day,
  {67cc4739-727f-41e2-a15b-9bf13a7dd4a0}, !- Handle
  cooling setpoint default day,           !- Name
  {853040a0-778a-4378-8ab7-36b2f6f94dcb}, !- Schedule Type Limits Name
  ,                                       !- Interpolate to Timestep
  24,                                     !- Hour 1
  0,                                      !- Minute 1
  0;                                      !- Value Until Time 1

OS:Schedule:Rule,
  {0b3bd8cc-0caf-4d6f-8c5b-d04f2919e18a}, !- Handle
  cooling setpoint allday rule,           !- Name
  {5c25ee7f-3eb6-4540-9bd0-cc839fad7433}, !- Schedule Ruleset Name
  0,                                      !- Rule Order
  {2789fcca-64a3-48eb-aefb-03d9331698b0}, !- Day Schedule Name
  Yes,                                    !- Apply Sunday
  Yes,                                    !- Apply Monday
  Yes,                                    !- Apply Tuesday
  Yes,                                    !- Apply Wednesday
  Yes,                                    !- Apply Thursday
  Yes,                                    !- Apply Friday
  Yes,                                    !- Apply Saturday
  DateRange,                              !- Date Specification Type
  1,                                      !- Start Month
  1,                                      !- Start Day
  12,                                     !- End Month
  31;                                     !- End Day

OS:Schedule:Day,
  {2789fcca-64a3-48eb-aefb-03d9331698b0}, !- Handle
  cooling setpoint day,                   !- Name
  {853040a0-778a-4378-8ab7-36b2f6f94dcb}, !- Schedule Type Limits Name
  ,                                       !- Interpolate to Timestep
  2,                                      !- Hour 1
  0,                                      !- Minute 1
  20,                                     !- Value Until Time 1
  17,                                     !- Hour 2
  0,                                      !- Minute 2
  20.5555555555556,                       !- Value Until Time 2
  24,                                     !- Hour 3
  0,                                      !- Minute 3
  20;                                     !- Value Until Time 3

OS:ThermostatSetpoint:DualSetpoint,
  {bba2dc33-ba42-44d4-836a-ea0c9edf6674}, !- Handle
  conditioned space temperature setpoint, !- Name
  {243c8af0-28d2-4b6f-b487-4e08afb4d5cb}, !- Heating Setpoint Temperature Schedule Name
  {5c25ee7f-3eb6-4540-9bd0-cc839fad7433}, !- Cooling Setpoint Temperature Schedule Name
  0;                                      !- Temperature Difference Between Cutout And Setpoint {deltaC}

OS:ScheduleTypeLimits,
  {853040a0-778a-4378-8ab7-36b2f6f94dcb}, !- Handle
  Temperature,                            !- Name
  ,                                       !- Lower Limit Value
  ,                                       !- Upper Limit Value
  Continuous,                             !- Numeric Type
  Temperature;                            !- Unit Type

OS:Surface,
  {914c1a54-8bda-4ad0-ab13-60cda88bd74b}, !- Handle
  Roof1,                                  !- Name
  RoofCeiling,                            !- Surface Type
  {ff071d86-be94-4dc3-b532-5514c47516c3}, !- Construction Name
  {965e2dbf-9942-47af-8f79-871d1b8bbded}, !- Space Name
  Outdoors,                               !- Outside Boundary Condition
  ,                                       !- Outside Boundary Condition Object
  SunExposed,                             !- Sun Exposure
  WindExposed,                            !- Wind Exposure
  ,                                       !- View Factor to Ground
  ,                                       !- Number of Vertices
  -3.77632316413731, 3.77632316413731, 2.7432, !- X,Y,Z Vertex 1 {m}
  -3.77632316413731, -3.77632316413731, 2.7432, !- X,Y,Z Vertex 2 {m}
  3.77632316413731, -3.77632316413731, 2.7432, !- X,Y,Z Vertex 3 {m}
  3.77632316413731, 3.77632316413731, 2.7432; !- X,Y,Z Vertex 4 {m}

OS:AdditionalProperties,
  {57706d81-d4ad-4ba1-b292-c11647105085}, !- Handle
  {914c1a54-8bda-4ad0-ab13-60cda88bd74b}, !- Object Name
  Length,                                 !- Feature Name 1
  Double,                                 !- Feature Data Type 1
  24.779023386727737,                     !- Feature Value 1
  Width,                                  !- Feature Name 2
  Double,                                 !- Feature Data Type 2
  24.779023386727733,                     !- Feature Value 2
  Azimuth,                                !- Feature Name 3
  Integer,                                !- Feature Data Type 3
  0,                                      !- Feature Value 3
  Tilt,                                   !- Feature Name 4
  Double,                                 !- Feature Data Type 4
  0,                                      !- Feature Value 4
  SurfaceType,                            !- Feature Name 5
  String,                                 !- Feature Data Type 5
  Roof;                                   !- Feature Value 5

OS:Material,
  {cf304b38-cee9-458c-bc24-3085d443ad69}, !- Handle
  asphalt or fiberglass shingles,         !- Name
  Rough,                                  !- Roughness
  0.00635,                                !- Thickness {m}
  0.162714,                               !- Conductivity {W/m-K}
  1121.4,                                 !- Density {kg/m3}
  1465.45,                                !- Specific Heat {J/kg-K}
  0.9,                                    !- Thermal Absorptance
  0.85,                                   !- Solar Absorptance
  0.85;                                   !- Visible Absorptance

OS:Material,
  {4f56994e-dc4b-48f4-b9dd-a13c3728d7c3}, !- Handle
  osb sheathing 0.75 in.,                 !- Name
  Rough,                                  !- Roughness
  0.01905,                                !- Thickness {m}
  0.1154577,                              !- Conductivity {W/m-K}
  512.64,                                 !- Density {kg/m3}
  1214.23,                                !- Specific Heat {J/kg-K}
  0.9,                                    !- Thermal Absorptance
  0.7,                                    !- Solar Absorptance
  0.7;                                    !- Visible Absorptance

OS:Material,
  {1e7e67b9-e690-4a7f-9acc-298b90ac762c}, !- Handle
  roof stud and cavity,                   !- Name
  Rough,                                  !- Roughness
  0.2032,                                 !- Thickness {m}
  1.02180562676189,                       !- Conductivity {W/m-K}
  78.34581,                               !- Density {kg/m3}
  1123.46101114405,                       !- Specific Heat {J/kg-K}
  0.9,                                    !- Thermal Absorptance
  0.7,                                    !- Solar Absorptance
  0.7;                                    !- Visible Absorptance

OS:Material,
  {fb7941f2-e352-420d-af6f-d1af2577222e}, !- Handle
  gypsum board,                           !- Name
  Rough,                                  !- Roughness
  0.0127,                                 !- Thickness {m}
  0.1602906,                              !- Conductivity {W/m-K}
  801,                                    !- Density {kg/m3}
  837.4,                                  !- Specific Heat {J/kg-K}
  0.9,                                    !- Thermal Absorptance
  0.6,                                    !- Solar Absorptance
  0.6;                                    !- Visible Absorptance

OS:Construction,
  {ff071d86-be94-4dc3-b532-5514c47516c3}, !- Handle
  Roof1 construction,                     !- Name
  ,                                       !- Surface Rendering Name
  {cf304b38-cee9-458c-bc24-3085d443ad69}, !- Layer 1
  {4f56994e-dc4b-48f4-b9dd-a13c3728d7c3}, !- Layer 2
  {1e7e67b9-e690-4a7f-9acc-298b90ac762c}, !- Layer 3
  {fb7941f2-e352-420d-af6f-d1af2577222e}; !- Layer 4

OS:Surface,
  {fc030760-4b18-4c4f-a73a-472bbbe9f427}, !- Handle
  Wall1,                                  !- Name
  Wall,                                   !- Surface Type
  {215bc73e-1b49-4c2a-90c1-ccdd1746edd5}, !- Construction Name
  {965e2dbf-9942-47af-8f79-871d1b8bbded}, !- Space Name
  Outdoors,                               !- Outside Boundary Condition
  ,                                       !- Outside Boundary Condition Object
  SunExposed,                             !- Sun Exposure
  WindExposed,                            !- Wind Exposure
  ,                                       !- View Factor to Ground
  ,                                       !- Number of Vertices
  27.0402558, 26.1112254, 0.3048,         !- X,Y,Z Vertex 1 {m}
  27.0402558, 26.1112254, 2.7432,         !- X,Y,Z Vertex 2 {m}
  27.0402558, 16.8872154, 2.7432,         !- X,Y,Z Vertex 3 {m}
  27.0402558, 16.8872154, 0.3048;         !- X,Y,Z Vertex 4 {m}

OS:AdditionalProperties,
  {d1822773-9b5b-4c0a-b1f3-f365f5035da9}, !- Handle
  {fc030760-4b18-4c4f-a73a-472bbbe9f427}, !- Object Name
  Length,                                 !- Feature Name 1
  Double,                                 !- Feature Data Type 1
  30.262499999999999,                     !- Feature Value 1
  Azimuth,                                !- Feature Name 2
  Integer,                                !- Feature Data Type 2
  90,                                     !- Feature Value 2
  Tilt,                                   !- Feature Name 3
  Double,                                 !- Feature Data Type 3
  90,                                     !- Feature Value 3
  SurfaceType,                            !- Feature Name 4
  String,                                 !- Feature Data Type 4
  Wall;                                   !- Feature Value 4

OS:Material,
  {65f3c4dc-7ed9-49e9-9283-ee65052a75ce}, !- Handle
  wood siding,                            !- Name
  Rough,                                  !- Roughness
  0.0254,                                 !- Thickness {m}
  0.1024175,                              !- Conductivity {W/m-K}
  544.68,                                 !- Density {kg/m3}
  1172.36,                                !- Specific Heat {J/kg-K}
  0.9,                                    !- Thermal Absorptance
  0.85,                                   !- Solar Absorptance
  0.85;                                   !- Visible Absorptance

OS:Material,
  {925e5788-f36f-40db-8c9c-482a177e2c0e}, !- Handle
  osb sheathing 0.5 in.,                  !- Name
  Rough,                                  !- Roughness
  0.0127,                                 !- Thickness {m}
  0.1154577,                              !- Conductivity {W/m-K}
  512.64,                                 !- Density {kg/m3}
  1214.23,                                !- Specific Heat {J/kg-K}
  0.9,                                    !- Thermal Absorptance
  0.7,                                    !- Solar Absorptance
  0.7;                                    !- Visible Absorptance

OS:Material,
  {b421abc5-de21-4888-86cc-125b7066609f}, !- Handle
  wall stud and cavity,                   !- Name
  Rough,                                  !- Roughness
  0.1397,                                 !- Thickness {m}
  0.550994028857237,                      !- Conductivity {W/m-K}
  139.0536,                               !- Density {kg/m3}
  1170.23755760369,                       !- Specific Heat {J/kg-K}
  0.9,                                    !- Thermal Absorptance
  0.7,                                    !- Solar Absorptance
  0.7;                                    !- Visible Absorptance

OS:Construction,
  {215bc73e-1b49-4c2a-90c1-ccdd1746edd5}, !- Handle
  Wall1 construction,                     !- Name
  ,                                       !- Surface Rendering Name
  {65f3c4dc-7ed9-49e9-9283-ee65052a75ce}, !- Layer 1
  {925e5788-f36f-40db-8c9c-482a177e2c0e}, !- Layer 2
  {b421abc5-de21-4888-86cc-125b7066609f}, !- Layer 3
  {fb7941f2-e352-420d-af6f-d1af2577222e}; !- Layer 4

OS:Surface,
  {9b8f9f62-9edf-4945-bcf6-10c7acbdd052}, !- Handle
  Wall2,                                  !- Name
  Wall,                                   !- Surface Type
  {b84835f2-8fd0-485f-b781-fe2c11356ecc}, !- Construction Name
  {965e2dbf-9942-47af-8f79-871d1b8bbded}, !- Space Name
  Outdoors,                               !- Outside Boundary Condition
  ,                                       !- Outside Boundary Condition Object
  SunExposed,                             !- Sun Exposure
  WindExposed,                            !- Wind Exposure
  ,                                       !- View Factor to Ground
  ,                                       !- Number of Vertices
  -14.378305, -27.0402558, 0.3048,        !- X,Y,Z Vertex 1 {m}
  -14.378305, -27.0402558, 2.7432,        !- X,Y,Z Vertex 2 {m}
  -19.502755, -27.0402558, 2.7432,        !- X,Y,Z Vertex 3 {m}
  -19.502755, -27.0402558, 0.3048;        !- X,Y,Z Vertex 4 {m}

OS:AdditionalProperties,
  {54d07720-d49a-461f-a527-acba863d1818}, !- Handle
  {9b8f9f62-9edf-4945-bcf6-10c7acbdd052}, !- Object Name
  Length,                                 !- Feature Name 1
  Double,                                 !- Feature Data Type 1
  16.8125,                                !- Feature Value 1
  Azimuth,                                !- Feature Name 2
  Integer,                                !- Feature Data Type 2
  180,                                    !- Feature Value 2
  Tilt,                                   !- Feature Name 3
  Double,                                 !- Feature Data Type 3
  90,                                     !- Feature Value 3
  SurfaceType,                            !- Feature Name 4
  String,                                 !- Feature Data Type 4
  Wall;                                   !- Feature Value 4

OS:Construction,
  {b84835f2-8fd0-485f-b781-fe2c11356ecc}, !- Handle
  Wall2 construction,                     !- Name
  ,                                       !- Surface Rendering Name
  {65f3c4dc-7ed9-49e9-9283-ee65052a75ce}, !- Layer 1
  {925e5788-f36f-40db-8c9c-482a177e2c0e}, !- Layer 2
  {b421abc5-de21-4888-86cc-125b7066609f}, !- Layer 3
  {fb7941f2-e352-420d-af6f-d1af2577222e}; !- Layer 4

OS:Surface,
  {a94d795b-4922-4042-afa4-e7cd9ba8664a}, !- Handle
  Wall3,                                  !- Name
  Wall,                                   !- Surface Type
  {93a01b10-9876-4230-910e-197bc6ae658e}, !- Construction Name
  {965e2dbf-9942-47af-8f79-871d1b8bbded}, !- Space Name
  Outdoors,                               !- Outside Boundary Condition
  ,                                       !- Outside Boundary Condition Object
  SunExposed,                             !- Sun Exposure
  WindExposed,                            !- Wind Exposure
  ,                                       !- View Factor to Ground
  ,                                       !- Number of Vertices
  -27.0402558, 5.25315157151423, 0.3048,  !- X,Y,Z Vertex 1 {m}
  -27.0402558, 5.25315157151423, 2.7432,  !- X,Y,Z Vertex 2 {m}
  -27.0402558, 13.7151615715142, 2.7432,  !- X,Y,Z Vertex 3 {m}
  -27.0402558, 13.7151615715142, 0.3048;  !- X,Y,Z Vertex 4 {m}

OS:AdditionalProperties,
  {2b593b33-96f5-45b7-89bd-e9de053b4528}, !- Handle
  {a94d795b-4922-4042-afa4-e7cd9ba8664a}, !- Object Name
  Length,                                 !- Feature Name 1
  Double,                                 !- Feature Data Type 1
  27.762499999999999,                     !- Feature Value 1
  Azimuth,                                !- Feature Name 2
  Integer,                                !- Feature Data Type 2
  270,                                    !- Feature Value 2
  Tilt,                                   !- Feature Name 3
  Double,                                 !- Feature Data Type 3
  90,                                     !- Feature Value 3
  SurfaceType,                            !- Feature Name 4
  String,                                 !- Feature Data Type 4
  Wall;                                   !- Feature Value 4

OS:Construction,
  {93a01b10-9876-4230-910e-197bc6ae658e}, !- Handle
  Wall3 construction,                     !- Name
  ,                                       !- Surface Rendering Name
  {65f3c4dc-7ed9-49e9-9283-ee65052a75ce}, !- Layer 1
  {925e5788-f36f-40db-8c9c-482a177e2c0e}, !- Layer 2
  {b421abc5-de21-4888-86cc-125b7066609f}, !- Layer 3
  {fb7941f2-e352-420d-af6f-d1af2577222e}; !- Layer 4

OS:Surface,
  {ae316578-c0c0-42ac-bb0a-08466eee84c7}, !- Handle
  Wall4,                                  !- Name
  Wall,                                   !- Surface Type
  {5672dc85-9f8e-4118-b608-713ce5ccfe22}, !- Construction Name
  {965e2dbf-9942-47af-8f79-871d1b8bbded}, !- Space Name
  Outdoors,                               !- Outside Boundary Condition
  ,                                       !- Outside Boundary Condition Object
  SunExposed,                             !- Sun Exposure
  WindExposed,                            !- Wind Exposure
  ,                                       !- View Factor to Ground
  ,                                       !- Number of Vertices
  14.378305, 27.0402558, 0.3048,          !- X,Y,Z Vertex 1 {m}
  14.378305, 27.0402558, 2.7432,          !- X,Y,Z Vertex 2 {m}
  19.502755, 27.0402558, 2.7432,          !- X,Y,Z Vertex 3 {m}
  19.502755, 27.0402558, 0.3048;          !- X,Y,Z Vertex 4 {m}

OS:AdditionalProperties,
  {16a9baf2-f4a7-4407-9274-db67f0a36ed8}, !- Handle
  {ae316578-c0c0-42ac-bb0a-08466eee84c7}, !- Object Name
  Length,                                 !- Feature Name 1
  Double,                                 !- Feature Data Type 1
  16.8125,                                !- Feature Value 1
  Azimuth,                                !- Feature Name 2
  Integer,                                !- Feature Data Type 2
  0,                                      !- Feature Value 2
  Tilt,                                   !- Feature Name 3
  Double,                                 !- Feature Data Type 3
  90,                                     !- Feature Value 3
  SurfaceType,                            !- Feature Name 4
  String,                                 !- Feature Data Type 4
  Wall;                                   !- Feature Value 4

OS:Construction,
  {5672dc85-9f8e-4118-b608-713ce5ccfe22}, !- Handle
  Wall4 construction,                     !- Name
  ,                                       !- Surface Rendering Name
  {65f3c4dc-7ed9-49e9-9283-ee65052a75ce}, !- Layer 1
  {925e5788-f36f-40db-8c9c-482a177e2c0e}, !- Layer 2
  {b421abc5-de21-4888-86cc-125b7066609f}, !- Layer 3
  {fb7941f2-e352-420d-af6f-d1af2577222e}; !- Layer 4

OS:Surface,
  {483216b6-d034-4035-9079-4061b9bad6d1}, !- Handle
  RimJoist1,                              !- Name
  Wall,                                   !- Surface Type
  {afc7cc01-b3bd-42b4-9543-e1dcb395db37}, !- Construction Name
  {965e2dbf-9942-47af-8f79-871d1b8bbded}, !- Space Name
  Outdoors,                               !- Outside Boundary Condition
  ,                                       !- Outside Boundary Condition Object
  SunExposed,                             !- Sun Exposure
  WindExposed,                            !- Wind Exposure
  ,                                       !- View Factor to Ground
  ,                                       !- Number of Vertices
  27.0402558, 13.2079746, 0.3048,         !- X,Y,Z Vertex 1 {m}
  27.0402558, 13.2079746, 0.6096,         !- X,Y,Z Vertex 2 {m}
  27.0402558, 5.4050946, 0.6096,          !- X,Y,Z Vertex 3 {m}
  27.0402558, 5.4050946, 0.3048;          !- X,Y,Z Vertex 4 {m}

OS:AdditionalProperties,
  {68307e89-c14f-49be-abc1-a0be653bbf95}, !- Handle
  {483216b6-d034-4035-9079-4061b9bad6d1}, !- Object Name
  Length,                                 !- Feature Name 1
  Double,                                 !- Feature Data Type 1
  25.600000000000001,                     !- Feature Value 1
  Azimuth,                                !- Feature Name 2
  Integer,                                !- Feature Data Type 2
  90,                                     !- Feature Value 2
  Tilt,                                   !- Feature Name 3
  Double,                                 !- Feature Data Type 3
  90,                                     !- Feature Value 3
  SurfaceType,                            !- Feature Name 4
  String,                                 !- Feature Data Type 4
  RimJoist;                               !- Feature Value 4

OS:Material,
  {102ad859-0f61-403c-a1ee-18152f1b4e8d}, !- Handle
  rim joist stud and cavity,              !- Name
  Rough,                                  !- Roughness
  0.0508,                                 !- Thickness {m}
  0.178687637940209,                      !- Conductivity {W/m-K}
  50.32683,                               !- Density {kg/m3}
  1063.80987585548,                       !- Specific Heat {J/kg-K}
  0.9,                                    !- Thermal Absorptance
  0.6,                                    !- Solar Absorptance
  0.6;                                    !- Visible Absorptance

OS:Construction,
  {afc7cc01-b3bd-42b4-9543-e1dcb395db37}, !- Handle
  RimJoist1 construction,                 !- Name
  ,                                       !- Surface Rendering Name
  {65f3c4dc-7ed9-49e9-9283-ee65052a75ce}, !- Layer 1
  {102ad859-0f61-403c-a1ee-18152f1b4e8d}; !- Layer 2

OS:Surface,
  {d4a2652e-1803-433e-b848-d0e20da52c30}, !- Handle
  RimJoist2,                              !- Name
  Wall,                                   !- Surface Type
  {bca92bea-1adf-40d7-8dfb-1e4894656ca0}, !- Construction Name
  {965e2dbf-9942-47af-8f79-871d1b8bbded}, !- Space Name
  Outdoors,                               !- Outside Boundary Condition
  ,                                       !- Outside Boundary Condition Object
  SunExposed,                             !- Sun Exposure
  WindExposed,                            !- Wind Exposure
  ,                                       !- View Factor to Ground
  ,                                       !- Number of Vertices
  -22.7120958, -27.0402558, 0.3048,       !- X,Y,Z Vertex 1 {m}
  -22.7120958, -27.0402558, 0.6096,       !- X,Y,Z Vertex 2 {m}
  -27.0402558, -27.0402558, 0.6096,       !- X,Y,Z Vertex 3 {m}
  -27.0402558, -27.0402558, 0.3048;       !- X,Y,Z Vertex 4 {m}

OS:AdditionalProperties,
  {7cd41107-49f7-421c-a433-b7e62d565032}, !- Handle
  {d4a2652e-1803-433e-b848-d0e20da52c30}, !- Object Name
  Length,                                 !- Feature Name 1
  Double,                                 !- Feature Data Type 1
  14.199999999999999,                     !- Feature Value 1
  Azimuth,                                !- Feature Name 2
  Integer,                                !- Feature Data Type 2
  180,                                    !- Feature Value 2
  Tilt,                                   !- Feature Name 3
  Double,                                 !- Feature Data Type 3
  90,                                     !- Feature Value 3
  SurfaceType,                            !- Feature Name 4
  String,                                 !- Feature Data Type 4
  RimJoist;                               !- Feature Value 4

OS:Construction,
  {bca92bea-1adf-40d7-8dfb-1e4894656ca0}, !- Handle
  RimJoist2 construction,                 !- Name
  ,                                       !- Surface Rendering Name
  {65f3c4dc-7ed9-49e9-9283-ee65052a75ce}, !- Layer 1
  {102ad859-0f61-403c-a1ee-18152f1b4e8d}; !- Layer 2

OS:Surface,
  {7996d48d-5456-45ec-82a7-41cfcab752fe}, !- Handle
  RimJoist3,                              !- Name
  Wall,                                   !- Surface Type
  {5f93731b-589c-43c7-8d28-57199ab78911}, !- Construction Name
  {965e2dbf-9942-47af-8f79-871d1b8bbded}, !- Space Name
  Outdoors,                               !- Outside Boundary Condition
  ,                                       !- Outside Boundary Condition Object
  SunExposed,                             !- Sun Exposure
  WindExposed,                            !- Wind Exposure
  ,                                       !- View Factor to Ground
  ,                                       !- Number of Vertices
  -27.0402558, 19.2373758, 0.3048,        !- X,Y,Z Vertex 1 {m}
  -27.0402558, 19.2373758, 0.6096,        !- X,Y,Z Vertex 2 {m}
  -27.0402558, 27.0402558, 0.6096,        !- X,Y,Z Vertex 3 {m}
  -27.0402558, 27.0402558, 0.3048;        !- X,Y,Z Vertex 4 {m}

OS:AdditionalProperties,
  {7b764ca5-8ba0-4d8a-8bf6-1268266fb363}, !- Handle
  {7996d48d-5456-45ec-82a7-41cfcab752fe}, !- Object Name
  Length,                                 !- Feature Name 1
  Double,                                 !- Feature Data Type 1
  25.600000000000001,                     !- Feature Value 1
  Azimuth,                                !- Feature Name 2
  Integer,                                !- Feature Data Type 2
  270,                                    !- Feature Value 2
  Tilt,                                   !- Feature Name 3
  Double,                                 !- Feature Data Type 3
  90,                                     !- Feature Value 3
  SurfaceType,                            !- Feature Name 4
  String,                                 !- Feature Data Type 4
  RimJoist;                               !- Feature Value 4

OS:Construction,
  {5f93731b-589c-43c7-8d28-57199ab78911}, !- Handle
  RimJoist3 construction,                 !- Name
  ,                                       !- Surface Rendering Name
  {65f3c4dc-7ed9-49e9-9283-ee65052a75ce}, !- Layer 1
  {102ad859-0f61-403c-a1ee-18152f1b4e8d}; !- Layer 2

OS:Surface,
  {d0a95d01-ae29-47c1-9341-39cc99dd07a7}, !- Handle
  RimJoist4,                              !- Name
  Wall,                                   !- Surface Type
  {2959b1c1-7310-4efb-807f-ad9e6ae65bde}, !- Construction Name
  {965e2dbf-9942-47af-8f79-871d1b8bbded}, !- Space Name
  Outdoors,                               !- Outside Boundary Condition
  ,                                       !- Outside Boundary Condition Object
  SunExposed,                             !- Sun Exposure
  WindExposed,                            !- Wind Exposure
  ,                                       !- View Factor to Ground
  ,                                       !- Number of Vertices
  22.7120958, 27.0402558, 0.3048,         !- X,Y,Z Vertex 1 {m}
  22.7120958, 27.0402558, 0.6096,         !- X,Y,Z Vertex 2 {m}
  27.0402558, 27.0402558, 0.6096,         !- X,Y,Z Vertex 3 {m}
  27.0402558, 27.0402558, 0.3048;         !- X,Y,Z Vertex 4 {m}

OS:AdditionalProperties,
  {1f99ed21-a7d8-4957-96ef-0940dc47008e}, !- Handle
  {d0a95d01-ae29-47c1-9341-39cc99dd07a7}, !- Object Name
  Length,                                 !- Feature Name 1
  Double,                                 !- Feature Data Type 1
  14.199999999999999,                     !- Feature Value 1
  Azimuth,                                !- Feature Name 2
  Integer,                                !- Feature Data Type 2
  0,                                      !- Feature Value 2
  Tilt,                                   !- Feature Name 3
  Double,                                 !- Feature Data Type 3
  90,                                     !- Feature Value 3
  SurfaceType,                            !- Feature Name 4
  String,                                 !- Feature Data Type 4
  RimJoist;                               !- Feature Value 4

OS:Construction,
  {2959b1c1-7310-4efb-807f-ad9e6ae65bde}, !- Handle
  RimJoist4 construction,                 !- Name
  ,                                       !- Surface Rendering Name
  {65f3c4dc-7ed9-49e9-9283-ee65052a75ce}, !- Layer 1
  {102ad859-0f61-403c-a1ee-18152f1b4e8d}; !- Layer 2

OS:Surface,
  {af09fd6e-97b5-427e-a02b-63502c9106a8}, !- Handle
  FoundationWall1,                        !- Name
  Wall,                                   !- Surface Type
  {037edbf4-76d1-4bfc-88ca-672e1787ee35}, !- Construction Name
  {965e2dbf-9942-47af-8f79-871d1b8bbded}, !- Space Name
  Foundation,                             !- Outside Boundary Condition
  {c940b685-00e1-463d-bb2b-a66ae6836d79}, !- Outside Boundary Condition Object
  NoSun,                                  !- Sun Exposure
  NoWind,                                 !- Wind Exposure
  ,                                       !- View Factor to Ground
  ,                                       !- Number of Vertices
  27.0402558, 4.4760642, -2.1336,         !- X,Y,Z Vertex 1 {m}
  27.0402558, 4.4760642, 0.3048,          !- X,Y,Z Vertex 2 {m}
  27.0402558, -27.0402558, 0.3048,        !- X,Y,Z Vertex 3 {m}
  27.0402558, -27.0402558, -2.1336;       !- X,Y,Z Vertex 4 {m}

OS:AdditionalProperties,
  {35da24ca-ec1e-4383-ba15-ad75d232096d}, !- Handle
  {af09fd6e-97b5-427e-a02b-63502c9106a8}, !- Object Name
  Length,                                 !- Feature Name 1
  Double,                                 !- Feature Data Type 1
  103.40000000000001,                     !- Feature Value 1
  Azimuth,                                !- Feature Name 2
  Integer,                                !- Feature Data Type 2
  90,                                     !- Feature Value 2
  Tilt,                                   !- Feature Name 3
  Double,                                 !- Feature Data Type 3
  90,                                     !- Feature Value 3
  SurfaceType,                            !- Feature Name 4
  String,                                 !- Feature Data Type 4
  FoundationWall;                         !- Feature Value 4

OS:Foundation:Kiva,
  {c940b685-00e1-463d-bb2b-a66ae6836d79}, !- Handle
  Foundation Kiva 1,                      !- Name
  19.4444444444444,                       !- Initial Indoor Air Temperature {C}
  ,                                       !- Interior Horizontal Insulation Material Name
  ,                                       !- Interior Horizontal Insulation Depth {m}
  ,                                       !- Interior Horizontal Insulation Width {m}
  ,                                       !- Interior Vertical Insulation Material Name
  ,                                       !- Interior Vertical Insulation Depth {m}
  ,                                       !- Exterior Horizontal Insulation Material Name
  ,                                       !- Exterior Horizontal Insulation Depth {m}
  ,                                       !- Exterior Horizontal Insulation Width {m}
  ,                                       !- Exterior Vertical Insulation Material Name
  ,                                       !- Exterior Vertical Insulation Depth {m}
  0.3048,                                 !- Wall Height Above Grade {m}
  0.2032,                                 !- Wall Depth Below Slab {m}
  ,                                       !- Footing Wall Construction Name
  ,                                       !- Footing Material Name
  ;                                       !- Footing Depth {m}

OS:Foundation:Kiva:Settings,
  {5eeeab10-a403-4ab5-bec2-f8c70a362ab0}, !- Handle
  1.3848,                                 !- Soil Conductivity {W/m-K}
  1842.3,                                 !- Soil Density {kg/m3}
  418.7,                                  !- Soil Specific Heat {J/kg-K}
  0.9,                                    !- Ground Solar Absorptivity {dimensionless}
  0.9,                                    !- Ground Thermal Absorptivity {dimensionless}
  0.03,                                   !- Ground Surface Roughness {m}
  40,                                     !- Far-Field Width {m}
  ZeroFlux,                               !- Deep-Ground Boundary Condition
  40,                                     !- Deep-Ground Depth {m}
  0.2,                                    !- Minimum Cell Dimension {m}
  3,                                      !- Maximum Cell Growth Coefficient {dimensionless}
  Timestep;                               !- Simulation Timestep

OS:Material,
  {efee0d81-dbd9-4d4f-bcb6-af228af89c45}, !- Handle
  concrete 8.0 in.,                       !- Name
  Rough,                                  !- Roughness
  0.2032,                                 !- Thickness {m}
  1.803125,                               !- Conductivity {W/m-K}
  2242.8,                                 !- Density {kg/m3}
  837.4,                                  !- Specific Heat {J/kg-K}
  0.9,                                    !- Thermal Absorptance
  0.7,                                    !- Solar Absorptance
  0.7;                                    !- Visible Absorptance

OS:Material,
  {f6fa1609-59da-4d0e-a357-ead4cd81b2a8}, !- Handle
  gypsum board 1,                         !- Name
  Rough,                                  !- Roughness
  0.0127,                                 !- Thickness {m}
  0.1602906,                              !- Conductivity {W/m-K}
  801,                                    !- Density {kg/m3}
  837.4,                                  !- Specific Heat {J/kg-K}
  0.9,                                    !- Thermal Absorptance
  0.7,                                    !- Solar Absorptance
  0.7;                                    !- Visible Absorptance

OS:Construction,
  {037edbf4-76d1-4bfc-88ca-672e1787ee35}, !- Handle
  FoundationWall1 construction,           !- Name
  ,                                       !- Surface Rendering Name
  {efee0d81-dbd9-4d4f-bcb6-af228af89c45}, !- Layer 1
  {f6fa1609-59da-4d0e-a357-ead4cd81b2a8}; !- Layer 2

OS:Surface,
  {228750cf-9626-44ca-b22f-491516b0a937}, !- Handle
  Slab1,                                  !- Name
  Floor,                                  !- Surface Type
  {7eb4541f-9f5e-480e-b71a-9c749cf8e542}, !- Construction Name
  {965e2dbf-9942-47af-8f79-871d1b8bbded}, !- Space Name
  Foundation,                             !- Outside Boundary Condition
  {c940b685-00e1-463d-bb2b-a66ae6836d79}, !- Outside Boundary Condition Object
  NoSun,                                  !- Sun Exposure
  NoWind,                                 !- Wind Exposure
  ,                                       !- View Factor to Ground
  ,                                       !- Number of Vertices
  -5.06175155385248, -2.81732844614752, -2.1336, !- X,Y,Z Vertex 1 {m}
  -5.06175155385248, 2.81732844614752, -2.1336, !- X,Y,Z Vertex 2 {m}
  5.06175155385248, 2.81732844614752, -2.1336, !- X,Y,Z Vertex 3 {m}
  5.06175155385248, -2.81732844614752, -2.1336; !- X,Y,Z Vertex 4 {m}

OS:AdditionalProperties,
  {0a7fdd80-38b7-4264-8ecc-8de3e047edbf}, !- Handle
  {228750cf-9626-44ca-b22f-491516b0a937}, !- Object Name
  SurfaceType,                            !- Feature Name 1
  String,                                 !- Feature Data Type 1
  Slab;                                   !- Feature Value 1

OS:Material,
  {bb1ecc61-eff0-4067-a79c-f9489a99bc1c}, !- Handle
  concrete 4.0 in.,                       !- Name
  Rough,                                  !- Roughness
  0.1016,                                 !- Thickness {m}
  1.803125,                               !- Conductivity {W/m-K}
  2242.8,                                 !- Density {kg/m3}
  837.4,                                  !- Specific Heat {J/kg-K}
  0.9,                                    !- Thermal Absorptance
  0.7,                                    !- Solar Absorptance
  0.7;                                    !- Visible Absorptance

OS:Material,
  {932b8432-eb06-4625-8b2a-86bb64e5ab08}, !- Handle
  floor covering,                         !- Name
  Rough,                                  !- Roughness
  0.0127,                                 !- Thickness {m}
  0.045078125,                            !- Conductivity {W/m-K}
  54.468,                                 !- Density {kg/m3}
  1339.84,                                !- Specific Heat {J/kg-K}
  0.9,                                    !- Thermal Absorptance
  0.9,                                    !- Solar Absorptance
  0.9;                                    !- Visible Absorptance

OS:Construction,
  {7eb4541f-9f5e-480e-b71a-9c749cf8e542}, !- Handle
  Slab1 construction,                     !- Name
  ,                                       !- Surface Rendering Name
  {bb1ecc61-eff0-4067-a79c-f9489a99bc1c}, !- Layer 1
  {932b8432-eb06-4625-8b2a-86bb64e5ab08}; !- Layer 2

OS:SurfaceProperty:ExposedFoundationPerimeter,
  {95b89618-9a84-4eb5-94e1-e16286e5d75e}, !- Handle
  {228750cf-9626-44ca-b22f-491516b0a937}, !- Surface Name
  TotalExposedPerimeter,                  !- Exposed Perimeter Calculation Method
  31.51632;                               !- Total Exposed Perimeter {m}

OS:Surface,
  {47b6480d-5502-4517-afb8-e4fc67bf2147}, !- Handle
  surface Window1,                        !- Name
  Wall,                                   !- Surface Type
  {6154a891-4261-4703-8da6-af7bce5a40e7}, !- Construction Name
  {965e2dbf-9942-47af-8f79-871d1b8bbded}, !- Space Name
  Outdoors,                               !- Outside Boundary Condition
  ,                                       !- Outside Boundary Condition Object
  SunExposed,                             !- Sun Exposure
  WindExposed,                            !- Wind Exposure
  ,                                       !- View Factor to Ground
  ,                                       !- Number of Vertices
  27.0402558, 15.9590068213576, 0.30397817864237, !- X,Y,Z Vertex 1 {m}
  27.0402558, 15.9590068213576, 1.52482182135763, !- X,Y,Z Vertex 2 {m}
  27.0402558, 14.1361831786424, 1.52482182135763, !- X,Y,Z Vertex 3 {m}
  27.0402558, 14.1361831786424, 0.30397817864237; !- X,Y,Z Vertex 4 {m}

OS:AdditionalProperties,
  {9a0439f7-4059-48d3-b9f8-36a1c4d9d672}, !- Handle
  {47b6480d-5502-4517-afb8-e4fc67bf2147}, !- Object Name
  Length,                                 !- Feature Name 1
  Double,                                 !- Feature Data Type 1
  5.9750000000000005,                     !- Feature Value 1
  Azimuth,                                !- Feature Name 2
  Integer,                                !- Feature Data Type 2
  90,                                     !- Feature Value 2
  Tilt,                                   !- Feature Name 3
  Double,                                 !- Feature Data Type 3
  90,                                     !- Feature Value 3
  SurfaceType,                            !- Feature Name 4
  String,                                 !- Feature Data Type 4
  Window;                                 !- Feature Value 4

OS:SubSurface,
  {8e36ca85-08bd-4344-8634-14e0260fb702}, !- Handle
  Window1,                                !- Name
  FixedWindow,                            !- Sub Surface Type
  {baac1147-e085-434b-abd2-33bd6b7af177}, !- Construction Name
  {47b6480d-5502-4517-afb8-e4fc67bf2147}, !- Surface Name
  ,                                       !- Outside Boundary Condition Object
  ,                                       !- View Factor to Ground
  ,                                       !- Frame and Divider Name
  ,                                       !- Multiplier
  ,                                       !- Number of Vertices
  27.0402558, 15.958185, 0.3048,          !- X,Y,Z Vertex 1 {m}
  27.0402558, 15.958185, 1.524,           !- X,Y,Z Vertex 2 {m}
  27.0402558, 14.137005, 1.524,           !- X,Y,Z Vertex 3 {m}
  27.0402558, 14.137005, 0.3048;          !- X,Y,Z Vertex 4 {m}

OS:ShadingSurfaceGroup,
  {89d02bd3-9e65-4345-9e26-0a15663c4b73}, !- Handle
  Window1 Shading Surfaces,               !- Name
  Space,                                  !- Shading Surface Type
  {965e2dbf-9942-47af-8f79-871d1b8bbded}, !- Space Name
  ,                                       !- Direction of Relative North {deg}
  ,                                       !- X Origin {m}
  ,                                       !- Y Origin {m}
  ,                                       !- Z Origin {m}
  {8e36ca85-08bd-4344-8634-14e0260fb702}; !- Shaded Object Name

OS:ShadingSurface,
  {cde3ab62-4640-4aa6-957d-705c799470cb}, !- Handle
  Window1 overhangs,                      !- Name
  ,                                       !- Construction Name
  {89d02bd3-9e65-4345-9e26-0a15663c4b73}, !- Shading Surface Group Name
  ,                                       !- Transmittance Schedule Name
  ,                                       !- Number of Vertices
  27.0402558, 16.262985, 1.8288,          !- X,Y,Z Vertex 1 {m}
  27.0402558, 13.832205, 1.8288,          !- X,Y,Z Vertex 2 {m}
  27.6498558, 13.832205, 1.8288,          !- X,Y,Z Vertex 3 {m}
  27.6498558, 16.262985, 1.8288;          !- X,Y,Z Vertex 4 {m}

OS:WindowMaterial:SimpleGlazingSystem,
  {75bfbe7a-e117-4172-8186-45523a180a1d}, !- Handle
  WindowMaterial,                         !- Name
  2.78222,                                !- U-Factor {W/m2-K}
  0.56;                                   !- Solar Heat Gain Coefficient

OS:Construction,
  {baac1147-e085-434b-abd2-33bd6b7af177}, !- Handle
  WindowConstruction,                     !- Name
  ,                                       !- Surface Rendering Name
  {75bfbe7a-e117-4172-8186-45523a180a1d}; !- Layer 1

OS:Schedule:Ruleset,
  {db4ea6c3-c230-42cf-a67f-46a4e311eca4}, !- Handle
  trans schedule winter=0.85 summer=0.7,  !- Name
  {7422676c-8a0e-4d89-a0cc-d2fc557a53ce}, !- Schedule Type Limits Name
  {423f634e-a4ea-430e-a4bf-7f348de0f79a}; !- Default Day Schedule Name

OS:Schedule:Day,
  {423f634e-a4ea-430e-a4bf-7f348de0f79a}, !- Handle
  trans schedule winter=0.85 summer=0.7 default day, !- Name
  {7422676c-8a0e-4d89-a0cc-d2fc557a53ce}, !- Schedule Type Limits Name
  ,                                       !- Interpolate to Timestep
  24,                                     !- Hour 1
  0,                                      !- Minute 1
  0;                                      !- Value Until Time 1

OS:ScheduleTypeLimits,
  {7422676c-8a0e-4d89-a0cc-d2fc557a53ce}, !- Handle
  Fractional,                             !- Name
  0,                                      !- Lower Limit Value
  1,                                      !- Upper Limit Value
  Continuous;                             !- Numeric Type

OS:Schedule:Rule,
  {1dd49a91-8151-4cb1-9af5-bfcac0454d2e}, !- Handle
  trans schedule winter=0.85 summer=0.7 allday rule, !- Name
  {db4ea6c3-c230-42cf-a67f-46a4e311eca4}, !- Schedule Ruleset Name
  2,                                      !- Rule Order
  {df8b2654-9046-4fca-bd8e-951f1d1207e2}, !- Day Schedule Name
  Yes,                                    !- Apply Sunday
  Yes,                                    !- Apply Monday
  Yes,                                    !- Apply Tuesday
  Yes,                                    !- Apply Wednesday
  Yes,                                    !- Apply Thursday
  Yes,                                    !- Apply Friday
  Yes,                                    !- Apply Saturday
  DateRange,                              !- Date Specification Type
  1,                                      !- Start Month
  1,                                      !- Start Day
  5,                                      !- End Month
  31;                                     !- End Day

OS:Schedule:Day,
  {df8b2654-9046-4fca-bd8e-951f1d1207e2}, !- Handle
  trans schedule winter=0.85 summer=0.7 day, !- Name
  {7422676c-8a0e-4d89-a0cc-d2fc557a53ce}, !- Schedule Type Limits Name
  ,                                       !- Interpolate to Timestep
  24,                                     !- Hour 1
  0,                                      !- Minute 1
  0.85;                                   !- Value Until Time 1

OS:Schedule:Rule,
  {829036fd-03ee-4fb0-b4f3-bb2f9c0e2722}, !- Handle
  trans schedule winter=0.85 summer=0.7 allday rule 1, !- Name
  {db4ea6c3-c230-42cf-a67f-46a4e311eca4}, !- Schedule Ruleset Name
  1,                                      !- Rule Order
  {0689f6b9-f064-429c-98cf-2d8d276c8e7d}, !- Day Schedule Name
  Yes,                                    !- Apply Sunday
  Yes,                                    !- Apply Monday
  Yes,                                    !- Apply Tuesday
  Yes,                                    !- Apply Wednesday
  Yes,                                    !- Apply Thursday
  Yes,                                    !- Apply Friday
  Yes,                                    !- Apply Saturday
  DateRange,                              !- Date Specification Type
  6,                                      !- Start Month
  1,                                      !- Start Day
  9,                                      !- End Month
  30;                                     !- End Day

OS:Schedule:Day,
  {0689f6b9-f064-429c-98cf-2d8d276c8e7d}, !- Handle
  trans schedule winter=0.85 summer=0.7 day 1, !- Name
  {7422676c-8a0e-4d89-a0cc-d2fc557a53ce}, !- Schedule Type Limits Name
  ,                                       !- Interpolate to Timestep
  24,                                     !- Hour 1
  0,                                      !- Minute 1
  0.7;                                    !- Value Until Time 1

OS:Schedule:Rule,
  {a2503ca6-b0b6-491d-9061-f20eb2bb5b4c}, !- Handle
  trans schedule winter=0.85 summer=0.7 allday rule 2, !- Name
  {db4ea6c3-c230-42cf-a67f-46a4e311eca4}, !- Schedule Ruleset Name
  0,                                      !- Rule Order
  {7449b8a3-84ad-4a6a-867e-ad0e923ce638}, !- Day Schedule Name
  Yes,                                    !- Apply Sunday
  Yes,                                    !- Apply Monday
  Yes,                                    !- Apply Tuesday
  Yes,                                    !- Apply Wednesday
  Yes,                                    !- Apply Thursday
  Yes,                                    !- Apply Friday
  Yes,                                    !- Apply Saturday
  DateRange,                              !- Date Specification Type
  10,                                     !- Start Month
  1,                                      !- Start Day
  12,                                     !- End Month
  31;                                     !- End Day

OS:Schedule:Day,
  {7449b8a3-84ad-4a6a-867e-ad0e923ce638}, !- Handle
  trans schedule winter=0.85 summer=0.7 day 2, !- Name
  {7422676c-8a0e-4d89-a0cc-d2fc557a53ce}, !- Schedule Type Limits Name
  ,                                       !- Interpolate to Timestep
  24,                                     !- Hour 1
  0,                                      !- Minute 1
  0.85;                                   !- Value Until Time 1

OS:SurfaceProperty:IncidentSolarMultiplier,
  {3361bb75-a4a8-4c29-b1e5-811eeb3ef020}, !- Handle
  {8e36ca85-08bd-4344-8634-14e0260fb702}, !- Surface Name
  1,                                      !- Incident Solar Multiplier {dimensionless}
  {db4ea6c3-c230-42cf-a67f-46a4e311eca4}; !- Incident Solar Multiplier Schedule Name

OS:Surface,
  {9599543f-764b-4fb3-a74e-b1d0e87d8fed}, !- Handle
  surface Window2,                        !- Name
  Wall,                                   !- Surface Type
  {6154a891-4261-4703-8da6-af7bce5a40e7}, !- Construction Name
  {965e2dbf-9942-47af-8f79-871d1b8bbded}, !- Space Name
  Outdoors,                               !- Outside Boundary Condition
  ,                                       !- Outside Boundary Condition Object
  SunExposed,                             !- Sun Exposure
  WindExposed,                            !- Wind Exposure
  ,                                       !- View Factor to Ground
  ,                                       !- Number of Vertices
  -20.430683051189, -27.0402558, 0.30369765118896, !- X,Y,Z Vertex 1 {m}
  -20.430683051189, -27.0402558, 1.22030234881104, !- X,Y,Z Vertex 2 {m}
  -21.784167748811, -27.0402558, 1.22030234881104, !- X,Y,Z Vertex 3 {m}
  -21.784167748811, -27.0402558, 0.30369765118896; !- X,Y,Z Vertex 4 {m}

OS:AdditionalProperties,
  {ea522997-3e7d-4331-a44d-c91e1d38fdc5}, !- Handle
  {9599543f-764b-4fb3-a74e-b1d0e87d8fed}, !- Object Name
  Length,                                 !- Feature Name 1
  Double,                                 !- Feature Data Type 1
  4.4333333333333345,                     !- Feature Value 1
  Azimuth,                                !- Feature Name 2
  Integer,                                !- Feature Data Type 2
  180,                                    !- Feature Value 2
  Tilt,                                   !- Feature Name 3
  Double,                                 !- Feature Data Type 3
  90,                                     !- Feature Value 3
  SurfaceType,                            !- Feature Name 4
  String,                                 !- Feature Data Type 4
  Window;                                 !- Feature Value 4

OS:SubSurface,
  {a9cd2248-9167-4273-b97e-ff6418ee5207}, !- Handle
  Window2,                                !- Name
  FixedWindow,                            !- Sub Surface Type
  {7863a27f-33cc-4329-b88b-7153b150c799}, !- Construction Name
  {9599543f-764b-4fb3-a74e-b1d0e87d8fed}, !- Surface Name
  ,                                       !- Outside Boundary Condition Object
  ,                                       !- View Factor to Ground
  ,                                       !- Frame and Divider Name
  ,                                       !- Multiplier
  ,                                       !- Number of Vertices
  -20.4317854, -27.0402558, 0.3048,       !- X,Y,Z Vertex 1 {m}
  -20.4317854, -27.0402558, 1.2192,       !- X,Y,Z Vertex 2 {m}
  -21.7830654, -27.0402558, 1.2192,       !- X,Y,Z Vertex 3 {m}
  -21.7830654, -27.0402558, 0.3048;       !- X,Y,Z Vertex 4 {m}

OS:ShadingSurfaceGroup,
  {061cca27-0627-4971-b841-a9857c3a5f05}, !- Handle
  Window2 Shading Surfaces,               !- Name
  Space,                                  !- Shading Surface Type
  {965e2dbf-9942-47af-8f79-871d1b8bbded}, !- Space Name
  ,                                       !- Direction of Relative North {deg}
  ,                                       !- X Origin {m}
  ,                                       !- Y Origin {m}
  ,                                       !- Z Origin {m}
  {a9cd2248-9167-4273-b97e-ff6418ee5207}; !- Shaded Object Name

OS:ShadingSurface,
  {45b455e4-4843-4a82-ae57-6f352b76cdb7}, !- Handle
  Window2 overhangs,                      !- Name
  ,                                       !- Construction Name
  {061cca27-0627-4971-b841-a9857c3a5f05}, !- Shading Surface Group Name
  ,                                       !- Transmittance Schedule Name
  ,                                       !- Number of Vertices
  -20.1269854, -27.0402558, 1.524,        !- X,Y,Z Vertex 1 {m}
  -22.0878654, -27.0402558, 1.524,        !- X,Y,Z Vertex 2 {m}
  -22.0878654, -27.6498558, 1.524,        !- X,Y,Z Vertex 3 {m}
  -20.1269854, -27.6498558, 1.524;        !- X,Y,Z Vertex 4 {m}

OS:Construction,
  {7863a27f-33cc-4329-b88b-7153b150c799}, !- Handle
  WindowConstruction 1,                   !- Name
  ,                                       !- Surface Rendering Name
  {75bfbe7a-e117-4172-8186-45523a180a1d}; !- Layer 1

OS:SurfaceProperty:IncidentSolarMultiplier,
  {3dfefd59-9822-49d2-ad8f-796f41337b91}, !- Handle
  {a9cd2248-9167-4273-b97e-ff6418ee5207}, !- Surface Name
  1,                                      !- Incident Solar Multiplier {dimensionless}
  {db4ea6c3-c230-42cf-a67f-46a4e311eca4}; !- Incident Solar Multiplier Schedule Name

OS:Surface,
  {ada29bc9-c1e7-4cb2-863a-ec2a0538e13d}, !- Handle
  surface Window3,                        !- Name
  Wall,                                   !- Surface Type
  {6154a891-4261-4703-8da6-af7bce5a40e7}, !- Construction Name
  {965e2dbf-9942-47af-8f79-871d1b8bbded}, !- Space Name
  Outdoors,                               !- Outside Boundary Condition
  ,                                       !- Outside Boundary Condition Object
  SunExposed,                             !- Sun Exposure
  WindExposed,                            !- Wind Exposure
  ,                                       !- View Factor to Ground
  ,                                       !- Number of Vertices
  -27.0402558, 14.6433701501566, 0.30397817864237, !- X,Y,Z Vertex 1 {m}
  -27.0402558, 14.6433701501566, 1.52482182135763, !- X,Y,Z Vertex 2 {m}
  -27.0402558, 16.4661937928719, 1.52482182135763, !- X,Y,Z Vertex 3 {m}
  -27.0402558, 16.4661937928719, 0.30397817864237; !- X,Y,Z Vertex 4 {m}

OS:AdditionalProperties,
  {9ca36eb8-98ff-44b6-acb5-49a071e46e6d}, !- Handle
  {ada29bc9-c1e7-4cb2-863a-ec2a0538e13d}, !- Object Name
  Length,                                 !- Feature Name 1
  Double,                                 !- Feature Data Type 1
  5.9750000000000005,                     !- Feature Value 1
  Azimuth,                                !- Feature Name 2
  Integer,                                !- Feature Data Type 2
  270,                                    !- Feature Value 2
  Tilt,                                   !- Feature Name 3
  Double,                                 !- Feature Data Type 3
  90,                                     !- Feature Value 3
  SurfaceType,                            !- Feature Name 4
  String,                                 !- Feature Data Type 4
  Window;                                 !- Feature Value 4

OS:SubSurface,
  {7e6a7ab5-6fd4-43fe-8948-7ec6e3417bc5}, !- Handle
  Window3,                                !- Name
  FixedWindow,                            !- Sub Surface Type
  {79243b0c-de74-4f3f-8cb0-f1f63d72e39d}, !- Construction Name
  {ada29bc9-c1e7-4cb2-863a-ec2a0538e13d}, !- Surface Name
  ,                                       !- Outside Boundary Condition Object
  ,                                       !- View Factor to Ground
  ,                                       !- Frame and Divider Name
  ,                                       !- Multiplier
  ,                                       !- Number of Vertices
  -27.0402558, 14.6441919715142, 0.3048,  !- X,Y,Z Vertex 1 {m}
  -27.0402558, 14.6441919715142, 1.524,   !- X,Y,Z Vertex 2 {m}
  -27.0402558, 16.4653719715142, 1.524,   !- X,Y,Z Vertex 3 {m}
  -27.0402558, 16.4653719715142, 0.3048;  !- X,Y,Z Vertex 4 {m}

OS:ShadingSurfaceGroup,
  {c511bd0c-bc3a-4d78-a319-5d59d02a35e0}, !- Handle
  Window3 Shading Surfaces,               !- Name
  Space,                                  !- Shading Surface Type
  {965e2dbf-9942-47af-8f79-871d1b8bbded}, !- Space Name
  ,                                       !- Direction of Relative North {deg}
  ,                                       !- X Origin {m}
  ,                                       !- Y Origin {m}
  ,                                       !- Z Origin {m}
  {7e6a7ab5-6fd4-43fe-8948-7ec6e3417bc5}; !- Shaded Object Name

OS:ShadingSurface,
  {394f0c75-052b-47f6-8244-51179eacf7e3}, !- Handle
  Window3 overhangs,                      !- Name
  ,                                       !- Construction Name
  {c511bd0c-bc3a-4d78-a319-5d59d02a35e0}, !- Shading Surface Group Name
  ,                                       !- Transmittance Schedule Name
  ,                                       !- Number of Vertices
  -27.0402558, 14.3393919715142, 1.8288,  !- X,Y,Z Vertex 1 {m}
  -27.0402558, 16.7701719715142, 1.8288,  !- X,Y,Z Vertex 2 {m}
  -27.6498558, 16.7701719715142, 1.8288,  !- X,Y,Z Vertex 3 {m}
  -27.6498558, 14.3393919715142, 1.8288;  !- X,Y,Z Vertex 4 {m}

OS:Construction,
  {79243b0c-de74-4f3f-8cb0-f1f63d72e39d}, !- Handle
  WindowConstruction 2,                   !- Name
  ,                                       !- Surface Rendering Name
  {75bfbe7a-e117-4172-8186-45523a180a1d}; !- Layer 1

OS:SurfaceProperty:IncidentSolarMultiplier,
  {30711fa0-eb3e-40a0-b2be-a510cc76ff9f}, !- Handle
  {7e6a7ab5-6fd4-43fe-8948-7ec6e3417bc5}, !- Surface Name
  1,                                      !- Incident Solar Multiplier {dimensionless}
  {db4ea6c3-c230-42cf-a67f-46a4e311eca4}; !- Incident Solar Multiplier Schedule Name

OS:Surface,
  {e9b7fd79-2d3a-498b-a09d-947061de3f01}, !- Handle
  surface Window4,                        !- Name
  Wall,                                   !- Surface Type
  {6154a891-4261-4703-8da6-af7bce5a40e7}, !- Construction Name
  {965e2dbf-9942-47af-8f79-871d1b8bbded}, !- Space Name
  Outdoors,                               !- Outside Boundary Condition
  ,                                       !- Outside Boundary Condition Object
  SunExposed,                             !- Sun Exposure
  WindExposed,                            !- Wind Exposure
  ,                                       !- View Factor to Ground
  ,                                       !- Number of Vertices
  20.430683051189, 27.0402558, 0.30369765118896, !- X,Y,Z Vertex 1 {m}
  20.430683051189, 27.0402558, 1.22030234881104, !- X,Y,Z Vertex 2 {m}
  21.784167748811, 27.0402558, 1.22030234881104, !- X,Y,Z Vertex 3 {m}
  21.784167748811, 27.0402558, 0.30369765118896; !- X,Y,Z Vertex 4 {m}

OS:AdditionalProperties,
  {c5793695-4cc5-4fce-9025-86dc6de07101}, !- Handle
  {e9b7fd79-2d3a-498b-a09d-947061de3f01}, !- Object Name
  Length,                                 !- Feature Name 1
  Double,                                 !- Feature Data Type 1
  4.4333333333333345,                     !- Feature Value 1
  Azimuth,                                !- Feature Name 2
  Integer,                                !- Feature Data Type 2
  0,                                      !- Feature Value 2
  Tilt,                                   !- Feature Name 3
  Double,                                 !- Feature Data Type 3
  90,                                     !- Feature Value 3
  SurfaceType,                            !- Feature Name 4
  String,                                 !- Feature Data Type 4
  Window;                                 !- Feature Value 4

OS:SubSurface,
  {d45dcecf-1136-44fe-82b3-1c118fa33e87}, !- Handle
  Window4,                                !- Name
  FixedWindow,                            !- Sub Surface Type
  {aa94d88f-dae1-4196-a2d2-e2539d074d10}, !- Construction Name
  {e9b7fd79-2d3a-498b-a09d-947061de3f01}, !- Surface Name
  ,                                       !- Outside Boundary Condition Object
  ,                                       !- View Factor to Ground
  ,                                       !- Frame and Divider Name
  ,                                       !- Multiplier
  ,                                       !- Number of Vertices
  20.4317854, 27.0402558, 0.3048,         !- X,Y,Z Vertex 1 {m}
  20.4317854, 27.0402558, 1.2192,         !- X,Y,Z Vertex 2 {m}
  21.7830654, 27.0402558, 1.2192,         !- X,Y,Z Vertex 3 {m}
  21.7830654, 27.0402558, 0.3048;         !- X,Y,Z Vertex 4 {m}

OS:ShadingSurfaceGroup,
  {43db94ab-3c4b-4119-9e75-5325b164ea63}, !- Handle
  Window4 Shading Surfaces,               !- Name
  Space,                                  !- Shading Surface Type
  {965e2dbf-9942-47af-8f79-871d1b8bbded}, !- Space Name
  ,                                       !- Direction of Relative North {deg}
  ,                                       !- X Origin {m}
  ,                                       !- Y Origin {m}
  ,                                       !- Z Origin {m}
  {d45dcecf-1136-44fe-82b3-1c118fa33e87}; !- Shaded Object Name

OS:ShadingSurface,
  {a155e519-fab3-455a-8dc3-57a83cb3ded6}, !- Handle
  Window4 overhangs,                      !- Name
  ,                                       !- Construction Name
  {43db94ab-3c4b-4119-9e75-5325b164ea63}, !- Shading Surface Group Name
  ,                                       !- Transmittance Schedule Name
  ,                                       !- Number of Vertices
  20.1269854, 27.0402558, 1.524,          !- X,Y,Z Vertex 1 {m}
  22.0878654, 27.0402558, 1.524,          !- X,Y,Z Vertex 2 {m}
  22.0878654, 27.6498558, 1.524,          !- X,Y,Z Vertex 3 {m}
  20.1269854, 27.6498558, 1.524;          !- X,Y,Z Vertex 4 {m}

OS:Construction,
  {aa94d88f-dae1-4196-a2d2-e2539d074d10}, !- Handle
  WindowConstruction 3,                   !- Name
  ,                                       !- Surface Rendering Name
  {75bfbe7a-e117-4172-8186-45523a180a1d}; !- Layer 1

OS:SurfaceProperty:IncidentSolarMultiplier,
  {6bc8a841-98bd-474f-bc25-c8928ee6403f}, !- Handle
  {d45dcecf-1136-44fe-82b3-1c118fa33e87}, !- Surface Name
  1,                                      !- Incident Solar Multiplier {dimensionless}
  {db4ea6c3-c230-42cf-a67f-46a4e311eca4}; !- Incident Solar Multiplier Schedule Name

OS:Material,
  {52b357a4-9dd7-4605-92df-8a8e4c3648d1}, !- Handle
  wood siding 1,                          !- Name
  Rough,                                  !- Roughness
  0.0254,                                 !- Thickness {m}
  0.1024175,                              !- Conductivity {W/m-K}
  544.68,                                 !- Density {kg/m3}
  1172.36;                                !- Specific Heat {J/kg-K}

OS:Material,
  {584baa88-c279-401c-b669-4ff494b608cf}, !- Handle
  wall rigid ins,                         !- Name
  Rough,                                  !- Roughness
  0.5129784,                              !- Thickness {m}
  0.029427,                               !- Conductivity {W/m-K}
  32.04,                                  !- Density {kg/m3}
  1214.23,                                !- Specific Heat {J/kg-K}
  0.9,                                    !- Thermal Absorptance
  0.7,                                    !- Solar Absorptance
  0.7;                                    !- Visible Absorptance

OS:Material,
  {2e543def-8dff-4355-807f-aec8eb6c371f}, !- Handle
  wall stud and cavity 1,                 !- Name
  Rough,                                  !- Roughness
  0.0889,                                 !- Thickness {m}
  0.380278417457636,                      !- Conductivity {W/m-K}
  52.34794524,                            !- Density {kg/m3}
  1209.88641434781,                       !- Specific Heat {J/kg-K}
  0.9,                                    !- Thermal Absorptance
  0.7,                                    !- Solar Absorptance
  0.7;                                    !- Visible Absorptance

OS:Construction,
  {6154a891-4261-4703-8da6-af7bce5a40e7}, !- Handle
  AdiabaticWallConstruction,              !- Name
  ,                                       !- Surface Rendering Name
  {52b357a4-9dd7-4605-92df-8a8e4c3648d1}, !- Layer 1
  {584baa88-c279-401c-b669-4ff494b608cf}, !- Layer 2
  {2e543def-8dff-4355-807f-aec8eb6c371f}, !- Layer 3
  {fb7941f2-e352-420d-af6f-d1af2577222e}; !- Layer 4

OS:Surface,
  {ac604913-b517-4599-a2b3-2f1eab0c67be}, !- Handle
  surface Door1,                          !- Name
  Wall,                                   !- Surface Type
  {779fc1af-795f-46ce-bc3d-b5e09b548725}, !- Construction Name
  {965e2dbf-9942-47af-8f79-871d1b8bbded}, !- Space Name
  Outdoors,                               !- Outside Boundary Condition
  ,                                       !- Outside Boundary Condition Object
  SunExposed,                             !- Sun Exposure
  WindExposed,                            !- Wind Exposure
  ,                                       !- View Factor to Ground
  ,                                       !- Number of Vertices
  -27.0402558, 17.3935545272463, 0.303952155732047, !- X,Y,Z Vertex 1 {m}
  -27.0402558, 17.3935545272463, 2.33866384426795, !- X,Y,Z Vertex 2 {m}
  -27.0402558, 18.3091932442679, 2.33866384426795, !- X,Y,Z Vertex 3 {m}
  -27.0402558, 18.3091932442679, 0.303952155732047; !- X,Y,Z Vertex 4 {m}

OS:AdditionalProperties,
  {0166c771-d55c-4c53-b46c-33dd2fe520fb}, !- Handle
  {ac604913-b517-4599-a2b3-2f1eab0c67be}, !- Object Name
  Length,                                 !- Feature Name 1
  Double,                                 !- Feature Data Type 1
  2.9985007496251876,                     !- Feature Value 1
  Azimuth,                                !- Feature Name 2
  Integer,                                !- Feature Data Type 2
  270,                                    !- Feature Value 2
  Tilt,                                   !- Feature Name 3
  Double,                                 !- Feature Data Type 3
  90,                                     !- Feature Value 3
  SurfaceType,                            !- Feature Name 4
  String,                                 !- Feature Data Type 4
  Door;                                   !- Feature Value 4

OS:SubSurface,
  {65cf3d2a-2d9e-4f26-af6c-35646b92ba85}, !- Handle
  Door1,                                  !- Name
  Door,                                   !- Sub Surface Type
  {81922e21-7327-4a0c-8c23-660352625ff8}, !- Construction Name
  {ac604913-b517-4599-a2b3-2f1eab0c67be}, !- Surface Name
  ,                                       !- Outside Boundary Condition Object
  ,                                       !- View Factor to Ground
  ,                                       !- Frame and Divider Name
  ,                                       !- Multiplier
  ,                                       !- Number of Vertices
  -27.0402558, 17.3944023715142, 0.3048,  !- X,Y,Z Vertex 1 {m}
  -27.0402558, 17.3944023715142, 2.337816, !- X,Y,Z Vertex 2 {m}
  -27.0402558, 18.3083454, 2.337816,      !- X,Y,Z Vertex 3 {m}
  -27.0402558, 18.3083454, 0.3048;        !- X,Y,Z Vertex 4 {m}

OS:Material,
  {e7e226d9-d4f1-4ab7-bcbe-76fa5bd6a47b}, !- Handle
  door material,                          !- Name
  Rough,                                  !- Roughness
  0.04445,                                !- Thickness {m}
  0.0612266553480475,                     !- Conductivity {W/m-K}
  512.64,                                 !- Density {kg/m3}
  1214.23,                                !- Specific Heat {J/kg-K}
  0.9,                                    !- Thermal Absorptance
  0.7,                                    !- Solar Absorptance
  0.7;                                    !- Visible Absorptance

OS:Construction,
  {81922e21-7327-4a0c-8c23-660352625ff8}, !- Handle
  Door,                                   !- Name
  ,                                       !- Surface Rendering Name
  {e7e226d9-d4f1-4ab7-bcbe-76fa5bd6a47b}; !- Layer 1

OS:Material,
  {34adf085-cbf6-47bc-b933-22c450f810fe}, !- Handle
  wood siding 2,                          !- Name
  Rough,                                  !- Roughness
  0.0254,                                 !- Thickness {m}
  0.1024175,                              !- Conductivity {W/m-K}
  544.68,                                 !- Density {kg/m3}
  1172.36;                                !- Specific Heat {J/kg-K}

OS:Construction,
  {779fc1af-795f-46ce-bc3d-b5e09b548725}, !- Handle
  AdiabaticWallConstruction 1,            !- Name
  ,                                       !- Surface Rendering Name
  {34adf085-cbf6-47bc-b933-22c450f810fe}, !- Layer 1
  {584baa88-c279-401c-b669-4ff494b608cf}, !- Layer 2
  {2e543def-8dff-4355-807f-aec8eb6c371f}, !- Layer 3
  {fb7941f2-e352-420d-af6f-d1af2577222e}; !- Layer 4

OS:Surface,
  {31240bc7-93b7-4439-9558-00ad597711ef}, !- Handle
  inferred conditioned floor,             !- Name
  Floor,                                  !- Surface Type
  {cd27e624-6f1c-47ee-8953-75bea0c383d9}, !- Construction Name
  {965e2dbf-9942-47af-8f79-871d1b8bbded}, !- Space Name
  Adiabatic,                              !- Outside Boundary Condition
  ,                                       !- Outside Boundary Condition Object
  NoSun,                                  !- Sun Exposure
  NoWind,                                 !- Wind Exposure
  ,                                       !- View Factor to Ground
  ,                                       !- Number of Vertices
  -3.77632316413731, -3.77632316413731, 0.3048, !- X,Y,Z Vertex 1 {m}
  -3.77632316413731, 3.77632316413731, 0.3048, !- X,Y,Z Vertex 2 {m}
  3.77632316413731, 3.77632316413731, 0.3048, !- X,Y,Z Vertex 3 {m}
  3.77632316413731, -3.77632316413731, 0.3048; !- X,Y,Z Vertex 4 {m}

OS:AdditionalProperties,
  {d545118c-7419-4cf2-8990-88080e062691}, !- Handle
  {31240bc7-93b7-4439-9558-00ad597711ef}, !- Object Name
  SurfaceType,                            !- Feature Name 1
  String,                                 !- Feature Data Type 1
  InferredFloor,                          !- Feature Value 1
  Tilt,                                   !- Feature Name 2
  Double,                                 !- Feature Data Type 2
  0;                                      !- Feature Value 2

OS:Surface,
  {bec378d3-ba52-40db-bd21-b85c16658770}, !- Handle
  inferred conditioned ceiling,           !- Name
  RoofCeiling,                            !- Surface Type
  {cd27e624-6f1c-47ee-8953-75bea0c383d9}, !- Construction Name
  {965e2dbf-9942-47af-8f79-871d1b8bbded}, !- Space Name
  Adiabatic,                              !- Outside Boundary Condition
  ,                                       !- Outside Boundary Condition Object
  NoSun,                                  !- Sun Exposure
  NoWind,                                 !- Wind Exposure
  ,                                       !- View Factor to Ground
  ,                                       !- Number of Vertices
  3.77632316413731, -3.77632316413731, 0.3048, !- X,Y,Z Vertex 1 {m}
  3.77632316413731, 3.77632316413731, 0.3048, !- X,Y,Z Vertex 2 {m}
  -3.77632316413731, 3.77632316413731, 0.3048, !- X,Y,Z Vertex 3 {m}
  -3.77632316413731, -3.77632316413731, 0.3048; !- X,Y,Z Vertex 4 {m}

OS:AdditionalProperties,
  {9e8e5b3c-ea5c-4ed7-a351-b9ee0fe93fde}, !- Handle
  {bec378d3-ba52-40db-bd21-b85c16658770}, !- Object Name
  SurfaceType,                            !- Feature Name 1
  String,                                 !- Feature Data Type 1
  InferredCeiling,                        !- Feature Value 1
  Tilt,                                   !- Feature Name 2
  Double,                                 !- Feature Data Type 2
  0;                                      !- Feature Value 2

OS:Material,
  {01e5b8ca-6391-4b16-ab6c-0e9e1b536d1c}, !- Handle
  floor stud and cavity,                  !- Name
  Rough,                                  !- Roughness
  0.1397,                                 !- Thickness {m}
  1.75129287332205,                       !- Conductivity {W/m-K}
  37.004876748,                           !- Density {kg/m3}
  1207.88064650997,                       !- Specific Heat {J/kg-K}
  0.9,                                    !- Thermal Absorptance
  0.7,                                    !- Solar Absorptance
  0.7;                                    !- Visible Absorptance

OS:Material,
  {0fc37e5d-bce9-4937-a6ab-6f7f27a866da}, !- Handle
  floor rigid ins,                        !- Name
  Rough,                                  !- Roughness
  0.5129784,                              !- Thickness {m}
  0.029427,                               !- Conductivity {W/m-K}
  32.04,                                  !- Density {kg/m3}
  1214.23,                                !- Specific Heat {J/kg-K}
  0.9,                                    !- Thermal Absorptance
  0.7,                                    !- Solar Absorptance
  0.7;                                    !- Visible Absorptance

OS:Material,
  {d2354066-286a-4d66-9397-e88429db47f9}, !- Handle
  floor covering 1,                       !- Name
  Rough,                                  !- Roughness
  0.0127,                                 !- Thickness {m}
  0.0433443509615385,                     !- Conductivity {W/m-K}
  54.468,                                 !- Density {kg/m3}
  1339.84,                                !- Specific Heat {J/kg-K}
  0.9,                                    !- Thermal Absorptance
  0.6,                                    !- Solar Absorptance
  0.6;                                    !- Visible Absorptance

OS:Construction,
  {cd27e624-6f1c-47ee-8953-75bea0c383d9}, !- Handle
  AdiabaticFloorConstruction,             !- Name
  ,                                       !- Surface Rendering Name
  {01e5b8ca-6391-4b16-ab6c-0e9e1b536d1c}, !- Layer 1
  {0fc37e5d-bce9-4937-a6ab-6f7f27a866da}, !- Layer 2
  {4f56994e-dc4b-48f4-b9dd-a13c3728d7c3}, !- Layer 3
  {d2354066-286a-4d66-9397-e88429db47f9}; !- Layer 4

OS:InternalMass:Definition,
  {4825b571-15f2-4ca8-baf4-92084a988c8f}, !- Handle
  partition wall mass,                    !- Name
  {f67ed1bf-8053-48e7-aa44-b895d6f3cb78}, !- Construction Name
  SurfaceArea,                            !- Design Level Calculation Method
  114.08493,                              !- Surface Area {m2}
  ,                                       !- Surface Area per Space Floor Area {dimensionless}
  ;                                       !- Surface Area per Person {m2/person}

OS:InternalMass,
  {e984fc8f-3ba1-4e7e-ae31-528d4f6e4f87}, !- Handle
  partition wall mass,                    !- Name
  {4825b571-15f2-4ca8-baf4-92084a988c8f}, !- Internal Mass Definition Name
  {965e2dbf-9942-47af-8f79-871d1b8bbded}, !- Space or SpaceType Name
  1;                                      !- Multiplier

OS:Material,
  {761ae3a6-a4bf-401e-bac0-9d546e18cc50}, !- Handle
  wall stud and cavity 2,                 !- Name
  Rough,                                  !- Roughness
  0.0889,                                 !- Thickness {m}
  0.391763531157105,                      !- Conductivity {W/m-K}
  83.034082224,                           !- Density {kg/m3}
  1211.67419087611,                       !- Specific Heat {J/kg-K}
  0.9,                                    !- Thermal Absorptance
  0.7,                                    !- Solar Absorptance
  0.7;                                    !- Visible Absorptance

OS:Construction,
  {f67ed1bf-8053-48e7-aa44-b895d6f3cb78}, !- Handle
  PartitionWallConstruction,              !- Name
  ,                                       !- Surface Rendering Name
  {fb7941f2-e352-420d-af6f-d1af2577222e}, !- Layer 1
  {761ae3a6-a4bf-401e-bac0-9d546e18cc50}, !- Layer 2
  {fb7941f2-e352-420d-af6f-d1af2577222e}; !- Layer 3

OS:InternalMass:Definition,
  {9fceccb5-ad46-47b8-b578-c0c32872fa57}, !- Handle
  furniture mass conditioned space 1,     !- Name
  {429f79fd-1eb0-4568-b207-1136db44caea}, !- Construction Name
  SurfaceArea,                            !- Design Level Calculation Method
  45.63397,                               !- Surface Area {m2}
  ,                                       !- Surface Area per Space Floor Area {dimensionless}
  ;                                       !- Surface Area per Person {m2/person}

OS:InternalMass,
  {65448de1-d3f8-40ed-8f79-e7ee8badd72d}, !- Handle
  furniture mass conditioned space 1,     !- Name
  {9fceccb5-ad46-47b8-b578-c0c32872fa57}, !- Internal Mass Definition Name
  {965e2dbf-9942-47af-8f79-871d1b8bbded}, !- Space or SpaceType Name
  1;                                      !- Multiplier

OS:Material,
  {b3a41e63-b1ba-443a-903d-c94f04e2f23c}, !- Handle
  furniture material conditioned space 1, !- Name
  Rough,                                  !- Roughness
  0.1524,                                 !- Thickness {m}
  0.1154577,                              !- Conductivity {W/m-K}
  640.8,                                  !- Density {kg/m3}
  1214.23,                                !- Specific Heat {J/kg-K}
  0.9,                                    !- Thermal Absorptance
  0.6,                                    !- Solar Absorptance
  0.6;                                    !- Visible Absorptance

OS:Construction,
  {429f79fd-1eb0-4568-b207-1136db44caea}, !- Handle
  furniture construction conditioned space 1, !- Name
  ,                                       !- Surface Rendering Name
  {b3a41e63-b1ba-443a-903d-c94f04e2f23c}; !- Layer 1

OS:ShadingSurface,
  {773dacd6-ef5a-4296-b687-9af0cdb7209d}, !- Handle
  Neighbor azimuth 0 distance 15.0,       !- Name
  ,                                       !- Construction Name
  {54a97363-5de4-4dc8-a255-389699520f2a}, !- Shading Surface Group Name
  ,                                       !- Transmittance Schedule Name
  ,                                       !- Number of Vertices
  -27.0402558, 31.6122558, 0,             !- X,Y,Z Vertex 1 {m}
  -27.0402558, 31.6122558, 2.7432,        !- X,Y,Z Vertex 2 {m}
  27.0402558, 31.6122558, 2.7432,         !- X,Y,Z Vertex 3 {m}
  27.0402558, 31.6122558, 0;              !- X,Y,Z Vertex 4 {m}

OS:AdditionalProperties,
  {5d8866e6-b8e2-4449-b8d4-6924c6d9f638}, !- Handle
  {773dacd6-ef5a-4296-b687-9af0cdb7209d}, !- Object Name
  Azimuth,                                !- Feature Name 1
  Integer,                                !- Feature Data Type 1
  0,                                      !- Feature Value 1
  Distance,                               !- Feature Name 2
  Double,                                 !- Feature Data Type 2
  15;                                     !- Feature Value 2

OS:ShadingSurface,
  {8897e357-14de-4721-9907-3f06b4e2b3f2}, !- Handle
  Neighbor azimuth 180 distance 15.0,     !- Name
  ,                                       !- Construction Name
  {54a97363-5de4-4dc8-a255-389699520f2a}, !- Shading Surface Group Name
  ,                                       !- Transmittance Schedule Name
  ,                                       !- Number of Vertices
  27.0402558, -31.6122558, 0,             !- X,Y,Z Vertex 1 {m}
  27.0402558, -31.6122558, 2.7432,        !- X,Y,Z Vertex 2 {m}
  -27.0402558, -31.6122558, 2.7432,       !- X,Y,Z Vertex 3 {m}
  -27.0402558, -31.6122558, 0;            !- X,Y,Z Vertex 4 {m}

OS:AdditionalProperties,
  {d6b13e1d-7d08-48c0-8b0d-bf722c035542}, !- Handle
  {8897e357-14de-4721-9907-3f06b4e2b3f2}, !- Object Name
  Azimuth,                                !- Feature Name 1
  Integer,                                !- Feature Data Type 1
  180,                                    !- Feature Value 1
  Distance,                               !- Feature Name 2
  Double,                                 !- Feature Data Type 2
  15;                                     !- Feature Value 2

OS:ShadingSurfaceGroup,
  {54a97363-5de4-4dc8-a255-389699520f2a}, !- Handle
  neighbors,                              !- Name
  Building;                               !- Shading Surface Type

OS:Curve:Biquadratic,
  {18b8acdd-66c2-4bbb-ab7c-375a1f5b4b26}, !- Handle
  Cool-CAP-fT1,                           !- Name
  1.557359706,                            !- Coefficient1 Constant
  -0.0744481692,                          !- Coefficient2 x
  0.00309859668,                          !- Coefficient3 x**2
  0.0014595786,                           !- Coefficient4 y
  -4.1148e-05,                            !- Coefficient5 y**2
  -0.00042671448,                         !- Coefficient6 x*y
  -100,                                   !- Minimum Value of x
  100,                                    !- Maximum Value of x
  -100,                                   !- Minimum Value of y
  100;                                    !- Maximum Value of y

OS:Curve:Biquadratic,
  {6df27fa0-2fee-496d-a731-b980cdfd1558}, !- Handle
  Cool-EIR-fT1,                           !- Name
  -0.350447695,                           !- Coefficient1 Constant
  0.116809893,                            !- Coefficient2 x
  -0.00339950844,                         !- Coefficient3 x**2
  -0.001226088,                           !- Coefficient4 y
  0.0006008094,                           !- Coefficient5 y**2
  -0.000466884,                           !- Coefficient6 x*y
  -100,                                   !- Minimum Value of x
  100,                                    !- Maximum Value of x
  -100,                                   !- Minimum Value of y
  100;                                    !- Maximum Value of y

OS:Curve:Quadratic,
  {0c5bac04-6079-44a4-89a2-38a263c0b1c2}, !- Handle
  Cool-CAP-fFF1,                          !- Name
  0.718664047,                            !- Coefficient1 Constant
  0.41797409,                             !- Coefficient2 x
  -0.136638137,                           !- Coefficient3 x**2
  0,                                      !- Minimum Value of x
  2,                                      !- Maximum Value of x
  0,                                      !- Minimum Curve Output
  2;                                      !- Maximum Curve Output

OS:Curve:Quadratic,
  {c0ac5f35-4ebc-4f4f-bc8c-0e95ddc4579d}, !- Handle
  Cool-EIR-fFF1,                          !- Name
  1.143487507,                            !- Coefficient1 Constant
  -0.13943972,                            !- Coefficient2 x
  -0.004047787,                           !- Coefficient3 x**2
  0,                                      !- Minimum Value of x
  2,                                      !- Maximum Value of x
  0,                                      !- Minimum Curve Output
  2;                                      !- Maximum Curve Output

OS:Curve:Quadratic,
  {eee6586c-b460-4339-980f-b88f7ae66169}, !- Handle
  Cool-PLF-fPLR1,                         !- Name
  0.93,                                   !- Coefficient1 Constant
  0.07,                                   !- Coefficient2 x
  0,                                      !- Coefficient3 x**2
  0,                                      !- Minimum Value of x
  1,                                      !- Maximum Value of x
  0.7,                                    !- Minimum Curve Output
  1;                                      !- Maximum Curve Output

OS:Schedule:Constant,
  {42fbbcfa-dc99-49bd-8258-07ce46a853a9}, !- Handle
  Always On Discrete,                     !- Name
  {6f4f4e1d-1d03-4917-917d-6d7bd685ab7e}, !- Schedule Type Limits Name
  1;                                      !- Value

OS:ScheduleTypeLimits,
  {6f4f4e1d-1d03-4917-917d-6d7bd685ab7e}, !- Handle
  OnOff,                                  !- Name
  0,                                      !- Lower Limit Value
  1,                                      !- Upper Limit Value
  Discrete,                               !- Numeric Type
  Availability;                           !- Unit Type

OS:Coil:Cooling:DX:SingleSpeed,
  {447c4bed-f3f5-4325-8f8d-9afe9345df2e}, !- Handle
  central ac and furnace clg coil,        !- Name
  {42fbbcfa-dc99-49bd-8258-07ce46a853a9}, !- Availability Schedule Name
  6534.21339896945,                       !- Rated Total Cooling Capacity {W}
  0.730031800184905,                      !- Rated Sensible Heat Ratio
  4.3086,                                 !- Rated COP {W/W}
  0.337526121767052,                      !- Rated Air Flow Rate {m3/s}
  773.3,                                  !- Rated Evaporator Fan Power Per Volume Flow Rate 2017 {W/(m3/s)}
  934.4,                                  !- Rated Evaporator Fan Power Per Volume Flow Rate 2023 {W/(m3/s)}
  ,                                       !- Air Inlet Node Name
  ,                                       !- Air Outlet Node Name
  {18b8acdd-66c2-4bbb-ab7c-375a1f5b4b26}, !- Total Cooling Capacity Function of Temperature Curve Name
  {0c5bac04-6079-44a4-89a2-38a263c0b1c2}, !- Total Cooling Capacity Function of Flow Fraction Curve Name
  {6df27fa0-2fee-496d-a731-b980cdfd1558}, !- Energy Input Ratio Function of Temperature Curve Name
  {c0ac5f35-4ebc-4f4f-bc8c-0e95ddc4579d}, !- Energy Input Ratio Function of Flow Fraction Curve Name
  {eee6586c-b460-4339-980f-b88f7ae66169}, !- Part Load Fraction Correlation Curve Name
  -25,                                    !- Minimum Outdoor Dry-Bulb Temperature for Compressor Operation {C}
  1000,                                   !- Nominal Time for Condensate Removal to Begin {s}
  1.5,                                    !- Ratio of Initial Moisture Evaporation Rate and Steady State Latent Capacity {dimensionless}
  3,                                      !- Maximum Cycling Rate {cycles/hr}
  45,                                     !- Latent Capacity Time Constant {s}
  ,                                       !- Condenser Air Inlet Node Name
  AirCooled,                              !- Condenser Type
  0.9,                                    !- Evaporative Condenser Effectiveness {dimensionless}
  autosize,                               !- Evaporative Condenser Air Flow Rate {m3/s}
  autosize,                               !- Evaporative Condenser Pump Rated Power Consumption {W}
  50,                                     !- Crankcase Heater Capacity {W}
  ,                                       !- Crankcase Heater Capacity Function of Temperature Curve Name
  10,                                     !- Maximum Outdoor Dry-Bulb Temperature for Crankcase Heater Operation {C}
  ,                                       !- Supply Water Storage Tank Name
  ,                                       !- Condensate Collection Water Storage Tank Name
  0,                                      !- Basin Heater Capacity {W/K}
  2;                                      !- Basin Heater Setpoint Temperature {C}

OS:AdditionalProperties,
  {e9cb6f39-f01c-4065-b6c3-59bd2d2ce16f}, !- Handle
  {447c4bed-f3f5-4325-8f8d-9afe9345df2e}, !- Object Name
  HPXML_ID,                               !- Feature Name 1
  String,                                 !- Feature Data Type 1
  CoolingSystem1;                         !- Feature Value 1

OS:Coil:Heating:Gas,
  {aa041e4e-df90-4d14-82e9-60b105b51f3b}, !- Handle
  central ac and furnace htg coil,        !- Name
  {42fbbcfa-dc99-49bd-8258-07ce46a853a9}, !- Availability Schedule Name
  0.8,                                    !- Gas Burner Efficiency
  8201.00775662929,                       !- Nominal Capacity {W}
  ,                                       !- Air Inlet Node Name
  ,                                       !- Air Outlet Node Name
  ,                                       !- Temperature Setpoint Node Name
  0,                                      !- On Cycle Parasitic Electric Load {W}
  ,                                       !- Part Load Fraction Correlation Curve Name
  0,                                      !- Off Cycle Parasitic Gas Load {W}
  NaturalGas;                             !- Fuel Type

OS:AdditionalProperties,
  {26300114-2699-406f-81c2-89dfe82782e4}, !- Handle
  {aa041e4e-df90-4d14-82e9-60b105b51f3b}, !- Object Name
  HPXML_ID,                               !- Feature Name 1
  String,                                 !- Feature Data Type 1
  HeatingSystem1,                         !- Feature Value 1
  IsHeatPumpBackup,                       !- Feature Name 2
  Boolean,                                !- Feature Data Type 2
  false;                                  !- Feature Value 2

OS:Fan:SystemModel,
  {ed3c88d7-de28-4d01-93b3-62d64d1d3f37}, !- Handle
  central ac and furnace supply fan,      !- Name
  {42fbbcfa-dc99-49bd-8258-07ce46a853a9}, !- Availability Schedule Name
  ,                                       !- Air Inlet Node Name
  ,                                       !- Air Outlet Node Name
  0.3426338437632,                        !- Design Maximum Air Flow Rate {m3/s}
  Discrete,                               !- Speed Control Method
  0.2,                                    !- Electric Power Minimum Flow Rate Fraction
  500,                                    !- Design Pressure Rise {Pa}
  1,                                      !- Motor Efficiency
  1,                                      !- Motor In Air Stream Fraction
  autosize,                               !- Design Electric Power Consumption {W}
  PowerPerFlow,                           !- Design Power Sizing Method
  1059.44000164466,                       !- Electric Power Per Unit Flow Rate {W/(m3/s)}
  1.66667,                                !- Electric Power Per Unit Flow Rate Per Unit Pressure {W-s/m3-Pa}
  0.7,                                    !- Fan Total Efficiency
  ,                                       !- Electric Power Function of Flow Fraction Curve Name
  ,                                       !- Night Ventilation Mode Pressure Rise {Pa}
  ,                                       !- Night Ventilation Mode Flow Fraction
  ,                                       !- Motor Loss Zone Name
  0,                                      !- Motor Loss Radiative Fraction
  supply fan,                             !- End-Use Subcategory
  0.70248,                                !- Speed Flow Fraction 1
  0.34666,                                !- Speed Electric Power Fraction 1
  1,                                      !- Speed Flow Fraction 2
  1;                                      !- Speed Electric Power Fraction 2

OS:EnergyManagementSystem:Sensor,
  {9af772ee-d0ea-45c5-85f2-9538e475e267}, !- Handle
  central_ac_and_furnace_supply_fan_s,    !- Name
  central ac and furnace supply fan,      !- Output Variable or Output Meter Index Key Name
  Fan Electricity Energy;                 !- Output Variable or Output Meter Name

OS:EnergyManagementSystem:Sensor,
  {a70c3cd6-8db4-4b96-b0b2-b173090000e9}, !- Handle
  central_ac_and_furnace_clg_coil_s,      !- Name
  central ac and furnace clg coil,        !- Output Variable or Output Meter Index Key Name
  Cooling Coil Total Cooling Energy;      !- Output Variable or Output Meter Name

OS:EnergyManagementSystem:Program,
  {c54b3aee-dc09-403a-ba16-2d43e3209dcc}, !- Handle
  central_ac_and_furnace_supply_fan_disaggregate_program, !- Name
  Set central_ac_and_furnace_supply_fan_clg = 0, !- Program Line 1
  If central_ac_and_furnace_clg_coil_s > 0, !- Program Line 2
  Set central_ac_and_furnace_supply_fan_clg = central_ac_and_furnace_supply_fan_s, !- Program Line 3
  EndIf;                                  !- Program Line 4

OS:EnergyManagementSystem:ProgramCallingManager,
  {64c25b89-6b86-4524-8598-56e25b9b945d}, !- Handle
  central_ac_and_furnace_supply_fan_disaggregate_program_calling_manager, !- Name
  EndOfSystemTimestepBeforeHVACReporting, !- EnergyPlus Model Calling Point
  {c54b3aee-dc09-403a-ba16-2d43e3209dcc}; !- Program Name 1

OS:EnergyManagementSystem:OutputVariable,
  {711e5416-f50d-48bd-9dae-f3333300bab7}, !- Handle
  central ac and furnace supply fan disaggregate clg, !- Name
  central_ac_and_furnace_supply_fan_clg,  !- EMS Variable Name
  Summed,                                 !- Type of Data in Variable
  SystemTimestep,                         !- Update Frequency
  {c54b3aee-dc09-403a-ba16-2d43e3209dcc}, !- EMS Program or Subroutine Name
  J;                                      !- Units

OS:AdditionalProperties,
  {97849198-3a69-4fba-80cf-cc1ba0386307}, !- Handle
  {711e5416-f50d-48bd-9dae-f3333300bab7}, !- Object Name
  HPXML_ID,                               !- Feature Name 1
  String,                                 !- Feature Data Type 1
  CoolingSystem1,                         !- Feature Value 1
  ObjectType,                             !- Feature Name 2
  String,                                 !- Feature Data Type 2
  disaggregate clg;                       !- Feature Value 2

OS:EnergyManagementSystem:Sensor,
  {917e5ff0-f599-4e71-9390-e53b71d85aa3}, !- Handle
  central_ac_and_furnace_supply_fan_s_1,  !- Name
  central ac and furnace supply fan,      !- Output Variable or Output Meter Index Key Name
  Fan Electricity Energy;                 !- Output Variable or Output Meter Name

OS:EnergyManagementSystem:Sensor,
  {03d76515-923f-4969-84ab-f2f766a0c1d3}, !- Handle
  central_ac_and_furnace_htg_coil_s,      !- Name
  central ac and furnace htg coil,        !- Output Variable or Output Meter Index Key Name
  Heating Coil Heating Energy;            !- Output Variable or Output Meter Name

OS:EnergyManagementSystem:Program,
  {de34ed07-f711-46f6-91be-cc3d4121cc66}, !- Handle
  central_ac_and_furnace_supply_fan_disaggregate_program_1, !- Name
  Set central_ac_and_furnace_supply_fan_primary_htg = 0, !- Program Line 1
  If central_ac_and_furnace_htg_coil_s > 0, !- Program Line 2
  Set central_ac_and_furnace_supply_fan_primary_htg = central_ac_and_furnace_supply_fan_s_1, !- Program Line 3
  EndIf;                                  !- Program Line 4

OS:EnergyManagementSystem:ProgramCallingManager,
  {3b6a23cb-8542-4289-80a8-96e438487fd8}, !- Handle
  central_ac_and_furnace_supply_fan_disaggregate_program_calling_manager 1, !- Name
  EndOfSystemTimestepBeforeHVACReporting, !- EnergyPlus Model Calling Point
  {de34ed07-f711-46f6-91be-cc3d4121cc66}; !- Program Name 1

OS:EnergyManagementSystem:OutputVariable,
  {79ce24ae-f596-4aea-aac2-21e4bb832599}, !- Handle
  central ac and furnace supply fan disaggregate htg primary, !- Name
  central_ac_and_furnace_supply_fan_primary_htg, !- EMS Variable Name
  Summed,                                 !- Type of Data in Variable
  SystemTimestep,                         !- Update Frequency
  {de34ed07-f711-46f6-91be-cc3d4121cc66}, !- EMS Program or Subroutine Name
  J;                                      !- Units

OS:AdditionalProperties,
  {90004f63-a1f2-4403-a0d8-132342a9e7df}, !- Handle
  {79ce24ae-f596-4aea-aac2-21e4bb832599}, !- Object Name
  HPXML_ID,                               !- Feature Name 1
  String,                                 !- Feature Data Type 1
  HeatingSystem1,                         !- Feature Value 1
  ObjectType,                             !- Feature Name 2
  String,                                 !- Feature Data Type 2
  disaggregate htg primary;               !- Feature Value 2

OS:Schedule:Constant,
  {c9e41405-6487-4bda-8615-151de6b70457}, !- Handle
  central ac and furnace auto fan schedule, !- Name
  {6f4f4e1d-1d03-4917-917d-6d7bd685ab7e}, !- Schedule Type Limits Name
  0;                                      !- Value

OS:AirLoopHVAC:UnitarySystem,
  {822c4cc0-6d98-4285-b31d-c8193b27ec33}, !- Handle
  central ac and furnace unitary system,  !- Name
  Load,                                   !- Control Type
  {bb0a8cc7-cf18-42bf-921c-42423e81047c}, !- Controlling Zone or Thermostat Location
  None,                                   !- Dehumidification Control Type
  {42fbbcfa-dc99-49bd-8258-07ce46a853a9}, !- Availability Schedule Name
  {fe9dfbad-e9ad-4802-ba1a-9baa854de296}, !- Air Inlet Node Name
  {d70a235c-42e3-4bea-b174-4683c58a27cd}, !- Air Outlet Node Name
  {ed3c88d7-de28-4d01-93b3-62d64d1d3f37}, !- Supply Fan Name
  BlowThrough,                            !- Fan Placement
  {c9e41405-6487-4bda-8615-151de6b70457}, !- Supply Air Fan Operating Mode Schedule Name
  {aa041e4e-df90-4d14-82e9-60b105b51f3b}, !- Heating Coil Name
  1,                                      !- DX Heating Coil Sizing Ratio
  {447c4bed-f3f5-4325-8f8d-9afe9345df2e}, !- Cooling Coil Name
  No,                                     !- Use DOAS DX Cooling Coil
  2,                                      !- DOAS DX Cooling Coil Leaving Minimum Air Temperature {C}
  SensibleOnlyLoadControl,                !- Latent Load Control
  ,                                       !- Supplemental Heating Coil Name
  SupplyAirFlowRate,                      !- Supply Air Flow Rate Method During Cooling Operation
  0.3426338437632,                        !- Supply Air Flow Rate During Cooling Operation {m3/s}
  ,                                       !- Supply Air Flow Rate Per Floor Area During Cooling Operation {m3/s-m2}
  ,                                       !- Fraction of Autosized Design Cooling Supply Air Flow Rate
  ,                                       !- Design Supply Air Flow Rate Per Unit of Capacity During Cooling Operation {m3/s-W}
  SupplyAirFlowRate,                      !- Supply Air Flow Rate Method During Heating Operation
  0.240693196032,                         !- Supply Air Flow Rate During Heating Operation {m3/s}
  ,                                       !- Supply Air Flow Rate Per Floor Area during Heating Operation {m3/s-m2}
  ,                                       !- Fraction of Autosized Design Heating Supply Air Flow Rate
  ,                                       !- Design Supply Air Flow Rate Per Unit of Capacity During Heating Operation {m3/s-W}
  SupplyAirFlowRate,                      !- Supply Air Flow Rate Method When No Cooling or Heating is Required
  0,                                      !- Supply Air Flow Rate When No Cooling or Heating is Required {m3/s}
  ,                                       !- Supply Air Flow Rate Per Floor Area When No Cooling or Heating is Required {m3/s-m2}
  ,                                       !- Fraction of Autosized Design Cooling Supply Air Flow Rate When No Cooling or Heating is Required
  ,                                       !- Fraction of Autosized Design Heating Supply Air Flow Rate When No Cooling or Heating is Required
  ,                                       !- Design Supply Air Flow Rate Per Unit of Capacity During Cooling Operation When No Cooling or Heating is Required {m3/s-W}
  ,                                       !- Design Supply Air Flow Rate Per Unit of Capacity During Heating Operation When No Cooling or Heating is Required {m3/s-W}
  Yes,                                    !- No Load Supply Air Flow Rate Control Set To Low Speed
  48.8888888888889,                       !- Maximum Supply Air Temperature {C}
  21,                                     !- Maximum Outdoor Dry-Bulb Temperature for Supplemental Heater Operation {C}
  ,                                       !- Outdoor Dry-Bulb Temperature Sensor Node Name
  0,                                      !- Ancilliary On-Cycle Electric Power {W}
  0;                                      !- Ancilliary Off-Cycle Electric Power {W}

OS:AirLoopHVAC,
  {e33fe7c6-917d-42a8-9d38-8549dbe271dc}, !- Handle
  central ac and furnace airloop,         !- Name
  ,                                       !- Controller List Name
  {42fbbcfa-dc99-49bd-8258-07ce46a853a9}, !- Availability Schedule
  {360f033f-d821-46dd-b098-4542e22faa36}, !- Availability Manager List Name
  0.3426338437632,                        !- Design Supply Air Flow Rate {m3/s}
  1,                                      !- Design Return Air Flow Fraction of Supply Air Flow
  ,                                       !- Branch List Name
  ,                                       !- Connector List Name
  {03ea1403-3e90-411c-bea1-beed685da4a4}, !- Supply Side Inlet Node Name
  {96707b5e-1cf0-4c62-a980-bdf4c17f4bc2}, !- Demand Side Outlet Node Name
  {8b16c045-0ae1-45dd-b228-72cb0a9ae118}, !- Demand Side Inlet Node A
  {cff33ebb-6dd0-4b65-86ad-5fa378880314}, !- Supply Side Outlet Node A
  ,                                       !- Demand Side Inlet Node B
  ,                                       !- Supply Side Outlet Node B
  ,                                       !- Return Air Bypass Flow Temperature Setpoint Schedule Name
  {de4ef3e6-bdee-48be-b56d-5af907153367}, !- Demand Mixer Name
  {bf05ef86-504e-41a4-81f4-4c7e39cecf1a}, !- Demand Splitter A Name
  ,                                       !- Demand Splitter B Name
  ;                                       !- Supply Splitter Name

OS:Node,
  {090775e4-677a-4868-89c7-7516802efe39}, !- Handle
  Node 2,                                 !- Name
  {03ea1403-3e90-411c-bea1-beed685da4a4}, !- Inlet Port
  {fe9dfbad-e9ad-4802-ba1a-9baa854de296}; !- Outlet Port

OS:Node,
  {d85cd439-c388-4f6f-9ee4-6ac64cc7cd19}, !- Handle
  Node 3,                                 !- Name
  {d70a235c-42e3-4bea-b174-4683c58a27cd}, !- Inlet Port
  {cff33ebb-6dd0-4b65-86ad-5fa378880314}; !- Outlet Port

OS:Connection,
  {03ea1403-3e90-411c-bea1-beed685da4a4}, !- Handle
  {e33fe7c6-917d-42a8-9d38-8549dbe271dc}, !- Source Object
  9,                                      !- Outlet Port
  {090775e4-677a-4868-89c7-7516802efe39}, !- Target Object
  2;                                      !- Inlet Port

OS:Connection,
  {cff33ebb-6dd0-4b65-86ad-5fa378880314}, !- Handle
  {d85cd439-c388-4f6f-9ee4-6ac64cc7cd19}, !- Source Object
  3,                                      !- Outlet Port
  {e33fe7c6-917d-42a8-9d38-8549dbe271dc}, !- Target Object
  12;                                     !- Inlet Port

OS:Node,
  {d9483881-a8cb-4b22-9161-b87a5e2167a9}, !- Handle
  Node 4,                                 !- Name
  {8b16c045-0ae1-45dd-b228-72cb0a9ae118}, !- Inlet Port
  {fe9fa7d1-7796-4004-bfeb-5e510c7ae3f6}; !- Outlet Port

OS:Node,
  {9daa5fd0-1d8b-44b9-9717-a4e754420acf}, !- Handle
  Node 5,                                 !- Name
  {fc0ee9e8-f443-4ff4-a375-7e405afb626a}, !- Inlet Port
  {96707b5e-1cf0-4c62-a980-bdf4c17f4bc2}; !- Outlet Port

OS:Node,
  {bbe623ff-f028-4ea3-8cb2-5854b19bb79c}, !- Handle
  Node 6,                                 !- Name
  {e50f9ba5-c86a-43c9-a7bf-7b7293142026}, !- Inlet Port
  {b9393810-e717-4369-a47c-b242f19d9d95}; !- Outlet Port

OS:Connection,
  {8b16c045-0ae1-45dd-b228-72cb0a9ae118}, !- Handle
  {e33fe7c6-917d-42a8-9d38-8549dbe271dc}, !- Source Object
  11,                                     !- Outlet Port
  {d9483881-a8cb-4b22-9161-b87a5e2167a9}, !- Target Object
  2;                                      !- Inlet Port

OS:Connection,
  {96707b5e-1cf0-4c62-a980-bdf4c17f4bc2}, !- Handle
  {9daa5fd0-1d8b-44b9-9717-a4e754420acf}, !- Source Object
  3,                                      !- Outlet Port
  {e33fe7c6-917d-42a8-9d38-8549dbe271dc}, !- Target Object
  10;                                     !- Inlet Port

OS:AirLoopHVAC:ZoneSplitter,
  {bf05ef86-504e-41a4-81f4-4c7e39cecf1a}, !- Handle
  central ac and furnace zone splitter,   !- Name
  {fe9fa7d1-7796-4004-bfeb-5e510c7ae3f6}, !- Inlet Node Name
  {1f5aa421-b1ff-4885-a2d2-d08b53caf0a1}; !- Outlet Node Name 1

OS:AirLoopHVAC:ZoneMixer,
  {de4ef3e6-bdee-48be-b56d-5af907153367}, !- Handle
  central ac and furnace zone mixer,      !- Name
  {fc0ee9e8-f443-4ff4-a375-7e405afb626a}, !- Outlet Node Name
  {518e5150-dcf4-45d5-868d-1cf35be35779}; !- Inlet Node Name 1

OS:Connection,
  {fe9fa7d1-7796-4004-bfeb-5e510c7ae3f6}, !- Handle
  {d9483881-a8cb-4b22-9161-b87a5e2167a9}, !- Source Object
  3,                                      !- Outlet Port
  {bf05ef86-504e-41a4-81f4-4c7e39cecf1a}, !- Target Object
  2;                                      !- Inlet Port

OS:Connection,
  {fc0ee9e8-f443-4ff4-a375-7e405afb626a}, !- Handle
  {de4ef3e6-bdee-48be-b56d-5af907153367}, !- Source Object
  2,                                      !- Outlet Port
  {9daa5fd0-1d8b-44b9-9717-a4e754420acf}, !- Target Object
  2;                                      !- Inlet Port

OS:Sizing:System,
  {bad5129b-e56c-4e7d-9079-aba0ce99a7c7}, !- Handle
  {e33fe7c6-917d-42a8-9d38-8549dbe271dc}, !- AirLoop Name
  ,                                       !- Type of Load to Size On
  ,                                       !- Design Outdoor Air Flow Rate {m3/s}
  0.3,                                    !- Central Heating Maximum System Air Flow Ratio
  7,                                      !- Preheat Design Temperature {C}
  0.008,                                  !- Preheat Design Humidity Ratio {kg-H2O/kg-Air}
  12.8,                                   !- Precool Design Temperature {C}
  0.008,                                  !- Precool Design Humidity Ratio {kg-H2O/kg-Air}
  12.8,                                   !- Central Cooling Design Supply Air Temperature {C}
  16.7,                                   !- Central Heating Design Supply Air Temperature {C}
  ,                                       !- Sizing Option
  Yes,                                    !- 100% Outdoor Air in Cooling
  Yes,                                    !- 100% Outdoor Air in Heating
  0.0085,                                 !- Central Cooling Design Supply Air Humidity Ratio {kg-H2O/kg-Air}
  ,                                       !- Central Heating Design Supply Air Humidity Ratio {kg-H2O/kg-Air}
  ,                                       !- Cooling Design Air Flow Method
  ,                                       !- Cooling Design Air Flow Rate {m3/s}
  ,                                       !- Heating Design Air Flow Method
  ,                                       !- Heating Design Air Flow Rate {m3/s}
  ,                                       !- System Outdoor Air Method
  1,                                      !- Zone Maximum Outdoor Air Fraction {dimensionless}
  0.0099676501,                           !- Cooling Supply Air Flow Rate Per Floor Area {m3/s-m2}
  1,                                      !- Cooling Fraction of Autosized Cooling Supply Air Flow Rate
  3.9475456e-05,                          !- Cooling Supply Air Flow Rate Per Unit Cooling Capacity {m3/s-W}
  0.0099676501,                           !- Heating Supply Air Flow Rate Per Floor Area {m3/s-m2}
  1,                                      !- Heating Fraction of Autosized Heating Supply Air Flow Rate
  1,                                      !- Heating Fraction of Autosized Cooling Supply Air Flow Rate
  3.1588213e-05,                          !- Heating Supply Air Flow Rate Per Unit Heating Capacity {m3/s-W}
  CoolingDesignCapacity,                  !- Cooling Design Capacity Method
  autosize,                               !- Cooling Design Capacity {W}
  234.7,                                  !- Cooling Design Capacity Per Floor Area {W/m2}
  1,                                      !- Fraction of Autosized Cooling Design Capacity
  HeatingDesignCapacity,                  !- Heating Design Capacity Method
  autosize,                               !- Heating Design Capacity {W}
  157,                                    !- Heating Design Capacity Per Floor Area {W/m2}
  1,                                      !- Fraction of Autosized Heating Design Capacity
  OnOff,                                  !- Central Cooling Capacity Control Method
  autosize;                               !- Occupant Diversity

OS:AvailabilityManagerAssignmentList,
  {360f033f-d821-46dd-b098-4542e22faa36}, !- Handle
  Air Loop HVAC 1 AvailabilityManagerAssignmentList; !- Name

OS:Connection,
  {fe9dfbad-e9ad-4802-ba1a-9baa854de296}, !- Handle
  {090775e4-677a-4868-89c7-7516802efe39}, !- Source Object
  3,                                      !- Outlet Port
  {822c4cc0-6d98-4285-b31d-c8193b27ec33}, !- Target Object
  6;                                      !- Inlet Port

OS:Connection,
  {d70a235c-42e3-4bea-b174-4683c58a27cd}, !- Handle
  {822c4cc0-6d98-4285-b31d-c8193b27ec33}, !- Source Object
  7,                                      !- Outlet Port
  {d85cd439-c388-4f6f-9ee4-6ac64cc7cd19}, !- Target Object
  2;                                      !- Inlet Port

OS:AirTerminal:SingleDuct:ConstantVolume:NoReheat,
  {cf122bee-85fc-43de-ad31-07188a3a2032}, !- Handle
  central ac and furnace terminal,        !- Name
  {42fbbcfa-dc99-49bd-8258-07ce46a853a9}, !- Availability Schedule Name
  {ae922225-8236-4dbd-af82-1c0c906ec2c8}, !- Air Inlet Node Name
  {e50f9ba5-c86a-43c9-a7bf-7b7293142026}, !- Air Outlet Node Name
  0.3426338437632;                        !- Maximum Air Flow Rate {m3/s}

OS:Node,
  {db124ae2-c20a-42ab-9622-715e99844182}, !- Handle
  Node 7,                                 !- Name
  {67790e0c-2172-4f3d-b832-646abcb3aaeb}, !- Inlet Port
  {518e5150-dcf4-45d5-868d-1cf35be35779}; !- Outlet Port

OS:Connection,
  {b9393810-e717-4369-a47c-b242f19d9d95}, !- Handle
  {bbe623ff-f028-4ea3-8cb2-5854b19bb79c}, !- Source Object
  3,                                      !- Outlet Port
  {772f941b-4cc0-4685-b38d-2afc73532a89}, !- Target Object
  2;                                      !- Inlet Port

OS:Connection,
  {67790e0c-2172-4f3d-b832-646abcb3aaeb}, !- Handle
  {2e08da80-50ad-4b50-af6f-c626f3825258}, !- Source Object
  2,                                      !- Outlet Port
  {db124ae2-c20a-42ab-9622-715e99844182}, !- Target Object
  2;                                      !- Inlet Port

OS:Connection,
  {518e5150-dcf4-45d5-868d-1cf35be35779}, !- Handle
  {db124ae2-c20a-42ab-9622-715e99844182}, !- Source Object
  3,                                      !- Outlet Port
  {de4ef3e6-bdee-48be-b56d-5af907153367}, !- Target Object
  3;                                      !- Inlet Port

OS:Node,
  {1aad8c2d-b686-4e2d-93ce-cf245c03ea6c}, !- Handle
  Node 8,                                 !- Name
  {1f5aa421-b1ff-4885-a2d2-d08b53caf0a1}, !- Inlet Port
  {ae922225-8236-4dbd-af82-1c0c906ec2c8}; !- Outlet Port

OS:Connection,
  {1f5aa421-b1ff-4885-a2d2-d08b53caf0a1}, !- Handle
  {bf05ef86-504e-41a4-81f4-4c7e39cecf1a}, !- Source Object
  3,                                      !- Outlet Port
  {1aad8c2d-b686-4e2d-93ce-cf245c03ea6c}, !- Target Object
  2;                                      !- Inlet Port

OS:Connection,
  {ae922225-8236-4dbd-af82-1c0c906ec2c8}, !- Handle
  {1aad8c2d-b686-4e2d-93ce-cf245c03ea6c}, !- Source Object
  3,                                      !- Outlet Port
  {cf122bee-85fc-43de-ad31-07188a3a2032}, !- Target Object
  3;                                      !- Inlet Port

OS:Connection,
  {e50f9ba5-c86a-43c9-a7bf-7b7293142026}, !- Handle
  {cf122bee-85fc-43de-ad31-07188a3a2032}, !- Source Object
  4,                                      !- Outlet Port
  {bbe623ff-f028-4ea3-8cb2-5854b19bb79c}, !- Target Object
  2;                                      !- Inlet Port

OS:Schedule:Constant,
  {1146824f-01f1-4fae-a9c4-d8fe6f3788c9}, !- Handle
  Sequential Fraction Schedule,           !- Name
  {7422676c-8a0e-4d89-a0cc-d2fc557a53ce}, !- Schedule Type Limits Name
  1;                                      !- Value

OS:Schedule:Constant,
  {75af3baf-9f22-49f4-ac56-b94103d955c4}, !- Handle
  Sequential Fraction Schedule 1,         !- Name
  {7422676c-8a0e-4d89-a0cc-d2fc557a53ce}, !- Schedule Type Limits Name
  1;                                      !- Value

OS:Schedule:File,
  {9850da87-3dab-48cd-8d5b-75ab0b0387a6}, !- Handle
  ceiling_fan,                            !- Name
  {7422676c-8a0e-4d89-a0cc-d2fc557a53ce}, !- Schedule Type Limits Name
  {3291f66a-ef3c-4844-9db3-04dcc6a97de2}, !- External File Name
  4,                                      !- Column Number
  1,                                      !- Rows to Skip at Top
  8760,                                   !- Number of Hours of Data
  ,                                       !- Column Separator
  Yes,                                    !- Interpolate to Timestep
  15,                                     !- Minutes per Item
  ,                                       !- Adjust Schedule for Daylight Savings
  Yes;                                    !- Translate File With Relative Path

OS:External:File,
  {3291f66a-ef3c-4844-9db3-04dcc6a97de2}, !- Handle
  External File 1,                        !- Name
  in.schedules.csv;                       !- File Name

OS:ElectricEquipment:Definition,
  {67d2d4e2-dbeb-4e75-aeee-043aa24dbd5b}, !- Handle
  ceiling fan,                            !- Name
  EquipmentLevel,                         !- Design Level Calculation Method
  17.0433022198599,                       !- Design Level {W}
  ,                                       !- Watts per Space Floor Area {W/m2}
  ,                                       !- Watts per Person {W/person}
  0,                                      !- Fraction Latent
  0.558,                                  !- Fraction Radiant
  0;                                      !- Fraction Lost

OS:ElectricEquipment,
  {2d3c4552-4b0d-4375-b006-d27c73725bde}, !- Handle
  ceiling fan,                            !- Name
  {67d2d4e2-dbeb-4e75-aeee-043aa24dbd5b}, !- Electric Equipment Definition Name
  {965e2dbf-9942-47af-8f79-871d1b8bbded}, !- Space or SpaceType Name
  {9850da87-3dab-48cd-8d5b-75ab0b0387a6}, !- Schedule Name
  ,                                       !- Multiplier
  ceiling fan;                            !- End-Use Subcategory

OS:PlantLoop,
  {cc5416d1-6b61-4860-803f-5e9bfcd1c049}, !- Handle
  dhw loop,                               !- Name
  Water,                                  !- Fluid Type
  0,                                      !- Glycol Concentration
  ,                                       !- User Defined Fluid Type
  ,                                       !- Plant Equipment Operation Heating Load
  ,                                       !- Plant Equipment Operation Cooling Load
  ,                                       !- Primary Plant Equipment Operation Scheme
  {7a643382-c40f-4913-85c3-28571f18ff05}, !- Loop Temperature Setpoint Node Name
  ,                                       !- Maximum Loop Temperature {C}
  ,                                       !- Minimum Loop Temperature {C}
  0.01,                                   !- Maximum Loop Flow Rate {m3/s}
  ,                                       !- Minimum Loop Flow Rate {m3/s}
  0.003,                                  !- Plant Loop Volume {m3}
  {04f22fa5-9eb4-4fc3-9e73-c38ff0e48ea7}, !- Plant Side Inlet Node Name
  {cf98ebde-b0f1-4d4b-85f7-d0a8695d6f67}, !- Plant Side Outlet Node Name
  ,                                       !- Plant Side Branch List Name
  {8021df0d-7e67-45c8-b8c0-a1a4963a61b2}, !- Demand Side Inlet Node Name
  {97326747-9410-4ce4-831d-2204d42e4025}, !- Demand Side Outlet Node Name
  ,                                       !- Demand Side Branch List Name
  ,                                       !- Demand Side Connector List Name
  Optimal,                                !- Load Distribution Scheme
  {f02273e2-667c-4308-bcdb-a87d382d8c16}, !- Availability Manager List Name
  ,                                       !- Plant Loop Demand Calculation Scheme
  ,                                       !- Common Pipe Simulation
  ,                                       !- Pressure Simulation Type
  ,                                       !- Plant Equipment Operation Heating Load Schedule
  ,                                       !- Plant Equipment Operation Cooling Load Schedule
  ,                                       !- Primary Plant Equipment Operation Scheme Schedule
  ,                                       !- Component Setpoint Operation Scheme Schedule
  {5a1ae2f9-208e-49e9-b91b-f4e7c534848a}, !- Demand Mixer Name
  {f55cda59-51f5-4b54-b5f4-c68fcf5f0b4d}, !- Demand Splitter Name
  {4e405d3b-9c57-4cf9-9917-936d5ba62f1d}, !- Supply Mixer Name
  {a04b1ba3-9682-4d2e-b654-cca4530e3d9a}; !- Supply Splitter Name

OS:Node,
  {69867d1d-dfa0-4e3e-8af7-f7dcef3267af}, !- Handle
  Node 9,                                 !- Name
  {04f22fa5-9eb4-4fc3-9e73-c38ff0e48ea7}, !- Inlet Port
  {e412d34d-cd7d-4136-9793-8838c7ad23f0}; !- Outlet Port

OS:Node,
  {7a643382-c40f-4913-85c3-28571f18ff05}, !- Handle
  Node 10,                                !- Name
  {a0f34570-528c-45c0-8172-6f7adff82f55}, !- Inlet Port
  {cf98ebde-b0f1-4d4b-85f7-d0a8695d6f67}; !- Outlet Port

OS:Node,
  {41d5dee1-d3ce-4047-8e25-a331faac4c83}, !- Handle
  Node 11,                                !- Name
  {5664bbec-c982-4725-bcfa-73d73362ad02}, !- Inlet Port
  {f1f67e39-5b3f-41b8-a0bb-900b105f3a4c}; !- Outlet Port

OS:Connector:Mixer,
  {4e405d3b-9c57-4cf9-9917-936d5ba62f1d}, !- Handle
  Connector Mixer 1,                      !- Name
  {d5d8ab71-f13b-4d44-a5cf-54328732204a}, !- Outlet Branch Name
  {e4db1bb9-f950-497b-8a11-6d7434b0eebf}, !- Inlet Branch Name 1
  {e8b919ea-2664-4f62-9b6c-1dc084a17962}; !- Inlet Branch Name 2

OS:Connector:Splitter,
  {a04b1ba3-9682-4d2e-b654-cca4530e3d9a}, !- Handle
  Connector Splitter 1,                   !- Name
  {17a43be8-4719-4519-8036-a3326f9932b8}, !- Inlet Branch Name
  {5664bbec-c982-4725-bcfa-73d73362ad02}, !- Outlet Branch Name 1
  {d4ec3aa3-7907-449c-8eb0-3f5dcd36f28e}; !- Outlet Branch Name 2

OS:Connection,
  {04f22fa5-9eb4-4fc3-9e73-c38ff0e48ea7}, !- Handle
  {cc5416d1-6b61-4860-803f-5e9bfcd1c049}, !- Source Object
  14,                                     !- Outlet Port
  {69867d1d-dfa0-4e3e-8af7-f7dcef3267af}, !- Target Object
  2;                                      !- Inlet Port

OS:Connection,
  {5664bbec-c982-4725-bcfa-73d73362ad02}, !- Handle
  {a04b1ba3-9682-4d2e-b654-cca4530e3d9a}, !- Source Object
  3,                                      !- Outlet Port
  {41d5dee1-d3ce-4047-8e25-a331faac4c83}, !- Target Object
  2;                                      !- Inlet Port

OS:Connection,
  {cf98ebde-b0f1-4d4b-85f7-d0a8695d6f67}, !- Handle
  {7a643382-c40f-4913-85c3-28571f18ff05}, !- Source Object
  3,                                      !- Outlet Port
  {cc5416d1-6b61-4860-803f-5e9bfcd1c049}, !- Target Object
  15;                                     !- Inlet Port

OS:Node,
  {7c85144d-839f-4b24-bff0-ea93ce9807b4}, !- Handle
  Node 12,                                !- Name
  {8021df0d-7e67-45c8-b8c0-a1a4963a61b2}, !- Inlet Port
  {c7dc3810-525f-4db0-b2a6-37ededb4b129}; !- Outlet Port

OS:Node,
  {acfdc239-3b43-4290-abf3-d592723bcf0f}, !- Handle
  Node 13,                                !- Name
  {19a89039-c9cc-425e-99f7-a8dde9713a75}, !- Inlet Port
  {97326747-9410-4ce4-831d-2204d42e4025}; !- Outlet Port

OS:Node,
  {5103cec9-7c73-469f-8d91-ab517614806e}, !- Handle
  Node 14,                                !- Name
  {984299e1-ae8e-418d-af66-8ce07b2ab690}, !- Inlet Port
  {9ac230d8-65d0-4cf8-9306-5c2737f8d963}; !- Outlet Port

OS:Connector:Mixer,
  {5a1ae2f9-208e-49e9-b91b-f4e7c534848a}, !- Handle
  Connector Mixer 2,                      !- Name
  {19a89039-c9cc-425e-99f7-a8dde9713a75}, !- Outlet Branch Name
  {7b9badc8-9e8d-4d20-b168-07833934352b}; !- Inlet Branch Name 1

OS:Connector:Splitter,
  {f55cda59-51f5-4b54-b5f4-c68fcf5f0b4d}, !- Handle
  Connector Splitter 2,                   !- Name
  {c7dc3810-525f-4db0-b2a6-37ededb4b129}, !- Inlet Branch Name
  {984299e1-ae8e-418d-af66-8ce07b2ab690}; !- Outlet Branch Name 1

OS:Connection,
  {8021df0d-7e67-45c8-b8c0-a1a4963a61b2}, !- Handle
  {cc5416d1-6b61-4860-803f-5e9bfcd1c049}, !- Source Object
  17,                                     !- Outlet Port
  {7c85144d-839f-4b24-bff0-ea93ce9807b4}, !- Target Object
  2;                                      !- Inlet Port

OS:Connection,
  {c7dc3810-525f-4db0-b2a6-37ededb4b129}, !- Handle
  {7c85144d-839f-4b24-bff0-ea93ce9807b4}, !- Source Object
  3,                                      !- Outlet Port
  {f55cda59-51f5-4b54-b5f4-c68fcf5f0b4d}, !- Target Object
  2;                                      !- Inlet Port

OS:Connection,
  {984299e1-ae8e-418d-af66-8ce07b2ab690}, !- Handle
  {f55cda59-51f5-4b54-b5f4-c68fcf5f0b4d}, !- Source Object
  3,                                      !- Outlet Port
  {5103cec9-7c73-469f-8d91-ab517614806e}, !- Target Object
  2;                                      !- Inlet Port

OS:Connection,
  {19a89039-c9cc-425e-99f7-a8dde9713a75}, !- Handle
  {5a1ae2f9-208e-49e9-b91b-f4e7c534848a}, !- Source Object
  2,                                      !- Outlet Port
  {acfdc239-3b43-4290-abf3-d592723bcf0f}, !- Target Object
  2;                                      !- Inlet Port

OS:Connection,
  {97326747-9410-4ce4-831d-2204d42e4025}, !- Handle
  {acfdc239-3b43-4290-abf3-d592723bcf0f}, !- Source Object
  3,                                      !- Outlet Port
  {cc5416d1-6b61-4860-803f-5e9bfcd1c049}, !- Target Object
  18;                                     !- Inlet Port

OS:Sizing:Plant,
  {cdc3ffbb-8d25-4dc1-94b5-7ff7dec6e269}, !- Handle
  {cc5416d1-6b61-4860-803f-5e9bfcd1c049}, !- Plant or Condenser Loop Name
  Heating,                                !- Loop Type
  51.6666666666667,                       !- Design Loop Exit Temperature {C}
  5.55555555555556,                       !- Loop Design Temperature Difference {deltaC}
  NonCoincident,                          !- Sizing Option
  1,                                      !- Zone Timesteps in Averaging Window
  None;                                   !- Coincident Sizing Factor Mode

OS:AvailabilityManagerAssignmentList,
  {f02273e2-667c-4308-bcdb-a87d382d8c16}, !- Handle
  Plant Loop 1 AvailabilityManagerAssignmentList; !- Name

OS:Pipe:Adiabatic,
  {8ce02028-b461-432e-8219-55a6e4dbeb72}, !- Handle
  Pipe Adiabatic 1,                       !- Name
  {f1f67e39-5b3f-41b8-a0bb-900b105f3a4c}, !- Inlet Node Name
  {6fcdc56c-e905-428c-8e4a-9cd246f96e88}; !- Outlet Node Name

OS:Pipe:Adiabatic,
  {e7947853-2869-4aae-a332-df9f89d1984a}, !- Handle
  Pipe Adiabatic 2,                       !- Name
  {d0473ac9-2ee0-498b-b9b5-15ad26450b5a}, !- Inlet Node Name
  {a0f34570-528c-45c0-8172-6f7adff82f55}; !- Outlet Node Name

OS:Node,
  {b269bf97-d7c9-4957-bfa9-4d7ad333d32a}, !- Handle
  Node 15,                                !- Name
  {6fcdc56c-e905-428c-8e4a-9cd246f96e88}, !- Inlet Port
  {e4db1bb9-f950-497b-8a11-6d7434b0eebf}; !- Outlet Port

OS:Connection,
  {f1f67e39-5b3f-41b8-a0bb-900b105f3a4c}, !- Handle
  {41d5dee1-d3ce-4047-8e25-a331faac4c83}, !- Source Object
  3,                                      !- Outlet Port
  {8ce02028-b461-432e-8219-55a6e4dbeb72}, !- Target Object
  2;                                      !- Inlet Port

OS:Connection,
  {6fcdc56c-e905-428c-8e4a-9cd246f96e88}, !- Handle
  {8ce02028-b461-432e-8219-55a6e4dbeb72}, !- Source Object
  3,                                      !- Outlet Port
  {b269bf97-d7c9-4957-bfa9-4d7ad333d32a}, !- Target Object
  2;                                      !- Inlet Port

OS:Connection,
  {e4db1bb9-f950-497b-8a11-6d7434b0eebf}, !- Handle
  {b269bf97-d7c9-4957-bfa9-4d7ad333d32a}, !- Source Object
  3,                                      !- Outlet Port
  {4e405d3b-9c57-4cf9-9917-936d5ba62f1d}, !- Target Object
  3;                                      !- Inlet Port

OS:Node,
  {bdb86084-6cd3-4e9d-8155-286ffb5d2937}, !- Handle
  Node 16,                                !- Name
  {d5d8ab71-f13b-4d44-a5cf-54328732204a}, !- Inlet Port
  {d0473ac9-2ee0-498b-b9b5-15ad26450b5a}; !- Outlet Port

OS:Connection,
  {d5d8ab71-f13b-4d44-a5cf-54328732204a}, !- Handle
  {4e405d3b-9c57-4cf9-9917-936d5ba62f1d}, !- Source Object
  2,                                      !- Outlet Port
  {bdb86084-6cd3-4e9d-8155-286ffb5d2937}, !- Target Object
  2;                                      !- Inlet Port

OS:Connection,
  {d0473ac9-2ee0-498b-b9b5-15ad26450b5a}, !- Handle
  {bdb86084-6cd3-4e9d-8155-286ffb5d2937}, !- Source Object
  3,                                      !- Outlet Port
  {e7947853-2869-4aae-a332-df9f89d1984a}, !- Target Object
  2;                                      !- Inlet Port

OS:Connection,
  {a0f34570-528c-45c0-8172-6f7adff82f55}, !- Handle
  {e7947853-2869-4aae-a332-df9f89d1984a}, !- Source Object
  3,                                      !- Outlet Port
  {7a643382-c40f-4913-85c3-28571f18ff05}, !- Target Object
  2;                                      !- Inlet Port

OS:Pump:VariableSpeed,
  {4eb74c95-ae3c-487e-9f13-c9fd0a71c8f6}, !- Handle
  dhw loop pump,                          !- Name
  {e412d34d-cd7d-4136-9793-8838c7ad23f0}, !- Inlet Node Name
  {69b68782-bf29-429b-9bdb-09848f16d669}, !- Outlet Node Name
  0.01,                                   !- Rated Flow Rate {m3/s}
  1,                                      !- Rated Pump Head {Pa}
  0,                                      !- Rated Power Consumption {W}
  0.85,                                   !- Motor Efficiency
  0,                                      !- Fraction of Motor Inefficiencies to Fluid Stream
  0,                                      !- Coefficient 1 of the Part Load Performance Curve
  1,                                      !- Coefficient 2 of the Part Load Performance Curve
  0,                                      !- Coefficient 3 of the Part Load Performance Curve
  0,                                      !- Coefficient 4 of the Part Load Performance Curve
  0,                                      !- Minimum Flow Rate {m3/s}
  Intermittent,                           !- Pump Control Type
  ,                                       !- Pump Flow Rate Schedule Name
  ,                                       !- Pump Curve Name
  ,                                       !- Impeller Diameter {m}
  ,                                       !- VFD Control Type
  ,                                       !- Pump RPM Schedule Name
  ,                                       !- Minimum Pressure Schedule {Pa}
  ,                                       !- Maximum Pressure Schedule {Pa}
  ,                                       !- Minimum RPM Schedule {rev/min}
  ,                                       !- Maximum RPM Schedule {rev/min}
  ,                                       !- Zone Name
  0.5,                                    !- Skin Loss Radiative Fraction
  PowerPerFlowPerPressure,                !- Design Power Sizing Method
  348701.1,                               !- Design Electric Power per Unit Flow Rate {W/(m3/s)}
  1.282051282,                            !- Design Shaft Power per Unit Flow Rate per Unit Head {W-s/m3-Pa}
  0,                                      !- Design Minimum Flow Rate Fraction
  General;                                !- End-Use Subcategory

OS:Node,
  {605021b8-4511-45a2-9cd4-7389accf1eca}, !- Handle
  Node 17,                                !- Name
  {69b68782-bf29-429b-9bdb-09848f16d669}, !- Inlet Port
  {17a43be8-4719-4519-8036-a3326f9932b8}; !- Outlet Port

OS:Connection,
  {e412d34d-cd7d-4136-9793-8838c7ad23f0}, !- Handle
  {69867d1d-dfa0-4e3e-8af7-f7dcef3267af}, !- Source Object
  3,                                      !- Outlet Port
  {4eb74c95-ae3c-487e-9f13-c9fd0a71c8f6}, !- Target Object
  2;                                      !- Inlet Port

OS:Connection,
  {69b68782-bf29-429b-9bdb-09848f16d669}, !- Handle
  {4eb74c95-ae3c-487e-9f13-c9fd0a71c8f6}, !- Source Object
  3,                                      !- Outlet Port
  {605021b8-4511-45a2-9cd4-7389accf1eca}, !- Target Object
  2;                                      !- Inlet Port

OS:Connection,
  {17a43be8-4719-4519-8036-a3326f9932b8}, !- Handle
  {605021b8-4511-45a2-9cd4-7389accf1eca}, !- Source Object
  3,                                      !- Outlet Port
  {a04b1ba3-9682-4d2e-b654-cca4530e3d9a}, !- Target Object
  2;                                      !- Inlet Port

OS:Schedule:Constant,
  {02917e1a-ebd1-4d02-ac52-422e98558ae9}, !- Handle
  dhw temp,                               !- Name
  {853040a0-778a-4378-8ab7-36b2f6f94dcb}, !- Schedule Type Limits Name
  51.6666666666667;                       !- Value

OS:SetpointManager:Scheduled,
  {292c9d02-0603-4bbb-862e-d4f16ae7f8c3}, !- Handle
  Setpoint Manager Scheduled 1,           !- Name
  Temperature,                            !- Control Variable
  {02917e1a-ebd1-4d02-ac52-422e98558ae9}, !- Schedule Name
  {7a643382-c40f-4913-85c3-28571f18ff05}; !- Setpoint Node or NodeList Name

OS:Schedule:Constant,
  {f295b7df-453b-4542-996d-f6816d6a2fb4}, !- Handle
  water heater Tamb act,                  !- Name
  {853040a0-778a-4378-8ab7-36b2f6f94dcb}, !- Schedule Type Limits Name
  23;                                     !- Value

OS:Schedule:Constant,
  {d64a3a22-9f77-473c-baf4-65e917cf1152}, !- Handle
  water heater RHamb act,                 !- Name
  {7422676c-8a0e-4d89-a0cc-d2fc557a53ce}, !- Schedule Type Limits Name
  0.5;                                    !- Value

OS:Schedule:Constant,
  {148eb23c-092f-44b1-a683-538d3d783545}, !- Handle
  water heater TopElementSetpoint,        !- Name
  {853040a0-778a-4378-8ab7-36b2f6f94dcb}, !- Schedule Type Limits Name
  0;                                      !- Value

OS:Schedule:Constant,
  {ab6d6950-f19a-438c-a02b-d15c879de904}, !- Handle
  water heater BottomElementSetpoint,     !- Name
  {853040a0-778a-4378-8ab7-36b2f6f94dcb}, !- Schedule Type Limits Name
  0;                                      !- Value

OS:Schedule:Constant,
  {fa12c98e-174b-4540-86f9-007bcb697178}, !- Handle
  water heater setpoint,                  !- Name
  {853040a0-778a-4378-8ab7-36b2f6f94dcb}, !- Schedule Type Limits Name
  51.6666666666667;                       !- Value

OS:Curve:Biquadratic,
  {018817a7-1798-449d-9196-471a01841441}, !- Handle
  HPWH-Cap-fT,                            !- Name
  0.563,                                  !- Coefficient1 Constant
  0.0437,                                 !- Coefficient2 x
  3.9e-05,                                !- Coefficient3 x**2
  0.0055,                                 !- Coefficient4 y
  -0.000148,                              !- Coefficient5 y**2
  -0.000145,                              !- Coefficient6 x*y
  0,                                      !- Minimum Value of x
  100,                                    !- Maximum Value of x
  0,                                      !- Minimum Value of y
  100;                                    !- Maximum Value of y

OS:Curve:Biquadratic,
  {8efa0937-83d6-495c-b8d0-bd4b4a92fa48}, !- Handle
  HPWH-COP-fT,                            !- Name
  1.1332,                                 !- Coefficient1 Constant
  0.063,                                  !- Coefficient2 x
  -9.79e-05,                              !- Coefficient3 x**2
  -0.00972,                               !- Coefficient4 y
  -2.14e-05,                              !- Coefficient5 y**2
  -0.000686,                              !- Coefficient6 x*y
  0,                                      !- Minimum Value of x
  100,                                    !- Maximum Value of x
  0,                                      !- Minimum Value of y
  100;                                    !- Maximum Value of y

OS:Coil:WaterHeating:AirToWaterHeatPump:Wrapped,
  {2bc2dd64-83b6-47c6-8e45-494bb2d563d6}, !- Handle
  water heater coil,                      !- Name
  2018.38046027609,                       !- Rated Heating Capacity {W}
  4.036802,                               !- Rated COP {W/W}
  0.88,                                   !- Rated Sensible Heat Ratio
  19.7222222222222,                       !- Rated Evaporator Inlet Air Dry-Bulb Temperature {C}
  13.5609953322795,                       !- Rated Evaporator Inlet Air Wet-Bulb Temperature {C}
  48.89,                                  !- Rated Condenser Water Temperature {C}
  0.0854224872192,                        !- Rated Evaporator Air Flow Rate {m3/s}
  Yes,                                    !- Evaporator Fan Power Included in Rated COP
  ,                                       !- Evaporator Air Inlet Node Name
  ,                                       !- Evaporator Air Outlet Node Name
  0,                                      !- Crankcase Heater Capacity {W}
  ,                                       !- Crankcase Heater Capacity Function of Temperature Curve Name
  0,                                      !- Maximum Ambient Temperature for Crankcase Heater Operation {C}
  WetBulbTemperature,                     !- Evaporator Air Temperature Type for Curve Objects
  {018817a7-1798-449d-9196-471a01841441}, !- Heating Capacity Function of Temperature Curve Name
  {df140cbe-88fd-4aca-a6fe-a0530a1123bb}, !- Heating Capacity Function of Air Flow Fraction Curve Name
  {8efa0937-83d6-495c-b8d0-bd4b4a92fa48}, !- Heating COP Function of Temperature Curve Name
  {23dbd2fc-432b-42be-a729-766c6f484e47}, !- Heating COP Function of Air Flow Fraction Curve Name
  {c208632b-6c14-4b49-b7a5-c06c3c63aecf}; !- Part Load Fraction Correlation Curve Name

OS:Curve:Biquadratic,
  {0c23ad74-9a27-41fc-adb8-de01e69cab82}, !- Handle
  HPWH-Htg-Cap-fT,                        !- Name
  0.563,                                  !- Coefficient1 Constant
  0.0437,                                 !- Coefficient2 x
  3.9e-05,                                !- Coefficient3 x**2
  0.0055,                                 !- Coefficient4 y
  -0.000148,                              !- Coefficient5 y**2
  -0.000145,                              !- Coefficient6 x*y
  0,                                      !- Minimum Value of x
  100,                                    !- Maximum Value of x
  0,                                      !- Minimum Value of y
  100,                                    !- Maximum Value of y
  0;                                      !- Minimum Curve Output

OS:Curve:Cubic,
  {df140cbe-88fd-4aca-a6fe-a0530a1123bb}, !- Handle
  HPWH-Htg-Cap-FF,                        !- Name
  1,                                      !- Coefficient1 Constant
  0,                                      !- Coefficient2 x
  0,                                      !- Coefficient3 x**2
  0,                                      !- Coefficient4 x**3
  0,                                      !- Minimum Value of x
  100;                                    !- Maximum Value of x

OS:Curve:Biquadratic,
  {5312c8a6-b164-446e-9929-c43ff8572cf9}, !- Handle
  HPWH-Htg-COP-fT,                        !- Name
  1.1332,                                 !- Coefficient1 Constant
  0.063,                                  !- Coefficient2 x
  -9.79e-05,                              !- Coefficient3 x**2
  -0.00972,                               !- Coefficient4 y
  -2.14e-05,                              !- Coefficient5 y**2
  -0.000686,                              !- Coefficient6 x*y
  0,                                      !- Minimum Value of x
  100,                                    !- Maximum Value of x
  0,                                      !- Minimum Value of y
  100;                                    !- Maximum Value of y

OS:Curve:Cubic,
  {23dbd2fc-432b-42be-a729-766c6f484e47}, !- Handle
  HPWH-Htg-COP-FF,                        !- Name
  1,                                      !- Coefficient1 Constant
  0,                                      !- Coefficient2 x
  0,                                      !- Coefficient3 x**2
  0,                                      !- Coefficient4 x**3
  0,                                      !- Minimum Value of x
  100;                                    !- Maximum Value of x

OS:Curve:Cubic,
  {c208632b-6c14-4b49-b7a5-c06c3c63aecf}, !- Handle
  HPWH-COP-fPLR,                          !- Name
  1,                                      !- Coefficient1 Constant
  0,                                      !- Coefficient2 x
  0,                                      !- Coefficient3 x**2
  0,                                      !- Coefficient4 x**3
  0,                                      !- Minimum Value of x
  1;                                      !- Maximum Value of x

OS:AdditionalProperties,
  {815ca64b-1cb7-4a51-9267-52c12d78f821}, !- Handle
  {2bc2dd64-83b6-47c6-8e45-494bb2d563d6}, !- Object Name
  HPXML_ID,                               !- Feature Name 1
  String,                                 !- Feature Data Type 1
  WaterHeatingSystem1;                    !- Feature Value 1

OS:WaterHeater:Stratified,
  {606ed8b8-b363-4e4d-ad6b-8832b7dde12e}, !- Handle
  water heater tank,                      !- Name
  Domestic Hot Water,                     !- End-Use Subcategory
  0.170343530278643,                      !- Tank Volume {m3}
  1.0335,                                 !- Tank Height {m}
  VerticalCylinder,                       !- Tank Shape
  ,                                       !- Tank Perimeter {m}
  90,                                     !- Maximum Temperature Limit {C}
  MasterSlave,                            !- Heater Priority Control
  {148eb23c-092f-44b1-a683-538d3d783545}, !- Heater 1 Setpoint Temperature Schedule Name
  18.5,                                   !- Heater 1 Deadband Temperature Difference {deltaC}
  4500.10628249447,                       !- Heater 1 Capacity {W}
  0.8181875,                              !- Heater 1 Height {m}
  {ab6d6950-f19a-438c-a02b-d15c879de904}, !- Heater 2 Setpoint Temperature Schedule Name
  3.89,                                   !- Heater 2 Deadband Temperature Difference {deltaC}
  4500.10628249447,                       !- Heater 2 Capacity {W}
  0.2153125,                              !- Heater 2 Height {m}
  Electricity,                            !- Heater Fuel Type
  1,                                      !- Heater Thermal Efficiency
  3,                                      !- Off Cycle Parasitic Fuel Consumption Rate {W}
  Electricity,                            !- Off Cycle Parasitic Fuel Type
  0,                                      !- Off Cycle Parasitic Heat Fraction to Tank
  0,                                      !- Off Cycle Parasitic Height {m}
  3,                                      !- On Cycle Parasitic Fuel Consumption Rate {W}
  Electricity,                            !- On Cycle Parasitic Fuel Type
  0,                                      !- On Cycle Parasitic Heat Fraction to Tank
  0,                                      !- On Cycle Parasitic Height {m}
  Schedule,                               !- Ambient Temperature Indicator
  {f295b7df-453b-4542-996d-f6816d6a2fb4}, !- Ambient Temperature Schedule Name
  ,                                       !- Ambient Temperature Thermal Zone Name
  ,                                       !- Ambient Temperature Outdoor Air Node Name
  1.04512031266918,                       !- Uniform Skin Loss Coefficient per Unit Area to Ambient Temperature {W/m2-K}
  1,                                      !- Skin Loss Fraction to Zone
  0,                                      !- Off Cycle Flue Loss Coefficient to Ambient Temperature {W/K}
  1,                                      !- Off Cycle Flue Loss Fraction to Zone
  ,                                       !- Peak Use Flow Rate {m3/s}
  ,                                       !- Use Flow Rate Fraction Schedule Name
  ,                                       !- Cold Water Supply Temperature Schedule Name
  {e51a32b6-d513-4c01-b5be-add38df5a880}, !- Use Side Inlet Node Name
  {a8463885-977e-4dcd-9f6a-ff07950fb551}, !- Use Side Outlet Node Name
  1,                                      !- Use Side Effectiveness
  0,                                      !- Use Side Inlet Height {m}
  autocalculate,                          !- Use Side Outlet Height {m}
  ,                                       !- Source Side Inlet Node Name
  ,                                       !- Source Side Outlet Node Name
  1,                                      !- Source Side Effectiveness
  0,                                      !- Source Side Inlet Height {m}
  0,                                      !- Source Side Outlet Height {m}
  Fixed,                                  !- Inlet Mode
  0.00283433494640006,                    !- Use Side Design Flow Rate {m3/s}
  0,                                      !- Source Side Design Flow Rate {m3/s}
  1.5,                                    !- Indirect Water Heating Recovery Time {hr}
  6,                                      !- Number of Nodes
  0,                                      !- Additional Destratification Conductivity {W/m-K}
  0,                                      !- Node 1 Additional Loss Coefficient {W/m2-K}
  0,                                      !- Node 2 Additional Loss Coefficient {W/m2-K}
  0,                                      !- Node 3 Additional Loss Coefficient {W/m2-K}
  0,                                      !- Node 4 Additional Loss Coefficient {W/m2-K}
  0,                                      !- Node 5 Additional Loss Coefficient {W/m2-K}
  0,                                      !- Node 6 Additional Loss Coefficient {W/m2-K}
  0,                                      !- Node 7 Additional Loss Coefficient {W/m2-K}
  0,                                      !- Node 8 Additional Loss Coefficient {W/m2-K}
  0,                                      !- Node 9 Additional Loss Coefficient {W/m2-K}
  0,                                      !- Node 10 Additional Loss Coefficient {W/m2-K}
  0,                                      !- Node 11 Additional Loss Coefficient {W/m2-K}
  0,                                      !- Node 12 Additional Loss Coefficient {W/m2-K}
  ;                                       !- Source Side Flow Control Mode

OS:WaterHeater:Sizing,
  {7bba0578-cc0b-4f57-94df-dc14f5adfbaa}, !- Handle
  {606ed8b8-b363-4e4d-ad6b-8832b7dde12e}, !- WaterHeater Name
  PeakDraw,                               !- Design Mode
  0.538503,                               !- Time Storage Can Meet Peak Draw {hr}
  0,                                      !- Time for Tank Recovery {hr}
  1;                                      !- Nominal Tank Volume for Autosizing Plant Connections {m3}

OS:AdditionalProperties,
  {5b3bbd4a-cf03-4113-87a2-7efa0855a1e5}, !- Handle
  {606ed8b8-b363-4e4d-ad6b-8832b7dde12e}, !- Object Name
  HPXML_ID,                               !- Feature Name 1
  String,                                 !- Feature Data Type 1
  WaterHeatingSystem1;                    !- Feature Value 1

OS:Node,
  {84c1dab6-174b-4c00-9192-3d270bbfa943}, !- Handle
  Node 18,                                !- Name
  {d4ec3aa3-7907-449c-8eb0-3f5dcd36f28e}, !- Inlet Port
  {e51a32b6-d513-4c01-b5be-add38df5a880}; !- Outlet Port

OS:Connection,
  {d4ec3aa3-7907-449c-8eb0-3f5dcd36f28e}, !- Handle
  {a04b1ba3-9682-4d2e-b654-cca4530e3d9a}, !- Source Object
  4,                                      !- Outlet Port
  {84c1dab6-174b-4c00-9192-3d270bbfa943}, !- Target Object
  2;                                      !- Inlet Port

OS:Node,
  {270dab95-ec72-4bd1-9489-e6a2686e5219}, !- Handle
  Node 19,                                !- Name
  {a8463885-977e-4dcd-9f6a-ff07950fb551}, !- Inlet Port
  {e8b919ea-2664-4f62-9b6c-1dc084a17962}; !- Outlet Port

OS:Connection,
  {e51a32b6-d513-4c01-b5be-add38df5a880}, !- Handle
  {84c1dab6-174b-4c00-9192-3d270bbfa943}, !- Source Object
  3,                                      !- Outlet Port
  {606ed8b8-b363-4e4d-ad6b-8832b7dde12e}, !- Target Object
  38;                                     !- Inlet Port

OS:Connection,
  {a8463885-977e-4dcd-9f6a-ff07950fb551}, !- Handle
  {606ed8b8-b363-4e4d-ad6b-8832b7dde12e}, !- Source Object
  39,                                     !- Outlet Port
  {270dab95-ec72-4bd1-9489-e6a2686e5219}, !- Target Object
  2;                                      !- Inlet Port

OS:Connection,
  {e8b919ea-2664-4f62-9b6c-1dc084a17962}, !- Handle
  {270dab95-ec72-4bd1-9489-e6a2686e5219}, !- Source Object
  3,                                      !- Outlet Port
  {4e405d3b-9c57-4cf9-9917-936d5ba62f1d}, !- Target Object
  4;                                      !- Inlet Port

OS:Fan:SystemModel,
  {ba0ce602-67a8-4686-a1ef-46811115e06f}, !- Handle
  water heater fan,                       !- Name
  {42fbbcfa-dc99-49bd-8258-07ce46a853a9}, !- Availability Schedule Name
  ,                                       !- Air Inlet Node Name
  ,                                       !- Air Outlet Node Name
  0.0854224872192,                        !- Design Maximum Air Flow Rate {m3/s}
  Discrete,                               !- Speed Control Method
  0.2,                                    !- Electric Power Minimum Flow Rate Fraction
  500,                                    !- Design Pressure Rise {Pa}
  1,                                      !- Motor Efficiency
  1,                                      !- Motor In Air Stream Fraction
  autosize,                               !- Design Electric Power Consumption {W}
  PowerPerFlow,                           !- Design Power Sizing Method
  97.8922561519664,                       !- Electric Power Per Unit Flow Rate {W/(m3/s)}
  1.66667,                                !- Electric Power Per Unit Flow Rate Per Unit Pressure {W-s/m3-Pa}
  0.7,                                    !- Fan Total Efficiency
  ,                                       !- Electric Power Function of Flow Fraction Curve Name
  ,                                       !- Night Ventilation Mode Pressure Rise {Pa}
  ,                                       !- Night Ventilation Mode Flow Fraction
  ,                                       !- Motor Loss Zone Name
  0,                                      !- Motor Loss Radiative Fraction
  Domestic Hot Water;                     !- End-Use Subcategory

OS:AdditionalProperties,
  {168806c7-08c0-41f4-a197-d1b8d6a745a9}, !- Handle
  {ba0ce602-67a8-4686-a1ef-46811115e06f}, !- Object Name
  HPXML_ID,                               !- Feature Name 1
  String,                                 !- Feature Data Type 1
  WaterHeatingSystem1,                    !- Feature Value 1
  ObjectType,                             !- Feature Name 2
  String,                                 !- Feature Data Type 2
  water heater;                           !- Feature Value 2

OS:WaterHeater:HeatPump:WrappedCondenser,
  {2dfdc502-7342-43cb-8b61-df507415781a}, !- Handle
  water heater hpwh,                      !- Name
  ,                                       !- Availability Schedule Name
  {fa12c98e-174b-4540-86f9-007bcb697178}, !- Compressor Setpoint Temperature Schedule Name
  3.89,                                   !- Dead Band Temperature Difference {deltaC}
  0.0430625,                              !- Condenser Bottom Location {m}
  0.5598125,                              !- Condenser Top Location {m}
  0.0854224872192,                        !- Evaporator Air Flow Rate {m3/s}
  Schedule,                               !- Inlet Air Configuration
  ,                                       !- Air Inlet Node Name
  ,                                       !- Air Outlet Node Name
  ,                                       !- Outdoor Air Node Name
  {f295b7df-453b-4542-996d-f6816d6a2fb4}, !- Inlet Air Temperature Schedule Name
  {d64a3a22-9f77-473c-baf4-65e917cf1152}, !- Inlet Air Humidity Schedule Name
  {606ed8b8-b363-4e4d-ad6b-8832b7dde12e}, !- Tank Name
  {2bc2dd64-83b6-47c6-8e45-494bb2d563d6}, !- DX Coil Name
  5.55555555555556,                       !- Minimum Inlet Air Temperature for Compressor Operation {C}
  48.8888888888889,                       !- Maximum Inlet Air Temperature for Compressor Operation {C}
  Schedule,                               !- Compressor Location
  {f295b7df-453b-4542-996d-f6816d6a2fb4}, !- Compressor Ambient Temperature Schedule Name
  {ba0ce602-67a8-4686-a1ef-46811115e06f}, !- Fan Name
  DrawThrough,                            !- Fan Placement
  0,                                      !- On Cycle Parasitic Electric Load {W}
  0,                                      !- Off Cycle Parasitic Electric Load {W}
  Outdoors,                               !- Parasitic Heat Rejection Location
  {42fbbcfa-dc99-49bd-8258-07ce46a853a9}, !- Inlet Air Mixer Schedule Name
  MutuallyExclusive,                      !- Tank Element Control Logic
  0.8181875,                              !- Control Sensor 1 Height In Stratified Tank {m}
  0.75,                                   !- Control Sensor 1 Weight {dimensionless}
  0.3014375;                              !- Control Sensor 2 Height In Stratified Tank {m}

OS:EnergyManagementSystem:Sensor,
  {1e419abc-3788-4cd0-b94c-54b366867e25}, !- Handle
  water_heater_amb_temp,                  !- Name
  conditioned space,                      !- Output Variable or Output Meter Index Key Name
  Zone Mean Air Temperature;              !- Output Variable or Output Meter Name

OS:EnergyManagementSystem:Sensor,
  {53ee5cde-98f5-4716-95eb-ce1ce2f49802}, !- Handle
  water_heater_amb_rh,                    !- Name
  conditioned space,                      !- Output Variable or Output Meter Index Key Name
  Zone Air Relative Humidity;             !- Output Variable or Output Meter Name

OS:EnergyManagementSystem:Actuator,
  {4c50c857-5fff-438b-9c1c-3bc84b75e1e9}, !- Handle
  water_heater_Tamb_act,                  !- Name
  {f295b7df-453b-4542-996d-f6816d6a2fb4}, !- Actuated Component Name
  Schedule:Constant,                      !- Actuated Component Type
  Schedule Value,                         !- Actuated Component Control Type
  ;                                       !- Zone or Space Name

OS:EnergyManagementSystem:Actuator,
  {6c0c4fb0-1b60-4ce7-9f34-06695afcd8c6}, !- Handle
  water_heater_RHamb_act,                 !- Name
  {d64a3a22-9f77-473c-baf4-65e917cf1152}, !- Actuated Component Name
  Schedule:Constant,                      !- Actuated Component Type
  Schedule Value,                         !- Actuated Component Control Type
  ;                                       !- Zone or Space Name

OS:OtherEquipment:Definition,
  {f97018ef-4df7-4d27-aa3e-60f98318eefc}, !- Handle
  water heater sens,                      !- Name
  EquipmentLevel,                         !- Design Level Calculation Method
  0,                                      !- Design Level {W}
  ,                                       !- Watts per Space Floor Area {W/m2}
  ,                                       !- Watts per Person {W/Person}
  0,                                      !- Fraction Latent
  0,                                      !- Fraction Radiant
  0;                                      !- Fraction Lost

OS:OtherEquipment,
  {23f8673c-41fc-4775-af35-400bf714647b}, !- Handle
  water heater sens,                      !- Name
  {f97018ef-4df7-4d27-aa3e-60f98318eefc}, !- Other Equipment Definition Name
  {965e2dbf-9942-47af-8f79-871d1b8bbded}, !- Space or SpaceType Name
  {42fbbcfa-dc99-49bd-8258-07ce46a853a9}, !- Schedule Name
  ,                                       !- Multiplier
  ,                                       !- Fuel Type
  General;                                !- End-Use Subcategory

OS:EnergyManagementSystem:Actuator,
  {3b0a2fe1-7061-489d-beac-5d19b69337b0}, !- Handle
  water_heater_sens_act,                  !- Name
  {23f8673c-41fc-4775-af35-400bf714647b}, !- Actuated Component Name
  OtherEquipment,                         !- Actuated Component Type
  Power Level,                            !- Actuated Component Control Type
  {965e2dbf-9942-47af-8f79-871d1b8bbded}; !- Zone or Space Name

OS:OtherEquipment:Definition,
  {d423865f-a65b-4375-b285-dbba855ae654}, !- Handle
  water heater lat,                       !- Name
  EquipmentLevel,                         !- Design Level Calculation Method
  0,                                      !- Design Level {W}
  ,                                       !- Watts per Space Floor Area {W/m2}
  ,                                       !- Watts per Person {W/Person}
  1,                                      !- Fraction Latent
  0,                                      !- Fraction Radiant
  0;                                      !- Fraction Lost

OS:OtherEquipment,
  {3f4a8a38-12aa-47f3-b444-7a200b969588}, !- Handle
  water heater lat,                       !- Name
  {d423865f-a65b-4375-b285-dbba855ae654}, !- Other Equipment Definition Name
  {965e2dbf-9942-47af-8f79-871d1b8bbded}, !- Space or SpaceType Name
  {42fbbcfa-dc99-49bd-8258-07ce46a853a9}, !- Schedule Name
  ,                                       !- Multiplier
  ,                                       !- Fuel Type
  General;                                !- End-Use Subcategory

OS:EnergyManagementSystem:Actuator,
  {1f607774-84ff-447c-990e-9a220fff57b0}, !- Handle
  water_heater_lat_act,                   !- Name
  {3f4a8a38-12aa-47f3-b444-7a200b969588}, !- Actuated Component Name
  OtherEquipment,                         !- Actuated Component Type
  Power Level,                            !- Actuated Component Control Type
  {965e2dbf-9942-47af-8f79-871d1b8bbded}; !- Zone or Space Name

OS:EnergyManagementSystem:Sensor,
  {5b43f197-1278-4ec2-8532-387d74cddbec}, !- Handle
  water_heater_tl,                        !- Name
  water heater tank,                      !- Output Variable or Output Meter Index Key Name
  Water Heater Heat Loss Rate;            !- Output Variable or Output Meter Name

OS:EnergyManagementSystem:Sensor,
  {31f9c0c0-cbb1-4c79-8647-185e5eb99f1e}, !- Handle
  water_heater_sens_cool,                 !- Name
  water heater coil,                      !- Output Variable or Output Meter Index Key Name
  Cooling Coil Sensible Cooling Rate;     !- Output Variable or Output Meter Name

OS:EnergyManagementSystem:Sensor,
  {19b1d26a-20b3-4c19-b0d3-61d219019f57}, !- Handle
  water_heater_lat_cool,                  !- Name
  water heater coil,                      !- Output Variable or Output Meter Index Key Name
  Cooling Coil Latent Cooling Rate;       !- Output Variable or Output Meter Name

OS:EnergyManagementSystem:Sensor,
  {caa46a4c-ab3e-4d5c-a4c5-8e87c6036589}, !- Handle
  water_heater_fan_pwr,                   !- Name
  water heater fan,                       !- Output Variable or Output Meter Index Key Name
  Fan Electricity Rate;                   !- Output Variable or Output Meter Name

OS:EnergyManagementSystem:Program,
  {e7cd5344-67fe-419d-8a33-dcc8e5de125f}, !- Handle
  water_heater_InletAir,                  !- Name
  Set water_heater_Tamb_act = water_heater_amb_temp, !- Program Line 1
  Set water_heater_RHamb_act = 0,         !- Program Line 2
  Set water_heater_RHamb_act = water_heater_RHamb_act + (water_heater_amb_rh / 100) / 1, !- Program Line 3
  Set water_heater_sens_act = (0 - water_heater_sens_cool - (water_heater_tl + water_heater_fan_pwr)) / 1, !- Program Line 4
  Set water_heater_lat_act = (0 - water_heater_lat_cool) / 1; !- Program Line 5

OS:EnergyManagementSystem:Actuator,
  {b6b736f0-1020-4f77-8d59-c778c2832234}, !- Handle
  water_heater_LESchedOverride,           !- Name
  {ab6d6950-f19a-438c-a02b-d15c879de904}, !- Actuated Component Name
  Schedule:Constant,                      !- Actuated Component Type
  Schedule Value,                         !- Actuated Component Control Type
  ;                                       !- Zone or Space Name

OS:EnergyManagementSystem:Actuator,
  {f414b71b-b52e-4e1a-b09a-4118c373fbd0}, !- Handle
  water_heater_UESchedOverride,           !- Name
  {148eb23c-092f-44b1-a683-538d3d783545}, !- Actuated Component Name
  Schedule:Constant,                      !- Actuated Component Type
  Schedule Value,                         !- Actuated Component Control Type
  ;                                       !- Zone or Space Name

OS:EnergyManagementSystem:Actuator,
  {f382c39f-f488-4b06-93d2-9976e475c6a3}, !- Handle
  water_heater_HPWHSchedOverride,         !- Name
  {fa12c98e-174b-4540-86f9-007bcb697178}, !- Actuated Component Name
  Schedule:Constant,                      !- Actuated Component Type
  Schedule Value,                         !- Actuated Component Control Type
  ;                                       !- Zone or Space Name

OS:EnergyManagementSystem:Sensor,
  {b22d53c8-3674-4b82-8d51-a9bc2d0889a1}, !- Handle
  water_heater_T_set,                     !- Name
  water heater setpoint,                  !- Output Variable or Output Meter Index Key Name
  Schedule Value;                         !- Output Variable or Output Meter Name

OS:EnergyManagementSystem:Program,
  {aaf1ef3a-e435-4257-a9c8-78b04566d9b7}, !- Handle
  water_heater_Control,                   !- Name
  Set water_heater_HPWHSchedOverride = water_heater_T_set, !- Program Line 1
  If (water_heater_amb_temp<5.56) || (water_heater_amb_temp>48.89), !- Program Line 2
  Set water_heater_UESchedOverride = water_heater_T_set, !- Program Line 3
  Set water_heater_LESchedOverride = water_heater_T_set, !- Program Line 4
  Else,                                   !- Program Line 5
  Set water_heater_UESchedOverride = water_heater_T_set - 9.0, !- Program Line 6
  Set water_heater_LESchedOverride = 0,   !- Program Line 7
  EndIf;                                  !- Program Line 8

OS:EnergyManagementSystem:ProgramCallingManager,
  {7ea53370-d6cf-4ecb-be54-82bf2a83bedb}, !- Handle
  water_heater_ProgramManager,            !- Name
  InsideHVACSystemIterationLoop,          !- EnergyPlus Model Calling Point
  {aaf1ef3a-e435-4257-a9c8-78b04566d9b7}, !- Program Name 1
  {e7cd5344-67fe-419d-8a33-dcc8e5de125f}; !- Program Name 2

OS:OtherEquipment:Definition,
  {68c7a6a4-894c-4cf7-8194-334beab83407}, !- Handle
  water heater energy adjustment1,        !- Name
  EquipmentLevel,                         !- Design Level Calculation Method
  0.01,                                   !- Design Level {W}
  ,                                       !- Watts per Space Floor Area {W/m2}
  ,                                       !- Watts per Person {W/Person}
  0,                                      !- Fraction Latent
  0,                                      !- Fraction Radiant
  1;                                      !- Fraction Lost

OS:OtherEquipment,
  {292b71c8-867c-4eee-9926-2f69b2894e11}, !- Handle
  water heater energy adjustment1,        !- Name
  {68c7a6a4-894c-4cf7-8194-334beab83407}, !- Other Equipment Definition Name
  {965e2dbf-9942-47af-8f79-871d1b8bbded}, !- Space or SpaceType Name
  {42fbbcfa-dc99-49bd-8258-07ce46a853a9}, !- Schedule Name
  ,                                       !- Multiplier
  Electricity,                            !- Fuel Type
  water heater energy adjustment1;        !- End-Use Subcategory

OS:AdditionalProperties,
  {2c757f20-8bcd-490c-9c8a-25360a29ef6a}, !- Handle
  {292b71c8-867c-4eee-9926-2f69b2894e11}, !- Object Name
  HPXML_ID,                               !- Feature Name 1
  String,                                 !- Feature Data Type 1
  WaterHeatingSystem1;                    !- Feature Value 1

OS:EnergyManagementSystem:Sensor,
  {bae5b42b-acc9-4703-8d5f-bebd42965c7e}, !- Handle
  water_heater_tank_energy,               !- Name
  water heater tank,                      !- Output Variable or Output Meter Index Key Name
  Water Heater Electricity Rate;          !- Output Variable or Output Meter Name

OS:EnergyManagementSystem:Sensor,
  {22fa17a4-422a-4bd6-b1be-e6fe79f64154}, !- Handle
  water_heater_coil_energy,               !- Name
  water heater coil,                      !- Output Variable or Output Meter Index Key Name
  Cooling Coil Water Heating Electricity Rate; !- Output Variable or Output Meter Name

OS:EnergyManagementSystem:Sensor,
  {2d776098-549e-4847-9eae-093bea0623d5}, !- Handle
  water_heater_fan_energy,                !- Name
  water heater fan,                       !- Output Variable or Output Meter Index Key Name
  Fan Electricity Rate;                   !- Output Variable or Output Meter Name

OS:EnergyManagementSystem:Sensor,
  {4b49c602-0976-4b85-9a93-c22140497704}, !- Handle
  water_heater_tank_on_cycle_parasitic,   !- Name
  water heater tank,                      !- Output Variable or Output Meter Index Key Name
  Water Heater On Cycle Parasitic Electricity Rate; !- Output Variable or Output Meter Name

OS:EnergyManagementSystem:Sensor,
  {df604267-b747-490f-b3a1-4a9708c31d50}, !- Handle
  water_heater_tank_off_cycle_parasitic,  !- Name
  water heater tank,                      !- Output Variable or Output Meter Index Key Name
  Water Heater Off Cycle Parasitic Electricity Rate; !- Output Variable or Output Meter Name

OS:EnergyManagementSystem:Actuator,
  {0bd05998-21e8-4105-917c-88df7c00c403}, !- Handle
  water_heater_hpwh_ec_adj_act,           !- Name
  {292b71c8-867c-4eee-9926-2f69b2894e11}, !- Actuated Component Name
  OtherEquipment,                         !- Actuated Component Type
  Power Level,                            !- Actuated Component Control Type
  {965e2dbf-9942-47af-8f79-871d1b8bbded}; !- Zone or Space Name

OS:EnergyManagementSystem:Program,
  {25908b7f-7f3a-4e6e-a07b-4d5aba7f924c}, !- Handle
  water_heater_hpwh_EC_adj,               !- Name
  If WarmupFlag == 0,                     !- Program Line 1
  Set dhw_e_cons = water_heater_tank_energy + water_heater_tank_on_cycle_parasitic + water_heater_tank_off_cycle_parasitic + water_heater_coil_energy + water_heater_fan_energy, !- Program Line 2
  Set water_heater_hpwh_ec_adj_act = 0.0 * dhw_e_cons / 1, !- Program Line 3
  EndIf;                                  !- Program Line 4

OS:EnergyManagementSystem:ProgramCallingManager,
  {8c7f7c31-7fe8-4a1c-98d5-598e7d5fe7f2}, !- Handle
  water_heater_hpwh_EC_adj_ProgramManager, !- Name
  EndOfSystemTimestepBeforeHVACReporting, !- EnergyPlus Model Calling Point
  {25908b7f-7f3a-4e6e-a07b-4d5aba7f924c}; !- Program Name 1

OS:WaterUse:Connections,
  {29a47ae1-8ea3-4201-8cf6-f33d25ed0d56}, !- Handle
  Water Use Connections 1,                !- Name
  {9ac230d8-65d0-4cf8-9306-5c2737f8d963}, !- Inlet Node Name
  {591b2be5-cb91-4f6c-9e6f-637caa231089}, !- Outlet Node Name
  ,                                       !- Supply Water Storage Tank Name
  ,                                       !- Reclamation Water Storage Tank Name
  ,                                       !- Hot Water Supply Temperature Schedule Name
  ,                                       !- Cold Water Supply Temperature Schedule Name
  None,                                   !- Drain Water Heat Exchanger Type
  Plant,                                  !- Drain Water Heat Exchanger Destination
  ,                                       !- Drain Water Heat Exchanger U-Factor Times Area {W/K}
  {441ce50b-6cc2-4265-ac66-f1b30ad20478}, !- Water Use Equipment Name 1
  {1f10bd6b-f0f5-48e7-a214-838822d1feba}, !- Water Use Equipment Name 2
  {19d64b14-e195-406c-a525-2ee7286e702d}, !- Water Use Equipment Name 3
  {79dcc13e-767a-4b43-9792-00b6cd61324f}; !- Water Use Equipment Name 4

OS:AdditionalProperties,
  {3bfc186e-6876-43a8-a9a2-588331c2e9d7}, !- Handle
  {29a47ae1-8ea3-4201-8cf6-f33d25ed0d56}, !- Object Name
  HPXML_ID,                               !- Feature Name 1
  String,                                 !- Feature Data Type 1
  WaterHeatingSystem1;                    !- Feature Value 1

OS:Node,
  {271bca80-cd9f-41a7-bae0-ffb9697fe27b}, !- Handle
  Node 20,                                !- Name
  {591b2be5-cb91-4f6c-9e6f-637caa231089}, !- Inlet Port
  {7b9badc8-9e8d-4d20-b168-07833934352b}; !- Outlet Port

OS:Connection,
  {9ac230d8-65d0-4cf8-9306-5c2737f8d963}, !- Handle
  {5103cec9-7c73-469f-8d91-ab517614806e}, !- Source Object
  3,                                      !- Outlet Port
  {29a47ae1-8ea3-4201-8cf6-f33d25ed0d56}, !- Target Object
  2;                                      !- Inlet Port

OS:Connection,
  {591b2be5-cb91-4f6c-9e6f-637caa231089}, !- Handle
  {29a47ae1-8ea3-4201-8cf6-f33d25ed0d56}, !- Source Object
  3,                                      !- Outlet Port
  {271bca80-cd9f-41a7-bae0-ffb9697fe27b}, !- Target Object
  2;                                      !- Inlet Port

OS:Connection,
  {7b9badc8-9e8d-4d20-b168-07833934352b}, !- Handle
  {271bca80-cd9f-41a7-bae0-ffb9697fe27b}, !- Source Object
  3,                                      !- Outlet Port
  {5a1ae2f9-208e-49e9-b91b-f4e7c534848a}, !- Target Object
  3;                                      !- Inlet Port

OS:Schedule:File,
  {8fdef6ba-3b61-46d7-8c0a-67ffd8da371e}, !- Handle
  clothes_washer,                         !- Name
  {7422676c-8a0e-4d89-a0cc-d2fc557a53ce}, !- Schedule Type Limits Name
  {3291f66a-ef3c-4844-9db3-04dcc6a97de2}, !- External File Name
  9,                                      !- Column Number
  1,                                      !- Rows to Skip at Top
  8760,                                   !- Number of Hours of Data
  ,                                       !- Column Separator
  Yes,                                    !- Interpolate to Timestep
  15,                                     !- Minutes per Item
  ,                                       !- Adjust Schedule for Daylight Savings
  Yes;                                    !- Translate File With Relative Path

OS:ElectricEquipment:Definition,
  {7b35c029-27ed-4930-a10c-713bc8050d70}, !- Handle
  clothes washer,                         !- Name
  EquipmentLevel,                         !- Design Level Calculation Method
  364.828421590211,                       !- Design Level {W}
  ,                                       !- Watts per Space Floor Area {W/m2}
  ,                                       !- Watts per Person {W/person}
  0.03,                                   !- Fraction Latent
  0.162,                                  !- Fraction Radiant
  0.7;                                    !- Fraction Lost

OS:ElectricEquipment,
  {7136a3f7-f3d6-4007-b575-f7b180f0eb95}, !- Handle
  clothes washer,                         !- Name
  {7b35c029-27ed-4930-a10c-713bc8050d70}, !- Electric Equipment Definition Name
  {965e2dbf-9942-47af-8f79-871d1b8bbded}, !- Space or SpaceType Name
  {8fdef6ba-3b61-46d7-8c0a-67ffd8da371e}, !- Schedule Name
  ,                                       !- Multiplier
  clothes washer;                         !- End-Use Subcategory

OS:Schedule:File,
  {4f792074-8095-4002-94ce-76e70febb88f}, !- Handle
  clothes_dryer,                          !- Name
  {7422676c-8a0e-4d89-a0cc-d2fc557a53ce}, !- Schedule Type Limits Name
  {3291f66a-ef3c-4844-9db3-04dcc6a97de2}, !- External File Name
  10,                                     !- Column Number
  1,                                      !- Rows to Skip at Top
  8760,                                   !- Number of Hours of Data
  ,                                       !- Column Separator
  Yes,                                    !- Interpolate to Timestep
  15,                                     !- Minutes per Item
  ,                                       !- Adjust Schedule for Daylight Savings
  Yes;                                    !- Translate File With Relative Path

OS:ElectricEquipment:Definition,
  {2e1b59ac-6cc9-4822-a21c-af0d6a435cb8}, !- Handle
  clothes dryer,                          !- Name
  EquipmentLevel,                         !- Design Level Calculation Method
  7467.77066915172,                       !- Design Level {W}
  ,                                       !- Watts per Space Floor Area {W/m2}
  ,                                       !- Watts per Person {W/person}
  0.015,                                  !- Fraction Latent
  0.081,                                  !- Fraction Radiant
  0.85;                                   !- Fraction Lost

OS:ElectricEquipment,
  {cc4556b5-b30c-48f7-80b4-8510ab19563d}, !- Handle
  clothes dryer,                          !- Name
  {2e1b59ac-6cc9-4822-a21c-af0d6a435cb8}, !- Electric Equipment Definition Name
  {965e2dbf-9942-47af-8f79-871d1b8bbded}, !- Space or SpaceType Name
  {4f792074-8095-4002-94ce-76e70febb88f}, !- Schedule Name
  ,                                       !- Multiplier
  clothes dryer;                          !- End-Use Subcategory

OS:OtherEquipment:Definition,
  {522e2465-12b6-49b9-b6c4-13c43b4431d5}, !- Handle
  clothes dryer 2,                        !- Name
  EquipmentLevel,                         !- Design Level Calculation Method
  0,                                      !- Design Level {W}
  ,                                       !- Watts per Space Floor Area {W/m2}
  ,                                       !- Watts per Person {W/Person}
  0.015,                                  !- Fraction Latent
  0.081,                                  !- Fraction Radiant
  0.85;                                   !- Fraction Lost

OS:OtherEquipment,
  {29e00cd5-2946-465d-ab9f-fc38b7dec767}, !- Handle
  clothes dryer 1,                        !- Name
  {522e2465-12b6-49b9-b6c4-13c43b4431d5}, !- Other Equipment Definition Name
  {965e2dbf-9942-47af-8f79-871d1b8bbded}, !- Space or SpaceType Name
  {4f792074-8095-4002-94ce-76e70febb88f}, !- Schedule Name
  ,                                       !- Multiplier
  Electricity,                            !- Fuel Type
  clothes dryer;                          !- End-Use Subcategory

OS:Schedule:File,
  {0d3a71b4-cedd-4746-ac96-2aa922aa62c3}, !- Handle
  dishwasher,                             !- Name
  {7422676c-8a0e-4d89-a0cc-d2fc557a53ce}, !- Schedule Type Limits Name
  {3291f66a-ef3c-4844-9db3-04dcc6a97de2}, !- External File Name
  7,                                      !- Column Number
  1,                                      !- Rows to Skip at Top
  8760,                                   !- Number of Hours of Data
  ,                                       !- Column Separator
  Yes,                                    !- Interpolate to Timestep
  15,                                     !- Minutes per Item
  ,                                       !- Adjust Schedule for Daylight Savings
  Yes;                                    !- Translate File With Relative Path

OS:ElectricEquipment:Definition,
  {9a116358-03b8-4eea-9ea2-cc35ea9216b6}, !- Handle
  dishwasher,                             !- Name
  EquipmentLevel,                         !- Design Level Calculation Method
  1158.14263515861,                       !- Design Level {W}
  ,                                       !- Watts per Space Floor Area {W/m2}
  ,                                       !- Watts per Person {W/person}
  0.3,                                    !- Fraction Latent
  0.18,                                   !- Fraction Radiant
  0.4;                                    !- Fraction Lost

OS:ElectricEquipment,
  {a8c0fcb5-8d68-42ea-b78b-3f2247f2e1c1}, !- Handle
  dishwasher,                             !- Name
  {9a116358-03b8-4eea-9ea2-cc35ea9216b6}, !- Electric Equipment Definition Name
  {965e2dbf-9942-47af-8f79-871d1b8bbded}, !- Space or SpaceType Name
  {0d3a71b4-cedd-4746-ac96-2aa922aa62c3}, !- Schedule Name
  ,                                       !- Multiplier
  dishwasher;                             !- End-Use Subcategory

OS:Schedule:Constant,
  {f3428f95-3c4f-489c-9d87-a9fd4a51d3cc}, !- Handle
  fridge schedule,                        !- Name
  {7422676c-8a0e-4d89-a0cc-d2fc557a53ce}, !- Schedule Type Limits Name
  0;                                      !- Value

OS:EnergyManagementSystem:Sensor,
  {fd621c76-b04c-44b0-b338-671085a71e57}, !- Handle
  fridge_tin_s,                           !- Name
  conditioned space,                      !- Output Variable or Output Meter Index Key Name
  Zone Mean Air Temperature;              !- Output Variable or Output Meter Name

OS:EnergyManagementSystem:Actuator,
  {5b9f5ddf-5f64-46dd-add8-227eb2663cab}, !- Handle
  fridge_schedule_act,                    !- Name
  {f3428f95-3c4f-489c-9d87-a9fd4a51d3cc}, !- Actuated Component Name
  Schedule:Constant,                      !- Actuated Component Type
  Schedule Value,                         !- Actuated Component Control Type
  ;                                       !- Zone or Space Name

OS:EnergyManagementSystem:Program,
  {f9ac86d1-04e8-410f-a2e6-ac86bb9a5cf8}, !- Handle
  fridge_schedule_program,                !- Name
  Set Tin = fridge_tin_s*(9.0/5.0)+32.0,  !- Program Line 1
  Set fridge_schedule_act = 0,            !- Program Line 2
  If (Hour == 0),                         !- Program Line 3
  Set fridge_schedule_act = (-0.487+0.019*Tin), !- Program Line 4
  ElseIf (Hour == 1),                     !- Program Line 5
  Set fridge_schedule_act = (-0.34+0.016*Tin), !- Program Line 6
  ElseIf (Hour == 2),                     !- Program Line 7
  Set fridge_schedule_act = (-0.37+0.017*Tin), !- Program Line 8
  ElseIf (Hour == 3),                     !- Program Line 9
  Set fridge_schedule_act = (-0.361+0.016*Tin), !- Program Line 10
  ElseIf (Hour == 4),                     !- Program Line 11
  Set fridge_schedule_act = (-0.515+0.018*Tin), !- Program Line 12
  ElseIf (Hour == 5),                     !- Program Line 13
  Set fridge_schedule_act = (-0.684+0.021*Tin), !- Program Line 14
  ElseIf (Hour == 6),                     !- Program Line 15
  Set fridge_schedule_act = (-0.471+0.019*Tin), !- Program Line 16
  ElseIf (Hour == 7),                     !- Program Line 17
  Set fridge_schedule_act = (-0.159+0.015*Tin), !- Program Line 18
  ElseIf (Hour == 8),                     !- Program Line 19
  Set fridge_schedule_act = (-0.079+0.015*Tin), !- Program Line 20
  ElseIf (Hour == 9),                     !- Program Line 21
  Set fridge_schedule_act = (-0.417+0.019*Tin), !- Program Line 22
  ElseIf (Hour == 10),                    !- Program Line 23
  Set fridge_schedule_act = (-0.411+0.018*Tin), !- Program Line 24
  ElseIf (Hour == 11),                    !- Program Line 25
  Set fridge_schedule_act = (-0.386+0.018*Tin), !- Program Line 26
  ElseIf (Hour == 12),                    !- Program Line 27
  Set fridge_schedule_act = (-0.24+0.016*Tin), !- Program Line 28
  ElseIf (Hour == 13),                    !- Program Line 29
  Set fridge_schedule_act = (-0.314+0.017*Tin), !- Program Line 30
  ElseIf (Hour == 14),                    !- Program Line 31
  Set fridge_schedule_act = (-0.16+0.015*Tin), !- Program Line 32
  ElseIf (Hour == 15),                    !- Program Line 33
  Set fridge_schedule_act = (-0.121+0.015*Tin), !- Program Line 34
  ElseIf (Hour == 16),                    !- Program Line 35
  Set fridge_schedule_act = (-0.469+0.02*Tin), !- Program Line 36
  ElseIf (Hour == 17),                    !- Program Line 37
  Set fridge_schedule_act = (-0.412+0.02*Tin), !- Program Line 38
  ElseIf (Hour == 18),                    !- Program Line 39
  Set fridge_schedule_act = (-0.091+0.017*Tin), !- Program Line 40
  ElseIf (Hour == 19),                    !- Program Line 41
  Set fridge_schedule_act = (0.077+0.014*Tin), !- Program Line 42
  ElseIf (Hour == 20),                    !- Program Line 43
  Set fridge_schedule_act = (-0.118+0.016*Tin), !- Program Line 44
  ElseIf (Hour == 21),                    !- Program Line 45
  Set fridge_schedule_act = (-0.247+0.017*Tin), !- Program Line 46
  ElseIf (Hour == 22),                    !- Program Line 47
  Set fridge_schedule_act = (-0.445+0.019*Tin), !- Program Line 48
  ElseIf (Hour == 23),                    !- Program Line 49
  Set fridge_schedule_act = (-0.544+0.02*Tin), !- Program Line 50
  EndIf;                                  !- Program Line 51

OS:EnergyManagementSystem:ProgramCallingManager,
  {4bbfb6aa-1b60-4ddd-b6d2-41e1a5a4452b}, !- Handle
  fridge_schedule_program_calling_manager, !- Name
  BeginZoneTimestepAfterInitHeatBalance,  !- EnergyPlus Model Calling Point
  {f9ac86d1-04e8-410f-a2e6-ac86bb9a5cf8}; !- Program Name 1

OS:ElectricEquipment:Definition,
  {79196b2e-ae26-4bfc-b87c-8203005e6a54}, !- Handle
  fridge,                                 !- Name
  EquipmentLevel,                         !- Design Level Calculation Method
  54.7945205479452,                       !- Design Level {W}
  ,                                       !- Watts per Space Floor Area {W/m2}
  ,                                       !- Watts per Person {W/person}
  0,                                      !- Fraction Latent
  0.6,                                    !- Fraction Radiant
  0;                                      !- Fraction Lost

OS:ElectricEquipment,
  {cf412e4c-5d5f-4c7b-a880-1a13189724d5}, !- Handle
  fridge,                                 !- Name
  {79196b2e-ae26-4bfc-b87c-8203005e6a54}, !- Electric Equipment Definition Name
  {965e2dbf-9942-47af-8f79-871d1b8bbded}, !- Space or SpaceType Name
  {f3428f95-3c4f-489c-9d87-a9fd4a51d3cc}, !- Schedule Name
  ,                                       !- Multiplier
  fridge;                                 !- End-Use Subcategory

OS:Schedule:Constant,
  {aef55fc0-b095-443d-821c-db6d1465ce47}, !- Handle
  fridge schedule 1,                      !- Name
  {7422676c-8a0e-4d89-a0cc-d2fc557a53ce}, !- Schedule Type Limits Name
  0;                                      !- Value

OS:EnergyManagementSystem:Sensor,
  {f38228e5-cc79-4047-a073-44fa97932ee6}, !- Handle
  fridge_tin_s_1,                         !- Name
  conditioned space,                      !- Output Variable or Output Meter Index Key Name
  Zone Mean Air Temperature;              !- Output Variable or Output Meter Name

OS:EnergyManagementSystem:Actuator,
  {9958c949-37f4-4886-929b-42bca2cc8bb8}, !- Handle
  fridge_schedule_1_act,                  !- Name
  {aef55fc0-b095-443d-821c-db6d1465ce47}, !- Actuated Component Name
  Schedule:Constant,                      !- Actuated Component Type
  Schedule Value,                         !- Actuated Component Control Type
  ;                                       !- Zone or Space Name

OS:EnergyManagementSystem:Program,
  {382b69ec-7a8a-4713-8775-bdbf24ff58f8}, !- Handle
  fridge_schedule_1_program,              !- Name
  Set Tin = fridge_tin_s_1*(9.0/5.0)+32.0, !- Program Line 1
  Set fridge_schedule_1_act = 0,          !- Program Line 2
  If (Hour == 0),                         !- Program Line 3
  Set fridge_schedule_1_act = (-0.487+0.019*Tin), !- Program Line 4
  ElseIf (Hour == 1),                     !- Program Line 5
  Set fridge_schedule_1_act = (-0.34+0.016*Tin), !- Program Line 6
  ElseIf (Hour == 2),                     !- Program Line 7
  Set fridge_schedule_1_act = (-0.37+0.017*Tin), !- Program Line 8
  ElseIf (Hour == 3),                     !- Program Line 9
  Set fridge_schedule_1_act = (-0.361+0.016*Tin), !- Program Line 10
  ElseIf (Hour == 4),                     !- Program Line 11
  Set fridge_schedule_1_act = (-0.515+0.018*Tin), !- Program Line 12
  ElseIf (Hour == 5),                     !- Program Line 13
  Set fridge_schedule_1_act = (-0.684+0.021*Tin), !- Program Line 14
  ElseIf (Hour == 6),                     !- Program Line 15
  Set fridge_schedule_1_act = (-0.471+0.019*Tin), !- Program Line 16
  ElseIf (Hour == 7),                     !- Program Line 17
  Set fridge_schedule_1_act = (-0.159+0.015*Tin), !- Program Line 18
  ElseIf (Hour == 8),                     !- Program Line 19
  Set fridge_schedule_1_act = (-0.079+0.015*Tin), !- Program Line 20
  ElseIf (Hour == 9),                     !- Program Line 21
  Set fridge_schedule_1_act = (-0.417+0.019*Tin), !- Program Line 22
  ElseIf (Hour == 10),                    !- Program Line 23
  Set fridge_schedule_1_act = (-0.411+0.018*Tin), !- Program Line 24
  ElseIf (Hour == 11),                    !- Program Line 25
  Set fridge_schedule_1_act = (-0.386+0.018*Tin), !- Program Line 26
  ElseIf (Hour == 12),                    !- Program Line 27
  Set fridge_schedule_1_act = (-0.24+0.016*Tin), !- Program Line 28
  ElseIf (Hour == 13),                    !- Program Line 29
  Set fridge_schedule_1_act = (-0.314+0.017*Tin), !- Program Line 30
  ElseIf (Hour == 14),                    !- Program Line 31
  Set fridge_schedule_1_act = (-0.16+0.015*Tin), !- Program Line 32
  ElseIf (Hour == 15),                    !- Program Line 33
  Set fridge_schedule_1_act = (-0.121+0.015*Tin), !- Program Line 34
  ElseIf (Hour == 16),                    !- Program Line 35
  Set fridge_schedule_1_act = (-0.469+0.02*Tin), !- Program Line 36
  ElseIf (Hour == 17),                    !- Program Line 37
  Set fridge_schedule_1_act = (-0.412+0.02*Tin), !- Program Line 38
  ElseIf (Hour == 18),                    !- Program Line 39
  Set fridge_schedule_1_act = (-0.091+0.017*Tin), !- Program Line 40
  ElseIf (Hour == 19),                    !- Program Line 41
  Set fridge_schedule_1_act = (-0.077+0.014*Tin), !- Program Line 42
  ElseIf (Hour == 20),                    !- Program Line 43
  Set fridge_schedule_1_act = (-0.118+0.016*Tin), !- Program Line 44
  ElseIf (Hour == 21),                    !- Program Line 45
  Set fridge_schedule_1_act = (-0.247+0.017*Tin), !- Program Line 46
  ElseIf (Hour == 22),                    !- Program Line 47
  Set fridge_schedule_1_act = (-0.445+0.019*Tin), !- Program Line 48
  ElseIf (Hour == 23),                    !- Program Line 49
  Set fridge_schedule_1_act = (-0.544+0.02*Tin), !- Program Line 50
  EndIf;                                  !- Program Line 51

OS:EnergyManagementSystem:ProgramCallingManager,
  {7812397f-76d9-424a-88c1-21d7844ddfe7}, !- Handle
  fridge_schedule_1_program_calling_manager, !- Name
  BeginZoneTimestepAfterInitHeatBalance,  !- EnergyPlus Model Calling Point
  {382b69ec-7a8a-4713-8775-bdbf24ff58f8}; !- Program Name 1

OS:ElectricEquipment:Definition,
  {007d354d-69cc-4999-a947-dfb42a1d7d71}, !- Handle
  fridge 2,                               !- Name
  EquipmentLevel,                         !- Design Level Calculation Method
  80.4474885844749,                       !- Design Level {W}
  ,                                       !- Watts per Space Floor Area {W/m2}
  ,                                       !- Watts per Person {W/person}
  0,                                      !- Fraction Latent
  0.6,                                    !- Fraction Radiant
  0;                                      !- Fraction Lost

OS:ElectricEquipment,
  {a1d16803-78c5-4a02-8870-bc4661f4ea9a}, !- Handle
  fridge 1,                               !- Name
  {007d354d-69cc-4999-a947-dfb42a1d7d71}, !- Electric Equipment Definition Name
  {965e2dbf-9942-47af-8f79-871d1b8bbded}, !- Space or SpaceType Name
  {aef55fc0-b095-443d-821c-db6d1465ce47}, !- Schedule Name
  ,                                       !- Multiplier
  fridge;                                 !- End-Use Subcategory

OS:Schedule:Ruleset,
  {0a51e603-d477-4959-a022-1ab25427c05e}, !- Handle
  freezer schedule,                       !- Name
  {7422676c-8a0e-4d89-a0cc-d2fc557a53ce}, !- Schedule Type Limits Name
  {d9c66df9-d1fc-4da0-858b-91bce709fa5f}; !- Default Day Schedule Name

OS:Schedule:Day,
  {d9c66df9-d1fc-4da0-858b-91bce709fa5f}, !- Handle
  freezer schedule default day,           !- Name
  {7422676c-8a0e-4d89-a0cc-d2fc557a53ce}, !- Schedule Type Limits Name
  ,                                       !- Interpolate to Timestep
  24,                                     !- Hour 1
  0,                                      !- Minute 1
  0;                                      !- Value Until Time 1

OS:Schedule:Rule,
  {e44d986c-09ff-4fd6-ad91-331524e40859}, !- Handle
  freezer schedule allday rule,           !- Name
  {0a51e603-d477-4959-a022-1ab25427c05e}, !- Schedule Ruleset Name
  6,                                      !- Rule Order
  {8861828b-c218-406e-b5c5-4575054c4ad1}, !- Day Schedule Name
  Yes,                                    !- Apply Sunday
  Yes,                                    !- Apply Monday
  Yes,                                    !- Apply Tuesday
  Yes,                                    !- Apply Wednesday
  Yes,                                    !- Apply Thursday
  Yes,                                    !- Apply Friday
  Yes,                                    !- Apply Saturday
  DateRange,                              !- Date Specification Type
  1,                                      !- Start Month
  1,                                      !- Start Day
  1,                                      !- End Month
  31;                                     !- End Day

OS:Schedule:Day,
  {8861828b-c218-406e-b5c5-4575054c4ad1}, !- Handle
  freezer schedule day,                   !- Name
  {7422676c-8a0e-4d89-a0cc-d2fc557a53ce}, !- Schedule Type Limits Name
  ,                                       !- Interpolate to Timestep
  1,                                      !- Hour 1
  0,                                      !- Minute 1
  0.610948905109489,                      !- Value Until Time 1
  2,                                      !- Hour 2
  0,                                      !- Minute 2
  0.595675182481752,                      !- Value Until Time 2
  3,                                      !- Hour 3
  0,                                      !- Minute 3
  0.580401459854015,                      !- Value Until Time 3
  4,                                      !- Hour 4
  0,                                      !- Minute 4
  0.565127737226277,                      !- Value Until Time 4
  6,                                      !- Hour 5
  0,                                      !- Minute 5
  0.54985401459854,                       !- Value Until Time 5
  7,                                      !- Hour 6
  0,                                      !- Minute 6
  0.580401459854015,                      !- Value Until Time 6
  8,                                      !- Hour 7
  0,                                      !- Minute 7
  0.610948905109489,                      !- Value Until Time 7
  10,                                     !- Hour 8
  0,                                      !- Minute 8
  0.626222627737226,                      !- Value Until Time 8
  12,                                     !- Hour 9
  0,                                      !- Minute 9
  0.610948905109489,                      !- Value Until Time 9
  15,                                     !- Hour 10
  0,                                      !- Minute 10
  0.641496350364963,                      !- Value Until Time 10
  16,                                     !- Hour 11
  0,                                      !- Minute 11
  0.626222627737226,                      !- Value Until Time 11
  17,                                     !- Hour 12
  0,                                      !- Minute 12
  0.672043795620438,                      !- Value Until Time 12
  18,                                     !- Hour 13
  0,                                      !- Minute 13
  0.733138686131387,                      !- Value Until Time 13
  19,                                     !- Hour 14
  0,                                      !- Minute 14
  0.763686131386861,                      !- Value Until Time 14
  20,                                     !- Hour 15
  0,                                      !- Minute 15
  0.733138686131387,                      !- Value Until Time 15
  21,                                     !- Hour 16
  0,                                      !- Minute 16
  0.71786496350365,                       !- Value Until Time 16
  22,                                     !- Hour 17
  0,                                      !- Minute 17
  0.702591240875912,                      !- Value Until Time 17
  23,                                     !- Hour 18
  0,                                      !- Minute 18
  0.672043795620438,                      !- Value Until Time 18
  24,                                     !- Hour 19
  0,                                      !- Minute 19
  0.626222627737226;                      !- Value Until Time 19

OS:Schedule:Rule,
  {7b1891a7-23e4-47e0-bc18-63ba536d5aae}, !- Handle
  freezer schedule allday rule 1,         !- Name
  {0a51e603-d477-4959-a022-1ab25427c05e}, !- Schedule Ruleset Name
  5,                                      !- Rule Order
  {70c6a3c9-8920-46e2-b1ca-cdff52bb8dc2}, !- Day Schedule Name
  Yes,                                    !- Apply Sunday
  Yes,                                    !- Apply Monday
  Yes,                                    !- Apply Tuesday
  Yes,                                    !- Apply Wednesday
  Yes,                                    !- Apply Thursday
  Yes,                                    !- Apply Friday
  Yes,                                    !- Apply Saturday
  DateRange,                              !- Date Specification Type
  2,                                      !- Start Month
  1,                                      !- Start Day
  2,                                      !- End Month
  28;                                     !- End Day

OS:Schedule:Day,
  {70c6a3c9-8920-46e2-b1ca-cdff52bb8dc2}, !- Handle
  freezer schedule day 1,                 !- Name
  {7422676c-8a0e-4d89-a0cc-d2fc557a53ce}, !- Schedule Type Limits Name
  ,                                       !- Interpolate to Timestep
  1,                                      !- Hour 1
  0,                                      !- Minute 1
  0.60948905109489,                       !- Value Until Time 1
  2,                                      !- Hour 2
  0,                                      !- Minute 2
  0.594251824817518,                      !- Value Until Time 2
  3,                                      !- Hour 3
  0,                                      !- Minute 3
  0.579014598540146,                      !- Value Until Time 3
  4,                                      !- Hour 4
  0,                                      !- Minute 4
  0.563777372262774,                      !- Value Until Time 4
  6,                                      !- Hour 5
  0,                                      !- Minute 5
  0.548540145985401,                      !- Value Until Time 5
  7,                                      !- Hour 6
  0,                                      !- Minute 6
  0.579014598540146,                      !- Value Until Time 6
  8,                                      !- Hour 7
  0,                                      !- Minute 7
  0.60948905109489,                       !- Value Until Time 7
  10,                                     !- Hour 8
  0,                                      !- Minute 8
  0.624726277372263,                      !- Value Until Time 8
  12,                                     !- Hour 9
  0,                                      !- Minute 9
  0.60948905109489,                       !- Value Until Time 9
  15,                                     !- Hour 10
  0,                                      !- Minute 10
  0.639963503649635,                      !- Value Until Time 10
  16,                                     !- Hour 11
  0,                                      !- Minute 11
  0.624726277372263,                      !- Value Until Time 11
  17,                                     !- Hour 12
  0,                                      !- Minute 12
  0.670437956204379,                      !- Value Until Time 12
  18,                                     !- Hour 13
  0,                                      !- Minute 13
  0.731386861313868,                      !- Value Until Time 13
  19,                                     !- Hour 14
  0,                                      !- Minute 14
  0.761861313868613,                      !- Value Until Time 14
  20,                                     !- Hour 15
  0,                                      !- Minute 15
  0.731386861313868,                      !- Value Until Time 15
  21,                                     !- Hour 16
  0,                                      !- Minute 16
  0.716149635036496,                      !- Value Until Time 16
  22,                                     !- Hour 17
  0,                                      !- Minute 17
  0.700912408759124,                      !- Value Until Time 17
  23,                                     !- Hour 18
  0,                                      !- Minute 18
  0.670437956204379,                      !- Value Until Time 18
  24,                                     !- Hour 19
  0,                                      !- Minute 19
  0.624726277372263;                      !- Value Until Time 19

OS:Schedule:Rule,
  {bf55bb0a-76ef-40b4-b9ea-a2176ef90caa}, !- Handle
  freezer schedule allday rule 2,         !- Name
  {0a51e603-d477-4959-a022-1ab25427c05e}, !- Schedule Ruleset Name
  4,                                      !- Rule Order
  {3daa94ee-032a-49b2-958b-0a1d7b85335a}, !- Day Schedule Name
  Yes,                                    !- Apply Sunday
  Yes,                                    !- Apply Monday
  Yes,                                    !- Apply Tuesday
  Yes,                                    !- Apply Wednesday
  Yes,                                    !- Apply Thursday
  Yes,                                    !- Apply Friday
  Yes,                                    !- Apply Saturday
  DateRange,                              !- Date Specification Type
  3,                                      !- Start Month
  1,                                      !- Start Day
  5,                                      !- End Month
  31;                                     !- End Day

OS:Schedule:Day,
  {3daa94ee-032a-49b2-958b-0a1d7b85335a}, !- Handle
  freezer schedule day 2,                 !- Name
  {7422676c-8a0e-4d89-a0cc-d2fc557a53ce}, !- Schedule Type Limits Name
  ,                                       !- Interpolate to Timestep
  1,                                      !- Hour 1
  0,                                      !- Minute 1
  0.791240875912409,                      !- Value Until Time 1
  2,                                      !- Hour 2
  0,                                      !- Minute 2
  0.771459854014598,                      !- Value Until Time 2
  3,                                      !- Hour 3
  0,                                      !- Minute 3
  0.751678832116789,                      !- Value Until Time 3
  4,                                      !- Hour 4
  0,                                      !- Minute 4
  0.731897810218978,                      !- Value Until Time 4
  6,                                      !- Hour 5
  0,                                      !- Minute 5
  0.712116788321168,                      !- Value Until Time 5
  7,                                      !- Hour 6
  0,                                      !- Minute 6
  0.751678832116789,                      !- Value Until Time 6
  8,                                      !- Hour 7
  0,                                      !- Minute 7
  0.791240875912409,                      !- Value Until Time 7
  10,                                     !- Hour 8
  0,                                      !- Minute 8
  0.811021897810219,                      !- Value Until Time 8
  12,                                     !- Hour 9
  0,                                      !- Minute 9
  0.791240875912409,                      !- Value Until Time 9
  15,                                     !- Hour 10
  0,                                      !- Minute 10
  0.830802919708029,                      !- Value Until Time 10
  16,                                     !- Hour 11
  0,                                      !- Minute 11
  0.811021897810219,                      !- Value Until Time 11
  17,                                     !- Hour 12
  0,                                      !- Minute 12
  0.87036496350365,                       !- Value Until Time 12
  18,                                     !- Hour 13
  0,                                      !- Minute 13
  0.949489051094891,                      !- Value Until Time 13
  19,                                     !- Hour 14
  0,                                      !- Minute 14
  0.989051094890511,                      !- Value Until Time 14
  20,                                     !- Hour 15
  0,                                      !- Minute 15
  0.949489051094891,                      !- Value Until Time 15
  21,                                     !- Hour 16
  0,                                      !- Minute 16
  0.92970802919708,                       !- Value Until Time 16
  22,                                     !- Hour 17
  0,                                      !- Minute 17
  0.90992700729927,                       !- Value Until Time 17
  23,                                     !- Hour 18
  0,                                      !- Minute 18
  0.87036496350365,                       !- Value Until Time 18
  24,                                     !- Hour 19
  0,                                      !- Minute 19
  0.811021897810219;                      !- Value Until Time 19

OS:Schedule:Rule,
  {40c28bec-f274-4c76-a804-70bb313cfd83}, !- Handle
  freezer schedule allday rule 3,         !- Name
  {0a51e603-d477-4959-a022-1ab25427c05e}, !- Schedule Ruleset Name
  3,                                      !- Rule Order
  {08cffcfe-20f7-465d-831e-76f2a8b295de}, !- Day Schedule Name
  Yes,                                    !- Apply Sunday
  Yes,                                    !- Apply Monday
  Yes,                                    !- Apply Tuesday
  Yes,                                    !- Apply Wednesday
  Yes,                                    !- Apply Thursday
  Yes,                                    !- Apply Friday
  Yes,                                    !- Apply Saturday
  DateRange,                              !- Date Specification Type
  6,                                      !- Start Month
  1,                                      !- Start Day
  9,                                      !- End Month
  30;                                     !- End Day

OS:Schedule:Day,
  {08cffcfe-20f7-465d-831e-76f2a8b295de}, !- Handle
  freezer schedule day 3,                 !- Name
  {7422676c-8a0e-4d89-a0cc-d2fc557a53ce}, !- Schedule Type Limits Name
  ,                                       !- Interpolate to Timestep
  1,                                      !- Hour 1
  0,                                      !- Minute 1
  0.8,                                    !- Value Until Time 1
  2,                                      !- Hour 2
  0,                                      !- Minute 2
  0.78,                                   !- Value Until Time 2
  3,                                      !- Hour 3
  0,                                      !- Minute 3
  0.76,                                   !- Value Until Time 3
  4,                                      !- Hour 4
  0,                                      !- Minute 4
  0.74,                                   !- Value Until Time 4
  6,                                      !- Hour 5
  0,                                      !- Minute 5
  0.72,                                   !- Value Until Time 5
  7,                                      !- Hour 6
  0,                                      !- Minute 6
  0.76,                                   !- Value Until Time 6
  8,                                      !- Hour 7
  0,                                      !- Minute 7
  0.8,                                    !- Value Until Time 7
  10,                                     !- Hour 8
  0,                                      !- Minute 8
  0.82,                                   !- Value Until Time 8
  12,                                     !- Hour 9
  0,                                      !- Minute 9
  0.8,                                    !- Value Until Time 9
  15,                                     !- Hour 10
  0,                                      !- Minute 10
  0.84,                                   !- Value Until Time 10
  16,                                     !- Hour 11
  0,                                      !- Minute 11
  0.82,                                   !- Value Until Time 11
  17,                                     !- Hour 12
  0,                                      !- Minute 12
  0.88,                                   !- Value Until Time 12
  18,                                     !- Hour 13
  0,                                      !- Minute 13
  0.96,                                   !- Value Until Time 13
  19,                                     !- Hour 14
  0,                                      !- Minute 14
  1,                                      !- Value Until Time 14
  20,                                     !- Hour 15
  0,                                      !- Minute 15
  0.96,                                   !- Value Until Time 15
  21,                                     !- Hour 16
  0,                                      !- Minute 16
  0.94,                                   !- Value Until Time 16
  22,                                     !- Hour 17
  0,                                      !- Minute 17
  0.92,                                   !- Value Until Time 17
  23,                                     !- Hour 18
  0,                                      !- Minute 18
  0.88,                                   !- Value Until Time 18
  24,                                     !- Hour 19
  0,                                      !- Minute 19
  0.82;                                   !- Value Until Time 19

OS:Schedule:Rule,
  {0b13d857-463b-4925-a3ea-ee0bf94b5020}, !- Handle
  freezer schedule allday rule 4,         !- Name
  {0a51e603-d477-4959-a022-1ab25427c05e}, !- Schedule Ruleset Name
  2,                                      !- Rule Order
  {396efd1f-ed19-4407-968b-b42a2a2b4569}, !- Day Schedule Name
  Yes,                                    !- Apply Sunday
  Yes,                                    !- Apply Monday
  Yes,                                    !- Apply Tuesday
  Yes,                                    !- Apply Wednesday
  Yes,                                    !- Apply Thursday
  Yes,                                    !- Apply Friday
  Yes,                                    !- Apply Saturday
  DateRange,                              !- Date Specification Type
  10,                                     !- Start Month
  1,                                      !- Start Day
  10,                                     !- End Month
  31;                                     !- End Day

OS:Schedule:Day,
  {396efd1f-ed19-4407-968b-b42a2a2b4569}, !- Handle
  freezer schedule day 4,                 !- Name
  {7422676c-8a0e-4d89-a0cc-d2fc557a53ce}, !- Schedule Type Limits Name
  ,                                       !- Interpolate to Timestep
  1,                                      !- Hour 1
  0,                                      !- Minute 1
  0.67956204379562,                       !- Value Until Time 1
  2,                                      !- Hour 2
  0,                                      !- Minute 2
  0.66257299270073,                       !- Value Until Time 2
  3,                                      !- Hour 3
  0,                                      !- Minute 3
  0.645583941605839,                      !- Value Until Time 3
  4,                                      !- Hour 4
  0,                                      !- Minute 4
  0.628594890510949,                      !- Value Until Time 4
  6,                                      !- Hour 5
  0,                                      !- Minute 5
  0.611605839416058,                      !- Value Until Time 5
  7,                                      !- Hour 6
  0,                                      !- Minute 6
  0.645583941605839,                      !- Value Until Time 6
  8,                                      !- Hour 7
  0,                                      !- Minute 7
  0.67956204379562,                       !- Value Until Time 7
  10,                                     !- Hour 8
  0,                                      !- Minute 8
  0.696551094890511,                      !- Value Until Time 8
  12,                                     !- Hour 9
  0,                                      !- Minute 9
  0.67956204379562,                       !- Value Until Time 9
  15,                                     !- Hour 10
  0,                                      !- Minute 10
  0.713540145985401,                      !- Value Until Time 10
  16,                                     !- Hour 11
  0,                                      !- Minute 11
  0.696551094890511,                      !- Value Until Time 11
  17,                                     !- Hour 12
  0,                                      !- Minute 12
  0.747518248175182,                      !- Value Until Time 12
  18,                                     !- Hour 13
  0,                                      !- Minute 13
  0.815474452554744,                      !- Value Until Time 13
  19,                                     !- Hour 14
  0,                                      !- Minute 14
  0.849452554744526,                      !- Value Until Time 14
  20,                                     !- Hour 15
  0,                                      !- Minute 15
  0.815474452554744,                      !- Value Until Time 15
  21,                                     !- Hour 16
  0,                                      !- Minute 16
  0.798485401459854,                      !- Value Until Time 16
  22,                                     !- Hour 17
  0,                                      !- Minute 17
  0.781496350364963,                      !- Value Until Time 17
  23,                                     !- Hour 18
  0,                                      !- Minute 18
  0.747518248175182,                      !- Value Until Time 18
  24,                                     !- Hour 19
  0,                                      !- Minute 19
  0.696551094890511;                      !- Value Until Time 19

OS:Schedule:Rule,
  {d641b60e-2a3a-4d76-8a31-e007ef49d291}, !- Handle
  freezer schedule allday rule 5,         !- Name
  {0a51e603-d477-4959-a022-1ab25427c05e}, !- Schedule Ruleset Name
  1,                                      !- Rule Order
  {e7886ce2-9b98-483f-8626-057de4c46ed0}, !- Day Schedule Name
  Yes,                                    !- Apply Sunday
  Yes,                                    !- Apply Monday
  Yes,                                    !- Apply Tuesday
  Yes,                                    !- Apply Wednesday
  Yes,                                    !- Apply Thursday
  Yes,                                    !- Apply Friday
  Yes,                                    !- Apply Saturday
  DateRange,                              !- Date Specification Type
  11,                                     !- Start Month
  1,                                      !- Start Day
  11,                                     !- End Month
  30;                                     !- End Day

OS:Schedule:Day,
  {e7886ce2-9b98-483f-8626-057de4c46ed0}, !- Handle
  freezer schedule day 5,                 !- Name
  {7422676c-8a0e-4d89-a0cc-d2fc557a53ce}, !- Schedule Type Limits Name
  ,                                       !- Interpolate to Timestep
  1,                                      !- Hour 1
  0,                                      !- Minute 1
  0.675182481751825,                      !- Value Until Time 1
  2,                                      !- Hour 2
  0,                                      !- Minute 2
  0.658302919708029,                      !- Value Until Time 2
  3,                                      !- Hour 3
  0,                                      !- Minute 3
  0.641423357664234,                      !- Value Until Time 3
  4,                                      !- Hour 4
  0,                                      !- Minute 4
  0.624543795620438,                      !- Value Until Time 4
  6,                                      !- Hour 5
  0,                                      !- Minute 5
  0.607664233576642,                      !- Value Until Time 5
  7,                                      !- Hour 6
  0,                                      !- Minute 6
  0.641423357664234,                      !- Value Until Time 6
  8,                                      !- Hour 7
  0,                                      !- Minute 7
  0.675182481751825,                      !- Value Until Time 7
  10,                                     !- Hour 8
  0,                                      !- Minute 8
  0.69206204379562,                       !- Value Until Time 8
  12,                                     !- Hour 9
  0,                                      !- Minute 9
  0.675182481751825,                      !- Value Until Time 9
  15,                                     !- Hour 10
  0,                                      !- Minute 10
  0.708941605839416,                      !- Value Until Time 10
  16,                                     !- Hour 11
  0,                                      !- Minute 11
  0.69206204379562,                       !- Value Until Time 11
  17,                                     !- Hour 12
  0,                                      !- Minute 12
  0.742700729927007,                      !- Value Until Time 12
  18,                                     !- Hour 13
  0,                                      !- Minute 13
  0.81021897810219,                       !- Value Until Time 13
  19,                                     !- Hour 14
  0,                                      !- Minute 14
  0.843978102189781,                      !- Value Until Time 14
  20,                                     !- Hour 15
  0,                                      !- Minute 15
  0.81021897810219,                       !- Value Until Time 15
  21,                                     !- Hour 16
  0,                                      !- Minute 16
  0.793339416058394,                      !- Value Until Time 16
  22,                                     !- Hour 17
  0,                                      !- Minute 17
  0.776459854014598,                      !- Value Until Time 17
  23,                                     !- Hour 18
  0,                                      !- Minute 18
  0.742700729927007,                      !- Value Until Time 18
  24,                                     !- Hour 19
  0,                                      !- Minute 19
  0.69206204379562;                       !- Value Until Time 19

OS:Schedule:Rule,
  {64be9067-f36a-48c5-b1aa-67fb9c3cac7c}, !- Handle
  freezer schedule allday rule 6,         !- Name
  {0a51e603-d477-4959-a022-1ab25427c05e}, !- Schedule Ruleset Name
  0,                                      !- Rule Order
  {70477608-2d38-4dd0-a65e-6ddad01c1c40}, !- Day Schedule Name
  Yes,                                    !- Apply Sunday
  Yes,                                    !- Apply Monday
  Yes,                                    !- Apply Tuesday
  Yes,                                    !- Apply Wednesday
  Yes,                                    !- Apply Thursday
  Yes,                                    !- Apply Friday
  Yes,                                    !- Apply Saturday
  DateRange,                              !- Date Specification Type
  12,                                     !- Start Month
  1,                                      !- Start Day
  12,                                     !- End Month
  31;                                     !- End Day

OS:Schedule:Day,
  {70477608-2d38-4dd0-a65e-6ddad01c1c40}, !- Handle
  freezer schedule day 6,                 !- Name
  {7422676c-8a0e-4d89-a0cc-d2fc557a53ce}, !- Schedule Type Limits Name
  ,                                       !- Interpolate to Timestep
  1,                                      !- Hour 1
  0,                                      !- Minute 1
  0.610948905109489,                      !- Value Until Time 1
  2,                                      !- Hour 2
  0,                                      !- Minute 2
  0.595675182481752,                      !- Value Until Time 2
  3,                                      !- Hour 3
  0,                                      !- Minute 3
  0.580401459854015,                      !- Value Until Time 3
  4,                                      !- Hour 4
  0,                                      !- Minute 4
  0.565127737226277,                      !- Value Until Time 4
  6,                                      !- Hour 5
  0,                                      !- Minute 5
  0.54985401459854,                       !- Value Until Time 5
  7,                                      !- Hour 6
  0,                                      !- Minute 6
  0.580401459854015,                      !- Value Until Time 6
  8,                                      !- Hour 7
  0,                                      !- Minute 7
  0.610948905109489,                      !- Value Until Time 7
  10,                                     !- Hour 8
  0,                                      !- Minute 8
  0.626222627737226,                      !- Value Until Time 8
  12,                                     !- Hour 9
  0,                                      !- Minute 9
  0.610948905109489,                      !- Value Until Time 9
  15,                                     !- Hour 10
  0,                                      !- Minute 10
  0.641496350364963,                      !- Value Until Time 10
  16,                                     !- Hour 11
  0,                                      !- Minute 11
  0.626222627737226,                      !- Value Until Time 11
  17,                                     !- Hour 12
  0,                                      !- Minute 12
  0.672043795620438,                      !- Value Until Time 12
  18,                                     !- Hour 13
  0,                                      !- Minute 13
  0.733138686131387,                      !- Value Until Time 13
  19,                                     !- Hour 14
  0,                                      !- Minute 14
  0.763686131386861,                      !- Value Until Time 14
  20,                                     !- Hour 15
  0,                                      !- Minute 15
  0.733138686131387,                      !- Value Until Time 15
  21,                                     !- Hour 16
  0,                                      !- Minute 16
  0.71786496350365,                       !- Value Until Time 16
  22,                                     !- Hour 17
  0,                                      !- Minute 17
  0.702591240875912,                      !- Value Until Time 17
  23,                                     !- Hour 18
  0,                                      !- Minute 18
  0.672043795620438,                      !- Value Until Time 18
  24,                                     !- Hour 19
  0,                                      !- Minute 19
  0.626222627737226;                      !- Value Until Time 19

OS:ElectricEquipment:Definition,
  {a9fa60ad-a8c8-4572-8c7f-88643fee460c}, !- Handle
  freezer,                                !- Name
  EquipmentLevel,                         !- Design Level Calculation Method
  194.914360779534,                       !- Design Level {W}
  ,                                       !- Watts per Space Floor Area {W/m2}
  ,                                       !- Watts per Person {W/person}
  0,                                      !- Fraction Latent
  0.6,                                    !- Fraction Radiant
  0;                                      !- Fraction Lost

OS:ElectricEquipment,
  {bd42893a-7a65-4eb6-b839-f16e43d06659}, !- Handle
  freezer,                                !- Name
  {a9fa60ad-a8c8-4572-8c7f-88643fee460c}, !- Electric Equipment Definition Name
  {965e2dbf-9942-47af-8f79-871d1b8bbded}, !- Space or SpaceType Name
  {0a51e603-d477-4959-a022-1ab25427c05e}, !- Schedule Name
  ,                                       !- Multiplier
  freezer;                                !- End-Use Subcategory

OS:Schedule:File,
  {b9297fc9-1c5b-4fee-bc9f-13bdb71f7486}, !- Handle
  cooking_range,                          !- Name
  {7422676c-8a0e-4d89-a0cc-d2fc557a53ce}, !- Schedule Type Limits Name
  {3291f66a-ef3c-4844-9db3-04dcc6a97de2}, !- External File Name
  11,                                     !- Column Number
  1,                                      !- Rows to Skip at Top
  8760,                                   !- Number of Hours of Data
  ,                                       !- Column Separator
  Yes,                                    !- Interpolate to Timestep
  15,                                     !- Minutes per Item
  ,                                       !- Adjust Schedule for Daylight Savings
  Yes;                                    !- Translate File With Relative Path

OS:ElectricEquipment:Definition,
  {07bb7571-b09d-4ba1-a2b1-71515959618b}, !- Handle
  cooking range,                          !- Name
  EquipmentLevel,                         !- Design Level Calculation Method
  1293.40679965077,                       !- Design Level {W}
  ,                                       !- Watts per Space Floor Area {W/m2}
  ,                                       !- Watts per Person {W/person}
  0.0799999999999999,                     !- Fraction Latent
  0.432,                                  !- Fraction Radiant
  0.2;                                    !- Fraction Lost

OS:ElectricEquipment,
  {269d1e17-366b-4026-ba9e-5bd8c5c42099}, !- Handle
  cooking range,                          !- Name
  {07bb7571-b09d-4ba1-a2b1-71515959618b}, !- Electric Equipment Definition Name
  {965e2dbf-9942-47af-8f79-871d1b8bbded}, !- Space or SpaceType Name
  {b9297fc9-1c5b-4fee-bc9f-13bdb71f7486}, !- Schedule Name
  ,                                       !- Multiplier
  cooking range;                          !- End-Use Subcategory

OS:OtherEquipment:Definition,
  {04adc1ce-26fa-46c1-b61d-87b6e1d7b59e}, !- Handle
  cooking range 2,                        !- Name
  EquipmentLevel,                         !- Design Level Calculation Method
  0,                                      !- Design Level {W}
  ,                                       !- Watts per Space Floor Area {W/m2}
  ,                                       !- Watts per Person {W/Person}
  0.0799999999999999,                     !- Fraction Latent
  0.432,                                  !- Fraction Radiant
  0.2;                                    !- Fraction Lost

OS:OtherEquipment,
  {8d80e4dd-e73e-41f9-ba1a-57aef20e9bc7}, !- Handle
  cooking range 1,                        !- Name
  {04adc1ce-26fa-46c1-b61d-87b6e1d7b59e}, !- Other Equipment Definition Name
  {965e2dbf-9942-47af-8f79-871d1b8bbded}, !- Space or SpaceType Name
  {b9297fc9-1c5b-4fee-bc9f-13bdb71f7486}, !- Schedule Name
  ,                                       !- Multiplier
  Electricity,                            !- Fuel Type
  cooking range;                          !- End-Use Subcategory

OS:Schedule:FixedInterval,
  {8c341a00-37b0-4d10-8f62-8b48a501168f}, !- Handle
  mains temperature schedule,             !- Name
  {853040a0-778a-4378-8ab7-36b2f6f94dcb}, !- Schedule Type Limits Name
  ,                                       !- Translate to Schedule File
  ,                                       !- Interpolate to Timestep
  1440,                                   !- Interval Length {minutes}
  ,                                       !- Out Of Range Value
  1,                                      !- Start Month
  1,                                      !- Start Day
  13.0633333333333,                       !- Value 1
  13.0188888888889,                       !- Value 2
  12.975,                                 !- Value 3
  12.9327777777778,                       !- Value 4
  12.8916666666667,                       !- Value 5
  12.8516666666667,                       !- Value 6
  12.8122222222222,                       !- Value 7
  12.7744444444444,                       !- Value 8
  12.7377777777778,                       !- Value 9
  12.7016666666667,                       !- Value 10
  12.6672222222222,                       !- Value 11
  12.6338888888889,                       !- Value 12
  12.6016666666667,                       !- Value 13
  12.5705555555556,                       !- Value 14
  12.5411111111111,                       !- Value 15
  12.5122222222222,                       !- Value 16
  12.485,                                 !- Value 17
  12.4583333333333,                       !- Value 18
  12.4333333333333,                       !- Value 19
  12.41,                                  !- Value 20
  12.3872222222222,                       !- Value 21
  12.3661111111111,                       !- Value 22
  12.3455555555556,                       !- Value 23
  12.3272222222222,                       !- Value 24
  12.3094444444444,                       !- Value 25
  12.2933333333333,                       !- Value 26
  12.2783333333333,                       !- Value 27
  12.2644444444444,                       !- Value 28
  12.2516666666667,                       !- Value 29
  12.2405555555556,                       !- Value 30
  12.2305555555556,                       !- Value 31
  12.2222222222222,                       !- Value 32
  12.215,                                 !- Value 33
  12.2088888888889,                       !- Value 34
  12.2038888888889,                       !- Value 35
  12.2005555555556,                       !- Value 36
  12.1983333333333,                       !- Value 37
  12.1977777777778,                       !- Value 38
  12.1977777777778,                       !- Value 39
  12.2,                                   !- Value 40
  12.2027777777778,                       !- Value 41
  12.2072222222222,                       !- Value 42
  12.2127777777778,                       !- Value 43
  12.2194444444444,                       !- Value 44
  12.2277777777778,                       !- Value 45
  12.2372222222222,                       !- Value 46
  12.2483333333333,                       !- Value 47
  12.26,                                  !- Value 48
  12.2733333333333,                       !- Value 49
  12.2883333333333,                       !- Value 50
  12.3038888888889,                       !- Value 51
  12.3211111111111,                       !- Value 52
  12.3394444444444,                       !- Value 53
  12.3594444444444,                       !- Value 54
  12.38,                                  !- Value 55
  12.4022222222222,                       !- Value 56
  12.4255555555556,                       !- Value 57
  12.4505555555556,                       !- Value 58
  12.4761111111111,                       !- Value 59
  12.5033333333333,                       !- Value 60
  12.5316666666667,                       !- Value 61
  12.5611111111111,                       !- Value 62
  12.5916666666667,                       !- Value 63
  12.6233333333333,                       !- Value 64
  12.6566666666667,                       !- Value 65
  12.6905555555556,                       !- Value 66
  12.7261111111111,                       !- Value 67
  12.7627777777778,                       !- Value 68
  12.8,                                   !- Value 69
  12.8388888888889,                       !- Value 70
  12.8788888888889,                       !- Value 71
  12.9194444444444,                       !- Value 72
  12.9616666666667,                       !- Value 73
  13.0044444444444,                       !- Value 74
  13.0488888888889,                       !- Value 75
  13.0938888888889,                       !- Value 76
  13.14,                                  !- Value 77
  13.1872222222222,                       !- Value 78
  13.2355555555556,                       !- Value 79
  13.285,                                 !- Value 80
  13.335,                                 !- Value 81
  13.3861111111111,                       !- Value 82
  13.4383333333333,                       !- Value 83
  13.4911111111111,                       !- Value 84
  13.545,                                 !- Value 85
  13.6,                                   !- Value 86
  13.6555555555556,                       !- Value 87
  13.7122222222222,                       !- Value 88
  13.77,                                  !- Value 89
  13.8283333333333,                       !- Value 90
  13.8872222222222,                       !- Value 91
  13.9472222222222,                       !- Value 92
  14.0077777777778,                       !- Value 93
  14.0688888888889,                       !- Value 94
  14.1311111111111,                       !- Value 95
  14.1944444444444,                       !- Value 96
  14.2577777777778,                       !- Value 97
  14.3222222222222,                       !- Value 98
  14.3872222222222,                       !- Value 99
  14.4527777777778,                       !- Value 100
  14.5188888888889,                       !- Value 101
  14.5855555555556,                       !- Value 102
  14.6533333333333,                       !- Value 103
  14.7211111111111,                       !- Value 104
  14.7894444444444,                       !- Value 105
  14.8588888888889,                       !- Value 106
  14.9283333333333,                       !- Value 107
  14.9983333333333,                       !- Value 108
  15.0688888888889,                       !- Value 109
  15.14,                                  !- Value 110
  15.2111111111111,                       !- Value 111
  15.2833333333333,                       !- Value 112
  15.3555555555556,                       !- Value 113
  15.4277777777778,                       !- Value 114
  15.5005555555556,                       !- Value 115
  15.5738888888889,                       !- Value 116
  15.6477777777778,                       !- Value 117
  15.7211111111111,                       !- Value 118
  15.7955555555556,                       !- Value 119
  15.8694444444444,                       !- Value 120
  15.9438888888889,                       !- Value 121
  16.0188888888889,                       !- Value 122
  16.0938888888889,                       !- Value 123
  16.1688888888889,                       !- Value 124
  16.2438888888889,                       !- Value 125
  16.3188888888889,                       !- Value 126
  16.3944444444444,                       !- Value 127
  16.4694444444444,                       !- Value 128
  16.545,                                 !- Value 129
  16.6205555555556,                       !- Value 130
  16.6955555555556,                       !- Value 131
  16.7711111111111,                       !- Value 132
  16.8461111111111,                       !- Value 133
  16.9216666666667,                       !- Value 134
  16.9966666666667,                       !- Value 135
  17.0716666666667,                       !- Value 136
  17.1466666666667,                       !- Value 137
  17.2211111111111,                       !- Value 138
  17.2955555555556,                       !- Value 139
  17.37,                                  !- Value 140
  17.4438888888889,                       !- Value 141
  17.5177777777778,                       !- Value 142
  17.5911111111111,                       !- Value 143
  17.6644444444444,                       !- Value 144
  17.7372222222222,                       !- Value 145
  17.8094444444444,                       !- Value 146
  17.8816666666667,                       !- Value 147
  17.9533333333333,                       !- Value 148
  18.025,                                 !- Value 149
  18.0961111111111,                       !- Value 150
  18.1661111111111,                       !- Value 151
  18.2361111111111,                       !- Value 152
  18.3061111111111,                       !- Value 153
  18.375,                                 !- Value 154
  18.4433333333333,                       !- Value 155
  18.5111111111111,                       !- Value 156
  18.5788888888889,                       !- Value 157
  18.6455555555556,                       !- Value 158
  18.7116666666667,                       !- Value 159
  18.7772222222222,                       !- Value 160
  18.8416666666667,                       !- Value 161
  18.9061111111111,                       !- Value 162
  18.9694444444444,                       !- Value 163
  19.0322222222222,                       !- Value 164
  19.0944444444444,                       !- Value 165
  19.1555555555556,                       !- Value 166
  19.2166666666667,                       !- Value 167
  19.2761111111111,                       !- Value 168
  19.335,                                 !- Value 169
  19.3933333333333,                       !- Value 170
  19.4505555555556,                       !- Value 171
  19.5072222222222,                       !- Value 172
  19.5627777777778,                       !- Value 173
  19.6172222222222,                       !- Value 174
  19.6711111111111,                       !- Value 175
  19.7244444444444,                       !- Value 176
  19.7761111111111,                       !- Value 177
  19.8272222222222,                       !- Value 178
  19.8772222222222,                       !- Value 179
  19.9266666666667,                       !- Value 180
  19.9744444444444,                       !- Value 181
  20.0216666666667,                       !- Value 182
  20.0677777777778,                       !- Value 183
  20.1127777777778,                       !- Value 184
  20.1566666666667,                       !- Value 185
  20.1994444444444,                       !- Value 186
  20.2416666666667,                       !- Value 187
  20.2822222222222,                       !- Value 188
  20.3222222222222,                       !- Value 189
  20.3605555555556,                       !- Value 190
  20.3977777777778,                       !- Value 191
  20.4344444444444,                       !- Value 192
  20.4694444444444,                       !- Value 193
  20.5033333333333,                       !- Value 194
  20.5366666666667,                       !- Value 195
  20.5683333333333,                       !- Value 196
  20.5983333333333,                       !- Value 197
  20.6277777777778,                       !- Value 198
  20.6561111111111,                       !- Value 199
  20.6827777777778,                       !- Value 200
  20.7088888888889,                       !- Value 201
  20.7333333333333,                       !- Value 202
  20.7561111111111,                       !- Value 203
  20.7783333333333,                       !- Value 204
  20.7988888888889,                       !- Value 205
  20.8188888888889,                       !- Value 206
  20.8366666666667,                       !- Value 207
  20.8538888888889,                       !- Value 208
  20.8694444444444,                       !- Value 209
  20.8838888888889,                       !- Value 210
  20.8972222222222,                       !- Value 211
  20.9094444444444,                       !- Value 212
  20.92,                                  !- Value 213
  20.9288888888889,                       !- Value 214
  20.9372222222222,                       !- Value 215
  20.9438888888889,                       !- Value 216
  20.9494444444444,                       !- Value 217
  20.9533333333333,                       !- Value 218
  20.9566666666667,                       !- Value 219
  20.9577777777778,                       !- Value 220
  20.9583333333333,                       !- Value 221
  20.9572222222222,                       !- Value 222
  20.955,                                 !- Value 223
  20.9511111111111,                       !- Value 224
  20.9466666666667,                       !- Value 225
  20.94,                                  !- Value 226
  20.9327777777778,                       !- Value 227
  20.9238888888889,                       !- Value 228
  20.9138888888889,                       !- Value 229
  20.9027777777778,                       !- Value 230
  20.89,                                  !- Value 231
  20.8761111111111,                       !- Value 232
  20.8611111111111,                       !- Value 233
  20.8444444444444,                       !- Value 234
  20.8266666666667,                       !- Value 235
  20.8077777777778,                       !- Value 236
  20.7872222222222,                       !- Value 237
  20.7661111111111,                       !- Value 238
  20.7433333333333,                       !- Value 239
  20.7194444444444,                       !- Value 240
  20.6944444444444,                       !- Value 241
  20.6677777777778,                       !- Value 242
  20.64,                                  !- Value 243
  20.6111111111111,                       !- Value 244
  20.5811111111111,                       !- Value 245
  20.55,                                  !- Value 246
  20.5177777777778,                       !- Value 247
  20.4844444444444,                       !- Value 248
  20.4494444444444,                       !- Value 249
  20.4138888888889,                       !- Value 250
  20.3766666666667,                       !- Value 251
  20.3388888888889,                       !- Value 252
  20.2994444444444,                       !- Value 253
  20.2594444444444,                       !- Value 254
  20.2177777777778,                       !- Value 255
  20.1755555555556,                       !- Value 256
  20.1316666666667,                       !- Value 257
  20.0872222222222,                       !- Value 258
  20.0416666666667,                       !- Value 259
  19.995,                                 !- Value 260
  19.9472222222222,                       !- Value 261
  19.8983333333333,                       !- Value 262
  19.8488888888889,                       !- Value 263
  19.7983333333333,                       !- Value 264
  19.7466666666667,                       !- Value 265
  19.6944444444444,                       !- Value 266
  19.6405555555556,                       !- Value 267
  19.5866666666667,                       !- Value 268
  19.5311111111111,                       !- Value 269
  19.475,                                 !- Value 270
  19.4183333333333,                       !- Value 271
  19.3605555555556,                       !- Value 272
  19.3016666666667,                       !- Value 273
  19.2422222222222,                       !- Value 274
  19.1822222222222,                       !- Value 275
  19.1211111111111,                       !- Value 276
  19.0594444444444,                       !- Value 277
  18.9966666666667,                       !- Value 278
  18.9333333333333,                       !- Value 279
  18.8694444444444,                       !- Value 280
  18.805,                                 !- Value 281
  18.74,                                  !- Value 282
  18.6738888888889,                       !- Value 283
  18.6072222222222,                       !- Value 284
  18.5405555555556,                       !- Value 285
  18.4727777777778,                       !- Value 286
  18.4044444444444,                       !- Value 287
  18.3355555555556,                       !- Value 288
  18.2661111111111,                       !- Value 289
  18.1966666666667,                       !- Value 290
  18.1261111111111,                       !- Value 291
  18.0555555555556,                       !- Value 292
  17.9844444444444,                       !- Value 293
  17.9127777777778,                       !- Value 294
  17.8405555555556,                       !- Value 295
  17.7683333333333,                       !- Value 296
  17.6955555555556,                       !- Value 297
  17.6227777777778,                       !- Value 298
  17.5494444444444,                       !- Value 299
  17.4755555555556,                       !- Value 300
  17.4016666666667,                       !- Value 301
  17.3277777777778,                       !- Value 302
  17.2533333333333,                       !- Value 303
  17.1788888888889,                       !- Value 304
  17.1038888888889,                       !- Value 305
  17.0288888888889,                       !- Value 306
  16.9538888888889,                       !- Value 307
  16.8788888888889,                       !- Value 308
  16.8033333333333,                       !- Value 309
  16.7283333333333,                       !- Value 310
  16.6527777777778,                       !- Value 311
  16.5772222222222,                       !- Value 312
  16.5022222222222,                       !- Value 313
  16.4266666666667,                       !- Value 314
  16.3516666666667,                       !- Value 315
  16.2761111111111,                       !- Value 316
  16.2011111111111,                       !- Value 317
  16.1261111111111,                       !- Value 318
  16.0511111111111,                       !- Value 319
  15.9761111111111,                       !- Value 320
  15.9016666666667,                       !- Value 321
  15.8272222222222,                       !- Value 322
  15.7533333333333,                       !- Value 323
  15.6794444444444,                       !- Value 324
  15.6055555555556,                       !- Value 325
  15.5322222222222,                       !- Value 326
  15.4594444444444,                       !- Value 327
  15.3866666666667,                       !- Value 328
  15.3144444444444,                       !- Value 329
  15.2422222222222,                       !- Value 330
  15.1705555555556,                       !- Value 331
  15.0994444444444,                       !- Value 332
  15.0288888888889,                       !- Value 333
  14.9583333333333,                       !- Value 334
  14.8888888888889,                       !- Value 335
  14.8194444444444,                       !- Value 336
  14.7505555555556,                       !- Value 337
  14.6822222222222,                       !- Value 338
  14.6144444444444,                       !- Value 339
  14.5477777777778,                       !- Value 340
  14.4811111111111,                       !- Value 341
  14.415,                                 !- Value 342
  14.35,                                  !- Value 343
  14.2855555555556,                       !- Value 344
  14.2216666666667,                       !- Value 345
  14.1583333333333,                       !- Value 346
  14.0961111111111,                       !- Value 347
  14.0338888888889,                       !- Value 348
  13.9733333333333,                       !- Value 349
  13.9127777777778,                       !- Value 350
  13.8533333333333,                       !- Value 351
  13.795,                                 !- Value 352
  13.7372222222222,                       !- Value 353
  13.68,                                  !- Value 354
  13.6238888888889,                       !- Value 355
  13.5688888888889,                       !- Value 356
  13.5144444444444,                       !- Value 357
  13.4611111111111,                       !- Value 358
  13.4083333333333,                       !- Value 359
  13.3572222222222,                       !- Value 360
  13.3061111111111,                       !- Value 361
  13.2566666666667,                       !- Value 362
  13.2077777777778,                       !- Value 363
  13.1605555555556,                       !- Value 364
  13.1138888888889;                       !- Value 365

OS:Site:WaterMainsTemperature,
  {9180a6e4-d0b7-4649-8adc-59d8786f0f4b}, !- Handle
  Schedule,                               !- Calculation Method
  {8c341a00-37b0-4d10-8f62-8b48a501168f}; !- Temperature Schedule Name

OS:Schedule:Constant,
  {461827f7-2f7e-4fe0-83cb-9fd02e2f3eba}, !- Handle
  mixed water temperature schedule,       !- Name
  {853040a0-778a-4378-8ab7-36b2f6f94dcb}, !- Schedule Type Limits Name
  40.5555555555556;                       !- Value

OS:Schedule:File,
  {b31a7ed7-59bc-4a81-85cf-64a7368985c0}, !- Handle
  hot_water_fixtures,                     !- Name
  {7422676c-8a0e-4d89-a0cc-d2fc557a53ce}, !- Schedule Type Limits Name
  {3291f66a-ef3c-4844-9db3-04dcc6a97de2}, !- External File Name
  12,                                     !- Column Number
  1,                                      !- Rows to Skip at Top
  8760,                                   !- Number of Hours of Data
  ,                                       !- Column Separator
  Yes,                                    !- Interpolate to Timestep
  15,                                     !- Minutes per Item
  ,                                       !- Adjust Schedule for Daylight Savings
  Yes;                                    !- Translate File With Relative Path

OS:WaterUse:Equipment:Definition,
  {6035e147-e073-4c18-b82a-3a430b45e0e2}, !- Handle
  dhw fixtures,                           !- Name
  dhw fixtures,                           !- End-Use Subcategory
  4.24340955379841e-05,                   !- Peak Flow Rate {m3/s}
  {461827f7-2f7e-4fe0-83cb-9fd02e2f3eba}; !- Target Temperature Schedule Name

OS:WaterUse:Equipment,
  {441ce50b-6cc2-4265-ac66-f1b30ad20478}, !- Handle
  dhw fixtures,                           !- Name
  {6035e147-e073-4c18-b82a-3a430b45e0e2}, !- Water Use Equipment Definition Name
  ,                                       !- Space Name
  {b31a7ed7-59bc-4a81-85cf-64a7368985c0}; !- Flow Rate Fraction Schedule Name

OS:WaterUse:Equipment:Definition,
  {edcc1f65-3c08-421b-b6e7-c134f9638b85}, !- Handle
  dhw distribution waste,                 !- Name
  dhw distribution waste,                 !- End-Use Subcategory
  1.28642191848359e-05,                   !- Peak Flow Rate {m3/s}
  {461827f7-2f7e-4fe0-83cb-9fd02e2f3eba}; !- Target Temperature Schedule Name

OS:WaterUse:Equipment,
  {1f10bd6b-f0f5-48e7-a214-838822d1feba}, !- Handle
  dhw distribution waste,                 !- Name
  {edcc1f65-3c08-421b-b6e7-c134f9638b85}, !- Water Use Equipment Definition Name
  ,                                       !- Space Name
  {b31a7ed7-59bc-4a81-85cf-64a7368985c0}; !- Flow Rate Fraction Schedule Name

OS:Schedule:File,
  {c6e86c9c-5c43-4e9b-896c-cd1cda9f58d4}, !- Handle
  hot_water_clothes_washer,               !- Name
  {7422676c-8a0e-4d89-a0cc-d2fc557a53ce}, !- Schedule Type Limits Name
  {3291f66a-ef3c-4844-9db3-04dcc6a97de2}, !- External File Name
  8,                                      !- Column Number
  1,                                      !- Rows to Skip at Top
  8760,                                   !- Number of Hours of Data
  ,                                       !- Column Separator
  Yes,                                    !- Interpolate to Timestep
  15,                                     !- Minutes per Item
  ,                                       !- Adjust Schedule for Daylight Savings
  Yes;                                    !- Translate File With Relative Path

OS:WaterUse:Equipment:Definition,
  {ae03ecd6-33ce-42ff-b8a5-cfee75f65450}, !- Handle
  clothes washer,                         !- Name
  clothes washer,                         !- End-Use Subcategory
  1.52261184543429e-05;                   !- Peak Flow Rate {m3/s}

OS:WaterUse:Equipment,
  {19d64b14-e195-406c-a525-2ee7286e702d}, !- Handle
  clothes washer,                         !- Name
  {ae03ecd6-33ce-42ff-b8a5-cfee75f65450}, !- Water Use Equipment Definition Name
  ,                                       !- Space Name
  {c6e86c9c-5c43-4e9b-896c-cd1cda9f58d4}; !- Flow Rate Fraction Schedule Name

OS:Schedule:File,
  {b2877bc8-f7df-40fb-af56-ac88f6bb7cdb}, !- Handle
  hot_water_dishwasher,                   !- Name
  {7422676c-8a0e-4d89-a0cc-d2fc557a53ce}, !- Schedule Type Limits Name
  {3291f66a-ef3c-4844-9db3-04dcc6a97de2}, !- External File Name
  6,                                      !- Column Number
  1,                                      !- Rows to Skip at Top
  8760,                                   !- Number of Hours of Data
  ,                                       !- Column Separator
  Yes,                                    !- Interpolate to Timestep
  15,                                     !- Minutes per Item
  ,                                       !- Adjust Schedule for Daylight Savings
  Yes;                                    !- Translate File With Relative Path

OS:WaterUse:Equipment:Definition,
  {dadecbb0-26d1-4b7e-b54b-564af2d65357}, !- Handle
  dishwasher,                             !- Name
  dishwasher,                             !- End-Use Subcategory
  9.21792858403879e-06;                   !- Peak Flow Rate {m3/s}

OS:WaterUse:Equipment,
  {79dcc13e-767a-4b43-9792-00b6cd61324f}, !- Handle
  dishwasher,                             !- Name
  {dadecbb0-26d1-4b7e-b54b-564af2d65357}, !- Water Use Equipment Definition Name
  ,                                       !- Space Name
  {b2877bc8-f7df-40fb-af56-ac88f6bb7cdb}; !- Flow Rate Fraction Schedule Name

OS:Schedule:File,
  {bd5359e6-9675-418b-9b63-dcadf89ac20b}, !- Handle
  lighting_interior,                      !- Name
  {7422676c-8a0e-4d89-a0cc-d2fc557a53ce}, !- Schedule Type Limits Name
  {3291f66a-ef3c-4844-9db3-04dcc6a97de2}, !- External File Name
  5,                                      !- Column Number
  1,                                      !- Rows to Skip at Top
  8760,                                   !- Number of Hours of Data
  ,                                       !- Column Separator
  Yes,                                    !- Interpolate to Timestep
  15,                                     !- Minutes per Item
  ,                                       !- Adjust Schedule for Daylight Savings
  Yes;                                    !- Translate File With Relative Path

OS:Lights:Definition,
  {b41432b4-6651-4b67-93a4-cd1647958085}, !- Handle
  interior lighting,                      !- Name
  LightingLevel,                          !- Design Level Calculation Method
  975.028436182205,                       !- Lighting Level {W}
  ,                                       !- Watts per Space Floor Area {W/m2}
  ,                                       !- Watts per Person {W/person}
  0.6,                                    !- Fraction Radiant
  0.2,                                    !- Fraction Visible
  0;                                      !- Return Air Fraction

OS:Lights,
  {7fe5c994-5e3c-4a75-8399-8cc63b9b433e}, !- Handle
  interior lighting,                      !- Name
  {b41432b4-6651-4b67-93a4-cd1647958085}, !- Lights Definition Name
  {965e2dbf-9942-47af-8f79-871d1b8bbded}, !- Space or SpaceType Name
  {bd5359e6-9675-418b-9b63-dcadf89ac20b}, !- Schedule Name
  1,                                      !- Fraction Replaceable
  ,                                       !- Multiplier
  interior lighting;                      !- End-Use Subcategory

OS:Schedule:Ruleset,
  {c9c1c196-10d6-4be5-bf1c-49c1f5dc1956}, !- Handle
  exterior lighting schedule,             !- Name
  {7422676c-8a0e-4d89-a0cc-d2fc557a53ce}, !- Schedule Type Limits Name
  {a8a086fd-552e-468c-8f72-a0ea335a236e}; !- Default Day Schedule Name

OS:Schedule:Day,
  {a8a086fd-552e-468c-8f72-a0ea335a236e}, !- Handle
  exterior lighting schedule default day, !- Name
  {7422676c-8a0e-4d89-a0cc-d2fc557a53ce}, !- Schedule Type Limits Name
  ,                                       !- Interpolate to Timestep
  24,                                     !- Hour 1
  0,                                      !- Minute 1
  0;                                      !- Value Until Time 1

OS:Schedule:Rule,
  {92b05418-0075-4b7d-b85e-e4c50efe7ad0}, !- Handle
  exterior lighting schedule allday rule, !- Name
  {c9c1c196-10d6-4be5-bf1c-49c1f5dc1956}, !- Schedule Ruleset Name
  11,                                     !- Rule Order
  {99ebae78-381c-4e6b-949b-b39d6c49b54e}, !- Day Schedule Name
  Yes,                                    !- Apply Sunday
  Yes,                                    !- Apply Monday
  Yes,                                    !- Apply Tuesday
  Yes,                                    !- Apply Wednesday
  Yes,                                    !- Apply Thursday
  Yes,                                    !- Apply Friday
  Yes,                                    !- Apply Saturday
  DateRange,                              !- Date Specification Type
  1,                                      !- Start Month
  1,                                      !- Start Day
  1,                                      !- End Month
  31;                                     !- End Day

OS:Schedule:Day,
  {99ebae78-381c-4e6b-949b-b39d6c49b54e}, !- Handle
  exterior lighting schedule day,         !- Name
  {7422676c-8a0e-4d89-a0cc-d2fc557a53ce}, !- Schedule Type Limits Name
  ,                                       !- Interpolate to Timestep
  1,                                      !- Hour 1
  0,                                      !- Minute 1
  0.566666666666667,                      !- Value Until Time 1
  3,                                      !- Hour 2
  0,                                      !- Minute 2
  0.524166666666667,                      !- Value Until Time 2
  5,                                      !- Hour 3
  0,                                      !- Minute 3
  0.495833333333333,                      !- Value Until Time 3
  6,                                      !- Hour 4
  0,                                      !- Minute 4
  0.5525,                                 !- Value Until Time 4
  7,                                      !- Hour 5
  0,                                      !- Minute 5
  0.623333333333333,                      !- Value Until Time 5
  8,                                      !- Hour 6
  0,                                      !- Minute 6
  0.580833333333333,                      !- Value Until Time 6
  9,                                      !- Hour 7
  0,                                      !- Minute 7
  0.439166666666667,                      !- Value Until Time 7
  10,                                     !- Hour 8
  0,                                      !- Minute 8
  0.354166666666667,                      !- Value Until Time 8
  12,                                     !- Hour 9
  0,                                      !- Minute 9
  0.34,                                   !- Value Until Time 9
  13,                                     !- Hour 10
  0,                                      !- Minute 10
  0.354166666666667,                      !- Value Until Time 10
  14,                                     !- Hour 11
  0,                                      !- Minute 11
  0.396666666666667,                      !- Value Until Time 11
  15,                                     !- Hour 12
  0,                                      !- Minute 12
  0.425,                                  !- Value Until Time 12
  16,                                     !- Hour 13
  0,                                      !- Minute 13
  0.495833333333333,                      !- Value Until Time 13
  17,                                     !- Hour 14
  0,                                      !- Minute 14
  0.623333333333333,                      !- Value Until Time 14
  18,                                     !- Hour 15
  0,                                      !- Minute 15
  0.793333333333333,                      !- Value Until Time 15
  19,                                     !- Hour 16
  0,                                      !- Minute 16
  0.906666666666667,                      !- Value Until Time 16
  20,                                     !- Hour 17
  0,                                      !- Minute 17
  0.963333333333333,                      !- Value Until Time 17
  21,                                     !- Hour 18
  0,                                      !- Minute 18
  0.991666666666667,                      !- Value Until Time 18
  22,                                     !- Hour 19
  0,                                      !- Minute 19
  0.920833333333333,                      !- Value Until Time 19
  23,                                     !- Hour 20
  0,                                      !- Minute 20
  0.793333333333333,                      !- Value Until Time 20
  24,                                     !- Hour 21
  0,                                      !- Minute 21
  0.665833333333333;                      !- Value Until Time 21

OS:Schedule:Rule,
  {5e8ce904-4ee1-4db0-a49a-5c54e4510d97}, !- Handle
  exterior lighting schedule allday rule 1, !- Name
  {c9c1c196-10d6-4be5-bf1c-49c1f5dc1956}, !- Schedule Ruleset Name
  10,                                     !- Rule Order
  {a5debe83-df00-4368-9ea6-c9826fd1f59c}, !- Day Schedule Name
  Yes,                                    !- Apply Sunday
  Yes,                                    !- Apply Monday
  Yes,                                    !- Apply Tuesday
  Yes,                                    !- Apply Wednesday
  Yes,                                    !- Apply Thursday
  Yes,                                    !- Apply Friday
  Yes,                                    !- Apply Saturday
  DateRange,                              !- Date Specification Type
  2,                                      !- Start Month
  1,                                      !- Start Day
  2,                                      !- End Month
  28;                                     !- End Day

OS:Schedule:Day,
  {a5debe83-df00-4368-9ea6-c9826fd1f59c}, !- Handle
  exterior lighting schedule day 1,       !- Name
  {7422676c-8a0e-4d89-a0cc-d2fc557a53ce}, !- Schedule Type Limits Name
  ,                                       !- Interpolate to Timestep
  1,                                      !- Hour 1
  0,                                      !- Minute 1
  0.528571428571429,                      !- Value Until Time 1
  3,                                      !- Hour 2
  0,                                      !- Minute 2
  0.488928571428571,                      !- Value Until Time 2
  5,                                      !- Hour 3
  0,                                      !- Minute 3
  0.4625,                                 !- Value Until Time 3
  6,                                      !- Hour 4
  0,                                      !- Minute 4
  0.515357142857143,                      !- Value Until Time 4
  7,                                      !- Hour 5
  0,                                      !- Minute 5
  0.581428571428571,                      !- Value Until Time 5
  8,                                      !- Hour 6
  0,                                      !- Minute 6
  0.541785714285714,                      !- Value Until Time 6
  9,                                      !- Hour 7
  0,                                      !- Minute 7
  0.409642857142857,                      !- Value Until Time 7
  10,                                     !- Hour 8
  0,                                      !- Minute 8
  0.330357142857143,                      !- Value Until Time 8
  12,                                     !- Hour 9
  0,                                      !- Minute 9
  0.317142857142857,                      !- Value Until Time 9
  13,                                     !- Hour 10
  0,                                      !- Minute 10
  0.330357142857143,                      !- Value Until Time 10
  14,                                     !- Hour 11
  0,                                      !- Minute 11
  0.37,                                   !- Value Until Time 11
  15,                                     !- Hour 12
  0,                                      !- Minute 12
  0.396428571428571,                      !- Value Until Time 12
  16,                                     !- Hour 13
  0,                                      !- Minute 13
  0.4625,                                 !- Value Until Time 13
  17,                                     !- Hour 14
  0,                                      !- Minute 14
  0.581428571428571,                      !- Value Until Time 14
  18,                                     !- Hour 15
  0,                                      !- Minute 15
  0.74,                                   !- Value Until Time 15
  19,                                     !- Hour 16
  0,                                      !- Minute 16
  0.845714285714286,                      !- Value Until Time 16
  20,                                     !- Hour 17
  0,                                      !- Minute 17
  0.898571428571429,                      !- Value Until Time 17
  21,                                     !- Hour 18
  0,                                      !- Minute 18
  0.925,                                  !- Value Until Time 18
  22,                                     !- Hour 19
  0,                                      !- Minute 19
  0.858928571428571,                      !- Value Until Time 19
  23,                                     !- Hour 20
  0,                                      !- Minute 20
  0.74,                                   !- Value Until Time 20
  24,                                     !- Hour 21
  0,                                      !- Minute 21
  0.621071428571429;                      !- Value Until Time 21

OS:Schedule:Rule,
  {82dfbffa-a387-44fe-843e-0cd54b33e11d}, !- Handle
  exterior lighting schedule allday rule 2, !- Name
  {c9c1c196-10d6-4be5-bf1c-49c1f5dc1956}, !- Schedule Ruleset Name
  9,                                      !- Rule Order
  {1662d2fe-e7a0-4e3c-bd2e-ed0e41bddd1b}, !- Day Schedule Name
  Yes,                                    !- Apply Sunday
  Yes,                                    !- Apply Monday
  Yes,                                    !- Apply Tuesday
  Yes,                                    !- Apply Wednesday
  Yes,                                    !- Apply Thursday
  Yes,                                    !- Apply Friday
  Yes,                                    !- Apply Saturday
  DateRange,                              !- Date Specification Type
  3,                                      !- Start Month
  1,                                      !- Start Day
  3,                                      !- End Month
  31;                                     !- End Day

OS:Schedule:Day,
  {1662d2fe-e7a0-4e3c-bd2e-ed0e41bddd1b}, !- Handle
  exterior lighting schedule day 2,       !- Name
  {7422676c-8a0e-4d89-a0cc-d2fc557a53ce}, !- Schedule Type Limits Name
  ,                                       !- Interpolate to Timestep
  1,                                      !- Hour 1
  0,                                      !- Minute 1
  0.485714285714286,                      !- Value Until Time 1
  3,                                      !- Hour 2
  0,                                      !- Minute 2
  0.449285714285714,                      !- Value Until Time 2
  5,                                      !- Hour 3
  0,                                      !- Minute 3
  0.425,                                  !- Value Until Time 3
  6,                                      !- Hour 4
  0,                                      !- Minute 4
  0.473571428571429,                      !- Value Until Time 4
  7,                                      !- Hour 5
  0,                                      !- Minute 5
  0.534285714285714,                      !- Value Until Time 5
  8,                                      !- Hour 6
  0,                                      !- Minute 6
  0.497857142857143,                      !- Value Until Time 6
  9,                                      !- Hour 7
  0,                                      !- Minute 7
  0.376428571428571,                      !- Value Until Time 7
  10,                                     !- Hour 8
  0,                                      !- Minute 8
  0.303571428571429,                      !- Value Until Time 8
  12,                                     !- Hour 9
  0,                                      !- Minute 9
  0.291428571428571,                      !- Value Until Time 9
  13,                                     !- Hour 10
  0,                                      !- Minute 10
  0.303571428571429,                      !- Value Until Time 10
  14,                                     !- Hour 11
  0,                                      !- Minute 11
  0.34,                                   !- Value Until Time 11
  15,                                     !- Hour 12
  0,                                      !- Minute 12
  0.364285714285714,                      !- Value Until Time 12
  16,                                     !- Hour 13
  0,                                      !- Minute 13
  0.425,                                  !- Value Until Time 13
  17,                                     !- Hour 14
  0,                                      !- Minute 14
  0.534285714285714,                      !- Value Until Time 14
  18,                                     !- Hour 15
  0,                                      !- Minute 15
  0.68,                                   !- Value Until Time 15
  19,                                     !- Hour 16
  0,                                      !- Minute 16
  0.777142857142857,                      !- Value Until Time 16
  20,                                     !- Hour 17
  0,                                      !- Minute 17
  0.825714285714286,                      !- Value Until Time 17
  21,                                     !- Hour 18
  0,                                      !- Minute 18
  0.85,                                   !- Value Until Time 18
  22,                                     !- Hour 19
  0,                                      !- Minute 19
  0.789285714285714,                      !- Value Until Time 19
  23,                                     !- Hour 20
  0,                                      !- Minute 20
  0.68,                                   !- Value Until Time 20
  24,                                     !- Hour 21
  0,                                      !- Minute 21
  0.570714285714286;                      !- Value Until Time 21

OS:Schedule:Rule,
  {9129cf01-c043-4f6a-8e0e-7d78cec8af70}, !- Handle
  exterior lighting schedule allday rule 3, !- Name
  {c9c1c196-10d6-4be5-bf1c-49c1f5dc1956}, !- Schedule Ruleset Name
  8,                                      !- Rule Order
  {193a9e3a-915f-4a75-a365-ff4ec79809f8}, !- Day Schedule Name
  Yes,                                    !- Apply Sunday
  Yes,                                    !- Apply Monday
  Yes,                                    !- Apply Tuesday
  Yes,                                    !- Apply Wednesday
  Yes,                                    !- Apply Thursday
  Yes,                                    !- Apply Friday
  Yes,                                    !- Apply Saturday
  DateRange,                              !- Date Specification Type
  4,                                      !- Start Month
  1,                                      !- Start Day
  4,                                      !- End Month
  30;                                     !- End Day

OS:Schedule:Day,
  {193a9e3a-915f-4a75-a365-ff4ec79809f8}, !- Handle
  exterior lighting schedule day 3,       !- Name
  {7422676c-8a0e-4d89-a0cc-d2fc557a53ce}, !- Schedule Type Limits Name
  ,                                       !- Interpolate to Timestep
  1,                                      !- Hour 1
  0,                                      !- Minute 1
  0.442857142857143,                      !- Value Until Time 1
  3,                                      !- Hour 2
  0,                                      !- Minute 2
  0.409642857142857,                      !- Value Until Time 2
  5,                                      !- Hour 3
  0,                                      !- Minute 3
  0.3875,                                 !- Value Until Time 3
  6,                                      !- Hour 4
  0,                                      !- Minute 4
  0.431785714285714,                      !- Value Until Time 4
  7,                                      !- Hour 5
  0,                                      !- Minute 5
  0.487142857142857,                      !- Value Until Time 5
  8,                                      !- Hour 6
  0,                                      !- Minute 6
  0.453928571428571,                      !- Value Until Time 6
  9,                                      !- Hour 7
  0,                                      !- Minute 7
  0.343214285714286,                      !- Value Until Time 7
  10,                                     !- Hour 8
  0,                                      !- Minute 8
  0.276785714285714,                      !- Value Until Time 8
  12,                                     !- Hour 9
  0,                                      !- Minute 9
  0.265714285714286,                      !- Value Until Time 9
  13,                                     !- Hour 10
  0,                                      !- Minute 10
  0.276785714285714,                      !- Value Until Time 10
  14,                                     !- Hour 11
  0,                                      !- Minute 11
  0.31,                                   !- Value Until Time 11
  15,                                     !- Hour 12
  0,                                      !- Minute 12
  0.332142857142857,                      !- Value Until Time 12
  16,                                     !- Hour 13
  0,                                      !- Minute 13
  0.3875,                                 !- Value Until Time 13
  17,                                     !- Hour 14
  0,                                      !- Minute 14
  0.487142857142857,                      !- Value Until Time 14
  18,                                     !- Hour 15
  0,                                      !- Minute 15
  0.62,                                   !- Value Until Time 15
  19,                                     !- Hour 16
  0,                                      !- Minute 16
  0.708571428571429,                      !- Value Until Time 16
  20,                                     !- Hour 17
  0,                                      !- Minute 17
  0.752857142857143,                      !- Value Until Time 17
  21,                                     !- Hour 18
  0,                                      !- Minute 18
  0.775,                                  !- Value Until Time 18
  22,                                     !- Hour 19
  0,                                      !- Minute 19
  0.719642857142857,                      !- Value Until Time 19
  23,                                     !- Hour 20
  0,                                      !- Minute 20
  0.62,                                   !- Value Until Time 20
  24,                                     !- Hour 21
  0,                                      !- Minute 21
  0.520357142857143;                      !- Value Until Time 21

OS:Schedule:Rule,
  {35308cae-5308-4d29-a6fe-25a4a6a9d102}, !- Handle
  exterior lighting schedule allday rule 4, !- Name
  {c9c1c196-10d6-4be5-bf1c-49c1f5dc1956}, !- Schedule Ruleset Name
  7,                                      !- Rule Order
  {caefc4c6-73e6-4e37-8ac4-c56ca1cd8151}, !- Day Schedule Name
  Yes,                                    !- Apply Sunday
  Yes,                                    !- Apply Monday
  Yes,                                    !- Apply Tuesday
  Yes,                                    !- Apply Wednesday
  Yes,                                    !- Apply Thursday
  Yes,                                    !- Apply Friday
  Yes,                                    !- Apply Saturday
  DateRange,                              !- Date Specification Type
  5,                                      !- Start Month
  1,                                      !- Start Day
  5,                                      !- End Month
  31;                                     !- End Day

OS:Schedule:Day,
  {caefc4c6-73e6-4e37-8ac4-c56ca1cd8151}, !- Handle
  exterior lighting schedule day 4,       !- Name
  {7422676c-8a0e-4d89-a0cc-d2fc557a53ce}, !- Schedule Type Limits Name
  ,                                       !- Interpolate to Timestep
  1,                                      !- Hour 1
  0,                                      !- Minute 1
  0.4,                                    !- Value Until Time 1
  3,                                      !- Hour 2
  0,                                      !- Minute 2
  0.37,                                   !- Value Until Time 2
  5,                                      !- Hour 3
  0,                                      !- Minute 3
  0.35,                                   !- Value Until Time 3
  6,                                      !- Hour 4
  0,                                      !- Minute 4
  0.39,                                   !- Value Until Time 4
  7,                                      !- Hour 5
  0,                                      !- Minute 5
  0.44,                                   !- Value Until Time 5
  8,                                      !- Hour 6
  0,                                      !- Minute 6
  0.41,                                   !- Value Until Time 6
  9,                                      !- Hour 7
  0,                                      !- Minute 7
  0.31,                                   !- Value Until Time 7
  10,                                     !- Hour 8
  0,                                      !- Minute 8
  0.25,                                   !- Value Until Time 8
  12,                                     !- Hour 9
  0,                                      !- Minute 9
  0.24,                                   !- Value Until Time 9
  13,                                     !- Hour 10
  0,                                      !- Minute 10
  0.25,                                   !- Value Until Time 10
  14,                                     !- Hour 11
  0,                                      !- Minute 11
  0.28,                                   !- Value Until Time 11
  15,                                     !- Hour 12
  0,                                      !- Minute 12
  0.3,                                    !- Value Until Time 12
  16,                                     !- Hour 13
  0,                                      !- Minute 13
  0.35,                                   !- Value Until Time 13
  17,                                     !- Hour 14
  0,                                      !- Minute 14
  0.44,                                   !- Value Until Time 14
  18,                                     !- Hour 15
  0,                                      !- Minute 15
  0.56,                                   !- Value Until Time 15
  19,                                     !- Hour 16
  0,                                      !- Minute 16
  0.64,                                   !- Value Until Time 16
  20,                                     !- Hour 17
  0,                                      !- Minute 17
  0.68,                                   !- Value Until Time 17
  21,                                     !- Hour 18
  0,                                      !- Minute 18
  0.7,                                    !- Value Until Time 18
  22,                                     !- Hour 19
  0,                                      !- Minute 19
  0.65,                                   !- Value Until Time 19
  23,                                     !- Hour 20
  0,                                      !- Minute 20
  0.56,                                   !- Value Until Time 20
  24,                                     !- Hour 21
  0,                                      !- Minute 21
  0.47;                                   !- Value Until Time 21

OS:Schedule:Rule,
  {22453cef-3fd4-4392-b47c-d6c0d66e850f}, !- Handle
  exterior lighting schedule allday rule 5, !- Name
  {c9c1c196-10d6-4be5-bf1c-49c1f5dc1956}, !- Schedule Ruleset Name
  6,                                      !- Rule Order
  {edadf754-1bd9-4336-b0ff-da98b2162ace}, !- Day Schedule Name
  Yes,                                    !- Apply Sunday
  Yes,                                    !- Apply Monday
  Yes,                                    !- Apply Tuesday
  Yes,                                    !- Apply Wednesday
  Yes,                                    !- Apply Thursday
  Yes,                                    !- Apply Friday
  Yes,                                    !- Apply Saturday
  DateRange,                              !- Date Specification Type
  6,                                      !- Start Month
  1,                                      !- Start Day
  6,                                      !- End Month
  30;                                     !- End Day

OS:Schedule:Day,
  {edadf754-1bd9-4336-b0ff-da98b2162ace}, !- Handle
  exterior lighting schedule day 5,       !- Name
  {7422676c-8a0e-4d89-a0cc-d2fc557a53ce}, !- Schedule Type Limits Name
  ,                                       !- Interpolate to Timestep
  1,                                      !- Hour 1
  0,                                      !- Minute 1
  0.380952380952381,                      !- Value Until Time 1
  3,                                      !- Hour 2
  0,                                      !- Minute 2
  0.352380952380952,                      !- Value Until Time 2
  5,                                      !- Hour 3
  0,                                      !- Minute 3
  0.333333333333333,                      !- Value Until Time 3
  6,                                      !- Hour 4
  0,                                      !- Minute 4
  0.371428571428571,                      !- Value Until Time 4
  7,                                      !- Hour 5
  0,                                      !- Minute 5
  0.419047619047619,                      !- Value Until Time 5
  8,                                      !- Hour 6
  0,                                      !- Minute 6
  0.39047619047619,                       !- Value Until Time 6
  9,                                      !- Hour 7
  0,                                      !- Minute 7
  0.295238095238095,                      !- Value Until Time 7
  10,                                     !- Hour 8
  0,                                      !- Minute 8
  0.238095238095238,                      !- Value Until Time 8
  12,                                     !- Hour 9
  0,                                      !- Minute 9
  0.228571428571429,                      !- Value Until Time 9
  13,                                     !- Hour 10
  0,                                      !- Minute 10
  0.238095238095238,                      !- Value Until Time 10
  14,                                     !- Hour 11
  0,                                      !- Minute 11
  0.266666666666667,                      !- Value Until Time 11
  15,                                     !- Hour 12
  0,                                      !- Minute 12
  0.285714285714286,                      !- Value Until Time 12
  16,                                     !- Hour 13
  0,                                      !- Minute 13
  0.333333333333333,                      !- Value Until Time 13
  17,                                     !- Hour 14
  0,                                      !- Minute 14
  0.419047619047619,                      !- Value Until Time 14
  18,                                     !- Hour 15
  0,                                      !- Minute 15
  0.533333333333333,                      !- Value Until Time 15
  19,                                     !- Hour 16
  0,                                      !- Minute 16
  0.609523809523809,                      !- Value Until Time 16
  20,                                     !- Hour 17
  0,                                      !- Minute 17
  0.647619047619048,                      !- Value Until Time 17
  21,                                     !- Hour 18
  0,                                      !- Minute 18
  0.666666666666667,                      !- Value Until Time 18
  22,                                     !- Hour 19
  0,                                      !- Minute 19
  0.619047619047619,                      !- Value Until Time 19
  23,                                     !- Hour 20
  0,                                      !- Minute 20
  0.533333333333333,                      !- Value Until Time 20
  24,                                     !- Hour 21
  0,                                      !- Minute 21
  0.447619047619048;                      !- Value Until Time 21

OS:Schedule:Rule,
  {0065f1d7-f31d-4ce0-a7a8-aba5508e54d5}, !- Handle
  exterior lighting schedule allday rule 6, !- Name
  {c9c1c196-10d6-4be5-bf1c-49c1f5dc1956}, !- Schedule Ruleset Name
  5,                                      !- Rule Order
  {0d9814e4-fe9a-48a5-9d90-3c027d4cc156}, !- Day Schedule Name
  Yes,                                    !- Apply Sunday
  Yes,                                    !- Apply Monday
  Yes,                                    !- Apply Tuesday
  Yes,                                    !- Apply Wednesday
  Yes,                                    !- Apply Thursday
  Yes,                                    !- Apply Friday
  Yes,                                    !- Apply Saturday
  DateRange,                              !- Date Specification Type
  7,                                      !- Start Month
  1,                                      !- Start Day
  7,                                      !- End Month
  31;                                     !- End Day

OS:Schedule:Day,
  {0d9814e4-fe9a-48a5-9d90-3c027d4cc156}, !- Handle
  exterior lighting schedule day 6,       !- Name
  {7422676c-8a0e-4d89-a0cc-d2fc557a53ce}, !- Schedule Type Limits Name
  ,                                       !- Interpolate to Timestep
  1,                                      !- Hour 1
  0,                                      !- Minute 1
  0.39047619047619,                       !- Value Until Time 1
  3,                                      !- Hour 2
  0,                                      !- Minute 2
  0.361190476190476,                      !- Value Until Time 2
  5,                                      !- Hour 3
  0,                                      !- Minute 3
  0.341666666666667,                      !- Value Until Time 3
  6,                                      !- Hour 4
  0,                                      !- Minute 4
  0.380714285714286,                      !- Value Until Time 4
  7,                                      !- Hour 5
  0,                                      !- Minute 5
  0.429523809523809,                      !- Value Until Time 5
  8,                                      !- Hour 6
  0,                                      !- Minute 6
  0.400238095238095,                      !- Value Until Time 6
  9,                                      !- Hour 7
  0,                                      !- Minute 7
  0.302619047619048,                      !- Value Until Time 7
  10,                                     !- Hour 8
  0,                                      !- Minute 8
  0.244047619047619,                      !- Value Until Time 8
  12,                                     !- Hour 9
  0,                                      !- Minute 9
  0.234285714285714,                      !- Value Until Time 9
  13,                                     !- Hour 10
  0,                                      !- Minute 10
  0.244047619047619,                      !- Value Until Time 10
  14,                                     !- Hour 11
  0,                                      !- Minute 11
  0.273333333333333,                      !- Value Until Time 11
  15,                                     !- Hour 12
  0,                                      !- Minute 12
  0.292857142857143,                      !- Value Until Time 12
  16,                                     !- Hour 13
  0,                                      !- Minute 13
  0.341666666666667,                      !- Value Until Time 13
  17,                                     !- Hour 14
  0,                                      !- Minute 14
  0.429523809523809,                      !- Value Until Time 14
  18,                                     !- Hour 15
  0,                                      !- Minute 15
  0.546666666666667,                      !- Value Until Time 15
  19,                                     !- Hour 16
  0,                                      !- Minute 16
  0.624761904761905,                      !- Value Until Time 16
  20,                                     !- Hour 17
  0,                                      !- Minute 17
  0.663809523809524,                      !- Value Until Time 17
  21,                                     !- Hour 18
  0,                                      !- Minute 18
  0.683333333333333,                      !- Value Until Time 18
  22,                                     !- Hour 19
  0,                                      !- Minute 19
  0.634523809523809,                      !- Value Until Time 19
  23,                                     !- Hour 20
  0,                                      !- Minute 20
  0.546666666666667,                      !- Value Until Time 20
  24,                                     !- Hour 21
  0,                                      !- Minute 21
  0.458809523809524;                      !- Value Until Time 21

OS:Schedule:Rule,
  {ada85192-9762-4f1b-baa7-9d9d3b9bc70d}, !- Handle
  exterior lighting schedule allday rule 7, !- Name
  {c9c1c196-10d6-4be5-bf1c-49c1f5dc1956}, !- Schedule Ruleset Name
  4,                                      !- Rule Order
  {7ea8b0e9-d3cf-4eca-a93a-d2bc002c2600}, !- Day Schedule Name
  Yes,                                    !- Apply Sunday
  Yes,                                    !- Apply Monday
  Yes,                                    !- Apply Tuesday
  Yes,                                    !- Apply Wednesday
  Yes,                                    !- Apply Thursday
  Yes,                                    !- Apply Friday
  Yes,                                    !- Apply Saturday
  DateRange,                              !- Date Specification Type
  8,                                      !- Start Month
  1,                                      !- Start Day
  8,                                      !- End Month
  31;                                     !- End Day

OS:Schedule:Day,
  {7ea8b0e9-d3cf-4eca-a93a-d2bc002c2600}, !- Handle
  exterior lighting schedule day 7,       !- Name
  {7422676c-8a0e-4d89-a0cc-d2fc557a53ce}, !- Schedule Type Limits Name
  ,                                       !- Interpolate to Timestep
  1,                                      !- Hour 1
  0,                                      !- Minute 1
  0.419047619047619,                      !- Value Until Time 1
  3,                                      !- Hour 2
  0,                                      !- Minute 2
  0.387619047619048,                      !- Value Until Time 2
  5,                                      !- Hour 3
  0,                                      !- Minute 3
  0.366666666666667,                      !- Value Until Time 3
  6,                                      !- Hour 4
  0,                                      !- Minute 4
  0.408571428571429,                      !- Value Until Time 4
  7,                                      !- Hour 5
  0,                                      !- Minute 5
  0.460952380952381,                      !- Value Until Time 5
  8,                                      !- Hour 6
  0,                                      !- Minute 6
  0.42952380952381,                       !- Value Until Time 6
  9,                                      !- Hour 7
  0,                                      !- Minute 7
  0.324761904761905,                      !- Value Until Time 7
  10,                                     !- Hour 8
  0,                                      !- Minute 8
  0.261904761904762,                      !- Value Until Time 8
  12,                                     !- Hour 9
  0,                                      !- Minute 9
  0.251428571428571,                      !- Value Until Time 9
  13,                                     !- Hour 10
  0,                                      !- Minute 10
  0.261904761904762,                      !- Value Until Time 10
  14,                                     !- Hour 11
  0,                                      !- Minute 11
  0.293333333333333,                      !- Value Until Time 11
  15,                                     !- Hour 12
  0,                                      !- Minute 12
  0.314285714285714,                      !- Value Until Time 12
  16,                                     !- Hour 13
  0,                                      !- Minute 13
  0.366666666666667,                      !- Value Until Time 13
  17,                                     !- Hour 14
  0,                                      !- Minute 14
  0.460952380952381,                      !- Value Until Time 14
  18,                                     !- Hour 15
  0,                                      !- Minute 15
  0.586666666666667,                      !- Value Until Time 15
  19,                                     !- Hour 16
  0,                                      !- Minute 16
  0.67047619047619,                       !- Value Until Time 16
  20,                                     !- Hour 17
  0,                                      !- Minute 17
  0.712380952380952,                      !- Value Until Time 17
  21,                                     !- Hour 18
  0,                                      !- Minute 18
  0.733333333333333,                      !- Value Until Time 18
  22,                                     !- Hour 19
  0,                                      !- Minute 19
  0.680952380952381,                      !- Value Until Time 19
  23,                                     !- Hour 20
  0,                                      !- Minute 20
  0.586666666666667,                      !- Value Until Time 20
  24,                                     !- Hour 21
  0,                                      !- Minute 21
  0.492380952380952;                      !- Value Until Time 21

OS:Schedule:Rule,
  {ca94b621-b5f6-49e0-9b6e-b3b683ca23d5}, !- Handle
  exterior lighting schedule allday rule 8, !- Name
  {c9c1c196-10d6-4be5-bf1c-49c1f5dc1956}, !- Schedule Ruleset Name
  3,                                      !- Rule Order
  {43ee9bde-ef87-48d2-9c0b-64b50b293904}, !- Day Schedule Name
  Yes,                                    !- Apply Sunday
  Yes,                                    !- Apply Monday
  Yes,                                    !- Apply Tuesday
  Yes,                                    !- Apply Wednesday
  Yes,                                    !- Apply Thursday
  Yes,                                    !- Apply Friday
  Yes,                                    !- Apply Saturday
  DateRange,                              !- Date Specification Type
  9,                                      !- Start Month
  1,                                      !- Start Day
  9,                                      !- End Month
  30;                                     !- End Day

OS:Schedule:Day,
  {43ee9bde-ef87-48d2-9c0b-64b50b293904}, !- Handle
  exterior lighting schedule day 8,       !- Name
  {7422676c-8a0e-4d89-a0cc-d2fc557a53ce}, !- Schedule Type Limits Name
  ,                                       !- Interpolate to Timestep
  1,                                      !- Hour 1
  0,                                      !- Minute 1
  0.466666666666667,                      !- Value Until Time 1
  3,                                      !- Hour 2
  0,                                      !- Minute 2
  0.431666666666667,                      !- Value Until Time 2
  5,                                      !- Hour 3
  0,                                      !- Minute 3
  0.408333333333333,                      !- Value Until Time 3
  6,                                      !- Hour 4
  0,                                      !- Minute 4
  0.455,                                  !- Value Until Time 4
  7,                                      !- Hour 5
  0,                                      !- Minute 5
  0.513333333333333,                      !- Value Until Time 5
  8,                                      !- Hour 6
  0,                                      !- Minute 6
  0.478333333333333,                      !- Value Until Time 6
  9,                                      !- Hour 7
  0,                                      !- Minute 7
  0.361666666666667,                      !- Value Until Time 7
  10,                                     !- Hour 8
  0,                                      !- Minute 8
  0.291666666666667,                      !- Value Until Time 8
  12,                                     !- Hour 9
  0,                                      !- Minute 9
  0.28,                                   !- Value Until Time 9
  13,                                     !- Hour 10
  0,                                      !- Minute 10
  0.291666666666667,                      !- Value Until Time 10
  14,                                     !- Hour 11
  0,                                      !- Minute 11
  0.326666666666667,                      !- Value Until Time 11
  15,                                     !- Hour 12
  0,                                      !- Minute 12
  0.35,                                   !- Value Until Time 12
  16,                                     !- Hour 13
  0,                                      !- Minute 13
  0.408333333333333,                      !- Value Until Time 13
  17,                                     !- Hour 14
  0,                                      !- Minute 14
  0.513333333333333,                      !- Value Until Time 14
  18,                                     !- Hour 15
  0,                                      !- Minute 15
  0.653333333333333,                      !- Value Until Time 15
  19,                                     !- Hour 16
  0,                                      !- Minute 16
  0.746666666666667,                      !- Value Until Time 16
  20,                                     !- Hour 17
  0,                                      !- Minute 17
  0.793333333333333,                      !- Value Until Time 17
  21,                                     !- Hour 18
  0,                                      !- Minute 18
  0.816666666666667,                      !- Value Until Time 18
  22,                                     !- Hour 19
  0,                                      !- Minute 19
  0.758333333333333,                      !- Value Until Time 19
  23,                                     !- Hour 20
  0,                                      !- Minute 20
  0.653333333333333,                      !- Value Until Time 20
  24,                                     !- Hour 21
  0,                                      !- Minute 21
  0.548333333333333;                      !- Value Until Time 21

OS:Schedule:Rule,
  {8fcdcd30-add4-4acd-888d-467cd522c024}, !- Handle
  exterior lighting schedule allday rule 9, !- Name
  {c9c1c196-10d6-4be5-bf1c-49c1f5dc1956}, !- Schedule Ruleset Name
  2,                                      !- Rule Order
  {0a0d174d-6de9-4148-af83-34d59722ef12}, !- Day Schedule Name
  Yes,                                    !- Apply Sunday
  Yes,                                    !- Apply Monday
  Yes,                                    !- Apply Tuesday
  Yes,                                    !- Apply Wednesday
  Yes,                                    !- Apply Thursday
  Yes,                                    !- Apply Friday
  Yes,                                    !- Apply Saturday
  DateRange,                              !- Date Specification Type
  10,                                     !- Start Month
  1,                                      !- Start Day
  10,                                     !- End Month
  31;                                     !- End Day

OS:Schedule:Day,
  {0a0d174d-6de9-4148-af83-34d59722ef12}, !- Handle
  exterior lighting schedule day 9,       !- Name
  {7422676c-8a0e-4d89-a0cc-d2fc557a53ce}, !- Schedule Type Limits Name
  ,                                       !- Interpolate to Timestep
  1,                                      !- Hour 1
  0,                                      !- Minute 1
  0.50952380952381,                       !- Value Until Time 1
  3,                                      !- Hour 2
  0,                                      !- Minute 2
  0.471309523809524,                      !- Value Until Time 2
  5,                                      !- Hour 3
  0,                                      !- Minute 3
  0.445833333333333,                      !- Value Until Time 3
  6,                                      !- Hour 4
  0,                                      !- Minute 4
  0.496785714285714,                      !- Value Until Time 4
  7,                                      !- Hour 5
  0,                                      !- Minute 5
  0.56047619047619,                       !- Value Until Time 5
  8,                                      !- Hour 6
  0,                                      !- Minute 6
  0.522261904761905,                      !- Value Until Time 6
  9,                                      !- Hour 7
  0,                                      !- Minute 7
  0.394880952380952,                      !- Value Until Time 7
  10,                                     !- Hour 8
  0,                                      !- Minute 8
  0.318452380952381,                      !- Value Until Time 8
  12,                                     !- Hour 9
  0,                                      !- Minute 9
  0.305714285714286,                      !- Value Until Time 9
  13,                                     !- Hour 10
  0,                                      !- Minute 10
  0.318452380952381,                      !- Value Until Time 10
  14,                                     !- Hour 11
  0,                                      !- Minute 11
  0.356666666666667,                      !- Value Until Time 11
  15,                                     !- Hour 12
  0,                                      !- Minute 12
  0.382142857142857,                      !- Value Until Time 12
  16,                                     !- Hour 13
  0,                                      !- Minute 13
  0.445833333333333,                      !- Value Until Time 13
  17,                                     !- Hour 14
  0,                                      !- Minute 14
  0.56047619047619,                       !- Value Until Time 14
  18,                                     !- Hour 15
  0,                                      !- Minute 15
  0.713333333333333,                      !- Value Until Time 15
  19,                                     !- Hour 16
  0,                                      !- Minute 16
  0.815238095238095,                      !- Value Until Time 16
  20,                                     !- Hour 17
  0,                                      !- Minute 17
  0.866190476190476,                      !- Value Until Time 17
  21,                                     !- Hour 18
  0,                                      !- Minute 18
  0.891666666666667,                      !- Value Until Time 18
  22,                                     !- Hour 19
  0,                                      !- Minute 19
  0.82797619047619,                       !- Value Until Time 19
  23,                                     !- Hour 20
  0,                                      !- Minute 20
  0.713333333333333,                      !- Value Until Time 20
  24,                                     !- Hour 21
  0,                                      !- Minute 21
  0.598690476190476;                      !- Value Until Time 21

OS:Schedule:Rule,
  {ac9f9ccf-0730-4e0d-b3ab-894988694dba}, !- Handle
  exterior lighting schedule allday rule 10, !- Name
  {c9c1c196-10d6-4be5-bf1c-49c1f5dc1956}, !- Schedule Ruleset Name
  1,                                      !- Rule Order
  {1c08a411-c070-475a-b889-7a07d3cf75dd}, !- Day Schedule Name
  Yes,                                    !- Apply Sunday
  Yes,                                    !- Apply Monday
  Yes,                                    !- Apply Tuesday
  Yes,                                    !- Apply Wednesday
  Yes,                                    !- Apply Thursday
  Yes,                                    !- Apply Friday
  Yes,                                    !- Apply Saturday
  DateRange,                              !- Date Specification Type
  11,                                     !- Start Month
  1,                                      !- Start Day
  11,                                     !- End Month
  30;                                     !- End Day

OS:Schedule:Day,
  {1c08a411-c070-475a-b889-7a07d3cf75dd}, !- Handle
  exterior lighting schedule day 10,      !- Name
  {7422676c-8a0e-4d89-a0cc-d2fc557a53ce}, !- Schedule Type Limits Name
  ,                                       !- Interpolate to Timestep
  1,                                      !- Hour 1
  0,                                      !- Minute 1
  0.552380952380952,                      !- Value Until Time 1
  3,                                      !- Hour 2
  0,                                      !- Minute 2
  0.510952380952381,                      !- Value Until Time 2
  5,                                      !- Hour 3
  0,                                      !- Minute 3
  0.483333333333333,                      !- Value Until Time 3
  6,                                      !- Hour 4
  0,                                      !- Minute 4
  0.538571428571428,                      !- Value Until Time 4
  7,                                      !- Hour 5
  0,                                      !- Minute 5
  0.607619047619048,                      !- Value Until Time 5
  8,                                      !- Hour 6
  0,                                      !- Minute 6
  0.566190476190476,                      !- Value Until Time 6
  9,                                      !- Hour 7
  0,                                      !- Minute 7
  0.428095238095238,                      !- Value Until Time 7
  10,                                     !- Hour 8
  0,                                      !- Minute 8
  0.345238095238095,                      !- Value Until Time 8
  12,                                     !- Hour 9
  0,                                      !- Minute 9
  0.331428571428571,                      !- Value Until Time 9
  13,                                     !- Hour 10
  0,                                      !- Minute 10
  0.345238095238095,                      !- Value Until Time 10
  14,                                     !- Hour 11
  0,                                      !- Minute 11
  0.386666666666667,                      !- Value Until Time 11
  15,                                     !- Hour 12
  0,                                      !- Minute 12
  0.414285714285714,                      !- Value Until Time 12
  16,                                     !- Hour 13
  0,                                      !- Minute 13
  0.483333333333333,                      !- Value Until Time 13
  17,                                     !- Hour 14
  0,                                      !- Minute 14
  0.607619047619048,                      !- Value Until Time 14
  18,                                     !- Hour 15
  0,                                      !- Minute 15
  0.773333333333333,                      !- Value Until Time 15
  19,                                     !- Hour 16
  0,                                      !- Minute 16
  0.883809523809524,                      !- Value Until Time 16
  20,                                     !- Hour 17
  0,                                      !- Minute 17
  0.939047619047619,                      !- Value Until Time 17
  21,                                     !- Hour 18
  0,                                      !- Minute 18
  0.966666666666667,                      !- Value Until Time 18
  22,                                     !- Hour 19
  0,                                      !- Minute 19
  0.897619047619048,                      !- Value Until Time 19
  23,                                     !- Hour 20
  0,                                      !- Minute 20
  0.773333333333333,                      !- Value Until Time 20
  24,                                     !- Hour 21
  0,                                      !- Minute 21
  0.649047619047619;                      !- Value Until Time 21

OS:Schedule:Rule,
  {8ebb73d8-f03c-47d7-895c-8d97e9f60128}, !- Handle
  exterior lighting schedule allday rule 11, !- Name
  {c9c1c196-10d6-4be5-bf1c-49c1f5dc1956}, !- Schedule Ruleset Name
  0,                                      !- Rule Order
  {ce50ca4f-a1b8-4531-a1f0-20eb9c7dcd43}, !- Day Schedule Name
  Yes,                                    !- Apply Sunday
  Yes,                                    !- Apply Monday
  Yes,                                    !- Apply Tuesday
  Yes,                                    !- Apply Wednesday
  Yes,                                    !- Apply Thursday
  Yes,                                    !- Apply Friday
  Yes,                                    !- Apply Saturday
  DateRange,                              !- Date Specification Type
  12,                                     !- Start Month
  1,                                      !- Start Day
  12,                                     !- End Month
  31;                                     !- End Day

OS:Schedule:Day,
  {ce50ca4f-a1b8-4531-a1f0-20eb9c7dcd43}, !- Handle
  exterior lighting schedule day 11,      !- Name
  {7422676c-8a0e-4d89-a0cc-d2fc557a53ce}, !- Schedule Type Limits Name
  ,                                       !- Interpolate to Timestep
  1,                                      !- Hour 1
  0,                                      !- Minute 1
  0.571428571428571,                      !- Value Until Time 1
  3,                                      !- Hour 2
  0,                                      !- Minute 2
  0.528571428571428,                      !- Value Until Time 2
  5,                                      !- Hour 3
  0,                                      !- Minute 3
  0.5,                                    !- Value Until Time 3
  6,                                      !- Hour 4
  0,                                      !- Minute 4
  0.557142857142857,                      !- Value Until Time 4
  7,                                      !- Hour 5
  0,                                      !- Minute 5
  0.628571428571428,                      !- Value Until Time 5
  8,                                      !- Hour 6
  0,                                      !- Minute 6
  0.585714285714286,                      !- Value Until Time 6
  9,                                      !- Hour 7
  0,                                      !- Minute 7
  0.442857142857143,                      !- Value Until Time 7
  10,                                     !- Hour 8
  0,                                      !- Minute 8
  0.357142857142857,                      !- Value Until Time 8
  12,                                     !- Hour 9
  0,                                      !- Minute 9
  0.342857142857143,                      !- Value Until Time 9
  13,                                     !- Hour 10
  0,                                      !- Minute 10
  0.357142857142857,                      !- Value Until Time 10
  14,                                     !- Hour 11
  0,                                      !- Minute 11
  0.4,                                    !- Value Until Time 11
  15,                                     !- Hour 12
  0,                                      !- Minute 12
  0.428571428571428,                      !- Value Until Time 12
  16,                                     !- Hour 13
  0,                                      !- Minute 13
  0.5,                                    !- Value Until Time 13
  17,                                     !- Hour 14
  0,                                      !- Minute 14
  0.628571428571428,                      !- Value Until Time 14
  18,                                     !- Hour 15
  0,                                      !- Minute 15
  0.8,                                    !- Value Until Time 15
  19,                                     !- Hour 16
  0,                                      !- Minute 16
  0.914285714285714,                      !- Value Until Time 16
  20,                                     !- Hour 17
  0,                                      !- Minute 17
  0.971428571428571,                      !- Value Until Time 17
  21,                                     !- Hour 18
  0,                                      !- Minute 18
  1,                                      !- Value Until Time 18
  22,                                     !- Hour 19
  0,                                      !- Minute 19
  0.928571428571428,                      !- Value Until Time 19
  23,                                     !- Hour 20
  0,                                      !- Minute 20
  0.8,                                    !- Value Until Time 20
  24,                                     !- Hour 21
  0,                                      !- Minute 21
  0.671428571428571;                      !- Value Until Time 21

OS:Exterior:Lights:Definition,
  {67699566-ddb1-4340-a40f-f333f583ea71}, !- Handle
  exterior lighting,                      !- Name
  37.1441095890411;                       !- Design Level {W}

OS:Exterior:Lights,
  {7691c569-d948-4d17-bd21-ae549d4bca36}, !- Handle
  exterior lighting,                      !- Name
  {67699566-ddb1-4340-a40f-f333f583ea71}, !- Exterior Lights Definition Name
  {c9c1c196-10d6-4be5-bf1c-49c1f5dc1956}, !- Schedule Name
  ,                                       !- Control Option
  ,                                       !- Multiplier
  exterior lighting;                      !- End-Use Subcategory

OS:Schedule:File,
  {6dab956c-3b76-4a53-9e52-1d83bde8f61a}, !- Handle
  plug_loads_tv,                          !- Name
  {7422676c-8a0e-4d89-a0cc-d2fc557a53ce}, !- Schedule Type Limits Name
  {3291f66a-ef3c-4844-9db3-04dcc6a97de2}, !- External File Name
  3,                                      !- Column Number
  1,                                      !- Rows to Skip at Top
  8760,                                   !- Number of Hours of Data
  ,                                       !- Column Separator
  Yes,                                    !- Interpolate to Timestep
  15,                                     !- Minutes per Item
  ,                                       !- Adjust Schedule for Daylight Savings
  Yes;                                    !- Translate File With Relative Path

OS:ElectricEquipment:Definition,
  {7ef8c9f4-cab2-4e89-94fa-e65d14ef4228}, !- Handle
  misc tv,                                !- Name
  EquipmentLevel,                         !- Design Level Calculation Method
  570.975310180892,                       !- Design Level {W}
  ,                                       !- Watts per Space Floor Area {W/m2}
  ,                                       !- Watts per Person {W/person}
  0,                                      !- Fraction Latent
  0.6,                                    !- Fraction Radiant
  0;                                      !- Fraction Lost

OS:ElectricEquipment,
  {10b7a5d7-51a9-44f2-9254-28803a75b040}, !- Handle
  misc tv,                                !- Name
  {7ef8c9f4-cab2-4e89-94fa-e65d14ef4228}, !- Electric Equipment Definition Name
  {965e2dbf-9942-47af-8f79-871d1b8bbded}, !- Space or SpaceType Name
  {6dab956c-3b76-4a53-9e52-1d83bde8f61a}, !- Schedule Name
  ,                                       !- Multiplier
  misc tv;                                !- End-Use Subcategory

OS:Schedule:File,
  {99c930f3-2f08-4c97-a0f8-e6fc51599f5c}, !- Handle
  plug_loads_other,                       !- Name
  {7422676c-8a0e-4d89-a0cc-d2fc557a53ce}, !- Schedule Type Limits Name
  {3291f66a-ef3c-4844-9db3-04dcc6a97de2}, !- External File Name
  2,                                      !- Column Number
  1,                                      !- Rows to Skip at Top
  8760,                                   !- Number of Hours of Data
  ,                                       !- Column Separator
  Yes,                                    !- Interpolate to Timestep
  15,                                     !- Minutes per Item
  ,                                       !- Adjust Schedule for Daylight Savings
  Yes;                                    !- Translate File With Relative Path

OS:ElectricEquipment:Definition,
  {e2b957ed-8be6-447a-a70b-b11ecab87f53}, !- Handle
  misc plug loads,                        !- Name
  EquipmentLevel,                         !- Design Level Calculation Method
  343.959598542479,                       !- Design Level {W}
  ,                                       !- Watts per Space Floor Area {W/m2}
  ,                                       !- Watts per Person {W/person}
  0.021,                                  !- Fraction Latent
  0.558,                                  !- Fraction Radiant
  0.0489999999999999;                     !- Fraction Lost

OS:ElectricEquipment,
  {a844469f-6941-4ca9-a65b-59c0bdf4ff74}, !- Handle
  misc plug loads,                        !- Name
  {e2b957ed-8be6-447a-a70b-b11ecab87f53}, !- Electric Equipment Definition Name
  {965e2dbf-9942-47af-8f79-871d1b8bbded}, !- Space or SpaceType Name
  {99c930f3-2f08-4c97-a0f8-e6fc51599f5c}, !- Schedule Name
  ,                                       !- Multiplier
  misc plug loads;                        !- End-Use Subcategory

OS:Schedule:File,
  {424bb598-67db-4cdf-8722-cd483558a1fb}, !- Handle
  occupants,                              !- Name
  {7422676c-8a0e-4d89-a0cc-d2fc557a53ce}, !- Schedule Type Limits Name
  {3291f66a-ef3c-4844-9db3-04dcc6a97de2}, !- External File Name
  1,                                      !- Column Number
  1,                                      !- Rows to Skip at Top
  8760,                                   !- Number of Hours of Data
  ,                                       !- Column Separator
  Yes,                                    !- Interpolate to Timestep
  15,                                     !- Minutes per Item
  ,                                       !- Adjust Schedule for Daylight Savings
  Yes;                                    !- Translate File With Relative Path

OS:Schedule:Constant,
  {68ef2a9e-46cf-4cbf-9e19-ef7c974cf346}, !- Handle
  occupants activity schedule,            !- Name
  {aae10d47-a1cc-4632-a14e-42767cad2dfc}, !- Schedule Type Limits Name
  117.228428068889;                       !- Value

OS:People:Definition,
  {a4ba32cf-729e-44cf-b649-fe20dd43eb20}, !- Handle
  occupants,                              !- Name
  People,                                 !- Number of People Calculation Method
  3,                                      !- Number of People {people}
  ,                                       !- People per Space Floor Area {person/m2}
  ,                                       !- Space Floor Area per Person {m2/person}
  0.314170909090909,                      !- Fraction Radiant
  0.563030303030303,                      !- Sensible Heat Fraction
  0,                                      !- Carbon Dioxide Generation Rate {m3/s-W}
  No,                                     !- Enable ASHRAE 55 Comfort Warnings
  EnclosureAveraged;                      !- Mean Radiant Temperature Calculation Type

OS:People,
  {1fbac9ed-d4e7-49a9-bf7f-a4c1352c70eb}, !- Handle
  occupants,                              !- Name
  {a4ba32cf-729e-44cf-b649-fe20dd43eb20}, !- People Definition Name
  {965e2dbf-9942-47af-8f79-871d1b8bbded}, !- Space or SpaceType Name
  {424bb598-67db-4cdf-8722-cd483558a1fb}, !- Number of People Schedule Name
  {68ef2a9e-46cf-4cbf-9e19-ef7c974cf346}, !- Activity Level Schedule Name
  ,                                       !- Surface Name/Angle Factor List Name
  ,                                       !- Work Efficiency Schedule Name
  ,                                       !- Clothing Insulation Schedule Name
  ,                                       !- Air Velocity Schedule Name
  1;                                      !- Multiplier

OS:ScheduleTypeLimits,
  {aae10d47-a1cc-4632-a14e-42767cad2dfc}, !- Handle
  ActivityLevel,                          !- Name
  0,                                      !- Lower Limit Value
  ,                                       !- Upper Limit Value
  Continuous,                             !- Numeric Type
  ActivityLevel;                          !- Unit Type

OS:Schedule:Ruleset,
  {99a5054a-94ed-4029-ad6a-f9d809157b41}, !- Handle
  general water use schedule,             !- Name
  {7422676c-8a0e-4d89-a0cc-d2fc557a53ce}, !- Schedule Type Limits Name
  {d3c64358-33cf-4630-a1b1-75e83d2b665c}; !- Default Day Schedule Name

OS:Schedule:Day,
  {d3c64358-33cf-4630-a1b1-75e83d2b665c}, !- Handle
  general water use schedule default day, !- Name
  {7422676c-8a0e-4d89-a0cc-d2fc557a53ce}, !- Schedule Type Limits Name
  ,                                       !- Interpolate to Timestep
  24,                                     !- Hour 1
  0,                                      !- Minute 1
  0;                                      !- Value Until Time 1

OS:Schedule:Rule,
  {9e87d489-917e-422b-81f3-644a7a2f0be2}, !- Handle
  general water use schedule allday rule, !- Name
  {99a5054a-94ed-4029-ad6a-f9d809157b41}, !- Schedule Ruleset Name
  0,                                      !- Rule Order
  {f60e6571-11b7-4df7-8bf2-e6faaa66b5de}, !- Day Schedule Name
  Yes,                                    !- Apply Sunday
  Yes,                                    !- Apply Monday
  Yes,                                    !- Apply Tuesday
  Yes,                                    !- Apply Wednesday
  Yes,                                    !- Apply Thursday
  Yes,                                    !- Apply Friday
  Yes,                                    !- Apply Saturday
  DateRange,                              !- Date Specification Type
  1,                                      !- Start Month
  1,                                      !- Start Day
  12,                                     !- End Month
  31;                                     !- End Day

OS:Schedule:Day,
  {f60e6571-11b7-4df7-8bf2-e6faaa66b5de}, !- Handle
  general water use schedule day,         !- Name
  {7422676c-8a0e-4d89-a0cc-d2fc557a53ce}, !- Schedule Type Limits Name
  ,                                       !- Interpolate to Timestep
  1,                                      !- Hour 1
  0,                                      !- Minute 1
  0.315068493150685,                      !- Value Until Time 1
  3,                                      !- Hour 2
  0,                                      !- Minute 2
  0.287671232876712,                      !- Value Until Time 2
  4,                                      !- Hour 3
  0,                                      !- Minute 3
  0.342465753424658,                      !- Value Until Time 3
  5,                                      !- Hour 4
  0,                                      !- Minute 4
  0.36986301369863,                       !- Value Until Time 4
  6,                                      !- Hour 5
  0,                                      !- Minute 5
  0.520547945205479,                      !- Value Until Time 5
  7,                                      !- Hour 6
  0,                                      !- Minute 6
  0.602739726027397,                      !- Value Until Time 6
  8,                                      !- Hour 7
  0,                                      !- Minute 7
  0.534246575342466,                      !- Value Until Time 7
  10,                                     !- Hour 8
  0,                                      !- Minute 8
  0.506849315068493,                      !- Value Until Time 8
  11,                                     !- Hour 9
  0,                                      !- Minute 9
  0.465753424657534,                      !- Value Until Time 9
  14,                                     !- Hour 10
  0,                                      !- Minute 10
  0.479452054794521,                      !- Value Until Time 10
  15,                                     !- Hour 11
  0,                                      !- Minute 11
  0.534246575342466,                      !- Value Until Time 11
  16,                                     !- Hour 12
  0,                                      !- Minute 12
  0.589041095890411,                      !- Value Until Time 12
  17,                                     !- Hour 13
  0,                                      !- Minute 13
  0.698630136986301,                      !- Value Until Time 13
  18,                                     !- Hour 14
  0,                                      !- Minute 14
  0.876712328767123,                      !- Value Until Time 14
  19,                                     !- Hour 15
  0,                                      !- Minute 15
  0.89041095890411,                       !- Value Until Time 15
  20,                                     !- Hour 16
  0,                                      !- Minute 16
  0.986301369863014,                      !- Value Until Time 16
  21,                                     !- Hour 17
  0,                                      !- Minute 17
  1,                                      !- Value Until Time 17
  22,                                     !- Hour 18
  0,                                      !- Minute 18
  0.863013698630137,                      !- Value Until Time 18
  23,                                     !- Hour 19
  0,                                      !- Minute 19
  0.616438356164384,                      !- Value Until Time 19
  24,                                     !- Hour 20
  0,                                      !- Minute 20
  0.465753424657534;                      !- Value Until Time 20

OS:OtherEquipment:Definition,
  {68166a9c-1c6f-4e85-bc4c-f3fbcf1bad34}, !- Handle
  general water use sensible,             !- Name
  EquipmentLevel,                         !- Design Level Calculation Method
  -61.6890717420309,                      !- Design Level {W}
  ,                                       !- Watts per Space Floor Area {W/m2}
  ,                                       !- Watts per Person {W/Person}
  0,                                      !- Fraction Latent
  0.6,                                    !- Fraction Radiant
  0;                                      !- Fraction Lost

OS:OtherEquipment,
  {4b58defe-da76-4a0b-b15c-2e8515eebe8f}, !- Handle
  general water use sensible,             !- Name
  {68166a9c-1c6f-4e85-bc4c-f3fbcf1bad34}, !- Other Equipment Definition Name
  {965e2dbf-9942-47af-8f79-871d1b8bbded}, !- Space or SpaceType Name
  {99a5054a-94ed-4029-ad6a-f9d809157b41}, !- Schedule Name
  ,                                       !- Multiplier
  ,                                       !- Fuel Type
  general water use sensible;             !- End-Use Subcategory

OS:OtherEquipment:Definition,
  {a60f958f-d170-4545-a88a-d1a9fb3ff36d}, !- Handle
  general water use latent,               !- Name
  EquipmentLevel,                         !- Design Level Calculation Method
  62.5940458996157,                       !- Design Level {W}
  ,                                       !- Watts per Space Floor Area {W/m2}
  ,                                       !- Watts per Person {W/Person}
  1,                                      !- Fraction Latent
  0,                                      !- Fraction Radiant
  0;                                      !- Fraction Lost

OS:OtherEquipment,
  {efdb5531-7536-413a-822d-6b80ebfed645}, !- Handle
  general water use latent,               !- Name
  {a60f958f-d170-4545-a88a-d1a9fb3ff36d}, !- Other Equipment Definition Name
  {965e2dbf-9942-47af-8f79-871d1b8bbded}, !- Space or SpaceType Name
  {99a5054a-94ed-4029-ad6a-f9d809157b41}, !- Schedule Name
  ,                                       !- Multiplier
  ,                                       !- Fuel Type
  general water use latent;               !- End-Use Subcategory

OS:EnergyManagementSystem:Sensor,
  {7cfa69d2-dec1-40db-889d-4073f8d314be}, !- Handle
  out_pb_s,                               !- Name
  ,                                       !- Output Variable or Output Meter Index Key Name
  Site Outdoor Air Barometric Pressure;   !- Output Variable or Output Meter Name

OS:EnergyManagementSystem:Sensor,
  {fdb6c7f0-b197-4b55-807a-379201a6ac8d}, !- Handle
  out_wt_s,                               !- Name
  ,                                       !- Output Variable or Output Meter Index Key Name
  Site Outdoor Air Humidity Ratio;        !- Output Variable or Output Meter Name

OS:EnergyManagementSystem:Sensor,
  {ceee489d-c72f-439d-a906-f12dbfbc95a0}, !- Handle
  win_s,                                  !- Name
  conditioned space,                      !- Output Variable or Output Meter Index Key Name
  Zone Air Humidity Ratio;                !- Output Variable or Output Meter Name

OS:EnergyManagementSystem:Sensor,
  {2e5e0ecb-77f2-4caf-824b-6f173a58975b}, !- Handle
  site_vw_s,                              !- Name
  ,                                       !- Output Variable or Output Meter Index Key Name
  Site Wind Speed;                        !- Output Variable or Output Meter Name

OS:EnergyManagementSystem:Sensor,
  {90a0ec3f-b5c4-4267-b4f1-7be91864a589}, !- Handle
  tin_s,                                  !- Name
  conditioned space,                      !- Output Variable or Output Meter Index Key Name
  Zone Mean Air Temperature;              !- Output Variable or Output Meter Name

OS:EnergyManagementSystem:Sensor,
  {2e0cdf1e-5c03-43fa-9c8c-912bfd45e55e}, !- Handle
  tout_s,                                 !- Name
  conditioned space,                      !- Output Variable or Output Meter Index Key Name
  Zone Outdoor Air Drybulb Temperature;   !- Output Variable or Output Meter Name

OS:Schedule:Ruleset,
  {f432c891-6ad1-43a2-90c5-c27742d96175}, !- Handle
  cooling season schedule,                !- Name
  {7422676c-8a0e-4d89-a0cc-d2fc557a53ce}, !- Schedule Type Limits Name
  {403f1995-6c5e-4613-9d4c-c337bec4c307}; !- Default Day Schedule Name

OS:Schedule:Day,
  {403f1995-6c5e-4613-9d4c-c337bec4c307}, !- Handle
  cooling season schedule default day,    !- Name
  {7422676c-8a0e-4d89-a0cc-d2fc557a53ce}, !- Schedule Type Limits Name
  ,                                       !- Interpolate to Timestep
  24,                                     !- Hour 1
  0,                                      !- Minute 1
  0;                                      !- Value Until Time 1

OS:Schedule:Rule,
  {fd1201aa-5d82-4a15-a820-a05341f76332}, !- Handle
  cooling season schedule allday rule,    !- Name
  {f432c891-6ad1-43a2-90c5-c27742d96175}, !- Schedule Ruleset Name
  2,                                      !- Rule Order
  {885884d2-2b7e-42e7-a346-d596b3d8c9a8}, !- Day Schedule Name
  Yes,                                    !- Apply Sunday
  Yes,                                    !- Apply Monday
  Yes,                                    !- Apply Tuesday
  Yes,                                    !- Apply Wednesday
  Yes,                                    !- Apply Thursday
  Yes,                                    !- Apply Friday
  Yes,                                    !- Apply Saturday
  DateRange,                              !- Date Specification Type
  1,                                      !- Start Month
  1,                                      !- Start Day
  5,                                      !- End Month
  31;                                     !- End Day

OS:Schedule:Day,
  {885884d2-2b7e-42e7-a346-d596b3d8c9a8}, !- Handle
  cooling season schedule day,            !- Name
  {7422676c-8a0e-4d89-a0cc-d2fc557a53ce}, !- Schedule Type Limits Name
  ,                                       !- Interpolate to Timestep
  24,                                     !- Hour 1
  0,                                      !- Minute 1
  0;                                      !- Value Until Time 1

OS:Schedule:Rule,
  {2b7443e0-b302-495d-b780-ccb5c71804e0}, !- Handle
  cooling season schedule allday rule 1,  !- Name
  {f432c891-6ad1-43a2-90c5-c27742d96175}, !- Schedule Ruleset Name
  1,                                      !- Rule Order
  {b32155e1-44e8-4355-80db-34f1917c02df}, !- Day Schedule Name
  Yes,                                    !- Apply Sunday
  Yes,                                    !- Apply Monday
  Yes,                                    !- Apply Tuesday
  Yes,                                    !- Apply Wednesday
  Yes,                                    !- Apply Thursday
  Yes,                                    !- Apply Friday
  Yes,                                    !- Apply Saturday
  DateRange,                              !- Date Specification Type
  6,                                      !- Start Month
  1,                                      !- Start Day
  9,                                      !- End Month
  30;                                     !- End Day

OS:Schedule:Day,
  {b32155e1-44e8-4355-80db-34f1917c02df}, !- Handle
  cooling season schedule day 1,          !- Name
  {7422676c-8a0e-4d89-a0cc-d2fc557a53ce}, !- Schedule Type Limits Name
  ,                                       !- Interpolate to Timestep
  24,                                     !- Hour 1
  0,                                      !- Minute 1
  1;                                      !- Value Until Time 1

OS:Schedule:Rule,
  {428f43a5-b508-44b9-ad04-650ddcc8350e}, !- Handle
  cooling season schedule allday rule 2,  !- Name
  {f432c891-6ad1-43a2-90c5-c27742d96175}, !- Schedule Ruleset Name
  0,                                      !- Rule Order
  {d38697ec-df61-488e-a7f7-b5ff57470201}, !- Day Schedule Name
  Yes,                                    !- Apply Sunday
  Yes,                                    !- Apply Monday
  Yes,                                    !- Apply Tuesday
  Yes,                                    !- Apply Wednesday
  Yes,                                    !- Apply Thursday
  Yes,                                    !- Apply Friday
  Yes,                                    !- Apply Saturday
  DateRange,                              !- Date Specification Type
  10,                                     !- Start Month
  1,                                      !- Start Day
  12,                                     !- End Month
  31;                                     !- End Day

OS:Schedule:Day,
  {d38697ec-df61-488e-a7f7-b5ff57470201}, !- Handle
  cooling season schedule day 2,          !- Name
  {7422676c-8a0e-4d89-a0cc-d2fc557a53ce}, !- Schedule Type Limits Name
  ,                                       !- Interpolate to Timestep
  24,                                     !- Hour 1
  0,                                      !- Minute 1
  0;                                      !- Value Until Time 1

OS:EnergyManagementSystem:Sensor,
  {c7cf2135-6aad-43c2-aa51-1fa7ed51c640}, !- Handle
  cool_season,                            !- Name
  cooling season schedule,                !- Output Variable or Output Meter Index Key Name
  Schedule Value;                         !- Output Variable or Output Meter Name

OS:EnergyManagementSystem:GlobalVariable,
  {9fbc8849-7990-4801-b9c7-53b0858da643}, !- Handle
  central_ac_and_furnace_airloop_Fan_RTF; !- Name

OS:EnergyManagementSystem:InternalVariable,
  {980fb1a5-193d-4afa-b19d-f995a7ba90c9}, !- Handle
  central_ac_and_furnace_airloop_max_sup_fan_mfr, !- Name
  central ac and furnace supply fan,      !- Internal Data Index Key Name
  Fan Maximum Mass Flow Rate;             !- Internal Data Type

OS:EnergyManagementSystem:Sensor,
  {9b392506-c777-4372-89b4-515153d03683}, !- Handle
  central_ac_and_furnace_airloop_Fan_RTF_s, !- Name
  central ac and furnace supply fan,      !- Output Variable or Output Meter Index Key Name
  Fan Runtime Fraction Speed 1;           !- Output Variable or Output Meter Name

OS:EnergyManagementSystem:Sensor,
  {bcd866da-4317-4fed-a116-a6ddfaff3582}, !- Handle
  central_ac_and_furnace_airloop_Fan_RTF_s_1, !- Name
  central ac and furnace supply fan,      !- Output Variable or Output Meter Index Key Name
  Fan Runtime Fraction Speed 2;           !- Output Variable or Output Meter Name

OS:Schedule:Ruleset,
  {78dab5d4-4b41-4ac8-8c55-8e9c0b19ba1f}, !- Handle
  natural vent schedule,                  !- Name
  {6f4f4e1d-1d03-4917-917d-6d7bd685ab7e}, !- Schedule Type Limits Name
  {3e501f3d-f882-4b20-b270-c30bfb254a51}; !- Default Day Schedule Name

OS:Schedule:Day,
  {3e501f3d-f882-4b20-b270-c30bfb254a51}, !- Handle
  natural vent schedule default day,      !- Name
  {6f4f4e1d-1d03-4917-917d-6d7bd685ab7e}, !- Schedule Type Limits Name
  ,                                       !- Interpolate to Timestep
  24,                                     !- Hour 1
  0,                                      !- Minute 1
  0;                                      !- Value Until Time 1

OS:Schedule:Rule,
  {e73c89eb-51af-40bd-92fc-18cda91c2e1d}, !- Handle
  natural vent schedule rule,             !- Name
  {78dab5d4-4b41-4ac8-8c55-8e9c0b19ba1f}, !- Schedule Ruleset Name
  0,                                      !- Rule Order
  {56a484b8-575c-4d2c-944e-7313f7fd2330}, !- Day Schedule Name
  No,                                     !- Apply Sunday
  Yes,                                    !- Apply Monday
  No,                                     !- Apply Tuesday
  Yes,                                    !- Apply Wednesday
  No,                                     !- Apply Thursday
  Yes,                                    !- Apply Friday
  No,                                     !- Apply Saturday
  DateRange,                              !- Date Specification Type
  1,                                      !- Start Month
  1,                                      !- Start Day
  12,                                     !- End Month
  31;                                     !- End Day

OS:Schedule:Day,
  {56a484b8-575c-4d2c-944e-7313f7fd2330}, !- Handle
  natural vent schedule day,              !- Name
  {6f4f4e1d-1d03-4917-917d-6d7bd685ab7e}, !- Schedule Type Limits Name
  ,                                       !- Interpolate to Timestep
  24,                                     !- Hour 1
  0,                                      !- Minute 1
  1;                                      !- Value Until Time 1

OS:EnergyManagementSystem:Sensor,
  {7b7c58cc-3a5a-4c64-af5f-d1899de96559}, !- Handle
  natural_vent_s,                         !- Name
  natural vent schedule,                  !- Output Variable or Output Meter Index Key Name
  Schedule Value;                         !- Output Variable or Output Meter Name

OS:EnergyManagementSystem:Sensor,
  {68cfeea5-ab39-404e-9252-eb2415942324}, !- Handle
  htg_sp_s,                               !- Name
  heating setpoint,                       !- Output Variable or Output Meter Index Key Name
  Schedule Value;                         !- Output Variable or Output Meter Name

OS:EnergyManagementSystem:Sensor,
  {dffeb2a1-36dd-4678-aa25-4b48537a54e2}, !- Handle
  clg_sp_s,                               !- Name
  cooling setpoint,                       !- Output Variable or Output Meter Index Key Name
  Schedule Value;                         !- Output Variable or Output Meter Name

OS:SpaceInfiltration:DesignFlowRate,
  {e0721f3a-5e0e-4bcf-ade8-7d96cc9c8720}, !- Handle
  natural vent flow,                      !- Name
  {965e2dbf-9942-47af-8f79-871d1b8bbded}, !- Space or SpaceType Name
  {42fbbcfa-dc99-49bd-8258-07ce46a853a9}, !- Schedule Name
  Flow/Space,                             !- Design Flow Rate Calculation Method
  0,                                      !- Design Flow Rate {m3/s}
  ,                                       !- Flow per Space Floor Area {m3/s-m2}
  ,                                       !- Flow per Exterior Surface Area {m3/s-m2}
  ,                                       !- Air Changes per Hour {1/hr}
  ,                                       !- Constant Term Coefficient
  ,                                       !- Temperature Term Coefficient
  ,                                       !- Velocity Term Coefficient
  ;                                       !- Velocity Squared Term Coefficient

OS:AdditionalProperties,
  {4d35b033-ec40-4a5c-9f0f-918c2b7157c7}, !- Handle
  {e0721f3a-5e0e-4bcf-ade8-7d96cc9c8720}, !- Object Name
  ObjectType,                             !- Feature Name 1
  String,                                 !- Feature Data Type 1
  natural vent;                           !- Feature Value 1

OS:EnergyManagementSystem:Actuator,
  {dfbd5f16-ff99-402f-9228-ff2618393354}, !- Handle
  natural_vent_flow_act,                  !- Name
  {e0721f3a-5e0e-4bcf-ade8-7d96cc9c8720}, !- Actuated Component Name
  Zone Infiltration,                      !- Actuated Component Type
  Air Exchange Flow Rate,                 !- Actuated Component Control Type
  ;                                       !- Zone or Space Name

OS:SpaceInfiltration:DesignFlowRate,
  {8811d439-c2a8-4b74-8a7f-f6dbb72de403}, !- Handle
  whole house fan flow,                   !- Name
  {965e2dbf-9942-47af-8f79-871d1b8bbded}, !- Space or SpaceType Name
  {42fbbcfa-dc99-49bd-8258-07ce46a853a9}, !- Schedule Name
  Flow/Space,                             !- Design Flow Rate Calculation Method
  0,                                      !- Design Flow Rate {m3/s}
  ,                                       !- Flow per Space Floor Area {m3/s-m2}
  ,                                       !- Flow per Exterior Surface Area {m3/s-m2}
  ,                                       !- Air Changes per Hour {1/hr}
  ,                                       !- Constant Term Coefficient
  ,                                       !- Temperature Term Coefficient
  ,                                       !- Velocity Term Coefficient
  ;                                       !- Velocity Squared Term Coefficient

OS:AdditionalProperties,
  {fd069e3f-354e-422d-89af-06e5e5d93597}, !- Handle
  {8811d439-c2a8-4b74-8a7f-f6dbb72de403}, !- Object Name
  ObjectType,                             !- Feature Name 1
  String,                                 !- Feature Data Type 1
  whole house fan;                        !- Feature Value 1

OS:EnergyManagementSystem:Actuator,
  {1b5ba759-8dbd-4143-8484-bf508de59c95}, !- Handle
  whole_house_fan_flow_act,               !- Name
  {8811d439-c2a8-4b74-8a7f-f6dbb72de403}, !- Actuated Component Name
  Zone Infiltration,                      !- Actuated Component Type
  Air Exchange Flow Rate,                 !- Actuated Component Control Type
  ;                                       !- Zone or Space Name

OS:ElectricEquipment:Definition,
  {8de9960c-7261-4f4f-b69d-7a995b8bc618}, !- Handle
  whole house fan,                        !- Name
  EquipmentLevel,                         !- Design Level Calculation Method
  0,                                      !- Design Level {W}
  ,                                       !- Watts per Space Floor Area {W/m2}
  ,                                       !- Watts per Person {W/person}
  0,                                      !- Fraction Latent
  0,                                      !- Fraction Radiant
  1;                                      !- Fraction Lost

OS:ElectricEquipment,
  {7b675fef-05d4-4d79-a13b-c213284896fd}, !- Handle
  whole house fan,                        !- Name
  {8de9960c-7261-4f4f-b69d-7a995b8bc618}, !- Electric Equipment Definition Name
  {965e2dbf-9942-47af-8f79-871d1b8bbded}, !- Space or SpaceType Name
  {42fbbcfa-dc99-49bd-8258-07ce46a853a9}, !- Schedule Name
  ,                                       !- Multiplier
  whole house fan;                        !- End-Use Subcategory

OS:EnergyManagementSystem:Actuator,
  {c192a625-0098-42bb-814d-07f4ee466b75}, !- Handle
  whole_house_fan_act,                    !- Name
  {7b675fef-05d4-4d79-a13b-c213284896fd}, !- Actuated Component Name
  ElectricEquipment,                      !- Actuated Component Type
  Electricity Rate,                       !- Actuated Component Control Type
  {965e2dbf-9942-47af-8f79-871d1b8bbded}; !- Zone or Space Name

OS:EnergyManagementSystem:Program,
  {96a7417c-fc24-4bce-8359-aadec6371829}, !- Handle
  natural_vent_program,                   !- Name
  Set Tin = tin_s,                        !- Program Line 1
  Set Tout = tout_s,                      !- Program Line 2
  Set Wout = out_wt_s,                    !- Program Line 3
  Set Pbar = out_pb_s,                    !- Program Line 4
  Set Phiout = (@RhFnTdbWPb Tout Wout Pbar), !- Program Line 5
  Set MaxHR = 0.0115,                     !- Program Line 6
  Set Tnvsp = (htg_sp_s + clg_sp_s) / 2,  !- Program Line 7
  Set NVavail = natural_vent_s,           !- Program Line 8
  Set ClgSsnAvail = cool_season,          !- Program Line 9
  Set Qnv = 0,                            !- Program Line 10
  Set Qwhf = 0,                           !- Program Line 11
  Set whole_house_fan_act = 0,            !- Program Line 12
  If ((Wout < MaxHR) && (Tin > Tout) && (Tin > Tnvsp) && (ClgSsnAvail > 0)), !- Program Line 13
  Set WHF_Flow = 0,                       !- Program Line 14
  Set Adj = (Tin-Tnvsp)/(Tin-Tout),       !- Program Line 15
  Set Adj = (@Min Adj 1),                 !- Program Line 16
  Set Adj = (@Max Adj 0),                 !- Program Line 17
  If (WHF_Flow > 0),                      !- Program Line 18
  Set Qwhf = WHF_Flow*Adj,                !- Program Line 19
  Set WHF_W = 0,                          !- Program Line 20
  Set whole_house_fan_act = WHF_W*Adj,    !- Program Line 21
  ElseIf (NVavail > 0),                   !- Program Line 22
  Set NVArea = 2778.618442752,            !- Program Line 23
  Set Cs = 0.00010930442197923115,        !- Program Line 24
  Set Cw = 7.138622473985284e-05,         !- Program Line 25
  Set Tdiff = Tin-Tout,                   !- Program Line 26
  Set dT = (@Abs Tdiff),                  !- Program Line 27
  Set Vwind = site_vw_s,                  !- Program Line 28
  Set SGNV = NVArea*Adj*((((Cs*dT)+(Cw*(Vwind^2)))^0.5)/1000), !- Program Line 29
  Set MaxNV = 1.5454705606656003,         !- Program Line 30
  Set Qnv = (@Min SGNV MaxNV),            !- Program Line 31
  EndIf,                                  !- Program Line 32
  EndIf,                                  !- Program Line 33
  Set natural_vent_flow_act = Qnv,        !- Program Line 34
  Set whole_house_fan_flow_act = Qwhf,    !- Program Line 35
  Set natural_vent_program_Qnv = Qnv,     !- Program Line 36
  Set natural_vent_program_Qwhf = Qwhf;   !- Program Line 37

OS:AdditionalProperties,
  {7cde158e-834e-4ffa-ae72-b7dce97d0fb6}, !- Handle
  {96a7417c-fc24-4bce-8359-aadec6371829}, !- Object Name
  ObjectType,                             !- Feature Name 1
  String,                                 !- Feature Data Type 1
  natural vent;                           !- Feature Value 1

OS:EnergyManagementSystem:ProgramCallingManager,
  {d2138abf-daf0-4aa1-bf39-6a3073ea6b10}, !- Handle
  natural_vent_program_calling_manager,   !- Name
  BeginZoneTimestepAfterInitHeatBalance,  !- EnergyPlus Model Calling Point
  {96a7417c-fc24-4bce-8359-aadec6371829}; !- Program Name 1

OS:EnergyManagementSystem:GlobalVariable,
  {e7a3f986-d143-4bb8-852e-9dfb6d200c72}, !- Handle
  natural_vent_program_Qnv;               !- Name

OS:EnergyManagementSystem:GlobalVariable,
  {6f5d67fa-94ef-4935-91ec-21b662b16c46}, !- Handle
  natural_vent_program_Qwhf;              !- Name

OS:AdditionalProperties,
  {190619e2-fe7d-42f8-ae0e-8750db34d39e}, !- Handle
  {e7a3f986-d143-4bb8-852e-9dfb6d200c72}, !- Object Name
  ObjectType,                             !- Feature Name 1
  String,                                 !- Feature Data Type 1
  natural vent;                           !- Feature Value 1

OS:AdditionalProperties,
  {63e6b826-00c0-4c1e-8112-a18cb8ae6856}, !- Handle
  {6f5d67fa-94ef-4935-91ec-21b662b16c46}, !- Object Name
  ObjectType,                             !- Feature Name 1
  String,                                 !- Feature Data Type 1
  whole house fan;                        !- Feature Value 1

OS:Schedule:Constant,
  {e61405e8-64af-4923-8dc3-64e4747972f9}, !- Handle
  mech vent house fan schedule,           !- Name
  {7422676c-8a0e-4d89-a0cc-d2fc557a53ce}, !- Schedule Type Limits Name
  1;                                      !- Value

OS:ElectricEquipment:Definition,
  {27eefebe-f420-44f2-8ef2-e79eb2c6a64d}, !- Handle
  mech vent house fan,                    !- Name
  EquipmentLevel,                         !- Design Level Calculation Method
  0,                                      !- Design Level {W}
  ,                                       !- Watts per Space Floor Area {W/m2}
  ,                                       !- Watts per Person {W/person}
  0,                                      !- Fraction Latent
  0,                                      !- Fraction Radiant
  1;                                      !- Fraction Lost

OS:ElectricEquipment,
  {032b4d43-429e-4306-b9cd-40cc13009c07}, !- Handle
  mech vent house fan,                    !- Name
  {27eefebe-f420-44f2-8ef2-e79eb2c6a64d}, !- Electric Equipment Definition Name
  {965e2dbf-9942-47af-8f79-871d1b8bbded}, !- Space or SpaceType Name
  {e61405e8-64af-4923-8dc3-64e4747972f9}, !- Schedule Name
  ,                                       !- Multiplier
  mech vent;                              !- End-Use Subcategory

OS:Schedule:Constant,
  {2e9202de-64bf-4f09-976b-1862243534c1}, !- Handle
  mech vent house fan cfis schedule,      !- Name
  {7422676c-8a0e-4d89-a0cc-d2fc557a53ce}, !- Schedule Type Limits Name
  1;                                      !- Value

OS:ElectricEquipment:Definition,
  {74177b06-3b06-439c-b23a-3fa592a1fa5f}, !- Handle
  mech vent house fan cfis,               !- Name
  EquipmentLevel,                         !- Design Level Calculation Method
  0,                                      !- Design Level {W}
  ,                                       !- Watts per Space Floor Area {W/m2}
  ,                                       !- Watts per Person {W/person}
  0,                                      !- Fraction Latent
  0,                                      !- Fraction Radiant
  0;                                      !- Fraction Lost

OS:ElectricEquipment,
  {df1f3c7f-02d6-4f47-821d-aca2eebbaddf}, !- Handle
  mech vent house fan cfis,               !- Name
  {74177b06-3b06-439c-b23a-3fa592a1fa5f}, !- Electric Equipment Definition Name
  {965e2dbf-9942-47af-8f79-871d1b8bbded}, !- Space or SpaceType Name
  {2e9202de-64bf-4f09-976b-1862243534c1}, !- Schedule Name
  ,                                       !- Multiplier
  mech vent;                              !- End-Use Subcategory

OS:EnergyManagementSystem:Actuator,
  {beddb679-0320-4092-90cf-de1ed8a02ed0}, !- Handle
  mech_vent_house_fan_cfis_act,           !- Name
  {df1f3c7f-02d6-4f47-821d-aca2eebbaddf}, !- Actuated Component Name
  ElectricEquipment,                      !- Actuated Component Type
  Electricity Rate,                       !- Actuated Component Control Type
  {965e2dbf-9942-47af-8f79-871d1b8bbded}; !- Zone or Space Name

OS:EnergyManagementSystem:Program,
  {919ea9bf-610f-4ab0-a796-8cc73254680d}, !- Handle
  infil_program,                          !- Name
  Set p_m = 0.14,                         !- Program Line 1
  Set p_s = 0.22,                         !- Program Line 2
  Set s_m = 270,                          !- Program Line 3
  Set s_s = 370,                          !- Program Line 4
  Set z_m = 9.99744,                      !- Program Line 5
  Set z_s = 2.9718,                       !- Program Line 6
  Set f_t = (((s_m/z_m)^p_m)*((z_s/s_s)^p_s)), !- Program Line 7
  Set Tdiff = tin_s-tout_s,               !- Program Line 8
  Set dT = @Abs Tdiff,                    !- Program Line 9
  Set c = 0.0601,                         !- Program Line 10
  Set Cs = 0.0747,                        !- Program Line 11
  Set Cw = 0.1495,                        !- Program Line 12
  Set n = 0.65,                           !- Program Line 13
  Set sft = (f_t*0.7000000000000001),     !- Program Line 14
  Set temp1 = ((c*Cw)*((sft*site_vw_s)^(2*n)))^2, !- Program Line 15
  Set Qinf = (((c*Cs*(dT^n))^2)+temp1)^0.5, !- Program Line 16
  Set Qinf = (@Max Qinf 0),               !- Program Line 17
  Set mech_vent_house_fan_sensible_load_act = 0.0, !- Program Line 18
  Set mech_vent_house_fan_latent_load_act = 0.0, !- Program Line 19
  Set OASupInPb = out_pb_s,               !- Program Line 20
  Set OASupInTemp = tout_s,               !- Program Line 21
  Set OASupInW = out_wt_s,                !- Program Line 22
  Set OASupRho = (@RhoAirFnPbTdbW OASupInPb OASupInTemp OASupInW), !- Program Line 23
  Set OASupCp = (@CpAirFnW OASupInW),     !- Program Line 24
  Set OASupInEnth = (@HFnTdbW OASupInTemp OASupInW), !- Program Line 25
  Set ZoneTemp = tin_s,                   !- Program Line 26
  Set ZoneW = win_s,                      !- Program Line 27
  Set ZoneCp = (@CpAirFnW ZoneW),         !- Program Line 28
  Set ZoneAirEnth = (@HFnTdbW ZoneTemp ZoneW), !- Program Line 29
  Set mech_vent_house_fan_cfis_act = 0.0, !- Program Line 30
  Set QWHV_cfis_sup = 0.0,                !- Program Line 31
  Set QWHV_cfis_suppl_sup = 0.0,          !- Program Line 32
  Set QWHV_cfis_suppl_exh = 0.0,          !- Program Line 33
  Set Qrange = 0,                         !- Program Line 34
  Set Qrange = Qrange + 0.04719 * mech_vent_range_fan_0_sch_s, !- Program Line 35
  Set Qbath = 0,                          !- Program Line 36
  Set Qbath = Qbath + 0.0236 * mech_vent_bath_fan_0_sch_s, !- Program Line 37
  Set Qdryer = 0,                         !- Program Line 38
  Set Qdryer = Qdryer + 0.13933 * clothes_dryer_exhaust_0_sch_s, !- Program Line 39
  Set QWHV_sup = 0.0,                     !- Program Line 40
  Set QWHV_exh = 0.0,                     !- Program Line 41
  Set Qsupply = QWHV_sup + QWHV_cfis_sup + QWHV_cfis_suppl_sup, !- Program Line 42
  Set Qexhaust = Qrange + Qbath + Qdryer + QWHV_exh + QWHV_cfis_suppl_exh, !- Program Line 43
  Set Qfan = (@Max Qexhaust Qsupply),     !- Program Line 44
  Set Qducts = 0,                         !- Program Line 45
  If Qducts < 0,                          !- Program Line 46
  Set Qsupply = Qsupply - Qducts,         !- Program Line 47
  Else,                                   !- Program Line 48
  Set Qexhaust = Qexhaust + Qducts,       !- Program Line 49
  EndIf,                                  !- Program Line 50
  Set Qfan_with_ducts = (@Max Qexhaust Qsupply), !- Program Line 51
  Set Qimb = (@Abs (Qsupply - Qexhaust)), !- Program Line 52
  If Qinf + Qimb > 0,                     !- Program Line 53
  Set Qtot = Qfan_with_ducts + (Qinf^2) / (Qinf + Qimb), !- Program Line 54
  Else,                                   !- Program Line 55
  Set Qtot = Qfan_with_ducts,             !- Program Line 56
  EndIf,                                  !- Program Line 57
  Set Qinf_adj = Qtot - Qfan,             !- Program Line 58
  Set infil_flow_act = Qinf_adj,          !- Program Line 59
  Set infil_program_Qinf = Qinf_adj,      !- Program Line 60
  Set infil_program_Qfan = Qfan,          !- Program Line 61
  Set Qload = Qfan,                       !- Program Line 62
  Set Effectiveness_Sens = 0.0,           !- Program Line 63
  Set Effectiveness_Lat = 0.0,            !- Program Line 64
  Set Fan_MFR = Qload * OASupRho,         !- Program Line 65
  Set ZoneInEnth = OASupInEnth,           !- Program Line 66
  Set ZoneInTemp = OASupInTemp,           !- Program Line 67
  Set FanTotalToCond = Fan_MFR * (ZoneInEnth - ZoneAirEnth), !- Program Line 68
  Set FanSensToCond = Fan_MFR * ZoneCp * (ZoneInTemp - ZoneTemp), !- Program Line 69
  Set FanLatToCond = FanTotalToCond - FanSensToCond, !- Program Line 70
  Set mech_vent_house_fan_sensible_load_act = mech_vent_house_fan_sensible_load_act + FanSensToCond, !- Program Line 71
  Set mech_vent_house_fan_latent_load_act = mech_vent_house_fan_latent_load_act + FanLatToCond; !- Program Line 72

OS:AdditionalProperties,
  {a475e3b1-99ff-4134-a4b9-0e1b8c93e164}, !- Handle
  {919ea9bf-610f-4ab0-a796-8cc73254680d}, !- Object Name
  ObjectType,                             !- Feature Name 1
  String,                                 !- Feature Data Type 1
  infil;                                  !- Feature Value 1

OS:OtherEquipment:Definition,
  {20b40b4b-0a4b-498a-b867-4a3f225cc0c5}, !- Handle
  mech vent house fan sensible load,      !- Name
  EquipmentLevel,                         !- Design Level Calculation Method
  0,                                      !- Design Level {W}
  ,                                       !- Watts per Space Floor Area {W/m2}
  ,                                       !- Watts per Person {W/Person}
  0,                                      !- Fraction Latent
  0,                                      !- Fraction Radiant
  0;                                      !- Fraction Lost

OS:OtherEquipment,
  {7e032262-d054-455c-a238-2de40326706f}, !- Handle
  mech vent house fan sensible load,      !- Name
  {20b40b4b-0a4b-498a-b867-4a3f225cc0c5}, !- Other Equipment Definition Name
  {965e2dbf-9942-47af-8f79-871d1b8bbded}, !- Space or SpaceType Name
  {42fbbcfa-dc99-49bd-8258-07ce46a853a9}, !- Schedule Name
  ,                                       !- Multiplier
  ,                                       !- Fuel Type
  mech vent house fan;                    !- End-Use Subcategory

OS:EnergyManagementSystem:Actuator,
  {83c49735-e291-4e88-bc4e-e82cd55c6058}, !- Handle
  mech_vent_house_fan_sensible_load_act,  !- Name
  {7e032262-d054-455c-a238-2de40326706f}, !- Actuated Component Name
  OtherEquipment,                         !- Actuated Component Type
  Power Level,                            !- Actuated Component Control Type
  {965e2dbf-9942-47af-8f79-871d1b8bbded}; !- Zone or Space Name

OS:OtherEquipment:Definition,
  {773b03e0-feff-47b0-bfdd-ff737dd77021}, !- Handle
  mech vent house fan latent load,        !- Name
  EquipmentLevel,                         !- Design Level Calculation Method
  0,                                      !- Design Level {W}
  ,                                       !- Watts per Space Floor Area {W/m2}
  ,                                       !- Watts per Person {W/Person}
  1,                                      !- Fraction Latent
  0,                                      !- Fraction Radiant
  0;                                      !- Fraction Lost

OS:OtherEquipment,
  {a7478c58-a517-49d5-98f4-3e9e5d58bb4b}, !- Handle
  mech vent house fan latent load,        !- Name
  {773b03e0-feff-47b0-bfdd-ff737dd77021}, !- Other Equipment Definition Name
  {965e2dbf-9942-47af-8f79-871d1b8bbded}, !- Space or SpaceType Name
  {42fbbcfa-dc99-49bd-8258-07ce46a853a9}, !- Schedule Name
  ,                                       !- Multiplier
  ,                                       !- Fuel Type
  mech vent house fan;                    !- End-Use Subcategory

OS:EnergyManagementSystem:Actuator,
  {fefefe63-dbb3-4d90-a923-5411bbb3f43e}, !- Handle
  mech_vent_house_fan_latent_load_act,    !- Name
  {a7478c58-a517-49d5-98f4-3e9e5d58bb4b}, !- Actuated Component Name
  OtherEquipment,                         !- Actuated Component Type
  Power Level,                            !- Actuated Component Control Type
  {965e2dbf-9942-47af-8f79-871d1b8bbded}; !- Zone or Space Name

OS:SpaceInfiltration:DesignFlowRate,
  {09a449d6-b86e-4d69-8841-9ebad769e7e5}, !- Handle
  infil flow,                             !- Name
  {965e2dbf-9942-47af-8f79-871d1b8bbded}, !- Space or SpaceType Name
  {42fbbcfa-dc99-49bd-8258-07ce46a853a9}, !- Schedule Name
  Flow/Space,                             !- Design Flow Rate Calculation Method
  0,                                      !- Design Flow Rate {m3/s}
  ,                                       !- Flow per Space Floor Area {m3/s-m2}
  ,                                       !- Flow per Exterior Surface Area {m3/s-m2}
  ,                                       !- Air Changes per Hour {1/hr}
  ,                                       !- Constant Term Coefficient
  ,                                       !- Temperature Term Coefficient
  ,                                       !- Velocity Term Coefficient
  ;                                       !- Velocity Squared Term Coefficient

OS:EnergyManagementSystem:Actuator,
  {8ab498e7-d016-4887-bd32-57888857efa9}, !- Handle
  infil_flow_act,                         !- Name
  {09a449d6-b86e-4d69-8841-9ebad769e7e5}, !- Actuated Component Name
  Zone Infiltration,                      !- Actuated Component Type
  Air Exchange Flow Rate,                 !- Actuated Component Control Type
  ;                                       !- Zone or Space Name

OS:AdditionalProperties,
  {970b21af-082d-428a-9a54-3c017de94af0}, !- Handle
  {09a449d6-b86e-4d69-8841-9ebad769e7e5}, !- Object Name
  ObjectType,                             !- Feature Name 1
  String,                                 !- Feature Data Type 1
  infil;                                  !- Feature Value 1

OS:Schedule:Ruleset,
  {90534d10-4df6-44ec-adf9-2209d7d8948b}, !- Handle
  mech vent range fan 0 schedule,         !- Name
  {7422676c-8a0e-4d89-a0cc-d2fc557a53ce}, !- Schedule Type Limits Name
  {b7e91dd3-75a1-4b03-84d7-fd96e41d9090}; !- Default Day Schedule Name

OS:Schedule:Day,
  {b7e91dd3-75a1-4b03-84d7-fd96e41d9090}, !- Handle
  mech vent range fan 0 schedule default day, !- Name
  {7422676c-8a0e-4d89-a0cc-d2fc557a53ce}, !- Schedule Type Limits Name
  ,                                       !- Interpolate to Timestep
  24,                                     !- Hour 1
  0,                                      !- Minute 1
  0;                                      !- Value Until Time 1

OS:Schedule:Rule,
  {bce6939e-2e83-46ce-b497-af1f86cbef66}, !- Handle
  mech vent range fan 0 schedule allday rule, !- Name
  {90534d10-4df6-44ec-adf9-2209d7d8948b}, !- Schedule Ruleset Name
  0,                                      !- Rule Order
  {851f896d-8364-4957-a06e-7f4a9ac9e0e6}, !- Day Schedule Name
  Yes,                                    !- Apply Sunday
  Yes,                                    !- Apply Monday
  Yes,                                    !- Apply Tuesday
  Yes,                                    !- Apply Wednesday
  Yes,                                    !- Apply Thursday
  Yes,                                    !- Apply Friday
  Yes,                                    !- Apply Saturday
  DateRange,                              !- Date Specification Type
  1,                                      !- Start Month
  1,                                      !- Start Day
  12,                                     !- End Month
  31;                                     !- End Day

OS:Schedule:Day,
  {851f896d-8364-4957-a06e-7f4a9ac9e0e6}, !- Handle
  mech vent range fan 0 schedule day,     !- Name
  {7422676c-8a0e-4d89-a0cc-d2fc557a53ce}, !- Schedule Type Limits Name
  ,                                       !- Interpolate to Timestep
  17,                                     !- Hour 1
  0,                                      !- Minute 1
  0,                                      !- Value Until Time 1
  18,                                     !- Hour 2
  0,                                      !- Minute 2
  1,                                      !- Value Until Time 2
  24,                                     !- Hour 3
  0,                                      !- Minute 3
  0;                                      !- Value Until Time 3

OS:EnergyManagementSystem:Sensor,
  {c5da7040-799b-4d00-a4d1-4b4b88f7ba25}, !- Handle
  mech_vent_range_fan_0_sch_s,            !- Name
  mech vent range fan 0 schedule,         !- Output Variable or Output Meter Index Key Name
  Schedule Value;                         !- Output Variable or Output Meter Name

OS:ElectricEquipment:Definition,
  {0bbe646d-439e-4219-a97f-44ae206e7e51}, !- Handle
  mech vent range fan 0,                  !- Name
  EquipmentLevel,                         !- Design Level Calculation Method
  30,                                     !- Design Level {W}
  ,                                       !- Watts per Space Floor Area {W/m2}
  ,                                       !- Watts per Person {W/person}
  0,                                      !- Fraction Latent
  0,                                      !- Fraction Radiant
  1;                                      !- Fraction Lost

OS:ElectricEquipment,
  {a4edfc6a-0d1a-4749-89b1-e12081206c04}, !- Handle
  mech vent range fan 0,                  !- Name
  {0bbe646d-439e-4219-a97f-44ae206e7e51}, !- Electric Equipment Definition Name
  {965e2dbf-9942-47af-8f79-871d1b8bbded}, !- Space or SpaceType Name
  {90534d10-4df6-44ec-adf9-2209d7d8948b}, !- Schedule Name
  ,                                       !- Multiplier
  mech vent;                              !- End-Use Subcategory

OS:Schedule:Ruleset,
  {61ef38be-2a00-4341-8e2d-ba826a431a31}, !- Handle
  mech vent bath fan 0 schedule,          !- Name
  {7422676c-8a0e-4d89-a0cc-d2fc557a53ce}, !- Schedule Type Limits Name
  {56f9a1fe-e035-4d98-8bff-eb3c661d34b9}; !- Default Day Schedule Name

OS:Schedule:Day,
  {56f9a1fe-e035-4d98-8bff-eb3c661d34b9}, !- Handle
  mech vent bath fan 0 schedule default day, !- Name
  {7422676c-8a0e-4d89-a0cc-d2fc557a53ce}, !- Schedule Type Limits Name
  ,                                       !- Interpolate to Timestep
  24,                                     !- Hour 1
  0,                                      !- Minute 1
  0;                                      !- Value Until Time 1

OS:Schedule:Rule,
  {ca345fd2-3a43-4c40-bfb9-ea0393bea356}, !- Handle
  mech vent bath fan 0 schedule allday rule, !- Name
  {61ef38be-2a00-4341-8e2d-ba826a431a31}, !- Schedule Ruleset Name
  0,                                      !- Rule Order
  {2c0eb1b2-dc0c-4ae9-9695-71acae9d5b54}, !- Day Schedule Name
  Yes,                                    !- Apply Sunday
  Yes,                                    !- Apply Monday
  Yes,                                    !- Apply Tuesday
  Yes,                                    !- Apply Wednesday
  Yes,                                    !- Apply Thursday
  Yes,                                    !- Apply Friday
  Yes,                                    !- Apply Saturday
  DateRange,                              !- Date Specification Type
  1,                                      !- Start Month
  1,                                      !- Start Day
  12,                                     !- End Month
  31;                                     !- End Day

OS:Schedule:Day,
  {2c0eb1b2-dc0c-4ae9-9695-71acae9d5b54}, !- Handle
  mech vent bath fan 0 schedule day,      !- Name
  {7422676c-8a0e-4d89-a0cc-d2fc557a53ce}, !- Schedule Type Limits Name
  ,                                       !- Interpolate to Timestep
  10,                                     !- Hour 1
  0,                                      !- Minute 1
  0,                                      !- Value Until Time 1
  11,                                     !- Hour 2
  0,                                      !- Minute 2
  1,                                      !- Value Until Time 2
  24,                                     !- Hour 3
  0,                                      !- Minute 3
  0;                                      !- Value Until Time 3

OS:EnergyManagementSystem:Sensor,
  {888e9e3b-a209-451b-857e-df92a3b57b48}, !- Handle
  mech_vent_bath_fan_0_sch_s,             !- Name
  mech vent bath fan 0 schedule,          !- Output Variable or Output Meter Index Key Name
  Schedule Value;                         !- Output Variable or Output Meter Name

OS:ElectricEquipment:Definition,
  {8806ce20-e23e-4e96-bbb2-887a3f94214e}, !- Handle
  mech vent bath fan 0,                   !- Name
  EquipmentLevel,                         !- Design Level Calculation Method
  15,                                     !- Design Level {W}
  ,                                       !- Watts per Space Floor Area {W/m2}
  ,                                       !- Watts per Person {W/person}
  0,                                      !- Fraction Latent
  0,                                      !- Fraction Radiant
  1;                                      !- Fraction Lost

OS:ElectricEquipment,
  {55f507cb-d60b-4042-812c-99efee9e724f}, !- Handle
  mech vent bath fan 0,                   !- Name
  {8806ce20-e23e-4e96-bbb2-887a3f94214e}, !- Electric Equipment Definition Name
  {965e2dbf-9942-47af-8f79-871d1b8bbded}, !- Space or SpaceType Name
  {61ef38be-2a00-4341-8e2d-ba826a431a31}, !- Schedule Name
  ,                                       !- Multiplier
  mech vent;                              !- End-Use Subcategory

OS:EnergyManagementSystem:Sensor,
  {eaea471b-c2ab-45b7-8ed3-aa23b3128480}, !- Handle
  clothes_dryer_exhaust_0_sch_s,          !- Name
  clothes_dryer,                          !- Output Variable or Output Meter Index Key Name
  Schedule Value;                         !- Output Variable or Output Meter Name

OS:EnergyManagementSystem:GlobalVariable,
  {476e9526-183f-4ae8-8b5c-98c6c94a3927}, !- Handle
  infil_program_Qinf;                     !- Name

OS:EnergyManagementSystem:GlobalVariable,
  {32489b0c-b511-4811-943f-92d0b5cb40a0}, !- Handle
  infil_program_Qfan;                     !- Name

OS:AdditionalProperties,
  {16a9eb29-375d-4e3e-b6d1-6697151d9e3b}, !- Handle
  {476e9526-183f-4ae8-8b5c-98c6c94a3927}, !- Object Name
  ObjectType,                             !- Feature Name 1
  String,                                 !- Feature Data Type 1
  infil;                                  !- Feature Value 1

OS:AdditionalProperties,
  {32ac64d3-e8d4-4c1c-87d6-2f66b6e3bb96}, !- Handle
  {32489b0c-b511-4811-943f-92d0b5cb40a0}, !- Object Name
  ObjectType,                             !- Feature Name 1
  String,                                 !- Feature Data Type 1
  mech vent;                              !- Feature Value 1

OS:EnergyManagementSystem:ProgramCallingManager,
  {7f3b11f9-fc4f-4601-96b7-8791f67f5019}, !- Handle
  infil_program_calling_manager,          !- Name
  BeginZoneTimestepAfterInitHeatBalance,  !- EnergyPlus Model Calling Point
  {919ea9bf-610f-4ab0-a796-8cc73254680d}; !- Program Name 1

OS:EnergyManagementSystem:Sensor,
  {34aa5823-360a-4554-b7c5-bca930647692}, !- Handle
  conditioned_space_htg_unmet_s,          !- Name
  conditioned space,                      !- Output Variable or Output Meter Index Key Name
  Zone Heating Setpoint Not Met Time;     !- Output Variable or Output Meter Name

OS:EnergyManagementSystem:Sensor,
  {22772daf-a726-424f-b73e-945d29020703}, !- Handle
  conditioned_space_clg_unmet_s,          !- Name
  conditioned space,                      !- Output Variable or Output Meter Index Key Name
  Zone Cooling Setpoint Not Met Time;     !- Output Variable or Output Meter Name

OS:AdditionalProperties,
  {ea6188b3-eec8-4fe8-8934-75e1968738c6}, !- Handle
  {22772daf-a726-424f-b73e-945d29020703}; !- Object Name

OS:AdditionalProperties,
  {edfd77d3-96fc-44fa-87ee-ca4ed4f03a97}, !- Handle
  {eaea471b-c2ab-45b7-8ed3-aa23b3128480}; !- Object Name

OS:AdditionalProperties,
  {7ce3d5c5-a8cf-400e-a883-f46001077090}, !- Handle
  {888e9e3b-a209-451b-857e-df92a3b57b48}; !- Object Name

OS:AdditionalProperties,
  {3fc997f3-5051-4ba6-a7d1-a88b5f2187bc}, !- Handle
  {c5da7040-799b-4d00-a4d1-4b4b88f7ba25}; !- Object Name

OS:AdditionalProperties,
  {f0dcb0c5-1783-44c2-bffb-386255783355}, !- Handle
  {dffeb2a1-36dd-4678-aa25-4b48537a54e2}; !- Object Name

OS:AdditionalProperties,
  {c565363b-68eb-4feb-bd51-2467417b057d}, !- Handle
  {9af772ee-d0ea-45c5-85f2-9538e475e267}; !- Object Name

OS:AdditionalProperties,
  {7bc1ce17-d529-400b-971c-258d6e0ccab8}, !- Handle
  {f38228e5-cc79-4047-a073-44fa97932ee6}; !- Object Name

OS:AdditionalProperties,
  {fab50210-63cc-4c9d-8dc0-5699fae81eb0}, !- Handle
  {ceee489d-c72f-439d-a906-f12dbfbc95a0}; !- Object Name

OS:AdditionalProperties,
  {a31d711b-08c0-41d1-9ddc-d2718b1da52b}, !- Handle
  {b22d53c8-3674-4b82-8d51-a9bc2d0889a1}; !- Object Name

OS:AdditionalProperties,
  {d296549d-f50e-4cfe-97b2-4abfbbf03f0c}, !- Handle
  {caa46a4c-ab3e-4d5c-a4c5-8e87c6036589}; !- Object Name

OS:AdditionalProperties,
  {d5e6f591-62f7-4391-ac1a-acd3aeb57953}, !- Handle
  {5b43f197-1278-4ec2-8532-387d74cddbec}; !- Object Name

OS:AdditionalProperties,
  {bbab13f6-ac79-45bc-8ce3-5ec6c17b8404}, !- Handle
  {bae5b42b-acc9-4703-8d5f-bebd42965c7e}; !- Object Name

OS:AdditionalProperties,
  {222d1e05-6aa9-42c3-b4b4-b0be54f990f5}, !- Handle
  {7b7c58cc-3a5a-4c64-af5f-d1899de96559}; !- Object Name

OS:AdditionalProperties,
  {23ca3e89-ee1c-4e5f-9a82-6a58d5ddcf37}, !- Handle
  {31f9c0c0-cbb1-4c79-8647-185e5eb99f1e}; !- Object Name

OS:AdditionalProperties,
  {9578d48e-fdad-4d81-94f3-cd3fbca752fa}, !- Handle
  {1e419abc-3788-4cd0-b94c-54b366867e25}; !- Object Name

OS:AdditionalProperties,
  {7dec2d4c-73b7-46f2-a4e6-ae3f29e8f3db}, !- Handle
  {22fa17a4-422a-4bd6-b1be-e6fe79f64154}; !- Object Name

OS:AdditionalProperties,
  {ef56c229-a080-414b-82de-213ef7fa2e98}, !- Handle
  {90a0ec3f-b5c4-4267-b4f1-7be91864a589}; !- Object Name

OS:AdditionalProperties,
  {e419965b-9a68-4c3f-9611-8d29a8a80fa4}, !- Handle
  {03d76515-923f-4969-84ab-f2f766a0c1d3}; !- Object Name

OS:AdditionalProperties,
  {552cfca1-ada6-41b1-93cc-eedeadfa16b3}, !- Handle
  {917e5ff0-f599-4e71-9390-e53b71d85aa3}; !- Object Name

OS:AdditionalProperties,
  {47f9a688-9190-4cad-bcb3-d6468661f830}, !- Handle
  {19b1d26a-20b3-4c19-b0d3-61d219019f57}; !- Object Name

OS:AdditionalProperties,
  {a116563c-ed6b-4ab7-9a92-82cda92c0706}, !- Handle
  {a70c3cd6-8db4-4b96-b0b2-b173090000e9}; !- Object Name

OS:AdditionalProperties,
  {d49f19e2-f886-46de-b8b9-445eef5d4f06}, !- Handle
  {2e0cdf1e-5c03-43fa-9c8c-912bfd45e55e}; !- Object Name

OS:AdditionalProperties,
  {2582ea73-10ad-4d98-9e85-7341142eead5}, !- Handle
  {fd621c76-b04c-44b0-b338-671085a71e57}; !- Object Name

OS:AdditionalProperties,
  {36fbc181-8449-464b-8a5a-048821631e82}, !- Handle
  {2e5e0ecb-77f2-4caf-824b-6f173a58975b}; !- Object Name

OS:AdditionalProperties,
  {a4dc0559-826a-4f0b-8871-b441807582cd}, !- Handle
  {53ee5cde-98f5-4716-95eb-ce1ce2f49802}; !- Object Name

OS:AdditionalProperties,
  {213b31f6-1cc4-4452-88bb-74c63a98dce4}, !- Handle
  {4b49c602-0976-4b85-9a93-c22140497704}; !- Object Name

OS:AdditionalProperties,
  {92dfcbcd-15d7-438a-8870-0e39173a64c1}, !- Handle
  {df604267-b747-490f-b3a1-4a9708c31d50}; !- Object Name

OS:AdditionalProperties,
  {d740377c-03f5-484c-8e18-d864b43f0dc7}, !- Handle
  {7cfa69d2-dec1-40db-889d-4073f8d314be}; !- Object Name

OS:AdditionalProperties,
  {6b2ed965-380e-4432-a314-c13e2684917c}, !- Handle
  {fdb6c7f0-b197-4b55-807a-379201a6ac8d}; !- Object Name

OS:AdditionalProperties,
  {4601df23-cb02-4e06-a8a9-1ad6d63d8bbc}, !- Handle
  {c7cf2135-6aad-43c2-aa51-1fa7ed51c640}; !- Object Name

OS:AdditionalProperties,
  {6ea31e7e-88c5-4ce4-999a-d8859ded388a}, !- Handle
  {34aa5823-360a-4554-b7c5-bca930647692}; !- Object Name

OS:AdditionalProperties,
  {a06796cb-5b27-48ed-89dc-2b53393a59cd}, !- Handle
  {9b392506-c777-4372-89b4-515153d03683}; !- Object Name

OS:AdditionalProperties,
  {519631d5-fe04-484e-b014-cd7e82df49b9}, !- Handle
  {bcd866da-4317-4fed-a116-a6ddfaff3582}; !- Object Name

OS:AdditionalProperties,
  {a08d37d5-361b-4cec-8898-da94bf110784}, !- Handle
  {2d776098-549e-4847-9eae-093bea0623d5}; !- Object Name

OS:AdditionalProperties,
  {9c97268f-418a-4715-822e-816fbf4bf70c}, !- Handle
  {68cfeea5-ab39-404e-9252-eb2415942324}; !- Object Name

OS:EnergyManagementSystem:Program,
  {63cc22d3-57b2-4575-ae73-4916b60eda6d}, !- Handle
  unmet_hours_program,                    !- Name
  Set htg_unmet_hours = 0,                !- Program Line 1
  Set clg_unmet_hours = 0,                !- Program Line 2
  Set unit_htg_unmet_hours = 0,           !- Program Line 3
  If ((DayOfYear >= 1) && (DayOfYear <= 365)), !- Program Line 4
  Set unit_htg_unmet_hours = unit_htg_unmet_hours + conditioned_space_htg_unmet_s, !- Program Line 5
  If unit_htg_unmet_hours > htg_unmet_hours, !- Program Line 6
  Set htg_unmet_hours = unit_htg_unmet_hours, !- Program Line 7
  EndIf,                                  !- Program Line 8
  EndIf,                                  !- Program Line 9
  Set unit_clg_unmet_hours = 0,           !- Program Line 10
  If ((DayOfYear >= 1) && (DayOfYear <= 365)), !- Program Line 11
  Set unit_clg_unmet_hours = unit_clg_unmet_hours + conditioned_space_clg_unmet_s, !- Program Line 12
  If unit_clg_unmet_hours > clg_unmet_hours, !- Program Line 13
  Set clg_unmet_hours = unit_clg_unmet_hours, !- Program Line 14
  EndIf,                                  !- Program Line 15
  EndIf;                                  !- Program Line 16

OS:AdditionalProperties,
  {416aced9-374c-41bb-b914-562d1c9cd6a1}, !- Handle
  {63cc22d3-57b2-4575-ae73-4916b60eda6d}, !- Object Name
  ObjectType,                             !- Feature Name 1
  String,                                 !- Feature Data Type 1
  unmet hours program;                    !- Feature Value 1

OS:EnergyManagementSystem:ProgramCallingManager,
  {603da111-cceb-41e5-81d5-b41efff83ace}, !- Handle
  unmet_hours_program_calling_manager,    !- Name
  EndOfZoneTimestepBeforeZoneReporting,   !- EnergyPlus Model Calling Point
  {63cc22d3-57b2-4575-ae73-4916b60eda6d}; !- Program Name 1

OS:EnergyManagementSystem:Sensor,
  {a75246de-e350-42c0-9721-053886b61fdb}, !- Handle
  htg_load_cond,                          !- Name
  ,                                       !- Output Variable or Output Meter Index Key Name
  Heating:EnergyTransfer:Zone:CONDITIONED SPACE; !- Output Variable or Output Meter Name

OS:EnergyManagementSystem:Sensor,
  {e0b469bd-e577-4c3e-8829-cf5ad10a4e21}, !- Handle
  clg_load_cond,                          !- Name
  ,                                       !- Output Variable or Output Meter Index Key Name
  Cooling:EnergyTransfer:Zone:CONDITIONED SPACE; !- Output Variable or Output Meter Name

OS:EnergyManagementSystem:Program,
  {a9a6fd33-1741-4035-ab09-4f8495248e3d}, !- Handle
  total_loads_program,                    !- Name
  Set loads_htg_tot = 0,                  !- Program Line 1
  Set loads_clg_tot = 0,                  !- Program Line 2
  If htg_load_cond > 0,                   !- Program Line 3
  Set loads_htg_tot = loads_htg_tot + (htg_load_cond - clg_load_cond) * 1.0, !- Program Line 4
  EndIf,                                  !- Program Line 5
  Set loads_htg_tot = (@Max loads_htg_tot 0), !- Program Line 6
  If clg_load_cond > 0,                   !- Program Line 7
  Set loads_clg_tot = loads_clg_tot + (clg_load_cond - htg_load_cond) * 1.0, !- Program Line 8
  EndIf,                                  !- Program Line 9
  Set loads_clg_tot = (@Max loads_clg_tot 0); !- Program Line 10

OS:AdditionalProperties,
  {333661e8-e2d5-4494-adb8-de548c1542c1}, !- Handle
  {a9a6fd33-1741-4035-ab09-4f8495248e3d}, !- Object Name
  ObjectType,                             !- Feature Name 1
  String,                                 !- Feature Data Type 1
  total loads program;                    !- Feature Value 1

OS:EnergyManagementSystem:ProgramCallingManager,
  {17543ad3-05b5-498a-ae87-95d61e4c8eb1}, !- Handle
  total_loads_program_calling_manager,    !- Name
  EndOfZoneTimestepAfterZoneReporting,    !- EnergyPlus Model Calling Point
  {a9a6fd33-1741-4035-ab09-4f8495248e3d}; !- Program Name 1

OS:Output:Diagnostics,
  {c7b1acf2-4b33-452b-b557-bdc24f08228f}, !- Handle
  DisplayAdvancedReportVariables;         !- Key 1

OS:EnergyManagementSystem:Program,
  {931cfd17-889a-44d9-982a-7705d66e2d1d}, !- Handle
  component_loads_program,                !- Name
  Set loads_htg_walls = 0,                !- Program Line 1
  Set loads_htg_rim_joists = 0,           !- Program Line 2
  Set loads_htg_foundation_walls = 0,     !- Program Line 3
  Set loads_htg_floors = 0,               !- Program Line 4
  Set loads_htg_slabs = 0,                !- Program Line 5
  Set loads_htg_ceilings = 0,             !- Program Line 6
  Set loads_htg_roofs = 0,                !- Program Line 7
  Set loads_htg_windows_conduction = 0,   !- Program Line 8
  Set loads_htg_windows_solar = 0,        !- Program Line 9
  Set loads_htg_doors = 0,                !- Program Line 10
  Set loads_htg_skylights_conduction = 0, !- Program Line 11
  Set loads_htg_skylights_solar = 0,      !- Program Line 12
  Set loads_htg_internal_mass = 0,        !- Program Line 13
  Set loads_htg_intgains = 0,             !- Program Line 14
  Set loads_htg_lighting = 0,             !- Program Line 15
  Set loads_htg_infil = 0,                !- Program Line 16
  Set loads_htg_mechvent = 0,             !- Program Line 17
  Set loads_htg_natvent = 0,              !- Program Line 18
  Set loads_htg_whf = 0,                  !- Program Line 19
  Set loads_htg_ducts = 0,                !- Program Line 20
  Set loads_clg_walls = 0,                !- Program Line 21
  Set loads_clg_rim_joists = 0,           !- Program Line 22
  Set loads_clg_foundation_walls = 0,     !- Program Line 23
  Set loads_clg_floors = 0,               !- Program Line 24
  Set loads_clg_slabs = 0,                !- Program Line 25
  Set loads_clg_ceilings = 0,             !- Program Line 26
  Set loads_clg_roofs = 0,                !- Program Line 27
  Set loads_clg_windows_conduction = 0,   !- Program Line 28
  Set loads_clg_windows_solar = 0,        !- Program Line 29
  Set loads_clg_doors = 0,                !- Program Line 30
  Set loads_clg_skylights_conduction = 0, !- Program Line 31
  Set loads_clg_skylights_solar = 0,      !- Program Line 32
  Set loads_clg_internal_mass = 0,        !- Program Line 33
  Set loads_clg_intgains = 0,             !- Program Line 34
  Set loads_clg_lighting = 0,             !- Program Line 35
  Set loads_clg_infil = 0,                !- Program Line 36
  Set loads_clg_mechvent = 0,             !- Program Line 37
  Set loads_clg_natvent = 0,              !- Program Line 38
  Set loads_clg_whf = 0,                  !- Program Line 39
  Set loads_clg_ducts = 0,                !- Program Line 40
  Set hr_walls = 0,                       !- Program Line 41
  Set hr_walls = hr_walls + s_conv_9 + s_ig_9 + s_sol_9 + s_lgt_9 + s_surf_9, !- Program Line 42
  Set hr_walls = hr_walls + s_conv_10 + s_ig_10 + s_sol_10 + s_lgt_10 + s_surf_10, !- Program Line 43
  Set hr_walls = hr_walls + s_conv_11 + s_ig_11 + s_sol_11 + s_lgt_11 + s_surf_11, !- Program Line 44
  Set hr_walls = hr_walls + s_conv_12 + s_ig_12 + s_sol_12 + s_lgt_12 + s_surf_12, !- Program Line 45
  Set hr_rim_joists = 0,                  !- Program Line 46
  Set hr_rim_joists = hr_rim_joists + s_conv_3 + s_ig_3 + s_sol_3 + s_lgt_3 + s_surf_3, !- Program Line 47
  Set hr_rim_joists = hr_rim_joists + s_conv_4 + s_ig_4 + s_sol_4 + s_lgt_4 + s_surf_4, !- Program Line 48
  Set hr_rim_joists = hr_rim_joists + s_conv_5 + s_ig_5 + s_sol_5 + s_lgt_5 + s_surf_5, !- Program Line 49
  Set hr_rim_joists = hr_rim_joists + s_conv_6 + s_ig_6 + s_sol_6 + s_lgt_6 + s_surf_6, !- Program Line 50
  Set hr_foundation_walls = 0,            !- Program Line 51
  Set hr_foundation_walls = hr_foundation_walls + s_conv + s_ig + s_sol + s_lgt + s_surf, !- Program Line 52
  Set hr_floors = 0,                      !- Program Line 53
  Set hr_slabs = 0,                       !- Program Line 54
  Set hr_slabs = hr_slabs + s_conv_8 + s_ig_8 + s_sol_8 + s_lgt_8 + s_surf_8, !- Program Line 55
  Set hr_ceilings = 0,                    !- Program Line 56
  Set hr_roofs = 0,                       !- Program Line 57
  Set hr_roofs = hr_roofs + s_conv_7 + s_ig_7 + s_sol_7 + s_lgt_7 + s_surf_7, !- Program Line 58
  Set hr_windows_conduction = 0,          !- Program Line 59
  Set hr_windows_conduction = hr_windows_conduction + ss_conv_1, !- Program Line 60
  Set hr_windows_conduction = hr_windows_conduction + ss_ig_1, !- Program Line 61
  Set hr_windows_conduction = hr_windows_conduction + ss_surf_1, !- Program Line 62
  Set hr_windows_conduction = hr_windows_conduction + ss_conv_2, !- Program Line 63
  Set hr_windows_conduction = hr_windows_conduction + ss_ig_2, !- Program Line 64
  Set hr_windows_conduction = hr_windows_conduction + ss_surf_2, !- Program Line 65
  Set hr_windows_conduction = hr_windows_conduction + ss_conv_3, !- Program Line 66
  Set hr_windows_conduction = hr_windows_conduction + ss_ig_3, !- Program Line 67
  Set hr_windows_conduction = hr_windows_conduction + ss_surf_3, !- Program Line 68
  Set hr_windows_conduction = hr_windows_conduction + ss_conv_4, !- Program Line 69
  Set hr_windows_conduction = hr_windows_conduction + ss_ig_4, !- Program Line 70
  Set hr_windows_conduction = hr_windows_conduction + ss_surf_4, !- Program Line 71
  Set hr_windows_solar = 0,               !- Program Line 72
  Set hr_windows_solar = hr_windows_solar - ss_trans_in * ZoneTimestep * 3600 + ss_back_out * ZoneTimestep * 3600 + ss_trans_out * ZoneTimestep * 3600, !- Program Line 73
  Set hr_windows_solar = hr_windows_solar - ss_trans_in_1 * ZoneTimestep * 3600 + ss_back_out_1 * ZoneTimestep * 3600 + ss_trans_out_1 * ZoneTimestep * 3600, !- Program Line 74
  Set hr_windows_solar = hr_windows_solar - ss_trans_in_2 * ZoneTimestep * 3600 + ss_back_out_2 * ZoneTimestep * 3600 + ss_trans_out_2 * ZoneTimestep * 3600, !- Program Line 75
  Set hr_windows_solar = hr_windows_solar - ss_trans_in_3 * ZoneTimestep * 3600 + ss_back_out_3 * ZoneTimestep * 3600 + ss_trans_out_3 * ZoneTimestep * 3600, !- Program Line 76
  Set hr_doors = 0,                       !- Program Line 77
  Set hr_doors = hr_doors + ss_sol,       !- Program Line 78
  Set hr_doors = hr_doors + ss_lgt,       !- Program Line 79
  Set hr_doors = hr_doors + ss_conv,      !- Program Line 80
  Set hr_doors = hr_doors + ss_ig,        !- Program Line 81
  Set hr_doors = hr_doors + ss_surf,      !- Program Line 82
  Set hr_skylights_conduction = 0,        !- Program Line 83
  Set hr_skylights_solar = 0,             !- Program Line 84
  Set hr_internal_mass = 0,               !- Program Line 85
  Set hr_internal_mass = hr_internal_mass + s_conv_1 + s_ig_1 + s_sol_1 + s_lgt_1 + s_surf_1, !- Program Line 86
  Set hr_internal_mass = hr_internal_mass + s_conv_2 + s_ig_2 + s_sol_2 + s_lgt_2 + s_surf_2, !- Program Line 87
  Set hr_internal_mass = hr_internal_mass + im_conv + im_ig + im_sol + im_lgt + im_surf, !- Program Line 88
  Set hr_internal_mass = hr_internal_mass + im_conv_1 + im_ig_1 + im_sol_1 + im_lgt_1 + im_surf_1, !- Program Line 89
  Set hr_intgains = 0,                    !- Program Line 90
  Set hr_intgains = hr_intgains - ig_ee_conv - ig_ee_rad - ig_ee_conv_1 - ig_ee_rad_1 - ig_ee_conv_2 - ig_ee_rad_2 - ig_ee_conv_3 - ig_ee_rad_3 - ig_ee_conv_4 - ig_ee_rad_4 - ig_ee_conv_5 - ig_ee_rad_5 - ig_ee_conv_6 - ig_ee_rad_6 - ig_ee_conv_7 - ig_ee_rad_7 - ig_ee_conv_8 - ig_ee_rad_8 - ig_ee_conv_9 - ig_ee_rad_9 - ig_ee_conv_10 - ig_ee_rad_10 - ig_oe_conv - ig_oe_rad - ig_oe_conv_1 - ig_oe_rad_1 - ig_oe_conv_2 - ig_oe_rad_2 - ig_oe_conv_3 - ig_oe_rad_3 - ig_oe_conv_4 - ig_oe_rad_4 - ig_oe_conv_5 - ig_oe_rad_5 - ig_oe_conv_6 - ig_oe_rad_6 - ig_ppl_conv - ig_ppl_rad, !- Program Line 91
  Set hr_lighting = 0,                    !- Program Line 92
  Set hr_lighting = hr_lighting - ig_lgt_conv - ig_lgt_rad - ig_lgt_vis, !- Program Line 93
  Set hr_infil = 0,                       !- Program Line 94
  Set hr_infil = hr_infil - airflow_gain + airflow_loss, !- Program Line 95
  Set hr_natvent = 0,                     !- Program Line 96
  Set hr_natvent = hr_natvent - airflow_gain_1 + airflow_loss_1, !- Program Line 97
  Set hr_whf = 0,                         !- Program Line 98
  Set hr_whf = hr_whf - airflow_gain_2 + airflow_loss_2, !- Program Line 99
  Set hr_mechvent = 0,                    !- Program Line 100
  Set hr_mechvent = hr_mechvent - mv_conv - mv_rad - mv_conv_1 - mv_rad_1 - mv_conv_2 - mv_rad_2 - mv_conv_3 - mv_rad_3 - mv_conv_4 - mv_rad_4 - mv_conv_5 - mv_rad_5, !- Program Line 101
  Set hr_ducts = 0,                       !- Program Line 102
  Set htg_mode = 0,                       !- Program Line 103
  Set clg_mode = 0,                       !- Program Line 104
  If (htg_load_cond > 0),                 !- Program Line 105
  Set htg_mode = 1.0,                     !- Program Line 106
  ElseIf (clg_load_cond > 0),             !- Program Line 107
  Set clg_mode = 1.0,                     !- Program Line 108
  Else,                                   !- Program Line 109
  Set htg_season = 0,                     !- Program Line 110
  Set clg_season = 0,                     !- Program Line 111
  If ((DayOfYear >= 1) && (DayOfYear <= 365)), !- Program Line 112
  Set clg_season = 1,                     !- Program Line 113
  EndIf,                                  !- Program Line 114
  If ((DayOfYear >= 1) && (DayOfYear <= 365)), !- Program Line 115
  Set htg_season = 1,                     !- Program Line 116
  EndIf,                                  !- Program Line 117
  If ((airflow_gain_1 <> 0) || (airflow_loss_1 <> 0)) && (clg_season == 1), !- Program Line 118
  Set clg_mode = 1.0,                     !- Program Line 119
  ElseIf ((airflow_gain_2 <> 0) || (airflow_loss_2 <> 0)) && (clg_season == 1), !- Program Line 120
  Set clg_mode = 1.0,                     !- Program Line 121
  Else,                                   !- Program Line 122
  Set Tmid_setpoint = (htg_sp_s_1 + clg_sp_s_1) / 2, !- Program Line 123
  If (tin_s_1 > Tmid_setpoint) && (clg_season == 1), !- Program Line 124
  Set clg_mode = 1.0,                     !- Program Line 125
  ElseIf (tin_s_1 < Tmid_setpoint) && (htg_season == 1), !- Program Line 126
  Set htg_mode = 1.0,                     !- Program Line 127
  EndIf,                                  !- Program Line 128
  EndIf,                                  !- Program Line 129
  EndIf,                                  !- Program Line 130
  Set loads_htg_walls = loads_htg_walls + (hr_walls * htg_mode * 1), !- Program Line 131
  Set loads_htg_rim_joists = loads_htg_rim_joists + (hr_rim_joists * htg_mode * 1), !- Program Line 132
  Set loads_htg_foundation_walls = loads_htg_foundation_walls + (hr_foundation_walls * htg_mode * 1), !- Program Line 133
  Set loads_htg_floors = loads_htg_floors + (hr_floors * htg_mode * 1), !- Program Line 134
  Set loads_htg_slabs = loads_htg_slabs + (hr_slabs * htg_mode * 1), !- Program Line 135
  Set loads_htg_ceilings = loads_htg_ceilings + (hr_ceilings * htg_mode * 1), !- Program Line 136
  Set loads_htg_roofs = loads_htg_roofs + (hr_roofs * htg_mode * 1), !- Program Line 137
  Set loads_htg_windows_conduction = loads_htg_windows_conduction + (hr_windows_conduction * htg_mode * 1), !- Program Line 138
  Set loads_htg_windows_solar = loads_htg_windows_solar + (hr_windows_solar * htg_mode * 1), !- Program Line 139
  Set loads_htg_doors = loads_htg_doors + (hr_doors * htg_mode * 1), !- Program Line 140
  Set loads_htg_skylights_conduction = loads_htg_skylights_conduction + (hr_skylights_conduction * htg_mode * 1), !- Program Line 141
  Set loads_htg_skylights_solar = loads_htg_skylights_solar + (hr_skylights_solar * htg_mode * 1), !- Program Line 142
  Set loads_htg_internal_mass = loads_htg_internal_mass + (hr_internal_mass * htg_mode * 1), !- Program Line 143
  Set loads_htg_intgains = loads_htg_intgains + (hr_intgains * htg_mode * 1), !- Program Line 144
  Set loads_htg_lighting = loads_htg_lighting + (hr_lighting * htg_mode * 1), !- Program Line 145
  Set loads_htg_infil = loads_htg_infil + (hr_infil * htg_mode * 1), !- Program Line 146
  Set loads_htg_mechvent = loads_htg_mechvent + (hr_mechvent * htg_mode * 1), !- Program Line 147
  Set loads_htg_natvent = loads_htg_natvent + (hr_natvent * htg_mode * 1), !- Program Line 148
  Set loads_htg_whf = loads_htg_whf + (hr_whf * htg_mode * 1), !- Program Line 149
  Set loads_htg_ducts = loads_htg_ducts + (hr_ducts * htg_mode * 1), !- Program Line 150
  Set loads_clg_walls = loads_clg_walls + (-hr_walls * clg_mode * 1), !- Program Line 151
  Set loads_clg_rim_joists = loads_clg_rim_joists + (-hr_rim_joists * clg_mode * 1), !- Program Line 152
  Set loads_clg_foundation_walls = loads_clg_foundation_walls + (-hr_foundation_walls * clg_mode * 1), !- Program Line 153
  Set loads_clg_floors = loads_clg_floors + (-hr_floors * clg_mode * 1), !- Program Line 154
  Set loads_clg_slabs = loads_clg_slabs + (-hr_slabs * clg_mode * 1), !- Program Line 155
  Set loads_clg_ceilings = loads_clg_ceilings + (-hr_ceilings * clg_mode * 1), !- Program Line 156
  Set loads_clg_roofs = loads_clg_roofs + (-hr_roofs * clg_mode * 1), !- Program Line 157
  Set loads_clg_windows_conduction = loads_clg_windows_conduction + (-hr_windows_conduction * clg_mode * 1), !- Program Line 158
  Set loads_clg_windows_solar = loads_clg_windows_solar + (-hr_windows_solar * clg_mode * 1), !- Program Line 159
  Set loads_clg_doors = loads_clg_doors + (-hr_doors * clg_mode * 1), !- Program Line 160
  Set loads_clg_skylights_conduction = loads_clg_skylights_conduction + (-hr_skylights_conduction * clg_mode * 1), !- Program Line 161
  Set loads_clg_skylights_solar = loads_clg_skylights_solar + (-hr_skylights_solar * clg_mode * 1), !- Program Line 162
  Set loads_clg_internal_mass = loads_clg_internal_mass + (-hr_internal_mass * clg_mode * 1), !- Program Line 163
  Set loads_clg_intgains = loads_clg_intgains + (-hr_intgains * clg_mode * 1), !- Program Line 164
  Set loads_clg_lighting = loads_clg_lighting + (-hr_lighting * clg_mode * 1), !- Program Line 165
  Set loads_clg_infil = loads_clg_infil + (-hr_infil * clg_mode * 1), !- Program Line 166
  Set loads_clg_mechvent = loads_clg_mechvent + (-hr_mechvent * clg_mode * 1), !- Program Line 167
  Set loads_clg_natvent = loads_clg_natvent + (-hr_natvent * clg_mode * 1), !- Program Line 168
  Set loads_clg_whf = loads_clg_whf + (-hr_whf * clg_mode * 1), !- Program Line 169
  Set loads_clg_ducts = loads_clg_ducts + (-hr_ducts * clg_mode * 1); !- Program Line 170

OS:AdditionalProperties,
  {44630d5c-38c4-4dfc-a9b8-0bb4d0f559cf}, !- Handle
  {931cfd17-889a-44d9-982a-7705d66e2d1d}, !- Object Name
  ObjectType,                             !- Feature Name 1
  String,                                 !- Feature Data Type 1
  component loads program;                !- Feature Value 1

OS:EnergyManagementSystem:Sensor,
  {511f32e4-f565-455d-b814-994b62133bb7}, !- Handle
  s_conv,                                 !- Name
  FoundationWall1,                        !- Output Variable or Output Meter Index Key Name
  Surface Inside Face Convection Heat Gain Energy; !- Output Variable or Output Meter Name

OS:EnergyManagementSystem:Sensor,
  {426ed763-daa7-4876-9f82-a802158365f3}, !- Handle
  s_ig,                                   !- Name
  FoundationWall1,                        !- Output Variable or Output Meter Index Key Name
  Surface Inside Face Internal Gains Radiation Heat Gain Energy; !- Output Variable or Output Meter Name

OS:EnergyManagementSystem:Sensor,
  {525638ea-d7ef-4758-b1e0-c46d4e534171}, !- Handle
  s_sol,                                  !- Name
  FoundationWall1,                        !- Output Variable or Output Meter Index Key Name
  Surface Inside Face Solar Radiation Heat Gain Energy; !- Output Variable or Output Meter Name

OS:EnergyManagementSystem:Sensor,
  {06636d58-be46-47ad-be85-ea7fb1ce03dc}, !- Handle
  s_lgt,                                  !- Name
  FoundationWall1,                        !- Output Variable or Output Meter Index Key Name
  Surface Inside Face Lights Radiation Heat Gain Energy; !- Output Variable or Output Meter Name

OS:EnergyManagementSystem:Sensor,
  {92e3e434-22bc-402b-a26d-ccd1e53da56a}, !- Handle
  s_surf,                                 !- Name
  FoundationWall1,                        !- Output Variable or Output Meter Index Key Name
  Surface Inside Face Net Surface Thermal Radiation Heat Gain Energy; !- Output Variable or Output Meter Name

OS:EnergyManagementSystem:Sensor,
  {bcd7c225-67d5-4239-bf28-113442c7a5e2}, !- Handle
  s_conv_1,                               !- Name
  inferred conditioned ceiling,           !- Output Variable or Output Meter Index Key Name
  Surface Inside Face Convection Heat Gain Energy; !- Output Variable or Output Meter Name

OS:EnergyManagementSystem:Sensor,
  {3fcb22f2-04d2-4e1a-a9b8-4df4d6bfcc80}, !- Handle
  s_ig_1,                                 !- Name
  inferred conditioned ceiling,           !- Output Variable or Output Meter Index Key Name
  Surface Inside Face Internal Gains Radiation Heat Gain Energy; !- Output Variable or Output Meter Name

OS:EnergyManagementSystem:Sensor,
  {b29a0bb0-6b07-447c-8be8-f1d0f7c3ba0d}, !- Handle
  s_sol_1,                                !- Name
  inferred conditioned ceiling,           !- Output Variable or Output Meter Index Key Name
  Surface Inside Face Solar Radiation Heat Gain Energy; !- Output Variable or Output Meter Name

OS:EnergyManagementSystem:Sensor,
  {643c60cc-e802-4fd5-8ce2-e92a67810b57}, !- Handle
  s_lgt_1,                                !- Name
  inferred conditioned ceiling,           !- Output Variable or Output Meter Index Key Name
  Surface Inside Face Lights Radiation Heat Gain Energy; !- Output Variable or Output Meter Name

OS:EnergyManagementSystem:Sensor,
  {e5474230-b342-49a7-8b6d-ec81526b06b6}, !- Handle
  s_surf_1,                               !- Name
  inferred conditioned ceiling,           !- Output Variable or Output Meter Index Key Name
  Surface Inside Face Net Surface Thermal Radiation Heat Gain Energy; !- Output Variable or Output Meter Name

OS:EnergyManagementSystem:Sensor,
  {96ef1833-140d-4589-8b28-491682276ac7}, !- Handle
  s_conv_2,                               !- Name
  inferred conditioned floor,             !- Output Variable or Output Meter Index Key Name
  Surface Inside Face Convection Heat Gain Energy; !- Output Variable or Output Meter Name

OS:EnergyManagementSystem:Sensor,
  {4875c944-c212-4a65-9b7c-34911c935f46}, !- Handle
  s_ig_2,                                 !- Name
  inferred conditioned floor,             !- Output Variable or Output Meter Index Key Name
  Surface Inside Face Internal Gains Radiation Heat Gain Energy; !- Output Variable or Output Meter Name

OS:EnergyManagementSystem:Sensor,
  {478f6716-ef93-49ee-b0d8-87b8c3e5ac1c}, !- Handle
  s_sol_2,                                !- Name
  inferred conditioned floor,             !- Output Variable or Output Meter Index Key Name
  Surface Inside Face Solar Radiation Heat Gain Energy; !- Output Variable or Output Meter Name

OS:EnergyManagementSystem:Sensor,
  {3cd8a95c-d35a-421a-873d-c3ad0fd64454}, !- Handle
  s_lgt_2,                                !- Name
  inferred conditioned floor,             !- Output Variable or Output Meter Index Key Name
  Surface Inside Face Lights Radiation Heat Gain Energy; !- Output Variable or Output Meter Name

OS:EnergyManagementSystem:Sensor,
  {aca5ae77-a315-466c-bded-9751592a5a75}, !- Handle
  s_surf_2,                               !- Name
  inferred conditioned floor,             !- Output Variable or Output Meter Index Key Name
  Surface Inside Face Net Surface Thermal Radiation Heat Gain Energy; !- Output Variable or Output Meter Name

OS:EnergyManagementSystem:Sensor,
  {961339fb-c38b-4c6a-ae46-ea3c0d7fc740}, !- Handle
  s_conv_3,                               !- Name
  RimJoist1,                              !- Output Variable or Output Meter Index Key Name
  Surface Inside Face Convection Heat Gain Energy; !- Output Variable or Output Meter Name

OS:EnergyManagementSystem:Sensor,
  {24158906-3dd9-4c0a-b553-2dfc30159af4}, !- Handle
  s_ig_3,                                 !- Name
  RimJoist1,                              !- Output Variable or Output Meter Index Key Name
  Surface Inside Face Internal Gains Radiation Heat Gain Energy; !- Output Variable or Output Meter Name

OS:EnergyManagementSystem:Sensor,
  {3850d0ff-70c5-46e0-a97e-7d42da1039eb}, !- Handle
  s_sol_3,                                !- Name
  RimJoist1,                              !- Output Variable or Output Meter Index Key Name
  Surface Inside Face Solar Radiation Heat Gain Energy; !- Output Variable or Output Meter Name

OS:EnergyManagementSystem:Sensor,
  {125a3302-a8ee-4fdd-ab10-2de32e625986}, !- Handle
  s_lgt_3,                                !- Name
  RimJoist1,                              !- Output Variable or Output Meter Index Key Name
  Surface Inside Face Lights Radiation Heat Gain Energy; !- Output Variable or Output Meter Name

OS:EnergyManagementSystem:Sensor,
  {a96d88aa-64f7-43a1-b013-92c587eed614}, !- Handle
  s_surf_3,                               !- Name
  RimJoist1,                              !- Output Variable or Output Meter Index Key Name
  Surface Inside Face Net Surface Thermal Radiation Heat Gain Energy; !- Output Variable or Output Meter Name

OS:EnergyManagementSystem:Sensor,
  {8289dc96-21cd-4b26-9ed3-caacad4a5bdf}, !- Handle
  s_conv_4,                               !- Name
  RimJoist2,                              !- Output Variable or Output Meter Index Key Name
  Surface Inside Face Convection Heat Gain Energy; !- Output Variable or Output Meter Name

OS:EnergyManagementSystem:Sensor,
  {3cd72bc6-a089-4a0d-a44b-d0f08fc8dc03}, !- Handle
  s_ig_4,                                 !- Name
  RimJoist2,                              !- Output Variable or Output Meter Index Key Name
  Surface Inside Face Internal Gains Radiation Heat Gain Energy; !- Output Variable or Output Meter Name

OS:EnergyManagementSystem:Sensor,
  {bf6ee0a7-e38a-428b-839f-118909d1bf2b}, !- Handle
  s_sol_4,                                !- Name
  RimJoist2,                              !- Output Variable or Output Meter Index Key Name
  Surface Inside Face Solar Radiation Heat Gain Energy; !- Output Variable or Output Meter Name

OS:EnergyManagementSystem:Sensor,
  {40b48750-cb0f-48b1-b74a-978e99151d4a}, !- Handle
  s_lgt_4,                                !- Name
  RimJoist2,                              !- Output Variable or Output Meter Index Key Name
  Surface Inside Face Lights Radiation Heat Gain Energy; !- Output Variable or Output Meter Name

OS:EnergyManagementSystem:Sensor,
  {c22473de-d5b7-49fc-9ceb-dad21dbc97e4}, !- Handle
  s_surf_4,                               !- Name
  RimJoist2,                              !- Output Variable or Output Meter Index Key Name
  Surface Inside Face Net Surface Thermal Radiation Heat Gain Energy; !- Output Variable or Output Meter Name

OS:EnergyManagementSystem:Sensor,
  {736f1f63-6d9d-4bda-accd-5c8270d647d2}, !- Handle
  s_conv_5,                               !- Name
  RimJoist3,                              !- Output Variable or Output Meter Index Key Name
  Surface Inside Face Convection Heat Gain Energy; !- Output Variable or Output Meter Name

OS:EnergyManagementSystem:Sensor,
  {502cf893-7554-4cbf-b856-71456616286a}, !- Handle
  s_ig_5,                                 !- Name
  RimJoist3,                              !- Output Variable or Output Meter Index Key Name
  Surface Inside Face Internal Gains Radiation Heat Gain Energy; !- Output Variable or Output Meter Name

OS:EnergyManagementSystem:Sensor,
  {6146e61c-90de-4d5c-aaa3-27e6ef53b61e}, !- Handle
  s_sol_5,                                !- Name
  RimJoist3,                              !- Output Variable or Output Meter Index Key Name
  Surface Inside Face Solar Radiation Heat Gain Energy; !- Output Variable or Output Meter Name

OS:EnergyManagementSystem:Sensor,
  {fe44e2a1-7d36-4470-97d8-3f1af41f8486}, !- Handle
  s_lgt_5,                                !- Name
  RimJoist3,                              !- Output Variable or Output Meter Index Key Name
  Surface Inside Face Lights Radiation Heat Gain Energy; !- Output Variable or Output Meter Name

OS:EnergyManagementSystem:Sensor,
  {69156268-7297-491f-8249-b4e1610ab2cc}, !- Handle
  s_surf_5,                               !- Name
  RimJoist3,                              !- Output Variable or Output Meter Index Key Name
  Surface Inside Face Net Surface Thermal Radiation Heat Gain Energy; !- Output Variable or Output Meter Name

OS:EnergyManagementSystem:Sensor,
  {cb20562d-1150-49d8-bf90-a42200cc759d}, !- Handle
  s_conv_6,                               !- Name
  RimJoist4,                              !- Output Variable or Output Meter Index Key Name
  Surface Inside Face Convection Heat Gain Energy; !- Output Variable or Output Meter Name

OS:EnergyManagementSystem:Sensor,
  {f105f6e4-aaf1-4050-886a-8b039a37c2b1}, !- Handle
  s_ig_6,                                 !- Name
  RimJoist4,                              !- Output Variable or Output Meter Index Key Name
  Surface Inside Face Internal Gains Radiation Heat Gain Energy; !- Output Variable or Output Meter Name

OS:EnergyManagementSystem:Sensor,
  {4977ec16-9459-46b3-bee0-821e25accb65}, !- Handle
  s_sol_6,                                !- Name
  RimJoist4,                              !- Output Variable or Output Meter Index Key Name
  Surface Inside Face Solar Radiation Heat Gain Energy; !- Output Variable or Output Meter Name

OS:EnergyManagementSystem:Sensor,
  {134d7299-615d-4b0a-9668-829d5de78994}, !- Handle
  s_lgt_6,                                !- Name
  RimJoist4,                              !- Output Variable or Output Meter Index Key Name
  Surface Inside Face Lights Radiation Heat Gain Energy; !- Output Variable or Output Meter Name

OS:EnergyManagementSystem:Sensor,
  {68bd90c0-c953-4c88-ad5b-454da5eca618}, !- Handle
  s_surf_6,                               !- Name
  RimJoist4,                              !- Output Variable or Output Meter Index Key Name
  Surface Inside Face Net Surface Thermal Radiation Heat Gain Energy; !- Output Variable or Output Meter Name

OS:EnergyManagementSystem:Sensor,
  {a0b1eac3-7139-44a2-a48c-3eb0a1f89506}, !- Handle
  s_conv_7,                               !- Name
  Roof1,                                  !- Output Variable or Output Meter Index Key Name
  Surface Inside Face Convection Heat Gain Energy; !- Output Variable or Output Meter Name

OS:EnergyManagementSystem:Sensor,
  {9e966691-520f-44a4-9e89-6d5193f755d4}, !- Handle
  s_ig_7,                                 !- Name
  Roof1,                                  !- Output Variable or Output Meter Index Key Name
  Surface Inside Face Internal Gains Radiation Heat Gain Energy; !- Output Variable or Output Meter Name

OS:EnergyManagementSystem:Sensor,
  {6addbfbd-4477-46a6-af87-8b9949058fc6}, !- Handle
  s_sol_7,                                !- Name
  Roof1,                                  !- Output Variable or Output Meter Index Key Name
  Surface Inside Face Solar Radiation Heat Gain Energy; !- Output Variable or Output Meter Name

OS:EnergyManagementSystem:Sensor,
  {c5019d86-e204-44b5-b563-db229caaa99d}, !- Handle
  s_lgt_7,                                !- Name
  Roof1,                                  !- Output Variable or Output Meter Index Key Name
  Surface Inside Face Lights Radiation Heat Gain Energy; !- Output Variable or Output Meter Name

OS:EnergyManagementSystem:Sensor,
  {704c784b-0afe-4b9d-9b93-35d245fe01f8}, !- Handle
  s_surf_7,                               !- Name
  Roof1,                                  !- Output Variable or Output Meter Index Key Name
  Surface Inside Face Net Surface Thermal Radiation Heat Gain Energy; !- Output Variable or Output Meter Name

OS:EnergyManagementSystem:Sensor,
  {2872780c-9245-48eb-af40-93546b409f52}, !- Handle
  s_conv_8,                               !- Name
  Slab1,                                  !- Output Variable or Output Meter Index Key Name
  Surface Inside Face Convection Heat Gain Energy; !- Output Variable or Output Meter Name

OS:EnergyManagementSystem:Sensor,
  {98ff6e67-e42b-4a7c-9898-97f318f4fdce}, !- Handle
  s_ig_8,                                 !- Name
  Slab1,                                  !- Output Variable or Output Meter Index Key Name
  Surface Inside Face Internal Gains Radiation Heat Gain Energy; !- Output Variable or Output Meter Name

OS:EnergyManagementSystem:Sensor,
  {ce6f2219-6977-45e1-bbc8-2967e1b35b26}, !- Handle
  s_sol_8,                                !- Name
  Slab1,                                  !- Output Variable or Output Meter Index Key Name
  Surface Inside Face Solar Radiation Heat Gain Energy; !- Output Variable or Output Meter Name

OS:EnergyManagementSystem:Sensor,
  {ea24b58a-ccba-44a3-8603-f1cd5cd29150}, !- Handle
  s_lgt_8,                                !- Name
  Slab1,                                  !- Output Variable or Output Meter Index Key Name
  Surface Inside Face Lights Radiation Heat Gain Energy; !- Output Variable or Output Meter Name

OS:EnergyManagementSystem:Sensor,
  {374d2fb8-a37b-4a84-ba9f-b9902c67ec72}, !- Handle
  s_surf_8,                               !- Name
  Slab1,                                  !- Output Variable or Output Meter Index Key Name
  Surface Inside Face Net Surface Thermal Radiation Heat Gain Energy; !- Output Variable or Output Meter Name

OS:EnergyManagementSystem:Sensor,
  {3a7666e2-5a5e-445e-ad3d-ddcee62a5a7e}, !- Handle
  ss_sol,                                 !- Name
  Door1,                                  !- Output Variable or Output Meter Index Key Name
  Surface Inside Face Solar Radiation Heat Gain Energy; !- Output Variable or Output Meter Name

OS:EnergyManagementSystem:Sensor,
  {8a62601d-e765-44c4-a16d-dc44f4b1ee35}, !- Handle
  ss_lgt,                                 !- Name
  Door1,                                  !- Output Variable or Output Meter Index Key Name
  Surface Inside Face Lights Radiation Heat Gain Energy; !- Output Variable or Output Meter Name

OS:EnergyManagementSystem:Sensor,
  {35568aab-945e-495b-8a85-c5a32cf3f690}, !- Handle
  ss_conv,                                !- Name
  Door1,                                  !- Output Variable or Output Meter Index Key Name
  Surface Inside Face Convection Heat Gain Energy; !- Output Variable or Output Meter Name

OS:EnergyManagementSystem:Sensor,
  {4f8daa0a-a4e5-4a10-aaff-0769b412dac3}, !- Handle
  ss_ig,                                  !- Name
  Door1,                                  !- Output Variable or Output Meter Index Key Name
  Surface Inside Face Internal Gains Radiation Heat Gain Energy; !- Output Variable or Output Meter Name

OS:EnergyManagementSystem:Sensor,
  {74bf60dd-fe3a-4174-b538-135ec2d7bc62}, !- Handle
  ss_surf,                                !- Name
  Door1,                                  !- Output Variable or Output Meter Index Key Name
  Surface Inside Face Net Surface Thermal Radiation Heat Gain Energy; !- Output Variable or Output Meter Name

OS:EnergyManagementSystem:Sensor,
  {9047ceda-e007-4958-aa49-b8d23405dea4}, !- Handle
  ss_conv_1,                              !- Name
  Window1,                                !- Output Variable or Output Meter Index Key Name
  Surface Inside Face Convection Heat Gain Energy; !- Output Variable or Output Meter Name

OS:EnergyManagementSystem:Sensor,
  {74260227-28b0-48f4-aae8-462fb76f0159}, !- Handle
  ss_ig_1,                                !- Name
  Window1,                                !- Output Variable or Output Meter Index Key Name
  Surface Inside Face Internal Gains Radiation Heat Gain Energy; !- Output Variable or Output Meter Name

OS:EnergyManagementSystem:Sensor,
  {cc33a029-d9c3-4e0b-b560-f2aaffbf3e19}, !- Handle
  ss_surf_1,                              !- Name
  Window1,                                !- Output Variable or Output Meter Index Key Name
  Surface Inside Face Net Surface Thermal Radiation Heat Gain Energy; !- Output Variable or Output Meter Name

OS:EnergyManagementSystem:Sensor,
  {aa4f7f79-1aa6-475b-aa81-d216576fb125}, !- Handle
  ss_trans_in,                            !- Name
  Window1,                                !- Output Variable or Output Meter Index Key Name
  Surface Window Transmitted Solar Radiation Rate; !- Output Variable or Output Meter Name

OS:EnergyManagementSystem:Sensor,
  {d8218b5d-48f1-4e3a-8e6a-ea1aa1e36106}, !- Handle
  ss_back_out,                            !- Name
  Window1,                                !- Output Variable or Output Meter Index Key Name
  Surface Window Shortwave from Zone Back Out Window Heat Transfer Rate; !- Output Variable or Output Meter Name

OS:EnergyManagementSystem:Sensor,
  {5e082b45-b28e-4511-88bc-46491de49f58}, !- Handle
  ss_trans_out,                           !- Name
  Window1,                                !- Output Variable or Output Meter Index Key Name
  Surface Inside Face Initial Transmitted Diffuse Transmitted Out Window Solar Radiation Rate; !- Output Variable or Output Meter Name

OS:EnergyManagementSystem:Sensor,
  {54f23b62-e725-4ad5-bef9-c2583ded83fe}, !- Handle
  ss_conv_2,                              !- Name
  Window2,                                !- Output Variable or Output Meter Index Key Name
  Surface Inside Face Convection Heat Gain Energy; !- Output Variable or Output Meter Name

OS:EnergyManagementSystem:Sensor,
  {796f087f-20ee-46e1-a771-cf2f25312515}, !- Handle
  ss_ig_2,                                !- Name
  Window2,                                !- Output Variable or Output Meter Index Key Name
  Surface Inside Face Internal Gains Radiation Heat Gain Energy; !- Output Variable or Output Meter Name

OS:EnergyManagementSystem:Sensor,
  {4c4102c4-d794-4566-81c3-fc3cb59fcd93}, !- Handle
  ss_surf_2,                              !- Name
  Window2,                                !- Output Variable or Output Meter Index Key Name
  Surface Inside Face Net Surface Thermal Radiation Heat Gain Energy; !- Output Variable or Output Meter Name

OS:EnergyManagementSystem:Sensor,
  {5eb8254a-e4ab-4433-9e0b-030f206316cc}, !- Handle
  ss_trans_in_1,                          !- Name
  Window2,                                !- Output Variable or Output Meter Index Key Name
  Surface Window Transmitted Solar Radiation Rate; !- Output Variable or Output Meter Name

OS:EnergyManagementSystem:Sensor,
  {b0e594f6-3ae4-4c00-9433-433df7660464}, !- Handle
  ss_back_out_1,                          !- Name
  Window2,                                !- Output Variable or Output Meter Index Key Name
  Surface Window Shortwave from Zone Back Out Window Heat Transfer Rate; !- Output Variable or Output Meter Name

OS:EnergyManagementSystem:Sensor,
  {dbb2c741-8e8b-4c65-821e-5e013a13415c}, !- Handle
  ss_trans_out_1,                         !- Name
  Window2,                                !- Output Variable or Output Meter Index Key Name
  Surface Inside Face Initial Transmitted Diffuse Transmitted Out Window Solar Radiation Rate; !- Output Variable or Output Meter Name

OS:EnergyManagementSystem:Sensor,
  {a5e7c1c6-6a78-4053-a06b-3fb83626876c}, !- Handle
  ss_conv_3,                              !- Name
  Window3,                                !- Output Variable or Output Meter Index Key Name
  Surface Inside Face Convection Heat Gain Energy; !- Output Variable or Output Meter Name

OS:EnergyManagementSystem:Sensor,
  {747bcd13-25fb-4922-b606-4312a7b7b10b}, !- Handle
  ss_ig_3,                                !- Name
  Window3,                                !- Output Variable or Output Meter Index Key Name
  Surface Inside Face Internal Gains Radiation Heat Gain Energy; !- Output Variable or Output Meter Name

OS:EnergyManagementSystem:Sensor,
  {fdbbe2e3-03ab-498f-a8cf-ff0ae353f96d}, !- Handle
  ss_surf_3,                              !- Name
  Window3,                                !- Output Variable or Output Meter Index Key Name
  Surface Inside Face Net Surface Thermal Radiation Heat Gain Energy; !- Output Variable or Output Meter Name

OS:EnergyManagementSystem:Sensor,
  {796eef77-f48d-4ec1-b792-0d8e77e6d40e}, !- Handle
  ss_trans_in_2,                          !- Name
  Window3,                                !- Output Variable or Output Meter Index Key Name
  Surface Window Transmitted Solar Radiation Rate; !- Output Variable or Output Meter Name

OS:EnergyManagementSystem:Sensor,
  {b9677cbd-eecd-407a-bc9a-1d92635b3c8c}, !- Handle
  ss_back_out_2,                          !- Name
  Window3,                                !- Output Variable or Output Meter Index Key Name
  Surface Window Shortwave from Zone Back Out Window Heat Transfer Rate; !- Output Variable or Output Meter Name

OS:EnergyManagementSystem:Sensor,
  {06077b93-89d0-4eb3-9983-92173d73242f}, !- Handle
  ss_trans_out_2,                         !- Name
  Window3,                                !- Output Variable or Output Meter Index Key Name
  Surface Inside Face Initial Transmitted Diffuse Transmitted Out Window Solar Radiation Rate; !- Output Variable or Output Meter Name

OS:EnergyManagementSystem:Sensor,
  {6f4165ff-26c5-4704-aaa3-26616528ad46}, !- Handle
  ss_conv_4,                              !- Name
  Window4,                                !- Output Variable or Output Meter Index Key Name
  Surface Inside Face Convection Heat Gain Energy; !- Output Variable or Output Meter Name

OS:EnergyManagementSystem:Sensor,
  {eb28e337-72e3-45c5-8cd6-39b607f16022}, !- Handle
  ss_ig_4,                                !- Name
  Window4,                                !- Output Variable or Output Meter Index Key Name
  Surface Inside Face Internal Gains Radiation Heat Gain Energy; !- Output Variable or Output Meter Name

OS:EnergyManagementSystem:Sensor,
  {70a8cc49-3ad8-4141-a245-383f8ea3841b}, !- Handle
  ss_surf_4,                              !- Name
  Window4,                                !- Output Variable or Output Meter Index Key Name
  Surface Inside Face Net Surface Thermal Radiation Heat Gain Energy; !- Output Variable or Output Meter Name

OS:EnergyManagementSystem:Sensor,
  {2fef56da-5c3f-4bfe-9af7-7d83df7a63a2}, !- Handle
  ss_trans_in_3,                          !- Name
  Window4,                                !- Output Variable or Output Meter Index Key Name
  Surface Window Transmitted Solar Radiation Rate; !- Output Variable or Output Meter Name

OS:EnergyManagementSystem:Sensor,
  {a1ad6c0c-9422-42c1-a387-7acf31cc49da}, !- Handle
  ss_back_out_3,                          !- Name
  Window4,                                !- Output Variable or Output Meter Index Key Name
  Surface Window Shortwave from Zone Back Out Window Heat Transfer Rate; !- Output Variable or Output Meter Name

OS:EnergyManagementSystem:Sensor,
  {9025ad6c-8916-43bf-8b4e-71b15fdbba04}, !- Handle
  ss_trans_out_3,                         !- Name
  Window4,                                !- Output Variable or Output Meter Index Key Name
  Surface Inside Face Initial Transmitted Diffuse Transmitted Out Window Solar Radiation Rate; !- Output Variable or Output Meter Name

OS:EnergyManagementSystem:Sensor,
  {5e9396ea-f6e8-4a6d-ac54-c64c0934ea33}, !- Handle
  s_conv_9,                               !- Name
  Wall1,                                  !- Output Variable or Output Meter Index Key Name
  Surface Inside Face Convection Heat Gain Energy; !- Output Variable or Output Meter Name

OS:EnergyManagementSystem:Sensor,
  {6fd18ad5-034e-4dc7-a61e-d4b5b292081b}, !- Handle
  s_ig_9,                                 !- Name
  Wall1,                                  !- Output Variable or Output Meter Index Key Name
  Surface Inside Face Internal Gains Radiation Heat Gain Energy; !- Output Variable or Output Meter Name

OS:EnergyManagementSystem:Sensor,
  {9589cf19-e3ec-4ed5-944a-999c37612f69}, !- Handle
  s_sol_9,                                !- Name
  Wall1,                                  !- Output Variable or Output Meter Index Key Name
  Surface Inside Face Solar Radiation Heat Gain Energy; !- Output Variable or Output Meter Name

OS:EnergyManagementSystem:Sensor,
  {0c761971-4e31-45c5-b9f0-c7b39052a3d8}, !- Handle
  s_lgt_9,                                !- Name
  Wall1,                                  !- Output Variable or Output Meter Index Key Name
  Surface Inside Face Lights Radiation Heat Gain Energy; !- Output Variable or Output Meter Name

OS:EnergyManagementSystem:Sensor,
  {1c4099e1-1aaa-4ded-8d76-18b4db4c138a}, !- Handle
  s_surf_9,                               !- Name
  Wall1,                                  !- Output Variable or Output Meter Index Key Name
  Surface Inside Face Net Surface Thermal Radiation Heat Gain Energy; !- Output Variable or Output Meter Name

OS:EnergyManagementSystem:Sensor,
  {f2725e9f-cbc3-4a1f-9c97-9f69eab6016b}, !- Handle
  s_conv_10,                              !- Name
  Wall2,                                  !- Output Variable or Output Meter Index Key Name
  Surface Inside Face Convection Heat Gain Energy; !- Output Variable or Output Meter Name

OS:EnergyManagementSystem:Sensor,
  {73f06213-ad8a-43da-92af-51d7ff437299}, !- Handle
  s_ig_10,                                !- Name
  Wall2,                                  !- Output Variable or Output Meter Index Key Name
  Surface Inside Face Internal Gains Radiation Heat Gain Energy; !- Output Variable or Output Meter Name

OS:EnergyManagementSystem:Sensor,
  {17ae5844-2ee0-402c-8db9-b1b007b6aa1c}, !- Handle
  s_sol_10,                               !- Name
  Wall2,                                  !- Output Variable or Output Meter Index Key Name
  Surface Inside Face Solar Radiation Heat Gain Energy; !- Output Variable or Output Meter Name

OS:EnergyManagementSystem:Sensor,
  {7cbdc5c8-c151-48ac-b596-207241547d35}, !- Handle
  s_lgt_10,                               !- Name
  Wall2,                                  !- Output Variable or Output Meter Index Key Name
  Surface Inside Face Lights Radiation Heat Gain Energy; !- Output Variable or Output Meter Name

OS:EnergyManagementSystem:Sensor,
  {fef0c06d-9889-4cfd-9f73-3b0bfdb5d6d4}, !- Handle
  s_surf_10,                              !- Name
  Wall2,                                  !- Output Variable or Output Meter Index Key Name
  Surface Inside Face Net Surface Thermal Radiation Heat Gain Energy; !- Output Variable or Output Meter Name

OS:EnergyManagementSystem:Sensor,
  {6ab710cf-8c23-4ae6-a299-656f6470bb6f}, !- Handle
  s_conv_11,                              !- Name
  Wall3,                                  !- Output Variable or Output Meter Index Key Name
  Surface Inside Face Convection Heat Gain Energy; !- Output Variable or Output Meter Name

OS:EnergyManagementSystem:Sensor,
  {d98d4355-2316-4bc1-8420-7fac2a08ddd7}, !- Handle
  s_ig_11,                                !- Name
  Wall3,                                  !- Output Variable or Output Meter Index Key Name
  Surface Inside Face Internal Gains Radiation Heat Gain Energy; !- Output Variable or Output Meter Name

OS:EnergyManagementSystem:Sensor,
  {c2c9565c-f853-4c53-a6e0-51a17f396fb0}, !- Handle
  s_sol_11,                               !- Name
  Wall3,                                  !- Output Variable or Output Meter Index Key Name
  Surface Inside Face Solar Radiation Heat Gain Energy; !- Output Variable or Output Meter Name

OS:EnergyManagementSystem:Sensor,
  {eea12a90-1bee-498d-868d-ec07cf0ed726}, !- Handle
  s_lgt_11,                               !- Name
  Wall3,                                  !- Output Variable or Output Meter Index Key Name
  Surface Inside Face Lights Radiation Heat Gain Energy; !- Output Variable or Output Meter Name

OS:EnergyManagementSystem:Sensor,
  {22cc2b54-5584-40b2-9098-42ff72b4d0a5}, !- Handle
  s_surf_11,                              !- Name
  Wall3,                                  !- Output Variable or Output Meter Index Key Name
  Surface Inside Face Net Surface Thermal Radiation Heat Gain Energy; !- Output Variable or Output Meter Name

OS:EnergyManagementSystem:Sensor,
  {563fd0e3-03b4-4767-939a-617a2cd845ac}, !- Handle
  s_conv_12,                              !- Name
  Wall4,                                  !- Output Variable or Output Meter Index Key Name
  Surface Inside Face Convection Heat Gain Energy; !- Output Variable or Output Meter Name

OS:EnergyManagementSystem:Sensor,
  {2bae2115-c588-428d-8856-d807bffd868a}, !- Handle
  s_ig_12,                                !- Name
  Wall4,                                  !- Output Variable or Output Meter Index Key Name
  Surface Inside Face Internal Gains Radiation Heat Gain Energy; !- Output Variable or Output Meter Name

OS:EnergyManagementSystem:Sensor,
  {47703f2d-aa63-41ff-86a0-55901bc3f3db}, !- Handle
  s_sol_12,                               !- Name
  Wall4,                                  !- Output Variable or Output Meter Index Key Name
  Surface Inside Face Solar Radiation Heat Gain Energy; !- Output Variable or Output Meter Name

OS:EnergyManagementSystem:Sensor,
  {08604eaf-8714-4cfb-bdab-780d690b1235}, !- Handle
  s_lgt_12,                               !- Name
  Wall4,                                  !- Output Variable or Output Meter Index Key Name
  Surface Inside Face Lights Radiation Heat Gain Energy; !- Output Variable or Output Meter Name

OS:EnergyManagementSystem:Sensor,
  {8aec727e-8512-40bc-891b-1e3229dd7c1d}, !- Handle
  s_surf_12,                              !- Name
  Wall4,                                  !- Output Variable or Output Meter Index Key Name
  Surface Inside Face Net Surface Thermal Radiation Heat Gain Energy; !- Output Variable or Output Meter Name

OS:EnergyManagementSystem:Sensor,
  {6763ac67-d79b-4463-aa86-c94e2ff90908}, !- Handle
  im_conv,                                !- Name
  furniture mass conditioned space 1,     !- Output Variable or Output Meter Index Key Name
  Surface Inside Face Convection Heat Gain Energy; !- Output Variable or Output Meter Name

OS:EnergyManagementSystem:Sensor,
  {6a30c788-c4e4-4507-82f8-1b636271575d}, !- Handle
  im_ig,                                  !- Name
  furniture mass conditioned space 1,     !- Output Variable or Output Meter Index Key Name
  Surface Inside Face Internal Gains Radiation Heat Gain Energy; !- Output Variable or Output Meter Name

OS:EnergyManagementSystem:Sensor,
  {9754a5b3-4253-44a1-8c14-253479f8fd40}, !- Handle
  im_sol,                                 !- Name
  furniture mass conditioned space 1,     !- Output Variable or Output Meter Index Key Name
  Surface Inside Face Solar Radiation Heat Gain Energy; !- Output Variable or Output Meter Name

OS:EnergyManagementSystem:Sensor,
  {27e92165-de87-4cf1-a0aa-f689e693f17e}, !- Handle
  im_lgt,                                 !- Name
  furniture mass conditioned space 1,     !- Output Variable or Output Meter Index Key Name
  Surface Inside Face Lights Radiation Heat Gain Energy; !- Output Variable or Output Meter Name

OS:EnergyManagementSystem:Sensor,
  {613deaa3-86b2-44ee-b5a3-4fc0202dbd70}, !- Handle
  im_surf,                                !- Name
  furniture mass conditioned space 1,     !- Output Variable or Output Meter Index Key Name
  Surface Inside Face Net Surface Thermal Radiation Heat Gain Energy; !- Output Variable or Output Meter Name

OS:EnergyManagementSystem:Sensor,
  {f8a65248-1b44-45ac-9056-2c632f53cea3}, !- Handle
  im_conv_1,                              !- Name
  partition wall mass,                    !- Output Variable or Output Meter Index Key Name
  Surface Inside Face Convection Heat Gain Energy; !- Output Variable or Output Meter Name

OS:EnergyManagementSystem:Sensor,
  {cdf86ea4-2256-4b52-9ef7-0694b109b314}, !- Handle
  im_ig_1,                                !- Name
  partition wall mass,                    !- Output Variable or Output Meter Index Key Name
  Surface Inside Face Internal Gains Radiation Heat Gain Energy; !- Output Variable or Output Meter Name

OS:EnergyManagementSystem:Sensor,
  {e317e2b5-738d-4842-8749-f3d39263f419}, !- Handle
  im_sol_1,                               !- Name
  partition wall mass,                    !- Output Variable or Output Meter Index Key Name
  Surface Inside Face Solar Radiation Heat Gain Energy; !- Output Variable or Output Meter Name

OS:EnergyManagementSystem:Sensor,
  {ff4d7e48-824f-4969-b562-0083c58e5ee8}, !- Handle
  im_lgt_1,                               !- Name
  partition wall mass,                    !- Output Variable or Output Meter Index Key Name
  Surface Inside Face Lights Radiation Heat Gain Energy; !- Output Variable or Output Meter Name

OS:EnergyManagementSystem:Sensor,
  {721aadd3-30e3-4cda-9ad3-c6b153de007e}, !- Handle
  im_surf_1,                              !- Name
  partition wall mass,                    !- Output Variable or Output Meter Index Key Name
  Surface Inside Face Net Surface Thermal Radiation Heat Gain Energy; !- Output Variable or Output Meter Name

OS:EnergyManagementSystem:Sensor,
  {ff608d6a-bcc3-45bc-9859-eaf56b62a50e}, !- Handle
  airflow_gain,                           !- Name
  infil flow,                             !- Output Variable or Output Meter Index Key Name
  Infiltration Sensible Heat Gain Energy; !- Output Variable or Output Meter Name

OS:EnergyManagementSystem:Sensor,
  {ef80ab68-9db0-409d-892b-8d8f0082ab81}, !- Handle
  airflow_loss,                           !- Name
  infil flow,                             !- Output Variable or Output Meter Index Key Name
  Infiltration Sensible Heat Loss Energy; !- Output Variable or Output Meter Name

OS:EnergyManagementSystem:Sensor,
  {f9348c11-ca6c-449c-beaf-ed6777fbed5f}, !- Handle
  airflow_gain_1,                         !- Name
  natural vent flow,                      !- Output Variable or Output Meter Index Key Name
  Infiltration Sensible Heat Gain Energy; !- Output Variable or Output Meter Name

OS:EnergyManagementSystem:Sensor,
  {a1be3941-6f69-4d45-a067-e4359ea5b09f}, !- Handle
  airflow_loss_1,                         !- Name
  natural vent flow,                      !- Output Variable or Output Meter Index Key Name
  Infiltration Sensible Heat Loss Energy; !- Output Variable or Output Meter Name

OS:EnergyManagementSystem:Sensor,
  {3a51dfdc-68ac-4820-b9a1-d04968d18454}, !- Handle
  airflow_gain_2,                         !- Name
  whole house fan flow,                   !- Output Variable or Output Meter Index Key Name
  Infiltration Sensible Heat Gain Energy; !- Output Variable or Output Meter Name

OS:EnergyManagementSystem:Sensor,
  {b6124791-9baa-4a63-b80f-917ba1b5891b}, !- Handle
  airflow_loss_2,                         !- Name
  whole house fan flow,                   !- Output Variable or Output Meter Index Key Name
  Infiltration Sensible Heat Loss Energy; !- Output Variable or Output Meter Name

OS:EnergyManagementSystem:Sensor,
  {52775d30-09be-46f2-a443-618e4e50faaa}, !- Handle
  mv_conv,                                !- Name
  mech vent bath fan 0,                   !- Output Variable or Output Meter Index Key Name
  Electric Equipment Convective Heating Energy; !- Output Variable or Output Meter Name

OS:EnergyManagementSystem:Sensor,
  {103239e3-92c2-4895-890f-c6caca6e8405}, !- Handle
  mv_rad,                                 !- Name
  mech vent bath fan 0,                   !- Output Variable or Output Meter Index Key Name
  Electric Equipment Radiant Heating Energy; !- Output Variable or Output Meter Name

OS:EnergyManagementSystem:Sensor,
  {1664df61-4371-4c8d-8b85-8b342b11f3fd}, !- Handle
  mv_conv_1,                              !- Name
  mech vent house fan,                    !- Output Variable or Output Meter Index Key Name
  Electric Equipment Convective Heating Energy; !- Output Variable or Output Meter Name

OS:EnergyManagementSystem:Sensor,
  {69be4ffd-c526-47c1-b662-a542f6397658}, !- Handle
  mv_rad_1,                               !- Name
  mech vent house fan,                    !- Output Variable or Output Meter Index Key Name
  Electric Equipment Radiant Heating Energy; !- Output Variable or Output Meter Name

OS:EnergyManagementSystem:Sensor,
  {21f0d5e8-d1df-49c5-804a-aed52616aeee}, !- Handle
  mv_conv_2,                              !- Name
  mech vent house fan cfis,               !- Output Variable or Output Meter Index Key Name
  Electric Equipment Convective Heating Energy; !- Output Variable or Output Meter Name

OS:EnergyManagementSystem:Sensor,
  {ce8dc840-238f-4674-a376-a4fa2218bd52}, !- Handle
  mv_rad_2,                               !- Name
  mech vent house fan cfis,               !- Output Variable or Output Meter Index Key Name
  Electric Equipment Radiant Heating Energy; !- Output Variable or Output Meter Name

OS:EnergyManagementSystem:Sensor,
  {cadaf977-0c57-4ec5-9d6c-9a6484e15712}, !- Handle
  mv_conv_3,                              !- Name
  mech vent range fan 0,                  !- Output Variable or Output Meter Index Key Name
  Electric Equipment Convective Heating Energy; !- Output Variable or Output Meter Name

OS:EnergyManagementSystem:Sensor,
  {4c096ac5-8652-4d19-89e6-af14fa2b697d}, !- Handle
  mv_rad_3,                               !- Name
  mech vent range fan 0,                  !- Output Variable or Output Meter Index Key Name
  Electric Equipment Radiant Heating Energy; !- Output Variable or Output Meter Name

OS:EnergyManagementSystem:Sensor,
  {99258b65-e591-4167-97b7-1e1e8f5f5c9b}, !- Handle
  mv_conv_4,                              !- Name
  mech vent house fan latent load,        !- Output Variable or Output Meter Index Key Name
  Other Equipment Convective Heating Energy; !- Output Variable or Output Meter Name

OS:EnergyManagementSystem:Sensor,
  {ca17c288-a142-4744-b2c1-2e551ec1174b}, !- Handle
  mv_rad_4,                               !- Name
  mech vent house fan latent load,        !- Output Variable or Output Meter Index Key Name
  Other Equipment Radiant Heating Energy; !- Output Variable or Output Meter Name

OS:EnergyManagementSystem:Sensor,
  {150e2033-1207-4283-ba89-f09810929d62}, !- Handle
  mv_conv_5,                              !- Name
  mech vent house fan sensible load,      !- Output Variable or Output Meter Index Key Name
  Other Equipment Convective Heating Energy; !- Output Variable or Output Meter Name

OS:EnergyManagementSystem:Sensor,
  {58ba018c-6586-4ca2-b428-6251b9d7951c}, !- Handle
  mv_rad_5,                               !- Name
  mech vent house fan sensible load,      !- Output Variable or Output Meter Index Key Name
  Other Equipment Radiant Heating Energy; !- Output Variable or Output Meter Name

OS:EnergyManagementSystem:Sensor,
  {daf6dca3-8b8c-40d7-bf56-58728338e554}, !- Handle
  ig_lgt_conv,                            !- Name
  interior lighting,                      !- Output Variable or Output Meter Index Key Name
  Lights Convective Heating Energy;       !- Output Variable or Output Meter Name

OS:EnergyManagementSystem:Sensor,
  {321337e4-496f-44e0-960e-355c4a67061c}, !- Handle
  ig_lgt_rad,                             !- Name
  interior lighting,                      !- Output Variable or Output Meter Index Key Name
  Lights Radiant Heating Energy;          !- Output Variable or Output Meter Name

OS:EnergyManagementSystem:Sensor,
  {653e2c32-3776-412d-b946-5b5159105b38}, !- Handle
  ig_lgt_vis,                             !- Name
  interior lighting,                      !- Output Variable or Output Meter Index Key Name
  Lights Visible Radiation Heating Energy; !- Output Variable or Output Meter Name

OS:EnergyManagementSystem:Sensor,
  {ea1e8442-358c-4ec5-9df4-c80a20ee0e11}, !- Handle
  ig_ee_conv,                             !- Name
  ceiling fan,                            !- Output Variable or Output Meter Index Key Name
  Electric Equipment Convective Heating Energy; !- Output Variable or Output Meter Name

OS:EnergyManagementSystem:Sensor,
  {2d19c499-b8b3-4ec9-9b8f-4f80e8fc10cb}, !- Handle
  ig_ee_rad,                              !- Name
  ceiling fan,                            !- Output Variable or Output Meter Index Key Name
  Electric Equipment Radiant Heating Energy; !- Output Variable or Output Meter Name

OS:EnergyManagementSystem:Sensor,
  {115a1eeb-872f-4c46-8e36-a240e079828f}, !- Handle
  ig_ee_conv_1,                           !- Name
  clothes dryer,                          !- Output Variable or Output Meter Index Key Name
  Electric Equipment Convective Heating Energy; !- Output Variable or Output Meter Name

OS:EnergyManagementSystem:Sensor,
  {13ada04a-37f6-4f61-8069-ec5ec677b797}, !- Handle
  ig_ee_rad_1,                            !- Name
  clothes dryer,                          !- Output Variable or Output Meter Index Key Name
  Electric Equipment Radiant Heating Energy; !- Output Variable or Output Meter Name

OS:EnergyManagementSystem:Sensor,
  {1652d870-92c4-4562-83d2-e93b88485cd9}, !- Handle
  ig_ee_conv_2,                           !- Name
  clothes washer,                         !- Output Variable or Output Meter Index Key Name
  Electric Equipment Convective Heating Energy; !- Output Variable or Output Meter Name

OS:EnergyManagementSystem:Sensor,
  {8ac36917-3cb8-4a96-a15b-f7bbd4ada834}, !- Handle
  ig_ee_rad_2,                            !- Name
  clothes washer,                         !- Output Variable or Output Meter Index Key Name
  Electric Equipment Radiant Heating Energy; !- Output Variable or Output Meter Name

OS:EnergyManagementSystem:Sensor,
  {73b35f7a-bfed-4bdd-b93a-698a350aeb0f}, !- Handle
  ig_ee_conv_3,                           !- Name
  cooking range,                          !- Output Variable or Output Meter Index Key Name
  Electric Equipment Convective Heating Energy; !- Output Variable or Output Meter Name

OS:EnergyManagementSystem:Sensor,
  {d5622a37-4d22-4ccc-a8b6-8ce9a8f7f6df}, !- Handle
  ig_ee_rad_3,                            !- Name
  cooking range,                          !- Output Variable or Output Meter Index Key Name
  Electric Equipment Radiant Heating Energy; !- Output Variable or Output Meter Name

OS:EnergyManagementSystem:Sensor,
  {2b331946-0983-4c6b-b6f6-24778a335f67}, !- Handle
  ig_ee_conv_4,                           !- Name
  dishwasher,                             !- Output Variable or Output Meter Index Key Name
  Electric Equipment Convective Heating Energy; !- Output Variable or Output Meter Name

OS:EnergyManagementSystem:Sensor,
  {4dfb8638-50cd-4eb2-9f50-68d4b7039589}, !- Handle
  ig_ee_rad_4,                            !- Name
  dishwasher,                             !- Output Variable or Output Meter Index Key Name
  Electric Equipment Radiant Heating Energy; !- Output Variable or Output Meter Name

OS:EnergyManagementSystem:Sensor,
  {eec4c5b8-9344-485b-856f-0bdd8d3bd7ad}, !- Handle
  ig_ee_conv_5,                           !- Name
  freezer,                                !- Output Variable or Output Meter Index Key Name
  Electric Equipment Convective Heating Energy; !- Output Variable or Output Meter Name

OS:EnergyManagementSystem:Sensor,
  {8af546af-3103-45e1-a5ea-b52452b42cc6}, !- Handle
  ig_ee_rad_5,                            !- Name
  freezer,                                !- Output Variable or Output Meter Index Key Name
  Electric Equipment Radiant Heating Energy; !- Output Variable or Output Meter Name

OS:EnergyManagementSystem:Sensor,
  {0be3f6dc-5660-419c-a7de-36f8d108bc67}, !- Handle
  ig_ee_conv_6,                           !- Name
  fridge,                                 !- Output Variable or Output Meter Index Key Name
  Electric Equipment Convective Heating Energy; !- Output Variable or Output Meter Name

OS:EnergyManagementSystem:Sensor,
  {0e0a095d-dfe5-4b07-a0ef-b8e52d3fc712}, !- Handle
  ig_ee_rad_6,                            !- Name
  fridge,                                 !- Output Variable or Output Meter Index Key Name
  Electric Equipment Radiant Heating Energy; !- Output Variable or Output Meter Name

OS:EnergyManagementSystem:Sensor,
  {74a23b74-60e4-41a8-873e-1aacd76e418b}, !- Handle
  ig_ee_conv_7,                           !- Name
  fridge 1,                               !- Output Variable or Output Meter Index Key Name
  Electric Equipment Convective Heating Energy; !- Output Variable or Output Meter Name

OS:EnergyManagementSystem:Sensor,
  {3f1b7176-91be-4e0b-9105-5acde77f3ed1}, !- Handle
  ig_ee_rad_7,                            !- Name
  fridge 1,                               !- Output Variable or Output Meter Index Key Name
  Electric Equipment Radiant Heating Energy; !- Output Variable or Output Meter Name

OS:EnergyManagementSystem:Sensor,
  {ea9031ea-8aea-4b0b-b434-d6f4742c3670}, !- Handle
  ig_ee_conv_8,                           !- Name
  misc plug loads,                        !- Output Variable or Output Meter Index Key Name
  Electric Equipment Convective Heating Energy; !- Output Variable or Output Meter Name

OS:EnergyManagementSystem:Sensor,
  {c7a79ffa-af20-4651-9272-9c6a6d01c60f}, !- Handle
  ig_ee_rad_8,                            !- Name
  misc plug loads,                        !- Output Variable or Output Meter Index Key Name
  Electric Equipment Radiant Heating Energy; !- Output Variable or Output Meter Name

OS:EnergyManagementSystem:Sensor,
  {bdf93b69-8635-4868-936e-5de6ec8bcf17}, !- Handle
  ig_ee_conv_9,                           !- Name
  misc tv,                                !- Output Variable or Output Meter Index Key Name
  Electric Equipment Convective Heating Energy; !- Output Variable or Output Meter Name

OS:EnergyManagementSystem:Sensor,
  {357415a4-5b18-444e-9ffc-2553629efa41}, !- Handle
  ig_ee_rad_9,                            !- Name
  misc tv,                                !- Output Variable or Output Meter Index Key Name
  Electric Equipment Radiant Heating Energy; !- Output Variable or Output Meter Name

OS:EnergyManagementSystem:Sensor,
  {767f8234-1213-4b20-a345-cdc1126e8c32}, !- Handle
  ig_ee_conv_10,                          !- Name
  whole house fan,                        !- Output Variable or Output Meter Index Key Name
  Electric Equipment Convective Heating Energy; !- Output Variable or Output Meter Name

OS:EnergyManagementSystem:Sensor,
  {197ebfa3-81ac-4467-94db-0017c3f5a53a}, !- Handle
  ig_ee_rad_10,                           !- Name
  whole house fan,                        !- Output Variable or Output Meter Index Key Name
  Electric Equipment Radiant Heating Energy; !- Output Variable or Output Meter Name

OS:EnergyManagementSystem:Sensor,
  {58737355-bbcd-4d91-8262-f4f38f9f5283}, !- Handle
  ig_oe_conv,                             !- Name
  clothes dryer 1,                        !- Output Variable or Output Meter Index Key Name
  Other Equipment Convective Heating Energy; !- Output Variable or Output Meter Name

OS:EnergyManagementSystem:Sensor,
  {80142fbf-5ac7-4cb1-8214-d18f9f803590}, !- Handle
  ig_oe_rad,                              !- Name
  clothes dryer 1,                        !- Output Variable or Output Meter Index Key Name
  Other Equipment Radiant Heating Energy; !- Output Variable or Output Meter Name

OS:EnergyManagementSystem:Sensor,
  {1cceb7b6-d05a-4f33-85ef-acc3e2713079}, !- Handle
  ig_oe_conv_1,                           !- Name
  cooking range 1,                        !- Output Variable or Output Meter Index Key Name
  Other Equipment Convective Heating Energy; !- Output Variable or Output Meter Name

OS:EnergyManagementSystem:Sensor,
  {055248af-5503-4702-a4d8-7650baed400b}, !- Handle
  ig_oe_rad_1,                            !- Name
  cooking range 1,                        !- Output Variable or Output Meter Index Key Name
  Other Equipment Radiant Heating Energy; !- Output Variable or Output Meter Name

OS:EnergyManagementSystem:Sensor,
  {56dabc03-16e5-4042-bb12-15138db5125b}, !- Handle
  ig_oe_conv_2,                           !- Name
  general water use latent,               !- Output Variable or Output Meter Index Key Name
  Other Equipment Convective Heating Energy; !- Output Variable or Output Meter Name

OS:EnergyManagementSystem:Sensor,
  {fdcd3dde-4a05-4787-bbd0-7b58200cb0ec}, !- Handle
  ig_oe_rad_2,                            !- Name
  general water use latent,               !- Output Variable or Output Meter Index Key Name
  Other Equipment Radiant Heating Energy; !- Output Variable or Output Meter Name

OS:EnergyManagementSystem:Sensor,
  {acf5d4b6-1fbb-42f6-86c1-2ee1220ce7b0}, !- Handle
  ig_oe_conv_3,                           !- Name
  general water use sensible,             !- Output Variable or Output Meter Index Key Name
  Other Equipment Convective Heating Energy; !- Output Variable or Output Meter Name

OS:EnergyManagementSystem:Sensor,
  {7938153a-b718-4768-afff-070ad7f37dfa}, !- Handle
  ig_oe_rad_3,                            !- Name
  general water use sensible,             !- Output Variable or Output Meter Index Key Name
  Other Equipment Radiant Heating Energy; !- Output Variable or Output Meter Name

OS:EnergyManagementSystem:Sensor,
  {3e49e04f-e599-4e17-9cfc-721243be6b72}, !- Handle
  ig_oe_conv_4,                           !- Name
  water heater energy adjustment1,        !- Output Variable or Output Meter Index Key Name
  Other Equipment Convective Heating Energy; !- Output Variable or Output Meter Name

OS:EnergyManagementSystem:Sensor,
  {92154b89-d0f8-4554-907a-940291d7a7d9}, !- Handle
  ig_oe_rad_4,                            !- Name
  water heater energy adjustment1,        !- Output Variable or Output Meter Index Key Name
  Other Equipment Radiant Heating Energy; !- Output Variable or Output Meter Name

OS:EnergyManagementSystem:Sensor,
  {7a3e8c44-0303-4a97-aa7c-777cb718129a}, !- Handle
  ig_oe_conv_5,                           !- Name
  water heater lat,                       !- Output Variable or Output Meter Index Key Name
  Other Equipment Convective Heating Energy; !- Output Variable or Output Meter Name

OS:EnergyManagementSystem:Sensor,
  {5d95a83e-1303-4962-bdcd-c4762c106c82}, !- Handle
  ig_oe_rad_5,                            !- Name
  water heater lat,                       !- Output Variable or Output Meter Index Key Name
  Other Equipment Radiant Heating Energy; !- Output Variable or Output Meter Name

OS:EnergyManagementSystem:Sensor,
  {27aa55fc-091d-4ba4-8aac-692d0cdcbcd8}, !- Handle
  ig_oe_conv_6,                           !- Name
  water heater sens,                      !- Output Variable or Output Meter Index Key Name
  Other Equipment Convective Heating Energy; !- Output Variable or Output Meter Name

OS:EnergyManagementSystem:Sensor,
  {2a825c96-13a8-4eeb-b2f0-f73ccd022fd3}, !- Handle
  ig_oe_rad_6,                            !- Name
  water heater sens,                      !- Output Variable or Output Meter Index Key Name
  Other Equipment Radiant Heating Energy; !- Output Variable or Output Meter Name

OS:EnergyManagementSystem:Sensor,
  {f20ff207-2713-4b4c-bafa-648bbc9fac6c}, !- Handle
  ig_ppl_conv,                            !- Name
  occupants,                              !- Output Variable or Output Meter Index Key Name
  People Convective Heating Energy;       !- Output Variable or Output Meter Name

OS:EnergyManagementSystem:Sensor,
  {32d7bf8d-130c-423c-81c5-f5e0afd837eb}, !- Handle
  ig_ppl_rad,                             !- Name
  occupants,                              !- Output Variable or Output Meter Index Key Name
  People Radiant Heating Energy;          !- Output Variable or Output Meter Name

OS:EnergyManagementSystem:Sensor,
  {5daf37cf-97f7-4b87-93f4-dd477f7edf40}, !- Handle
  tin_s_1,                                !- Name
  conditioned space,                      !- Output Variable or Output Meter Index Key Name
  Zone Mean Air Temperature;              !- Output Variable or Output Meter Name

OS:EnergyManagementSystem:Sensor,
  {ae60e60f-44af-4f41-9c30-511e8f2907d3}, !- Handle
  htg_sp_s_1,                             !- Name
  heating setpoint,                       !- Output Variable or Output Meter Index Key Name
  Schedule Value;                         !- Output Variable or Output Meter Name

OS:EnergyManagementSystem:Sensor,
  {0843e175-d68d-42d3-8e20-acebe16f0414}, !- Handle
  clg_sp_s_1,                             !- Name
  cooling setpoint,                       !- Output Variable or Output Meter Index Key Name
  Schedule Value;                         !- Output Variable or Output Meter Name

OS:EnergyManagementSystem:ProgramCallingManager,
  {364fad30-c462-4fde-83e3-0ed1c65ef658}, !- Handle
  component_loads_program_calling_manager, !- Name
  EndOfZoneTimestepAfterZoneReporting,    !- EnergyPlus Model Calling Point
  {931cfd17-889a-44d9-982a-7705d66e2d1d}; !- Program Name 1

OS:EnergyManagementSystem:Program,
  {61fd635f-5eb1-468e-8c61-7c8f9c5bb0d9}, !- Handle
  total_airflows_program,                 !- Name
  Set total_infil_flow_rate = 0,          !- Program Line 1
  Set total_mechvent_flow_rate = 0,       !- Program Line 2
  Set total_natvent_flow_rate = 0,        !- Program Line 3
  Set total_whf_flow_rate = 0,            !- Program Line 4
  Set total_infil_flow_rate = total_infil_flow_rate + (infil_program_Qinf * 1), !- Program Line 5
  Set total_mechvent_flow_rate = total_mechvent_flow_rate + (infil_program_Qfan * 1), !- Program Line 6
  Set total_natvent_flow_rate = total_natvent_flow_rate + (natural_vent_program_Qnv * 1), !- Program Line 7
  Set total_whf_flow_rate = total_whf_flow_rate + (natural_vent_program_Qwhf * 1); !- Program Line 8

OS:AdditionalProperties,
  {d29e7e44-53d6-42fd-b155-8637031d76bf}, !- Handle
  {61fd635f-5eb1-468e-8c61-7c8f9c5bb0d9}, !- Object Name
  ObjectType,                             !- Feature Name 1
  String,                                 !- Feature Data Type 1
  total airflows program;                 !- Feature Value 1

OS:EnergyManagementSystem:ProgramCallingManager,
  {b454da28-fca5-4b78-bd1c-a20bfa5648a0}, !- Handle
  total_airflows_program_calling_manager, !- Name
  EndOfZoneTimestepAfterZoneReporting,    !- EnergyPlus Model Calling Point
  {61fd635f-5eb1-468e-8c61-7c8f9c5bb0d9}; !- Program Name 1

OS:Output:JSON,
  {e9230589-240f-41e7-b167-483f1a866405}, !- Handle
  TimeSeriesAndTabular,                   !- Option Type
  No,                                     !- Output JSON
  No,                                     !- Output CBOR
  Yes;                                    !- Output MessagePack

OS:OutputControl:Files,
  {cf2b2a37-0e2a-44ad-9ba3-33b4d9672d17}, !- Handle
  No,                                     !- Output CSV
  No,                                     !- Output MTR
  No,                                     !- Output ESO
  No,                                     !- Output EIO
  No,                                     !- Output Tabular
  No,                                     !- Output SQLite
  Yes,                                    !- Output JSON
  No,                                     !- Output AUDIT
  Yes,                                    !- Output Space Sizing
  Yes,                                    !- Output Zone Sizing
  Yes,                                    !- Output System Sizing
  Yes,                                    !- Output DXF
  No,                                     !- Output BND
  No,                                     !- Output RDD
  No,                                     !- Output MDD
  No,                                     !- Output MTD
  No,                                     !- Output SHD
  Yes,                                    !- Output DFS
  Yes,                                    !- Output GLHE
  Yes,                                    !- Output DelightIn
  Yes,                                    !- Output DelightELdmp
  Yes,                                    !- Output DelightDFdmp
  Yes,                                    !- Output EDD
  Yes,                                    !- Output DBG
  No,                                     !- Output PerfLog
  Yes,                                    !- Output SLN
  Yes,                                    !- Output SCI
  Yes,                                    !- Output WRL
  Yes,                                    !- Output Screen
  Yes,                                    !- Output ExtShd
  Yes;                                    !- Output Tarcog

OS:Building,
  {1cea52d2-7eb5-4310-af79-d59089237b53}, !- Handle
  Building 1,                             !- Name
  ,                                       !- Building Sector Type
  ,                                       !- North Axis {deg}
  ,                                       !- Nominal Floor to Floor Height {m}
  ,                                       !- Space Type Name
  ,                                       !- Default Construction Set Name
  ;                                       !- Default Schedule Set Name

OS:AdditionalProperties,
  {62efdc49-3e2c-477e-803c-5677cf805cbc}, !- Handle
  {1cea52d2-7eb5-4310-af79-d59089237b53}, !- Object Name
  hpxml_path,                             !- Feature Name 1
  String,                                 !- Feature Data Type 1
  /var/simdata/openstudio/run/home.xml,   !- Feature Value 1
  hpxml_defaults_path,                    !- Feature Name 2
  String,                                 !- Feature Data Type 2
  /var/simdata/openstudio/run/in.xml,     !- Feature Value 2
  building_id,                            !- Feature Name 3
  String,                                 !- Feature Data Type 3
  ,                                       !- Feature Value 3
  emissions_scenario_names,               !- Feature Name 4
  String,                                 !- Feature Data Type 4
  ["AER_HighRECost_Avg"&#44 "AER_HighRECostLowNGPrice_Avg"&#44 "AER_LowRECost_Avg"&#44 "AER_LowRECostHighNGPrice_Avg"&#44 "AER_MidCase_Avg"&#44 "LRMER_HighRECost_15"&#44 "LRMER_HighRECost_25"&#44 "LRMER_HighRECostLowNGPrice_15"&#44 "LRMER_HighRECostLowNGPrice_25"&#44 "LRMER_LowRECost_15"&#44 "LRMER_LowRECost_25"&#44 "LRMER_LowRECostHighNGPrice_15"&#44 "LRMER_LowRECostHighNGPrice_25"&#44 "LRMER_MidCase_15"&#44 "LRMER_MidCase_25"], !- Feature Value 4
  emissions_scenario_types,               !- Feature Name 5
  String,                                 !- Feature Data Type 5
  ["CO2e"&#44 "CO2e"&#44 "CO2e"&#44 "CO2e"&#44 "CO2e"&#44 "CO2e"&#44 "CO2e"&#44 "CO2e"&#44 "CO2e"&#44 "CO2e"&#44 "CO2e"&#44 "CO2e"&#44 "CO2e"&#44 "CO2e"&#44 "CO2e"], !- Feature Value 5
  heated_zones,                           !- Feature Name 6
  String,                                 !- Feature Data Type 6
  ["conditioned space"],                  !- Feature Value 6
  cooled_zones,                           !- Feature Name 7
  String,                                 !- Feature Data Type 7
  ["conditioned space"],                  !- Feature Value 7
  is_southern_hemisphere,                 !- Feature Name 8
  Boolean,                                !- Feature Data Type 8
  false;                                  !- Feature Value 8

OS:Meter:Custom,
  {025d5c08-2f7d-4454-b8f0-a348530a3e2b}, !- Handle
  Electricity:Total,                      !- Name
  Electricity,                            !- Fuel Type
  ,                                       !- Key Name 1
  Electricity:Facility;                   !- Output Variable or Meter Name 1

OS:Meter:Custom,
  {a4094f64-880b-4ba8-b43b-119147e032ce}, !- Handle
  Electricity:Net,                        !- Name
  Electricity,                            !- Fuel Type
  ,                                       !- Key Name 1
  Electricity:Facility;                   !- Output Variable or Meter Name 1

